user_id,num_recipes,avg_rating
1533,13,4.923076923076923
1535,65,4.676923076923077
1634,3,4.0
1676,2,4.5
1755,1,4.0
1792,1,5.0
1891,5,4.8
1962,2,4.0
2095,1,5.0
2148,1,5.0
2178,4,4.25
2211,1,5.0
2310,28,4.678571428571429
2312,19,4.631578947368421
2525,1,0.0
2586,4,4.5
2625,1,0.0
2695,4,3.5
2962,1,4.0
2985,1,4.0
2998,1,5.0
3205,4,4.5
3288,20,4.5
3385,1,1.0
3625,1,2.0
3674,1,5.0
3678,1,4.0
3793,1,4.0
3794,1,4.0
3824,1,5.0
3861,1,4.0
4005,1,5.0
4026,1,5.0
4039,1,5.0
4043,1,5.0
4149,1,5.0
4151,1,4.0
4169,1,4.0
4276,1,0.0
4291,22,4.590909090909091
4353,1,3.0
4408,1,5.0
4439,68,4.720588235294118
4453,1,5.0
4470,224,4.78125
4500,7,4.857142857142857
4601,3,4.0
4657,2,5.0
4667,1,4.0
4722,1,5.0
4740,21,4.142857142857143
4753,2,5.0
4796,1,5.0
4862,6,3.3333333333333335
4932,1,5.0
5049,1,3.0
5060,157,4.713375796178344
5061,1,4.0
5135,1,5.0
5186,2,4.5
5199,1,1.0
5233,1,4.0
5307,2,5.0
5362,1,5.0
5398,1,5.0
5523,3,4.0
5672,2,5.0
5684,1,5.0
5695,1,5.0
5714,1,5.0
5724,1,5.0
5743,2,4.0
5802,1,5.0
5842,1,3.0
5888,1,5.0
5898,1,0.0
5903,1,5.0
5929,2,2.5
5946,4,4.75
5951,1,5.0
5974,1,5.0
5999,1,5.0
6014,1,3.0
6101,1,4.0
6111,1,2.0
6127,1,4.0
6143,1,5.0
6164,4,2.5
6181,1,5.0
6220,1,4.0
6258,63,4.73015873015873
6303,1,1.0
6338,2,4.5
6357,129,4.325581395348837
6359,1,5.0
6381,1,4.0
6406,1,5.0
6418,1,5.0
6512,15,4.866666666666666
6550,5,5.0
6584,1,4.0
6651,31,4.870967741935484
6688,1,3.0
6702,5,4.2
6810,1,5.0
6826,1,5.0
6836,8,4.5
6897,3,4.0
6908,1,4.0
6923,1,3.0
6976,1,4.0
7008,1,1.0
7093,3,5.0
7108,33,4.818181818181818
7119,3,2.6666666666666665
7240,1,1.0
7261,1,5.0
7308,3,1.3333333333333333
7396,1,4.0
7422,2,3.5
7456,3,3.3333333333333335
7503,1,5.0
7507,1,5.0
7673,1,5.0
7676,3,4.666666666666667
7798,2,4.0
7802,12,4.75
7934,1,4.0
7978,1,5.0
8000,2,4.5
8005,2,4.5
8086,1,5.0
8229,1,4.0
8239,3,5.0
8342,2,5.0
8377,21,4.238095238095238
8396,5,4.0
8526,7,4.714285714285714
8527,2,3.5
8602,1,5.0
8606,8,5.0
8619,1,4.0
8627,1,5.0
8629,76,4.276315789473684
8639,1,5.0
8679,1,0.0
8688,128,4.90625
8714,1,4.0
8763,1,4.0
8836,1,4.0
8937,2,4.0
8971,1,5.0
9121,2,5.0
9225,2,4.5
9237,1,5.0
9328,2,2.5
9333,1,5.0
9406,1,5.0
9448,2,4.5
9453,1,5.0
9466,1,4.0
9468,1,3.0
9579,19,4.7368421052631575
9580,6,5.0
9590,1,5.0
9622,1,5.0
9670,10,4.8
9679,1,5.0
9717,18,5.0
9748,7,4.857142857142857
9841,2,4.5
9869,112,4.875
9926,1,5.0
10033,34,4.794117647058823
10053,1,5.0
10097,1,4.0
10099,1,4.0
10113,16,4.75
10216,2,5.0
10260,2,5.0
10291,1,4.0
10306,1,5.0
10310,1,4.0
10314,1,5.0
10320,2,5.0
10332,4,2.75
10356,1,5.0
10394,1,2.0
10404,30,4.966666666666667
10466,1,3.0
10678,1,5.0
10701,1,5.0
10751,1,4.0
10802,1,5.0
10808,1,3.0
10864,2,4.0
10934,3,4.666666666666667
10951,2,3.5
10962,1,0.0
10979,2,5.0
11009,9,4.333333333333333
11044,4,5.0
11061,1,0.0
11109,1,0.0
11119,1,5.0
11176,31,4.516129032258065
11221,1,0.0
11291,1,2.0
11295,1,4.0
11297,47,4.76595744680851
11299,1,2.0
11306,1,5.0
11368,3,1.6666666666666667
11455,2,5.0
11461,10,4.4
11498,1,5.0
11511,2,2.5
11543,2,4.5
11674,1,0.0
11702,1,4.0
11727,1,5.0
11787,1,4.0
11811,1,4.0
11815,2,5.0
11842,2,4.0
11882,2,5.0
11989,3,5.0
12038,1,0.0
12076,3,5.0
12118,5,4.6
12120,1,5.0
12129,4,5.0
12200,1,0.0
12250,1,5.0
12383,1,0.0
12392,1,4.0
12481,4,5.0
12491,1,5.0
12547,2,5.0
12619,3,4.666666666666667
12625,1,4.0
12628,1,4.0
12657,26,4.346153846153846
12666,1,5.0
12756,1,5.0
12777,2,2.0
12790,1,5.0
12866,1,5.0
12875,3,5.0
12882,8,4.25
13011,3,4.0
13029,4,4.75
13063,14,4.642857142857143
13301,2,3.0
13318,1,5.0
13340,1,5.0
13348,1,5.0
13483,93,4.408602150537634
13504,1,4.0
13506,1,5.0
13593,28,4.892857142857143
13605,1,3.0
13625,1,4.0
13667,1,5.0
13670,1,5.0
13705,3,5.0
13712,1,5.0
13736,1,5.0
13758,1,0.0
13765,1,5.0
13791,1,4.0
13796,34,4.647058823529412
13817,1,5.0
13828,1,4.0
13923,1,4.0
13933,4,4.75
13951,1,5.0
13970,1,3.0
14000,1,5.0
14015,1,3.0
14042,4,4.5
14059,4,3.5
14112,2,5.0
14144,1,5.0
14165,1,5.0
14175,1,5.0
14386,3,4.333333333333333
14410,26,4.461538461538462
14433,3,5.0
14583,1,5.0
14596,1,4.0
14613,4,4.5
14664,12,4.666666666666667
14749,1,5.0
14823,6,5.0
14836,1,4.0
14987,1,0.0
15023,1,5.0
15057,1,5.0
15064,1,0.0
15180,1,4.0
15242,1,5.0
15271,3,5.0
15292,1,5.0
15339,1,5.0
15374,1,5.0
15381,1,5.0
15404,1,4.0
15417,2,4.0
15451,1,0.0
15502,1,5.0
15511,2,5.0
15521,26,4.423076923076923
15572,23,4.086956521739131
15599,2,5.0
15609,3,4.333333333333333
15645,2,4.5
15647,2,5.0
15656,2,2.0
15694,5,4.0
15712,1,5.0
15718,2,4.5
15759,1,5.0
15814,3,3.3333333333333335
15820,3,4.666666666666667
15841,1,4.0
15851,22,4.136363636363637
15892,13,3.5384615384615383
15900,1,0.0
15913,1,5.0
15970,1,5.0
16058,1,5.0
16140,3,4.333333333333333
16202,1,0.0
16287,1,4.0
16334,3,5.0
16346,1,4.0
16408,3,4.333333333333333
16459,5,4.6
16481,1,0.0
16501,2,5.0
16510,1,5.0
16549,1,5.0
16582,4,4.5
16631,1,5.0
16653,1,5.0
16666,1,5.0
16673,1,5.0
16676,1,5.0
16758,2,2.5
16760,1,5.0
16766,1,5.0
16777,2,4.5
16818,1,5.0
16827,5,4.4
16908,1,5.0
16909,1,0.0
16927,1,4.0
17050,1,5.0
17055,1,0.0
17084,1,5.0
17088,1,0.0
17095,1,5.0
17104,1,1.0
17156,1,4.0
17206,3,4.666666666666667
17540,1,5.0
17608,6,4.833333333333333
17646,1,4.0
17652,1,5.0
17781,1,5.0
17803,148,4.493243243243243
17818,1,5.0
17984,1,3.0
18014,3,4.333333333333333
18108,2,5.0
18344,1,5.0
18391,54,4.611111111111111
18510,2,4.0
18549,2,5.0
18551,3,3.3333333333333335
18652,1,5.0
18660,11,4.909090909090909
18742,3,3.6666666666666665
18745,13,4.538461538461538
18765,2,5.0
18787,1,5.0
18977,1,4.0
19008,1,5.0
19013,1,5.0
19033,1,1.0
19043,2,2.0
19051,3,5.0
19060,1,5.0
19129,9,5.0
19152,3,4.333333333333333
19166,6,4.833333333333333
19185,3,4.666666666666667
19198,5,5.0
19340,1,4.0
19372,1,5.0
19407,1,5.0
19412,1,5.0
19419,2,5.0
19540,8,4.625
19584,2,4.5
19593,2,4.5
19602,1,3.0
19683,9,5.0
19694,1,2.0
19724,1,4.0
19754,1,5.0
19767,2,4.5
19774,4,5.0
19799,4,4.5
19995,1,5.0
20031,1,5.0
20064,1,5.0
20076,11,4.2727272727272725
20084,2,4.5
20092,2,4.0
20114,8,5.0
20129,1,5.0
20159,7,4.571428571428571
20160,5,5.0
20214,9,4.555555555555555
20236,1,4.0
20238,1,5.0
20268,1,5.0
20288,1,5.0
20325,1,3.0
20371,27,4.814814814814815
20375,2,5.0
20395,4,3.5
20425,1,4.0
20480,33,5.0
20554,1,5.0
20576,1,2.0
20591,1,3.0
20716,1,5.0
20754,65,4.6923076923076925
20759,1,5.0
20832,3,3.3333333333333335
20855,2,4.0
20893,3,5.0
20895,8,4.125
20920,1,5.0
21019,1,5.0
21087,1,4.0
21107,1,1.0
21121,2,5.0
21132,1,5.0
21171,1,5.0
21173,2,5.0
21267,1,4.0
21274,1,5.0
21294,1,5.0
21297,6,5.0
21320,2,5.0
21399,7,3.142857142857143
21421,3,5.0
21424,3,4.666666666666667
21443,6,4.166666666666667
21453,1,5.0
21462,3,4.666666666666667
21487,14,5.0
21492,2,4.5
21503,1,4.0
21523,1,5.0
21594,1,5.0
21618,3,5.0
21641,2,4.5
21656,3,4.666666666666667
21657,2,3.5
21675,1,0.0
21694,5,4.6
21714,1,5.0
21725,1,5.0
21730,12,4.0
21734,2,2.0
21738,2,0.0
21752,80,4.6875
21841,7,5.0
21853,1,5.0
21895,1,4.0
21987,1,5.0
22001,2,2.5
22015,89,4.730337078651686
22023,1,4.0
22038,1,5.0
22057,2,3.5
22059,1,5.0
22174,10,3.9
22242,1,5.0
22243,1,5.0
22278,1,0.0
22287,4,4.5
22302,1,5.0
22316,2,5.0
22370,1,5.0
22397,1,4.0
22412,1,5.0
22467,1,5.0
22468,1,5.0
22469,1,4.0
22504,2,5.0
22583,2,5.0
22602,2,5.0
22639,1,5.0
22642,8,4.875
22655,12,4.083333333333333
22666,1,5.0
22720,6,4.666666666666667
22724,8,5.0
22788,10,4.6
22845,2,4.5
22856,1,5.0
22868,2,5.0
22898,5,4.6
22918,1,5.0
22922,1,5.0
22973,34,4.9411764705882355
22995,4,5.0
23027,1,5.0
23060,1,5.0
23068,1,5.0
23102,3,5.0
23119,24,4.75
23139,1,0.0
23161,1,5.0
23199,1,5.0
23267,1,5.0
23293,2,5.0
23302,3,4.333333333333333
23326,1,0.0
23329,1,0.0
23333,13,4.769230769230769
23395,1,0.0
23414,1,3.0
23463,5,5.0
23466,6,4.5
23469,1,5.0
23479,4,4.0
23510,1,5.0
23526,1,5.0
23581,1,5.0
23641,1,5.0
23651,2,5.0
23668,1,1.0
23701,1,5.0
23728,9,5.0
23742,1,4.0
23790,1,2.0
23796,1,0.0
23889,1,4.0
23913,1,4.0
23956,1,5.0
24097,1,4.0
24217,1,5.0
24226,2,5.0
24230,2,4.5
24235,1,4.0
24237,1,5.0
24296,1,5.0
24323,3,4.0
24334,1,4.0
24385,1,0.0
24386,48,4.604166666666667
24485,5,3.0
24565,4,4.5
24624,1,4.0
24670,1,5.0
24808,1,5.0
24878,2,3.0
24923,3,3.6666666666666665
24928,6,3.8333333333333335
24942,1,5.0
24992,1,5.0
24995,7,3.5714285714285716
25017,5,4.4
25044,1,4.0
25045,3,5.0
25063,18,4.5
25115,1,5.0
25177,3,5.0
25229,1,5.0
25267,1,5.0
25319,1,5.0
25347,1,0.0
25356,12,4.166666666666667
25438,2,4.5
25442,1,3.0
25455,26,4.038461538461538
25467,2,5.0
25515,1,5.0
25601,2,5.0
25694,1,5.0
25724,2,5.0
25731,1,5.0
25784,1,5.0
25792,42,4.9523809523809526
25808,1,0.0
25812,2,4.0
25835,1,4.0
25836,1,5.0
25851,1,5.0
25919,1,4.0
25941,17,5.0
25983,2,5.0
25996,3,4.0
26041,16,4.8125
26058,1,4.0
26075,8,4.25
26091,1,5.0
26094,1,5.0
26095,1,5.0
26127,2,5.0
26234,1,5.0
26268,1,5.0
26278,20,3.85
26290,1,5.0
26309,1,3.0
26313,5,4.4
26314,3,5.0
26341,1,3.0
26372,1,4.0
26416,1,1.0
26451,6,4.666666666666667
26491,1,5.0
26496,1,5.0
26512,28,4.75
26517,1,5.0
26535,1,5.0
26584,4,3.5
26637,1,5.0
26646,2,1.5
26652,3,3.3333333333333335
26657,1,5.0
26696,1,5.0
26711,1,5.0
26719,11,4.7272727272727275
26723,1,5.0
26741,1,5.0
26779,1,5.0
26794,2,4.0
26804,1,4.0
26867,1,5.0
26923,1,5.0
26942,1,5.0
26946,1,5.0
27060,6,4.0
27124,3,5.0
27127,1,5.0
27130,1,5.0
27142,1,5.0
27163,2,3.5
27176,1,0.0
27186,1,5.0
27241,1,5.0
27283,1,5.0
27315,1,0.0
27316,1,5.0
27366,3,5.0
27369,1,4.0
27373,1,4.0
27378,1,5.0
27381,8,4.75
27385,4,5.0
27395,18,4.277777777777778
27411,1,4.0
27416,16,5.0
27441,1,3.0
27442,2,5.0
27443,24,4.916666666666667
27452,2,5.0
27454,1,3.0
27475,1,3.0
27532,1,5.0
27536,1,0.0
27559,3,3.3333333333333335
27564,5,4.8
27603,1,3.0
27614,1,0.0
27624,1,5.0
27629,1,5.0
27643,43,4.930232558139535
27661,1,3.0
27678,42,4.404761904761905
27694,1,5.0
27702,2,5.0
27711,1,5.0
27713,1,5.0
27744,4,4.75
27745,1,5.0
27756,1,5.0
27768,2,4.5
27779,1,5.0
27783,55,4.654545454545454
27798,6,4.666666666666667
27813,1,5.0
27843,1,5.0
27861,1,5.0
27906,1,5.0
27911,2,2.5
27922,8,5.0
27926,1,5.0
27961,15,4.8
27976,1,4.0
27982,2,4.5
28029,2,4.5
28077,1,4.0
28087,23,4.739130434782608
28120,1,5.0
28138,1,5.0
28168,4,3.5
28177,95,4.568421052631579
28181,1,5.0
28190,1,5.0
28201,16,4.75
28211,1,5.0
28239,1,5.0
28276,1,3.0
28309,1,0.0
28328,2,4.5
28339,4,5.0
28345,14,4.642857142857143
28346,42,4.380952380952381
28348,1,4.0
28373,2,5.0
28397,4,4.5
28408,1,5.0
28411,1,5.0
28419,2,4.5
28442,8,5.0
28455,15,4.866666666666666
28533,8,4.25
28545,1,4.0
28553,2,3.0
28557,2,5.0
28603,6,2.5
28604,10,3.5
28628,1,5.0
28636,45,4.955555555555556
28640,1,1.0
28649,34,4.794117647058823
28671,6,4.5
28691,1,5.0
28726,1,1.0
28729,12,4.916666666666667
28738,1,5.0
28744,1,5.0
28750,1,5.0
28772,1,4.0
28784,2,4.5
28811,4,5.0
28815,4,4.0
28818,2,5.0
28821,1,4.0
28846,8,4.25
28862,1,4.0
28898,2,4.0
28941,2,4.0
28995,9,4.555555555555555
29014,27,4.925925925925926
29022,1,5.0
29023,1,5.0
29032,1,5.0
29038,1,4.0
29056,1,5.0
29063,17,4.529411764705882
29088,2,4.5
29097,1,5.0
29101,1,5.0
29110,1,0.0
29129,1,4.0
29152,2,5.0
29166,6,4.833333333333333
29177,7,4.714285714285714
29196,130,4.384615384615385
29212,12,4.416666666666667
29229,1,0.0
29244,1,5.0
29268,4,4.25
29271,1,5.0
29291,3,5.0
29299,1,1.0
29300,12,3.8333333333333335
29308,1,5.0
29336,1,5.0
29356,6,4.833333333333333
29358,2,4.5
29361,3,3.0
29368,1,5.0
29377,2,5.0
29404,6,4.666666666666667
29405,4,4.5
29410,2,5.0
29418,11,4.818181818181818
29431,2,5.0
29450,4,5.0
29483,1,5.0
29488,1,4.0
29606,1,4.0
29615,1,5.0
29621,2,5.0
29655,14,4.785714285714286
29667,4,5.0
29682,1,0.0
29713,1,5.0
29754,1,5.0
29767,1,5.0
29782,107,4.747663551401869
29783,3,5.0
29794,3,4.666666666666667
29799,1,4.0
29813,5,4.4
29820,1,5.0
29828,1,5.0
29920,10,4.7
29956,19,4.631578947368421
30010,1,5.0
30067,1,5.0
30069,1,5.0
30080,5,5.0
30084,1,5.0
30090,1,4.0
30094,2,4.5
30113,1,5.0
30134,1,5.0
30186,1,5.0
30197,1,5.0
30208,1,5.0
30209,10,4.6
30217,1,5.0
30218,1,0.0
30220,1,5.0
30227,1,5.0
30228,4,4.5
30260,1,5.0
30271,1,5.0
30298,7,4.285714285714286
30407,3,4.666666666666667
30435,2,5.0
30439,1,5.0
30442,1,4.0
30453,1,5.0
30454,1,3.0
30471,1,5.0
30488,1,5.0
30503,13,4.846153846153846
30534,38,4.7894736842105265
30539,1,1.0
30567,1,5.0
30585,1,5.0
30586,1,5.0
30594,2,5.0
30613,1,0.0
30615,2,5.0
30618,1,4.0
30640,3,4.333333333333333
30643,1,5.0
30651,2,5.0
30658,1,5.0
30661,2,5.0
30674,2,5.0
30699,1,2.0
30715,1,5.0
30716,17,4.588235294117647
30727,1,3.0
30740,1,5.0
30746,1,5.0
30789,3,5.0
30855,1,5.0
30861,2,5.0
30865,1,5.0
30875,2,5.0
30890,1,5.0
30893,5,5.0
30896,2,5.0
30911,2,5.0
30914,1,5.0
30941,1,5.0
30954,2,5.0
30993,1,5.0
31014,1,5.0
31071,1,4.0
31097,1,5.0
31124,1,5.0
31138,1,5.0
31232,12,4.916666666666667
31261,10,4.9
31272,1,5.0
31316,9,3.3333333333333335
31331,1,5.0
31356,1,5.0
31364,7,5.0
31420,6,5.0
31436,3,5.0
31439,1,5.0
31460,3,4.666666666666667
31494,1,5.0
31497,2,5.0
31499,26,4.769230769230769
31521,1,5.0
31525,1,0.0
31545,1,5.0
31550,2,5.0
31558,3,1.6666666666666667
31611,1,5.0
31635,10,4.4
31663,2,4.5
31684,1,4.0
31688,2,2.5
31695,3,4.333333333333333
31721,1,5.0
31739,6,4.5
31767,2,4.5
31776,1,3.0
31795,1,5.0
31803,3,4.666666666666667
31807,12,3.75
31865,1,0.0
31883,2,4.5
31914,9,5.0
31940,1,5.0
31944,1,5.0
31969,1,5.0
31992,1,5.0
32058,30,4.866666666666666
32143,15,4.8
32198,1,5.0
32211,2,5.0
32253,1,5.0
32265,1,4.0
32312,1,5.0
32315,2,5.0
32323,3,2.6666666666666665
32326,1,1.0
32330,2,5.0
32411,1,2.0
32428,1,5.0
32439,1,4.0
32497,2,3.5
32558,1,4.0
32579,1,4.0
32581,2,4.5
32592,1,5.0
32594,1,5.0
32638,1,5.0
32673,2,5.0
32678,1,4.0
32680,1,5.0
32692,1,5.0
32694,1,5.0
32724,3,5.0
32725,1,5.0
32767,2,5.0
32769,4,4.5
32772,48,4.895833333333333
32781,2,5.0
32795,1,2.0
32800,1,5.0
32806,1,4.0
32850,1,5.0
32907,3,5.0
32946,2,4.5
33022,1,5.0
33072,1,5.0
33081,3,4.666666666666667
33123,1,5.0
33133,1,5.0
33135,8,4.375
33159,55,4.472727272727273
33186,4,0.0
33188,1,5.0
33229,1,3.0
33233,1,4.0
33254,1,5.0
33263,1,5.0
33270,2,5.0
33317,1,0.0
33369,1,5.0
33376,4,5.0
33396,1,5.0
33443,13,4.923076923076923
33485,1,0.0
33588,24,5.0
33722,4,5.0
33735,1,5.0
33801,1,4.0
33804,1,4.0
33816,1,5.0
33823,2,5.0
33839,1,5.0
33844,1,4.0
33907,1,5.0
33945,1,5.0
34025,15,4.933333333333334
34094,3,5.0
34122,11,4.818181818181818
34146,4,4.75
34200,1,5.0
34206,3,5.0
34214,5,3.6
34254,2,4.5
34259,2,4.5
34272,3,5.0
34273,2,4.5
34280,6,4.166666666666667
34357,6,4.166666666666667
34363,4,4.25
34389,1,4.0
34390,2,5.0
34584,1,4.0
34610,1,0.0
34645,1,5.0
34663,1,5.0
34687,3,5.0
34710,3,2.0
34725,2,5.0
34746,1,2.0
34781,1,5.0
34834,1,5.0
34875,1,4.0
34879,3,5.0
34930,2,5.0
34986,1,5.0
35006,1,0.0
35025,1,0.0
35069,1,1.0
35092,1,4.0
35093,6,4.333333333333333
35105,1,5.0
35106,18,3.3333333333333335
35112,1,5.0
35140,46,4.869565217391305
35166,2,5.0
35179,2,4.5
35193,19,4.684210526315789
35215,1,5.0
35251,3,5.0
35268,1,5.0
35281,2,2.5
35318,1,5.0
35365,1,0.0
35377,1,2.0
35414,4,4.75
35418,1,5.0
35486,1,4.0
35488,17,4.705882352941177
35499,3,5.0
35526,39,4.846153846153846
35547,1,5.0
35555,1,1.0
35588,2,4.0
35594,4,4.25
35617,5,4.0
35623,1,4.0
35630,1,5.0
35635,27,4.666666666666667
35659,1,5.0
35668,1,5.0
35701,18,4.888888888888889
35714,6,5.0
35729,2,5.0
35742,1,5.0
35751,1,5.0
35760,1,5.0
35794,4,4.75
35847,4,3.5
35848,14,4.857142857142857
35898,1,5.0
35902,1,4.0
35918,7,5.0
35948,1,5.0
35959,6,5.0
35965,15,4.333333333333333
35981,1,5.0
36018,1,5.0
36025,2,3.5
36048,1,5.0
36056,2,4.5
36063,1,5.0
36079,4,4.5
36113,1,5.0
36124,2,4.5
36127,4,5.0
36128,25,4.48
36174,1,5.0
36175,1,5.0
36177,1,4.0
36187,12,4.75
36228,1,5.0
36239,1,0.0
36262,1,5.0
36344,2,4.5
36347,1,4.0
36348,1,5.0
36384,1,5.0
36404,1,4.0
36429,1,5.0
36436,1,5.0
36449,1,5.0
36454,1,5.0
36479,1,4.0
36505,1,5.0
36540,2,3.5
36556,1,4.0
36557,1,5.0
36654,1,5.0
36662,1,5.0
36670,2,2.5
36690,2,4.0
36701,1,5.0
36707,1,4.0
36713,1,5.0
36715,1,5.0
36729,1,5.0
36738,3,5.0
36739,3,5.0
36742,1,4.0
36748,2,5.0
36752,1,5.0
36780,2,2.5
36803,5,4.0
36810,3,5.0
36818,1,0.0
36890,2,4.5
36919,2,4.5
36944,37,4.486486486486487
36949,1,4.0
36988,1,4.0
37016,1,5.0
37022,4,5.0
37026,5,5.0
37036,43,4.6976744186046515
37056,1,5.0
37072,7,4.857142857142857
37077,2,5.0
37078,2,5.0
37080,7,4.571428571428571
37092,3,5.0
37106,16,4.75
37107,6,4.666666666666667
37138,1,5.0
37146,1,4.0
37147,2,5.0
37183,8,4.875
37195,1,0.0
37210,1,4.0
37215,1,5.0
37220,1,5.0
37229,10,4.4
37275,5,4.6
37285,1,5.0
37298,1,0.0
37301,1,5.0
37305,60,4.133333333333334
37317,1,5.0
37331,3,5.0
37449,440,4.822727272727272
37454,1,5.0
37456,8,4.75
37463,2,5.0
37467,2,3.0
37469,1,5.0
37471,3,5.0
37481,1,4.0
37498,1,5.0
37502,4,4.75
37508,1,5.0
37535,1,5.0
37581,1,5.0
37584,2,4.5
37602,1,0.0
37608,1,5.0
37636,84,4.619047619047619
37640,2,4.0
37645,1,3.0
37671,1,5.0
37678,2,1.5
37691,1,1.0
37699,1,5.0
37713,4,5.0
37715,1,5.0
37721,4,5.0
37722,3,4.666666666666667
37753,1,5.0
37758,2,5.0
37779,93,4.709677419354839
37820,1,4.0
37862,2,4.5
37867,1,5.0
37868,33,4.696969696969697
37873,2,4.0
37909,1,5.0
37950,10,4.4
38000,1,5.0
38026,2,5.0
38028,1,5.0
38044,1,5.0
38049,1,0.0
38086,1,5.0
38089,1,5.0
38094,3,4.666666666666667
38126,1,0.0
38181,4,3.25
38182,10,4.5
38185,2,5.0
38186,1,5.0
38195,1,5.0
38218,23,5.0
38257,3,5.0
38260,1,5.0
38261,2,5.0
38265,2,4.0
38268,1,0.0
38276,1,5.0
38281,1,4.0
38285,1,5.0
38334,1,5.0
38397,1,0.0
38405,3,3.6666666666666665
38418,8,4.0
38438,1,0.0
38464,1,5.0
38492,1,0.0
38513,4,5.0
38532,1,5.0
38537,1,5.0
38574,7,4.571428571428571
38581,1,5.0
38643,21,4.476190476190476
38647,1,5.0
38685,1,5.0
38714,1,5.0
38717,8,5.0
38730,2,5.0
38745,10,4.5
38746,1,5.0
38748,1,5.0
38761,1,4.0
38766,1,5.0
38787,1,4.0
38793,1,1.0
38865,5,4.0
38901,5,3.6
38931,1,5.0
38937,3,5.0
38961,2,5.0
38971,2,5.0
38991,1,5.0
39014,1,1.0
39058,1,5.0
39063,1,4.0
39070,1,5.0
39080,1,5.0
39103,2,5.0
39116,5,3.8
39194,22,4.7727272727272725
39196,1,5.0
39210,1,4.0
39244,3,5.0
39255,2,5.0
39260,1,5.0
39261,6,5.0
39277,6,5.0
39301,19,4.842105263157895
39311,10,4.0
39322,5,5.0
39329,3,3.3333333333333335
39334,27,4.888888888888889
39341,2,1.5
39347,1,5.0
39350,1,5.0
39355,1,4.0
39389,8,4.5
39394,15,4.133333333333334
39404,1,5.0
39420,1,5.0
39426,1,5.0
39508,1,5.0
39512,1,5.0
39547,4,4.75
39549,1,0.0
39568,3,4.333333333333333
39599,2,5.0
39636,12,5.0
39653,2,5.0
39654,2,5.0
39664,1,5.0
39713,2,3.0
39733,13,5.0
39754,13,4.846153846153846
39762,12,4.75
39782,1,4.0
39787,1,5.0
39795,2,2.5
39823,1,5.0
39835,188,4.462765957446808
39857,3,5.0
39862,1,5.0
39864,1,5.0
39907,2,4.0
39934,3,4.666666666666667
39946,1,4.0
39949,15,4.533333333333333
39986,1,5.0
39992,2,4.5
40004,1,5.0
40047,3,4.0
40076,1,4.0
40103,1,4.0
40114,8,4.0
40119,1,3.0
40135,3,5.0
40151,1,5.0
40152,2,5.0
40166,1,4.0
40169,1,4.0
40211,6,4.333333333333333
40231,4,5.0
40237,1,5.0
40262,1,0.0
40281,1,5.0
40328,3,4.333333333333333
40334,1,5.0
40381,1,5.0
40404,1,5.0
40414,1,4.0
40432,1,5.0
40486,1,4.0
40493,3,5.0
40495,3,4.666666666666667
40503,1,5.0
40525,9,4.888888888888889
40533,9,4.777777777777778
40560,3,3.0
40576,4,3.25
40586,2,5.0
40587,2,4.5
40620,11,4.454545454545454
40700,1,5.0
40728,1,0.0
40732,1,5.0
40749,1,2.0
40763,2,5.0
40767,2,5.0
40773,1,3.0
40776,2,2.5
40779,1,4.0
40797,1,5.0
40798,1,5.0
40834,1,0.0
40871,1,5.0
40890,2,4.0
40899,1,4.0
40924,2,4.5
40939,3,5.0
40943,4,3.0
40961,12,5.0
40982,1,5.0
40984,1,3.0
41020,1,5.0
41033,1,5.0
41095,2,2.0
41131,1,0.0
41191,1,1.0
41218,17,4.352941176470588
41226,1,0.0
41228,5,4.4
41292,2,5.0
41296,3,3.6666666666666665
41318,1,5.0
41343,1,5.0
41379,2,5.0
41406,1,0.0
41409,9,4.777777777777778
41442,1,0.0
41468,3,5.0
41480,3,4.666666666666667
41487,3,5.0
41490,1,4.0
41503,4,5.0
41509,1,0.0
41525,2,4.5
41529,1,0.0
41531,14,4.071428571428571
41540,2,5.0
41560,2,4.5
41562,1,5.0
41564,1,5.0
41566,1,0.0
41568,1,4.0
41578,100,4.94
41602,2,2.5
41624,1,0.0
41630,2,5.0
41654,1,5.0
41680,1,3.0
41706,12,4.666666666666667
41738,6,4.5
41767,1,5.0
41773,1,3.0
41775,1,4.0
41790,2,4.5
41799,13,4.384615384615385
41809,35,5.0
41848,1,5.0
41850,1,5.0
41864,1,0.0
41874,3,4.666666666666667
41879,5,5.0
41885,1,5.0
41888,2,5.0
41894,12,5.0
41907,1,4.0
41917,1,5.0
41920,3,4.666666666666667
41978,2,5.0
41981,1,1.0
41984,14,4.857142857142857
42040,1,5.0
42058,6,5.0
42062,2,4.5
42089,1,5.0
42094,1,5.0
42098,1,0.0
42117,2,5.0
42170,4,5.0
42173,1,4.0
42177,1,5.0
42195,1,5.0
42217,2,3.5
42231,2,4.5
42247,1,5.0
42251,1,5.0
42290,4,4.25
42309,16,4.875
42337,13,4.461538461538462
42340,1,5.0
42343,1,5.0
42362,5,5.0
42366,3,4.666666666666667
42367,7,3.4285714285714284
42403,1,5.0
42470,2,4.5
42494,1,4.0
42504,5,4.8
42559,2,5.0
42586,6,5.0
42606,1,5.0
42650,1,5.0
42651,3,4.666666666666667
42661,3,5.0
42669,1,5.0
42681,1,5.0
42682,1,5.0
42688,1,1.0
42694,2,5.0
42720,21,4.904761904761905
42783,1,5.0
42822,1,5.0
42843,4,4.5
42844,1,5.0
42863,1,4.0
42895,4,3.75
42900,1,5.0
42938,1,4.0
42947,1,5.0
42949,1,5.0
42955,1,5.0
43005,4,4.75
43006,1,5.0
43021,1,5.0
43033,1,5.0
43061,1,4.0
43069,1,0.0
43072,1,4.0
43083,78,4.115384615384615
43110,2,5.0
43139,3,5.0
43145,2,5.0
43146,1,5.0
43152,5,4.6
43174,1,5.0
43200,1,5.0
43216,12,5.0
43240,1,4.0
43247,1,5.0
43292,2,5.0
43307,2,5.0
43327,5,5.0
43371,1,4.0
43373,1,5.0
43413,5,4.4
43422,1,5.0
43478,1,5.0
43505,7,4.857142857142857
43514,1,5.0
43642,18,4.666666666666667
43654,3,5.0
43665,1,5.0
43846,4,5.0
43882,2,4.0
43921,2,5.0
43986,1,5.0
44160,2,5.0
44165,2,5.0
44172,1,5.0
44192,2,4.5
44233,1,5.0
44351,1,5.0
44372,10,4.4
44383,22,4.681818181818182
44393,2,4.0
44420,2,4.5
44524,1,4.0
44642,13,3.230769230769231
44647,1,1.0
44650,2,5.0
44659,1,0.0
44672,1,5.0
44684,1,3.0
44689,2,2.5
44695,1,0.0
44706,1,5.0
44745,1,5.0
44747,1,5.0
44780,2,5.0
44807,2,5.0
44825,4,4.5
44830,2,5.0
44846,3,5.0
44862,1,5.0
45001,2,5.0
45007,1,4.0
45057,2,4.5
45058,4,4.75
45129,1,5.0
45137,2,5.0
45139,1,5.0
45162,4,5.0
45201,1,5.0
45416,5,5.0
45417,1,5.0
45489,1,5.0
45507,1,1.0
45508,1,5.0
45512,1,5.0
45524,15,4.933333333333334
45651,9,4.888888888888889
45654,4,4.75
45668,1,5.0
45681,2,5.0
45698,1,5.0
45727,1,4.0
45737,15,4.2
45763,5,3.6
45765,1,5.0
45768,2,4.5
45833,8,4.5
45895,1,1.0
45902,2,4.0
45911,2,4.5
45922,1,5.0
45941,1,5.0
45964,1,0.0
45980,2,4.5
45999,27,4.444444444444445
46104,14,4.714285714285714
46134,4,3.25
46153,1,5.0
46211,1,5.0
46291,1,0.0
46295,1,5.0
46314,1,5.0
46316,1,5.0
46318,2,4.0
46320,1,1.0
46337,1,5.0
46357,14,4.285714285714286
46447,1,4.0
46513,1,4.0
46518,1,5.0
46545,45,4.844444444444444
46553,1,5.0
46596,1,5.0
46660,23,4.434782608695652
46674,1,5.0
46689,1,5.0
46731,4,4.0
46759,2,5.0
46777,2,5.0
46783,1,5.0
46786,1,3.0
46840,7,4.142857142857143
46861,2,5.0
46891,1,5.0
46941,4,4.75
46949,1,5.0
46981,2,5.0
46985,1,3.0
47142,1,5.0
47151,7,5.0
47175,3,5.0
47230,14,5.0
47304,1,5.0
47334,1,4.0
47335,2,5.0
47341,8,4.625
47378,1,5.0
47418,1,4.0
47421,1,1.0
47439,1,2.0
47482,2,5.0
47510,81,4.703703703703703
47526,1,5.0
47555,1,5.0
47559,93,4.67741935483871
47570,1,5.0
47579,1,5.0
47649,4,4.75
47669,1,5.0
47680,1,4.0
47723,14,4.142857142857143
47761,9,4.777777777777778
47767,1,0.0
47778,1,5.0
47858,8,4.25
47865,1,5.0
47868,1,5.0
47888,5,5.0
47892,123,4.317073170731708
47898,1,5.0
47907,61,4.770491803278689
47921,1,5.0
48049,1,4.0
48065,2,5.0
48081,1,5.0
48107,9,3.7777777777777777
48135,1,5.0
48136,6,4.333333333333333
48150,5,5.0
48161,1,5.0
48196,1,5.0
48263,5,5.0
48272,1,1.0
48305,5,4.0
48362,1,2.0
48388,2,5.0
48416,2,5.0
48421,1,3.0
48557,2,5.0
48612,3,5.0
48651,1,1.0
48692,3,3.3333333333333335
48746,1,5.0
48762,1,5.0
48781,2,5.0
48817,1,4.0
48819,2,4.5
48834,2,5.0
48859,1,5.0
48902,4,4.5
48912,1,5.0
48920,9,5.0
48934,1,5.0
48944,1,0.0
48956,5,4.8
49126,2,5.0
49163,2,5.0
49168,18,4.944444444444445
49214,1,4.0
49270,1,5.0
49304,61,4.852459016393443
49312,7,4.142857142857143
49360,11,5.0
49361,3,4.666666666666667
49366,1,5.0
49414,4,4.75
49482,9,4.888888888888889
49499,1,5.0
49503,2,4.5
49542,25,4.68
49561,14,4.714285714285714
49588,1,5.0
49590,1,5.0
49593,1,5.0
49626,1,4.0
49645,1,0.0
49652,2,5.0
49666,1,4.0
49700,1,5.0
49747,3,4.666666666666667
49773,8,4.875
49856,2,5.0
49869,2,5.0
49874,2,4.0
49879,4,5.0
49918,7,4.857142857142857
49937,4,5.0
49955,1,4.0
49973,1,5.0
49974,1,5.0
49994,1,0.0
50002,1,4.0
50035,1,4.0
50053,7,4.857142857142857
50067,2,5.0
50108,1,5.0
50141,13,4.153846153846154
50143,2,5.0
50151,12,4.25
50168,2,5.0
50175,1,4.0
50182,3,4.666666666666667
50214,5,4.4
50229,1,5.0
50235,1,5.0
50290,1,5.0
50296,1,5.0
50313,2,3.5
50315,2,5.0
50318,1,5.0
50356,1,5.0
50400,2,0.0
50411,4,5.0
50420,1,1.0
50441,5,3.6
50445,5,5.0
50472,8,4.75
50509,54,4.351851851851852
50533,1,5.0
50551,5,4.6
50555,7,5.0
50558,1,5.0
50573,2,5.0
50575,2,2.5
50578,1,5.0
50579,5,4.6
50601,1,4.0
50605,1,5.0
50643,8,5.0
50649,2,5.0
50711,4,3.0
50712,2,4.0
50757,1,5.0
50762,1,5.0
50778,15,4.533333333333333
50819,1,4.0
50830,1,5.0
50841,2,5.0
50854,1,5.0
50858,1,5.0
50865,2,5.0
50908,1,5.0
50948,1,5.0
50969,76,4.2105263157894735
50989,1,5.0
50994,1,5.0
50997,1,4.0
51000,1,2.0
51002,2,5.0
51011,43,4.627906976744186
51015,1,5.0
51020,1,4.0
51047,1,5.0
51089,1,5.0
51090,1,5.0
51109,11,5.0
51137,2,2.5
51138,1,5.0
51170,1,5.0
51185,2,4.0
51199,8,5.0
51214,1,5.0
51224,9,4.333333333333333
51257,5,4.6
51265,1,5.0
51272,1,5.0
51292,7,4.857142857142857
51351,1,5.0
51357,1,5.0
51371,1,5.0
51436,1,5.0
51437,1,5.0
51452,2,5.0
51482,1,4.0
51489,4,4.25
51501,6,4.0
51546,1,5.0
51570,1,5.0
51572,3,3.6666666666666665
51613,1,5.0
51617,1,5.0
51641,5,3.4
51652,4,4.75
51655,3,3.0
51664,1,5.0
51686,4,4.5
51717,6,4.5
51749,1,5.0
51756,4,3.75
51796,1,5.0
51797,2,5.0
51809,4,3.75
51841,1,5.0
51851,1,4.0
51878,2,5.0
51881,1,5.0
51890,4,3.75
51891,1,4.0
51931,10,4.1
51998,1,1.0
52011,1,5.0
52026,4,5.0
52037,1,5.0
52057,1,4.0
52074,6,4.166666666666667
52111,1,5.0
52114,2,5.0
52116,1,5.0
52125,35,4.857142857142857
52176,1,5.0
52198,1,4.0
52199,6,4.333333333333333
52211,1,5.0
52228,2,5.0
52260,1,5.0
52262,7,4.571428571428571
52268,1,5.0
52282,78,4.461538461538462
52283,3,5.0
52317,8,4.875
52358,1,5.0
52377,2,5.0
52381,3,5.0
52413,1,5.0
52427,7,5.0
52448,49,4.836734693877551
52476,8,4.75
52485,2,2.5
52522,1,4.0
52525,1,5.0
52528,3,4.333333333333333
52543,73,4.726027397260274
52565,1,4.0
52569,2,5.0
52578,2,2.0
52595,7,4.857142857142857
52597,1,3.0
52600,1,1.0
52607,12,4.833333333333333
52621,1,4.0
52629,1,5.0
52640,2,4.5
52648,1,4.0
52663,3,4.666666666666667
52664,2,4.5
52717,1,2.0
52733,1,5.0
52800,4,5.0
52813,2,5.0
52924,1,5.0
52941,2,3.0
52986,3,4.333333333333333
52991,1,5.0
53002,11,4.7272727272727275
53016,1,4.0
53048,1,4.0
53053,1,3.0
53071,1,4.0
53077,1,5.0
53087,1,4.0
53123,9,5.0
53140,1,5.0
53143,3,5.0
53156,1,5.0
53171,1,4.0
53178,1,5.0
53194,1,4.0
53230,1,4.0
53263,1,5.0
53366,1,5.0
53368,19,4.157894736842105
53373,4,4.5
53378,9,5.0
53391,1,5.0
53405,1,5.0
53425,20,4.3
53443,1,5.0
53448,4,5.0
53476,1,5.0
53495,1,5.0
53496,1,5.0
53510,1,5.0
53511,1,5.0
53522,3,4.0
53581,1,5.0
53585,1,4.0
53586,1,5.0
53598,1,4.0
53609,7,5.0
53637,1,0.0
53680,1,5.0
53780,1,5.0
53802,1,5.0
53833,1,5.0
53835,1,5.0
53837,4,4.5
53859,2,5.0
53868,3,5.0
53924,2,4.0
53932,126,4.634920634920635
53938,1,5.0
53950,1,5.0
53953,1,5.0
53959,47,4.872340425531915
54016,1,5.0
54020,1,5.0
54023,6,5.0
54033,1,4.0
54048,4,5.0
54060,2,3.0
54067,10,4.7
54102,1,3.0
54168,1,4.0
54187,13,4.461538461538462
54191,3,5.0
54199,1,0.0
54216,1,5.0
54243,13,4.0
54249,1,3.0
54271,8,4.875
54275,1,2.0
54278,1,4.0
54296,1,5.0
54301,1,5.0
54325,1,4.0
54328,1,5.0
54341,1,1.0
54383,1,0.0
54403,1,4.0
54406,1,0.0
54424,1,4.0
54433,1,5.0
54437,1,5.0
54440,1,5.0
54444,1,5.0
54447,1,5.0
54469,2,5.0
54506,2,5.0
54537,3,4.333333333333333
54539,2,5.0
54550,1,5.0
54560,1,5.0
54572,1,4.0
54573,2,4.5
54591,1,5.0
54643,4,5.0
54651,1,5.0
54657,1,5.0
54672,1,5.0
54678,85,4.411764705882353
54697,25,4.6
54716,13,4.538461538461538
54728,4,4.5
54748,3,3.0
54753,3,4.666666666666667
54776,1,5.0
54786,1,5.0
54820,1,5.0
54826,1,5.0
54827,3,4.333333333333333
54849,2,3.5
54885,1,4.0
54890,1,0.0
54892,1,5.0
54924,1,5.0
54943,1,5.0
54989,6,4.666666666666667
55003,1,5.0
55013,1,5.0
55017,12,4.583333333333333
55018,3,4.666666666666667
55020,1,5.0
55039,2,4.0
55052,2,5.0
55054,1,5.0
55056,2,5.0
55117,1,4.0
55122,1,5.0
55128,3,3.3333333333333335
55165,1,5.0
55166,6,4.833333333333333
55200,1,5.0
55205,1,5.0
55221,21,4.809523809523809
55224,2,4.5
55225,1,5.0
55274,3,3.0
55290,1,5.0
55294,1,5.0
55380,28,4.571428571428571
55392,5,5.0
55393,2,5.0
55396,2,5.0
55406,10,5.0
55441,1,5.0
55461,3,5.0
55508,2,5.0
55520,1,3.0
55523,18,5.0
55536,1,5.0
55578,31,4.225806451612903
55594,5,5.0
55612,1,5.0
55623,2,5.0
55624,1,1.0
55637,1,5.0
55646,1,3.0
55647,1,4.0
55654,1,5.0
55655,11,4.909090909090909
55690,10,4.5
55726,2,5.0
55729,75,3.04
55756,1,4.0
55757,1,4.0
55773,7,5.0
55785,1,5.0
55807,1,4.0
55810,1,5.0
55818,4,3.75
55827,3,4.666666666666667
55829,2,5.0
55850,8,5.0
55862,1,5.0
55882,10,4.7
55906,4,4.5
55910,3,5.0
55927,2,5.0
55966,1,5.0
55967,1,5.0
55974,2,2.0
55980,2,5.0
55988,1,5.0
55994,2,5.0
56002,10,5.0
56003,84,4.571428571428571
56009,1,5.0
56061,13,4.923076923076923
56067,1,4.0
56081,1,4.0
56084,1,5.0
56087,12,4.416666666666667
56108,2,5.0
56112,75,4.746666666666667
56118,2,5.0
56125,3,5.0
56141,3,5.0
56142,1,4.0
56149,3,5.0
56157,1,4.0
56180,2,5.0
56181,16,4.75
56201,1,5.0
56247,1,5.0
56251,21,4.904761904761905
56259,1,5.0
56266,1,5.0
56306,5,5.0
56325,1,4.0
56339,1,3.0
56341,2,2.5
56342,1,4.0
56353,5,4.6
56392,4,4.5
56405,1,5.0
56420,2,0.0
56447,11,4.545454545454546
56450,1,5.0
56463,52,4.846153846153846
56492,3,4.333333333333333
56498,7,4.857142857142857
56535,4,5.0
56537,1,3.0
56547,2,5.0
56605,1,5.0
56609,1,5.0
56670,5,4.8
56680,20,4.75
56710,1,5.0
56718,1,5.0
56734,3,4.666666666666667
56743,3,5.0
56768,2,2.5
56824,2,5.0
56829,1,5.0
56892,1,5.0
56905,5,5.0
56911,1,5.0
56919,6,4.333333333333333
56938,1,5.0
56946,1,4.0
56973,1,5.0
56986,1,4.0
57003,3,4.333333333333333
57024,2,4.5
57028,1,5.0
57041,1,4.0
57042,40,3.7
57057,1,4.0
57089,1,5.0
57093,1,0.0
57101,17,4.470588235294118
57157,1,5.0
57162,3,5.0
57178,1,5.0
57211,1,0.0
57212,2,4.5
57222,45,4.177777777777778
57256,32,4.78125
57264,1,5.0
57324,3,5.0
57338,1,5.0
57355,1,3.0
57397,17,4.235294117647059
57400,14,4.857142857142857
57404,2,4.5
57412,2,5.0
57423,1,5.0
57437,17,4.882352941176471
57475,1,5.0
57479,8,5.0
57484,3,5.0
57491,6,3.5
57499,1,4.0
57500,7,4.857142857142857
57502,1,5.0
57544,1,5.0
57579,1,5.0
57589,2,4.0
57601,8,5.0
57603,3,4.666666666666667
57604,1,4.0
57613,1,5.0
57621,1,5.0
57638,1,5.0
57660,5,4.4
57695,19,5.0
57721,2,5.0
57753,1,4.0
57754,1,5.0
57765,1,4.0
57787,8,5.0
57788,2,5.0
57808,1,5.0
57828,3,4.666666666666667
57846,1,5.0
57850,1,5.0
57880,1,5.0
57883,1,4.0
57898,4,5.0
57915,4,5.0
57939,3,4.666666666666667
57957,1,5.0
57961,1,4.0
58027,1,5.0
58038,41,4.2439024390243905
58075,4,4.75
58104,275,4.672727272727273
58129,1,5.0
58210,4,4.0
58213,1,5.0
58217,2,5.0
58229,5,5.0
58269,2,5.0
58278,3,5.0
58279,3,5.0
58300,7,5.0
58308,1,5.0
58332,1,4.0
58339,4,4.5
58382,1,5.0
58385,1,5.0
58404,1,5.0
58407,17,4.176470588235294
58410,1,5.0
58413,9,4.666666666666667
58428,1,4.0
58430,4,5.0
58439,51,4.411764705882353
58469,2,3.0
58478,1,5.0
58481,2,5.0
58518,1,5.0
58538,5,4.8
58546,1,2.0
58562,2,4.5
58572,1,4.0
58579,1,5.0
58605,2,5.0
58612,1,5.0
58619,10,4.4
58630,1,5.0
58636,1,4.0
58648,1,5.0
58673,1,4.0
58736,1,5.0
58746,1,5.0
58762,6,4.666666666666667
58786,1,3.0
58822,1,4.0
58836,21,4.142857142857143
58837,1,5.0
58841,1,5.0
58852,4,4.75
58871,1,5.0
58881,1,5.0
58892,11,4.7272727272727275
58909,1,5.0
58925,1,4.0
58931,17,4.9411764705882355
58933,1,5.0
58941,2,5.0
58948,1,4.0
58959,1,3.0
58989,3,3.3333333333333335
59021,2,5.0
59064,74,4.175675675675675
59077,11,4.545454545454546
59087,4,5.0
59144,10,5.0
59149,1,5.0
59163,11,4.636363636363637
59175,1,5.0
59184,1,5.0
59199,5,3.6
59205,3,3.3333333333333335
59253,1,5.0
59288,2,4.5
59302,4,4.75
59307,2,5.0
59351,1,5.0
59402,1,5.0
59407,1,0.0
59414,1,4.0
59438,1,5.0
59447,1,4.0
59456,1,2.0
59473,25,4.52
59476,3,3.0
59478,1,4.0
59489,2,5.0
59505,1,5.0
59513,1,0.0
59540,1,0.0
59565,3,5.0
59570,1,5.0
59576,1,5.0
59588,5,4.8
59596,1,3.0
59608,4,5.0
59615,3,4.333333333333333
59676,1,3.0
59677,1,5.0
59679,3,5.0
59686,30,3.966666666666667
59728,2,5.0
59753,7,4.571428571428571
59762,1,4.0
59767,1,5.0
59780,69,4.565217391304348
59798,1,5.0
59801,3,5.0
59824,1,5.0
59877,1,5.0
59879,7,4.857142857142857
59886,4,5.0
59908,1,4.0
59911,1,5.0
59921,3,4.0
59952,1,0.0
59962,1,5.0
59969,1,3.0
59981,1,5.0
59989,1,0.0
59992,1,5.0
60020,4,5.0
60031,8,3.625
60101,5,4.6
60124,41,4.682926829268292
60136,1,5.0
60144,1,5.0
60160,1,4.0
60199,1,5.0
60217,1,5.0
60221,7,4.857142857142857
60222,1,5.0
60225,1,5.0
60231,43,4.906976744186046
60260,53,4.716981132075472
60288,3,5.0
60304,2,5.0
60362,2,4.5
60364,1,4.0
60385,5,5.0
60414,1,3.0
60471,2,5.0
60486,11,3.6363636363636362
60492,3,5.0
60496,3,5.0
60504,1,5.0
60507,1,5.0
60528,1,5.0
60575,7,5.0
60617,1,5.0
60639,6,5.0
60650,8,4.0
60683,1,0.0
60694,7,4.428571428571429
60716,26,4.615384615384615
60733,1,5.0
60859,3,5.0
60866,2,4.0
60869,5,4.0
60895,1,5.0
60908,2,5.0
60918,2,4.5
60928,7,5.0
60974,1,5.0
60989,29,4.620689655172414
60992,80,4.8375
61010,1,4.0
61016,1,0.0
61035,1,4.0
61082,2,5.0
61099,2,5.0
61105,6,4.833333333333333
61121,1,3.0
61127,1,5.0
61143,2,5.0
61178,1,5.0
61192,1,5.0
61196,1,5.0
61204,4,3.5
61238,1,5.0
61255,1,5.0
61274,1,5.0
61357,3,4.666666666666667
61493,3,4.666666666666667
61495,1,5.0
61520,1,4.0
61525,7,5.0
61569,20,4.95
61581,1,5.0
61660,85,4.729411764705882
61702,3,5.0
61712,2,5.0
61757,1,5.0
61760,1,5.0
61796,2,2.0
61842,1,4.0
61954,2,5.0
61995,7,4.285714285714286
62005,3,4.666666666666667
62043,21,4.190476190476191
62076,1,5.0
62085,4,5.0
62086,11,4.0
62191,9,4.555555555555555
62264,29,4.586206896551724
62288,1,5.0
62293,1,5.0
62319,1,5.0
62419,1,2.0
62474,2,0.0
62491,3,5.0
62494,3,4.333333333333333
62545,2,5.0
62562,19,4.842105263157895
62590,1,5.0
62622,2,5.0
62672,3,5.0
62675,3,5.0
62694,1,5.0
62727,3,3.3333333333333335
62747,1,5.0
62760,1,2.0
62806,1,5.0
62819,1,0.0
62832,2,5.0
62839,1,4.0
62866,1,5.0
62883,4,4.0
63024,4,5.0
63026,3,5.0
63028,4,4.5
63031,2,5.0
63048,2,4.0
63070,3,5.0
63098,11,3.5454545454545454
63128,25,4.16
63146,1,5.0
63196,2,5.0
63232,12,4.166666666666667
63240,1,5.0
63260,1,5.0
63269,1,3.0
63291,3,3.0
63294,1,5.0
63306,1,5.0
63318,1,5.0
63335,8,4.5
63356,1,5.0
63358,1,5.0
63381,1,5.0
63391,1,5.0
63408,2,5.0
63414,1,5.0
63421,2,5.0
63427,1,5.0
63462,1,5.0
63469,2,5.0
63475,3,5.0
63498,1,5.0
63526,8,4.75
63586,1,4.0
63630,7,4.714285714285714
63681,1,5.0
63709,2,3.0
63717,1,4.0
63807,1,5.0
63836,1,5.0
63855,1,5.0
63858,14,4.928571428571429
63878,1,5.0
63888,1,5.0
63927,1,5.0
63935,1,5.0
63961,2,5.0
63998,1,4.0
64012,1,5.0
64075,1,4.0
64083,1,5.0
64099,1,5.0
64118,1,5.0
64150,2,5.0
64153,1,5.0
64154,26,4.5
64203,43,4.976744186046512
64207,1,5.0
64276,1,5.0
64280,1,5.0
64295,2,4.0
64321,1,5.0
64322,6,5.0
64342,4,4.75
64404,1,5.0
64434,2,5.0
64443,1,5.0
64472,1,5.0
64496,1,4.0
64508,2,4.0
64521,1,5.0
64539,2,4.5
64549,1,2.0
64583,24,4.541666666666667
64625,29,4.551724137931035
64631,2,5.0
64642,50,3.52
64667,35,4.628571428571429
64682,13,4.923076923076923
64683,6,4.0
64695,2,4.5
64698,2,5.0
64702,1,4.0
64713,2,4.5
64779,3,4.666666666666667
64780,11,5.0
64918,4,4.5
64931,1,5.0
64934,12,4.583333333333333
64961,1,4.0
64978,1,5.0
65010,1,3.0
65025,2,5.0
65029,1,5.0
65056,54,4.611111111111111
65069,2,0.0
65095,1,5.0
65148,2,5.0
65166,3,5.0
65197,47,4.957446808510638
65308,10,3.9
65338,1,5.0
65414,4,3.75
65424,1,4.0
65445,1,5.0
65459,1,5.0
65486,3,4.666666666666667
65502,71,4.704225352112676
65510,2,4.0
65531,1,5.0
65567,2,5.0
65572,1,5.0
65573,11,4.181818181818182
65608,1,4.0
65618,2,5.0
65631,11,3.8181818181818183
65634,5,4.2
65666,1,5.0
65670,2,5.0
65691,1,3.0
65720,21,4.857142857142857
65744,1,5.0
65765,1,5.0
65768,2,3.0
65803,1,5.0
65907,1,5.0
65933,3,5.0
65936,10,4.4
65953,1,5.0
65955,12,5.0
65957,1,5.0
65994,2,4.5
66008,20,4.6
66052,1,5.0
66078,2,5.0
66125,1,5.0
66131,1,5.0
66135,1,5.0
66161,2,4.0
66246,14,5.0
66247,1,5.0
66285,1,5.0
66321,8,5.0
66322,9,4.777777777777778
66354,1,5.0
66395,1,5.0
66398,2,5.0
66404,1,5.0
66448,8,4.75
66520,1,5.0
66549,5,5.0
66565,1,5.0
66622,1,5.0
66650,1,2.0
66708,4,5.0
66723,1,5.0
66766,2,3.5
66847,7,4.285714285714286
66856,7,4.0
66858,1,5.0
66873,3,4.666666666666667
66885,1,5.0
66899,6,4.833333333333333
66962,2,5.0
66983,12,4.75
66987,3,5.0
67009,1,0.0
67026,24,4.5
67059,2,5.0
67067,2,4.0
67103,37,4.702702702702703
67139,1,5.0
67154,4,4.75
67243,12,3.8333333333333335
67270,21,3.857142857142857
67278,1,5.0
67298,1,5.0
67303,1,5.0
67335,2,5.0
67358,2,1.0
67366,1,4.0
67386,1,5.0
67395,6,4.5
67403,6,5.0
67490,1,5.0
67491,2,5.0
67495,1,5.0
67498,1,5.0
67509,5,4.2
67573,1,5.0
67575,2,4.5
67594,1,5.0
67605,1,4.0
67656,121,4.264462809917355
67678,1,5.0
67719,3,5.0
67728,66,4.924242424242424
67738,2,5.0
67835,18,5.0
67878,2,5.0
67899,16,4.75
67933,1,3.0
67937,1,5.0
67961,2,5.0
67976,1,5.0
68010,2,5.0
68024,2,4.0
68029,1,5.0
68128,1,5.0
68157,2,5.0
68180,2,4.5
68236,3,5.0
68294,1,1.0
68302,1,5.0
68321,1,5.0
68357,18,4.555555555555555
68376,1,3.0
68441,1,5.0
68460,91,4.769230769230769
68503,3,4.333333333333333
68524,1,5.0
68526,40,4.725
68531,1,5.0
68546,2,5.0
68566,1,5.0
68585,5,5.0
68588,4,5.0
68601,2,5.0
68605,2,3.0
68613,2,5.0
68656,1,5.0
68673,4,4.75
68692,3,5.0
68700,1,5.0
68710,1,4.0
68715,24,4.625
68727,14,4.714285714285714
68728,3,5.0
68812,3,5.0
68884,42,4.238095238095238
68894,1,5.0
68904,9,5.0
68911,1,5.0
68928,3,5.0
68938,1,5.0
68960,70,4.728571428571429
69007,1,5.0
69022,1,5.0
69066,1,4.0
69099,1,5.0
69138,2,5.0
69161,4,5.0
69183,1,5.0
69192,1,5.0
69248,3,5.0
69260,4,5.0
69267,4,3.75
69303,2,5.0
69378,4,4.0
69382,1,5.0
69392,1,1.0
69425,2,5.0
69434,1,5.0
69474,1,5.0
69498,1,0.0
69541,1,5.0
69587,3,4.333333333333333
69619,1,3.0
69662,2,5.0
69690,1,5.0
69712,1,4.0
69718,1,5.0
69752,4,5.0
69790,1,5.0
69838,36,4.583333333333333
69846,1,4.0
69852,1,5.0
69863,5,5.0
69904,9,4.888888888888889
69927,17,4.352941176470588
69933,1,5.0
69969,1,5.0
70045,1,4.0
70073,22,5.0
70082,2,5.0
70154,1,5.0
70156,3,3.3333333333333335
70184,1,4.0
70269,1,5.0
70298,1,5.0
70356,1,5.0
70417,1,5.0
70536,1,0.0
70544,4,4.25
70641,1,5.0
70662,4,5.0
70793,3,5.0
70845,2,2.0
70903,3,5.0
70907,1,5.0
70910,4,3.75
70949,1,2.0
71029,2,3.5
71034,3,5.0
71118,1,5.0
71172,1,5.0
71188,3,4.333333333333333
71197,1,5.0
71219,1,5.0
71243,1,5.0
71254,1,5.0
71288,1,5.0
71298,4,3.75
71324,25,4.32
71361,1,5.0
71416,2,5.0
71421,6,5.0
71460,5,5.0
71463,4,5.0
71479,1,5.0
71490,1,2.0
71499,1,5.0
71517,5,4.0
71531,3,3.6666666666666665
71537,1,0.0
71565,3,5.0
71567,1,5.0
71600,1,5.0
71613,1,4.0
71639,2,5.0
71647,1,5.0
71653,2,5.0
71655,1,5.0
71671,1,5.0
71772,4,5.0
71810,1,5.0
71838,1,5.0
71840,1,5.0
71852,3,5.0
71885,1,5.0
71962,1,5.0
72004,1,5.0
72017,5,4.0
72071,1,5.0
72072,1,4.0
72093,2,5.0
72112,1,5.0
72118,1,4.0
72134,1,5.0
72178,2,5.0
72179,1,5.0
72226,1,5.0
72243,3,5.0
72254,6,5.0
72278,3,5.0
72346,1,5.0
72370,1,5.0
72386,6,4.833333333333333
72424,7,5.0
72425,1,5.0
72483,2,5.0
72489,13,4.3076923076923075
72513,1,5.0
72524,2,5.0
72528,1,5.0
72536,1,5.0
72564,1,4.0
72588,1,5.0
72589,1,5.0
72597,1,5.0
72671,7,4.571428571428571
72677,1,5.0
72730,1,0.0
72745,2,5.0
72748,6,4.333333333333333
72771,1,3.0
72794,1,5.0
72824,1,4.0
72838,1,5.0
72978,5,3.0
73000,1,5.0
73024,1,4.0
73110,1,5.0
73189,1,5.0
73192,1,5.0
73272,3,4.333333333333333
73329,1,5.0
73341,1,5.0
73377,1,5.0
73459,1,3.0
73469,5,5.0
73497,1,1.0
73528,1,5.0
73548,1,5.0
73556,1,4.0
73680,1,4.0
73697,1,5.0
73705,2,4.5
73706,5,3.8
73746,3,5.0
73768,3,5.0
73769,5,5.0
73773,2,4.5
73792,1,5.0
73836,31,4.903225806451613
73851,2,5.0
73876,1,5.0
73910,2,5.0
73935,1,5.0
73943,2,4.5
73951,12,4.916666666666667
73983,1,5.0
73988,7,4.857142857142857
74002,1,4.0
74026,1,5.0
74028,1,5.0
74056,1,5.0
74059,4,3.0
74120,1,5.0
74187,2,5.0
74280,5,4.6
74281,30,4.866666666666666
74288,8,4.25
74297,1,5.0
74342,6,4.833333333333333
74403,1,5.0
74408,1,4.0
74469,1,4.0
74489,1,0.0
74515,4,4.75
74516,2,5.0
74530,1,5.0
74558,13,4.538461538461538
74567,4,4.0
74589,2,2.5
74652,37,4.45945945945946
74736,9,4.555555555555555
74783,1,3.0
74833,1,5.0
74851,2,5.0
74868,1,5.0
74887,1,5.0
74904,15,3.6666666666666665
74981,1,5.0
74987,2,5.0
74988,1,5.0
75015,1,5.0
75060,1,5.0
75082,1,4.0
75110,1,5.0
75126,1,5.0
75146,1,5.0
75148,1,5.0
75167,1,5.0
75170,4,5.0
75173,2,5.0
75191,1,5.0
75218,4,5.0
75254,1,5.0
75298,1,5.0
75303,2,4.5
75305,1,4.0
75442,1,5.0
75449,3,5.0
75473,2,5.0
75490,1,5.0
75497,32,3.65625
75521,1,4.0
75527,1,5.0
75569,1,5.0
75593,1,3.0
75635,1,5.0
75681,5,4.0
75705,1,5.0
75726,4,4.0
75749,1,4.0
75772,2,5.0
75805,4,5.0
75846,5,4.2
75902,4,5.0
75919,3,5.0
75926,1,5.0
75973,7,4.428571428571429
75998,4,3.75
76001,9,4.666666666666667
76007,3,5.0
76011,1,5.0
76014,1,5.0
76074,4,5.0
76091,1,5.0
76138,1,4.0
76270,5,5.0
76299,1,3.0
76303,1,0.0
76402,1,0.0
76439,1,5.0
76463,1,4.0
76475,2,5.0
76497,1,5.0
76503,6,5.0
76530,1,5.0
76533,1,5.0
76535,33,3.909090909090909
76552,1,5.0
76559,16,4.375
76596,1,0.0
76715,1,5.0
76733,2,5.0
76738,2,5.0
76835,1,5.0
76837,1,5.0
76951,27,4.518518518518518
77146,2,4.5
77267,1,4.0
77291,1,5.0
77324,2,5.0
77343,1,5.0
77458,2,4.5
77488,2,3.5
77851,1,5.0
77867,1,5.0
77901,1,5.0
78175,1,5.0
78213,7,4.428571428571429
78232,1,5.0
78249,4,5.0
78266,1,3.0
78351,1,5.0
78353,1,2.0
78365,3,3.3333333333333335
78392,1,4.0
78405,1,4.0
78425,1,5.0
78466,4,5.0
78643,1,5.0
78650,2,4.5
78682,5,5.0
78754,1,5.0
78768,1,4.0
78770,4,4.75
78808,13,4.923076923076923
78848,1,5.0
78884,5,4.6
78891,2,5.0
78911,1,5.0
78917,1,5.0
78923,2,4.5
78953,1,4.0
78960,5,5.0
79036,3,5.0
79058,1,5.0
79087,2,3.5
79110,1,5.0
79132,3,4.666666666666667
79180,2,4.5
79214,1,5.0
79219,5,3.6
79229,2,5.0
79264,1,5.0
79300,1,5.0
79329,1,5.0
79334,1,5.0
79361,1,5.0
79363,1,5.0
79370,1,5.0
79423,4,5.0
79466,1,5.0
79476,1,5.0
79486,1,5.0
79507,1,5.0
79538,3,4.333333333333333
79617,5,5.0
79636,12,4.0
79665,1,0.0
79705,1,4.0
79714,1,0.0
79737,13,4.538461538461538
79751,1,5.0
79772,7,4.428571428571429
79816,2,4.5
79876,1,5.0
79877,9,4.888888888888889
79888,8,3.25
79913,1,5.0
79946,11,3.090909090909091
79997,4,5.0
80012,1,5.0
80063,1,4.0
80064,6,3.1666666666666665
80079,27,4.703703703703703
80087,2,5.0
80096,1,5.0
80168,1,4.0
80179,1,5.0
80219,3,4.666666666666667
80266,1,0.0
80353,196,4.6938775510204085
80365,1,4.0
80470,1,5.0
80581,1,5.0
80696,1,5.0
80723,1,4.0
80778,9,4.555555555555555
80790,1,5.0
80857,1,5.0
80866,1,1.0
80937,6,3.0
80950,1,5.0
80980,9,3.888888888888889
80998,30,4.666666666666667
81011,1,4.0
81019,2,5.0
81045,2,5.0
81091,1,5.0
81109,3,4.333333333333333
81113,1,5.0
81161,1,5.0
81242,2,2.5
81264,1,5.0
81335,1,5.0
81361,1,5.0
81511,3,4.666666666666667
81521,1,5.0
81522,6,4.5
81563,1,5.0
81609,8,5.0
81610,1,4.0
81611,33,4.0606060606060606
81640,1,5.0
81662,1,5.0
81667,2,5.0
81695,4,4.5
81738,1,4.0
81796,1,5.0
81801,1,5.0
81885,1,5.0
81897,1,5.0
81932,1,5.0
81953,1,5.0
82040,3,5.0
82055,3,2.3333333333333335
82099,1,5.0
82127,1,5.0
82161,2,5.0
82188,2,5.0
82227,3,4.333333333333333
82253,1,5.0
82264,1,5.0
82296,2,5.0
82308,2,4.5
82349,1,4.0
82363,1,5.0
82367,14,4.214285714285714
82381,1,0.0
82386,1,5.0
82402,1,5.0
82407,2,3.0
82507,4,3.0
82552,2,2.5
82567,1,3.0
82568,3,4.0
82616,26,4.923076923076923
82636,1,4.0
82648,15,4.533333333333333
82663,3,4.666666666666667
82702,1,5.0
82714,2,5.0
82728,1,5.0
82737,5,5.0
82761,1,5.0
82772,2,5.0
82902,2,4.5
82905,1,5.0
82908,1,2.0
82924,1,5.0
82978,1,5.0
82994,9,4.333333333333333
83006,1,5.0
83024,2,1.5
83026,1,5.0
83029,1,5.0
83079,1,5.0
83093,40,4.825
83162,1,5.0
83314,4,4.5
83316,4,4.5
83356,1,0.0
83358,1,5.0
83400,10,5.0
83503,5,3.6
83511,2,3.0
83541,5,4.4
83558,1,5.0
83589,1,4.0
83642,4,4.5
83682,3,5.0
83696,2,5.0
83697,1,5.0
83698,3,4.666666666666667
83711,2,3.5
83719,1,5.0
83791,1,5.0
83816,1,5.0
83847,1,5.0
83873,1,4.0
83907,1,5.0
83961,2,5.0
84013,1,1.0
84024,5,4.0
84038,6,4.666666666666667
84160,1,5.0
84196,10,4.8
84219,1,5.0
84247,1,5.0
84272,1,5.0
84279,2,4.0
84361,1,3.0
84364,5,4.8
84386,8,5.0
84401,1,4.0
84438,4,5.0
84440,1,5.0
84445,1,5.0
84462,1,0.0
84481,1,5.0
84524,2,5.0
84605,1,0.0
84632,1,5.0
84657,6,4.166666666666667
84722,1,5.0
84807,1,0.0
84830,1,5.0
84863,2,5.0
84867,1,4.0
84928,1,5.0
84931,1,0.0
85018,26,5.0
85026,1,4.0
85029,2,5.0
85105,1,5.0
85119,1,5.0
85157,1,4.0
85215,1,5.0
85228,4,5.0
85303,1,5.0
85309,8,4.375
85310,1,3.0
85322,3,4.666666666666667
85409,6,5.0
85414,6,4.5
85450,1,4.0
85486,1,5.0
85488,2,4.5
85507,1,5.0
85528,9,4.555555555555555
85573,4,3.75
85650,1,0.0
85654,1,5.0
85662,1,5.0
85707,1,5.0
85713,11,4.090909090909091
85714,9,3.5555555555555554
85727,1,5.0
85730,3,3.3333333333333335
85746,1,4.0
85773,1,0.0
85776,3,4.666666666666667
85826,9,5.0
85853,2,5.0
85873,17,5.0
85950,2,5.0
86023,1,5.0
86035,1,5.0
86038,1,5.0
86041,2,4.5
86049,1,5.0
86072,10,4.6
86100,1,4.0
86141,10,4.9
86175,1,5.0
86240,1,5.0
86244,2,4.5
86316,1,5.0
86318,89,4.46067415730337
86334,1,5.0
86354,1,4.0
86359,3,3.3333333333333335
86394,5,5.0
86398,1,5.0
86419,1,5.0
86498,3,5.0
86503,2,5.0
86512,33,4.393939393939394
86520,21,4.476190476190476
86540,1,5.0
86604,3,4.666666666666667
86627,8,4.875
86635,2,4.5
86678,1,5.0
86740,1,5.0
86764,3,5.0
86855,6,5.0
86858,1,5.0
86947,1,5.0
86988,2,5.0
87023,24,4.708333333333333
87024,2,5.0
87046,1,5.0
87109,5,4.0
87144,4,5.0
87160,3,4.0
87177,2,5.0
87236,17,4.705882352941177
87300,2,2.5
87432,1,5.0
87478,3,5.0
87505,1,5.0
87521,1,5.0
87559,5,5.0
87563,2,4.0
87567,4,5.0
87640,2,5.0
87652,1,5.0
87678,1,0.0
87680,1,5.0
87698,1,5.0
87750,2,5.0
87761,1,5.0
87815,1,5.0
87819,1,5.0
87870,5,4.0
87897,1,5.0
87957,1,5.0
87979,1,5.0
88016,1,4.0
88028,2,5.0
88040,1,5.0
88047,3,5.0
88099,195,4.5025641025641026
88106,1,3.0
88169,1,5.0
88186,1,5.0
88247,1,4.0
88254,4,4.75
88272,4,4.5
88276,3,3.6666666666666665
88298,1,0.0
88342,1,5.0
88373,4,5.0
88378,38,4.7894736842105265
88379,1,5.0
88387,1,5.0
88390,1,5.0
88398,1,4.0
88432,1,5.0
88502,1,5.0
88507,1,5.0
88564,1,5.0
88569,5,4.8
88577,1,5.0
88585,5,3.8
88617,1,0.0
88641,2,5.0
88701,1,5.0
88703,1,0.0
88706,1,5.0
88717,3,5.0
88722,1,5.0
88732,15,5.0
88776,1,5.0
88785,1,5.0
88814,1,5.0
88826,1,5.0
88910,1,5.0
88935,1,4.0
88942,1,5.0
89015,1,5.0
89065,1,5.0
89138,2,5.0
89148,1,2.0
89195,1,5.0
89197,1,5.0
89210,1,4.0
89223,1,5.0
89229,1,3.0
89240,11,4.545454545454546
89278,1,1.0
89310,1,5.0
89366,1,5.0
89374,1,5.0
89432,1,4.0
89435,2,5.0
89514,4,4.25
89549,14,4.5
89594,3,3.3333333333333335
89613,1,0.0
89614,1,0.0
89691,2,4.5
89743,1,5.0
89751,2,5.0
89831,284,4.961267605633803
89881,2,5.0
89904,1,5.0
89912,1,5.0
90004,1,1.0
90064,1,4.0
90082,1,4.0
90086,14,4.642857142857143
90148,1,5.0
90253,1,5.0
90295,1,5.0
90324,1,0.0
90350,1,5.0
90355,11,5.0
90478,1,2.0
90510,1,5.0
90532,1,5.0
90538,1,5.0
90626,1,0.0
90633,3,5.0
90670,2,5.0
90672,1,5.0
90676,1,5.0
90691,3,3.0
90705,1,5.0
90765,1,5.0
90767,7,4.571428571428571
90769,1,5.0
90799,2,5.0
90838,5,5.0
90995,1,5.0
91009,1,4.0
91018,1,5.0
91020,1,1.0
91081,1,5.0
91166,3,4.333333333333333
91214,1,5.0
91240,2,5.0
91291,1,5.0
91296,1,2.0
91317,2,4.0
91326,4,4.75
91340,6,4.5
91348,1,5.0
91366,3,5.0
91392,66,4.606060606060606
91435,1,5.0
91453,17,4.764705882352941
91496,1,5.0
91506,1,5.0
91552,1,5.0
91584,31,4.258064516129032
91655,3,5.0
91690,1,5.0
91698,1,5.0
91715,1,5.0
91724,8,3.75
91726,1,5.0
91748,1,5.0
91787,2,3.5
91867,10,4.4
91879,1,5.0
91897,1,5.0
91962,4,5.0
91973,1,3.0
91988,1,4.0
91994,1,5.0
92001,2,5.0
92006,23,4.565217391304348
92019,2,5.0
92042,1,3.0
92095,1,4.0
92137,1,4.0
92158,1,4.0
92184,5,5.0
92191,1,5.0
92195,1,3.0
92208,1,5.0
92257,1,2.0
92264,1,5.0
92279,1,5.0
92290,2,5.0
92319,3,4.666666666666667
92335,2,3.5
92337,1,5.0
92353,1,0.0
92385,30,4.466666666666667
92416,2,2.0
92486,3,5.0
92598,1,5.0
92601,1,5.0
92625,1,5.0
92641,18,4.888888888888889
92655,1,5.0
92691,1,5.0
92699,2,5.0
92700,1,5.0
92701,1,1.0
92758,1,1.0
92793,2,4.0
92796,6,4.666666666666667
92805,1,5.0
92816,19,4.578947368421052
92886,32,4.0625
92913,3,5.0
92966,1,5.0
92970,1,5.0
93006,45,4.711111111111111
93055,1,4.0
93057,1,5.0
93095,17,4.705882352941177
93124,1,5.0
93132,4,4.5
93163,1,1.0
93179,1,5.0
93230,1,5.0
93284,1,5.0
93305,1,5.0
93306,1,5.0
93356,1,5.0
93380,1,4.0
93417,4,3.75
93424,1,5.0
93438,3,5.0
93444,1,5.0
93445,1,5.0
93446,41,4.7560975609756095
93481,1,0.0
93594,1,5.0
93625,2,5.0
93670,2,5.0
93686,1,4.0
93713,2,4.5
93726,4,4.25
93729,1,5.0
93763,1,5.0
93764,1,0.0
93786,1,5.0
93843,5,4.0
93847,2,4.5
93893,1,4.0
93911,14,4.571428571428571
93921,1,0.0
93929,1,5.0
93936,1,5.0
93951,4,3.75
93997,10,4.9
94000,2,5.0
94005,1,5.0
94026,1,5.0
94070,1,5.0
94087,11,4.7272727272727275
94090,1,5.0
94105,2,5.0
94168,3,3.6666666666666665
94226,4,4.5
94243,12,4.583333333333333
94257,2,5.0
94272,7,4.714285714285714
94280,1,5.0
94281,1,4.0
94317,1,5.0
94321,1,5.0
94355,2,4.0
94422,3,5.0
94473,2,5.0
94474,1,5.0
94502,1,3.0
94557,1,4.0
94600,3,4.333333333333333
94612,2,3.5
94618,9,5.0
94646,2,5.0
94655,2,5.0
94659,1,5.0
94675,1,5.0
94740,2,5.0
94756,1,3.0
94769,1,4.0
94787,1,5.0
94840,3,5.0
94856,3,4.333333333333333
94881,1,5.0
94977,1,0.0
95009,1,5.0
95044,10,4.7
95057,1,5.0
95098,2,5.0
95114,2,5.0
95120,1,4.0
95139,1,5.0
95214,1,5.0
95217,8,4.75
95225,1,4.0
95233,1,0.0
95238,1,4.0
95241,11,4.545454545454546
95263,7,4.428571428571429
95296,1,4.0
95312,1,5.0
95435,1,5.0
95496,1,5.0
95500,1,5.0
95502,3,4.666666666666667
95520,1,5.0
95522,2,4.5
95535,2,4.0
95539,1,0.0
95559,1,5.0
95562,1,5.0
95567,2,4.5
95569,1,4.0
95597,1,5.0
95625,1,5.0
95626,2,5.0
95671,3,5.0
95672,1,4.0
95696,1,5.0
95697,6,5.0
95700,3,4.666666666666667
95738,1,5.0
95743,182,4.604395604395604
95763,2,5.0
95810,14,4.857142857142857
95858,1,5.0
95934,2,4.5
95959,1,2.0
96007,1,5.0
96015,1,5.0
96050,2,4.5
96077,1,4.0
96092,3,5.0
96094,1,4.0
96115,2,5.0
96156,1,4.0
96177,59,4.694915254237288
96261,1,5.0
96295,1,3.0
96357,5,4.2
96358,3,4.666666666666667
96364,1,5.0
96372,1,0.0
96409,1,4.0
96436,6,5.0
96451,3,3.6666666666666665
96538,1,5.0
96603,2,5.0
96641,10,5.0
96642,1,5.0
96734,1,5.0
96759,2,3.5
96794,1,4.0
96796,14,4.928571428571429
96806,2,4.0
96861,1,0.0
96945,1,5.0
96955,5,4.2
96995,3,4.666666666666667
97034,1,5.0
97073,5,4.6
97095,1,5.0
97101,1,0.0
97121,1,5.0
97166,3,5.0
97222,1,5.0
97273,1,5.0
97331,1,4.0
97404,1,5.0
97411,1,5.0
97425,1,5.0
97472,1,5.0
97503,1,5.0
97579,7,4.857142857142857
97610,1,5.0
97628,1,5.0
97635,1,4.0
97686,4,5.0
97701,1,5.0
97724,1,5.0
97775,2,4.5
97780,12,4.0
97823,9,5.0
97825,1,5.0
97856,1,2.0
97871,2,5.0
97895,12,5.0
97901,30,4.233333333333333
97950,4,4.5
97992,2,4.0
98001,1,4.0
98013,1,1.0
98016,10,5.0
98030,1,4.0
98036,1,3.0
98063,7,4.285714285714286
98077,2,5.0
98088,1,5.0
98141,1,4.0
98158,1,5.0
98165,10,4.8
98166,1,5.0
98170,1,3.0
98171,1,5.0
98200,2,4.5
98212,2,4.5
98230,1,5.0
98280,3,5.0
98336,2,5.0
98374,1,5.0
98423,1,5.0
98446,1,5.0
98459,1,5.0
98467,2,5.0
98494,1,5.0
98511,3,4.333333333333333
98590,5,5.0
98681,1,2.0
98719,1,5.0
98722,8,3.875
98761,4,5.0
98786,1,5.0
98788,3,3.3333333333333335
98802,1,5.0
98812,7,4.714285714285714
98828,3,4.666666666666667
98851,4,5.0
98861,2,5.0
98863,1,5.0
98867,5,3.6
98919,34,4.735294117647059
98951,1,5.0
98994,2,5.0
99058,1,5.0
99097,1,5.0
99136,3,5.0
99164,2,5.0
99217,1,4.0
99221,1,5.0
99227,1,0.0
99254,1,3.0
99307,3,5.0
99308,1,1.0
99316,1,5.0
99325,2,0.0
99336,1,5.0
99389,2,5.0
99415,2,4.5
99438,3,2.6666666666666665
99588,1,5.0
99624,12,4.583333333333333
99652,2,4.5
99653,1,0.0
99655,1,1.0
99785,7,4.857142857142857
99872,4,4.5
99942,1,5.0
99946,1,5.0
99958,1,5.0
99979,3,5.0
99994,3,5.0
100010,1,5.0
100026,4,4.5
100039,1,5.0
100098,3,4.666666666666667
100147,4,4.25
100149,4,5.0
100155,1,4.0
100158,1,5.0
100162,1,5.0
100183,1,5.0
100185,17,4.529411764705882
100221,1,5.0
100246,1,5.0
100254,1,5.0
100261,1,4.0
100296,3,5.0
100335,1,5.0
100337,1,5.0
100351,1,5.0
100463,3,4.666666666666667
100472,1,5.0
100526,2,5.0
100618,1,0.0
100677,1,5.0
100688,1,5.0
100783,3,5.0
100788,3,3.3333333333333335
100800,1,4.0
100811,2,5.0
100837,1,5.0
100877,1,4.0
100920,4,5.0
100924,1,5.0
100974,1,5.0
100980,1,5.0
100985,1,5.0
101017,1,5.0
101034,27,4.888888888888889
101043,2,4.5
101083,1,5.0
101101,1,4.0
101113,1,5.0
101153,5,4.6
101180,1,5.0
101239,1,5.0
101253,2,5.0
101274,1,0.0
101275,18,4.888888888888889
101301,2,2.5
101327,1,5.0
101335,1,5.0
101376,22,4.863636363636363
101379,1,4.0
101391,2,5.0
101432,7,4.857142857142857
101489,1,5.0
101547,1,5.0
101583,3,4.666666666666667
101631,2,4.5
101714,3,5.0
101732,49,4.6938775510204085
101745,1,5.0
101764,1,5.0
101820,1,5.0
101823,120,4.475
101896,2,5.0
101914,2,5.0
101919,5,4.0
101989,1,4.0
102058,80,4.225
102064,2,5.0
102112,1,5.0
102135,2,5.0
102141,1,5.0
102185,1,0.0
102264,1,3.0
102265,1,0.0
102299,11,4.818181818181818
102319,1,4.0
102330,1,5.0
102331,1,4.0
102348,1,5.0
102352,1,5.0
102383,1,5.0
102384,3,5.0
102417,3,5.0
102441,3,5.0
102464,1,5.0
102519,1,3.0
102526,13,3.769230769230769
102538,1,5.0
102555,1,4.0
102602,8,4.875
102604,2,4.5
102607,1,5.0
102672,9,4.555555555555555
102683,1,5.0
102724,1,0.0
102727,1,5.0
102824,1,4.0
102833,2,5.0
102859,3,5.0
102911,1,5.0
102937,7,4.714285714285714
103051,1,4.0
103078,1,5.0
103125,1,5.0
103142,2,4.5
103147,1,5.0
103160,1,5.0
103198,2,4.5
103201,1,1.0
103222,1,5.0
103224,9,4.333333333333333
103285,1,0.0
103310,1,5.0
103367,1,5.0
103377,1,5.0
103380,2,5.0
103395,1,5.0
103482,1,5.0
103483,1,5.0
103500,1,4.0
103628,4,4.25
103631,1,5.0
103651,1,5.0
103665,1,5.0
103782,1,4.0
103784,1,5.0
103787,1,5.0
103809,16,4.3125
103849,3,5.0
103872,2,5.0
103876,58,4.913793103448276
104015,2,5.0
104018,2,5.0
104022,1,5.0
104025,1,5.0
104082,3,4.666666666666667
104103,2,5.0
104131,2,5.0
104172,2,4.5
104215,1,5.0
104224,1,4.0
104276,1,4.0
104283,1,5.0
104295,135,4.222222222222222
104297,1,4.0
104315,1,5.0
104392,1,3.0
104403,1,5.0
104422,1,5.0
104433,1,5.0
104447,1,5.0
104472,12,4.583333333333333
104521,1,5.0
104532,1,5.0
104537,1,5.0
104568,1,5.0
104573,2,5.0
104588,1,5.0
104599,2,5.0
104600,7,5.0
104626,1,5.0
104750,1,5.0
104782,1,5.0
104795,1,4.0
104827,2,5.0
104831,1,5.0
104847,3,5.0
104870,3,5.0
104877,4,4.25
104888,1,5.0
104891,1,4.0
104927,1,5.0
104929,6,5.0
104954,1,5.0
104998,5,5.0
105001,3,5.0
105080,1,0.0
105094,1,0.0
105125,4,4.5
105151,1,5.0
105152,1,0.0
105197,2,5.0
105285,1,1.0
105292,2,2.5
105312,1,5.0
105338,1,5.0
105352,4,5.0
105358,2,4.5
105440,2,5.0
105459,4,5.0
105471,3,3.6666666666666665
105515,1,0.0
105598,1,0.0
105601,9,4.888888888888889
105717,1,5.0
105723,1,3.0
105757,1,4.0
105780,7,4.285714285714286
105804,9,3.5555555555555554
105809,1,5.0
105858,1,5.0
105927,1,5.0
105963,2,4.0
105988,2,4.5
106026,1,2.0
106105,9,3.888888888888889
106205,1,5.0
106212,2,5.0
106262,1,5.0
106282,1,5.0
106345,1,5.0
106355,1,5.0
106370,1,4.0
106432,2,4.5
106435,1,0.0
106436,4,3.75
106448,1,5.0
106450,2,4.5
106479,1,5.0
106488,1,4.0
106501,4,5.0
106506,11,3.090909090909091
106519,1,5.0
106537,1,5.0
106542,1,5.0
106580,4,4.75
106585,1,4.0
106608,4,5.0
106614,3,5.0
106624,20,4.65
106635,1,4.0
106682,4,5.0
106697,1,1.0
106698,2,5.0
106765,1,5.0
106777,4,4.0
106797,3,4.666666666666667
106813,1,5.0
106867,9,4.333333333333333
106948,1,5.0
107014,4,5.0
107081,6,4.333333333333333
107135,179,5.0
107140,2,3.5
107144,1,4.0
107162,1,4.0
107201,1,4.0
107220,1,5.0
107231,2,4.5
107243,1,5.0
107253,1,5.0
107258,1,5.0
107294,1,5.0
107308,20,4.85
107334,11,4.636363636363637
107358,1,5.0
107425,1,5.0
107498,1,4.0
107504,8,4.25
107542,1,5.0
107554,6,4.666666666666667
107558,1,5.0
107583,189,4.851851851851852
107625,1,5.0
107635,4,3.5
107651,46,4.3478260869565215
107673,1,5.0
107823,2,5.0
107864,2,5.0
107890,1,5.0
107957,1,5.0
107985,1,5.0
108043,6,5.0
108072,1,4.0
108151,1,5.0
108266,2,5.0
108280,1,5.0
108291,4,4.25
108296,1,5.0
108310,1,0.0
108327,1,4.0
108441,1,5.0
108460,3,4.666666666666667
108488,4,5.0
108495,1,5.0
108616,1,5.0
108644,1,5.0
108681,4,5.0
108725,1,5.0
108771,1,5.0
108773,1,5.0
108774,2,5.0
108775,1,5.0
108814,2,3.5
108823,1,5.0
108839,1,5.0
108843,8,5.0
108892,6,4.833333333333333
108902,11,4.636363636363637
108931,2,5.0
108954,1,5.0
108972,1,5.0
109004,1,5.0
109030,18,4.833333333333333
109041,5,4.0
109055,1,5.0
109082,1,4.0
109110,12,3.5833333333333335
109155,1,5.0
109212,1,5.0
109235,4,4.75
109312,1,5.0
109353,9,4.666666666666667
109365,2,5.0
109372,1,5.0
109395,4,4.75
109404,1,4.0
109466,1,5.0
109497,2,4.5
109502,1,5.0
109515,1,5.0
109547,6,4.833333333333333
109598,4,4.75
109606,1,5.0
109608,6,4.833333333333333
109616,1,4.0
109639,1,5.0
109641,1,5.0
109778,1,5.0
109812,1,5.0
109828,1,5.0
109838,1,5.0
109855,5,5.0
109876,1,0.0
109912,1,5.0
109938,3,5.0
109944,1,5.0
110034,9,4.888888888888889
110041,1,5.0
110078,7,4.571428571428571
110119,1,4.0
110125,4,4.25
110135,9,4.888888888888889
110136,1,5.0
110172,1,5.0
110173,1,5.0
110210,12,4.666666666666667
110225,2,5.0
110239,1,5.0
110270,1,5.0
110278,1,5.0
110303,1,0.0
110312,2,5.0
110328,4,5.0
110361,1,5.0
110371,1,5.0
110384,1,5.0
110396,1,5.0
110401,1,5.0
110402,5,4.6
110433,9,4.666666666666667
110464,1,5.0
110506,1,1.0
110673,1,5.0
110682,1,4.0
110727,1,5.0
110747,1,5.0
110786,2,5.0
110831,1,4.0
110867,1,5.0
110872,2,3.0
110875,7,4.714285714285714
110905,4,4.75
110930,3,4.666666666666667
110944,1,5.0
110946,4,5.0
110973,1,4.0
110974,2,5.0
111005,2,5.0
111072,2,5.0
111075,7,4.857142857142857
111119,2,2.5
111138,3,5.0
111163,5,4.8
111168,1,5.0
111252,1,1.0
111263,3,5.0
111277,1,0.0
111291,12,4.916666666666667
111295,1,5.0
111296,6,4.833333333333333
111306,3,5.0
111313,1,5.0
111324,1,5.0
111336,1,4.0
111342,19,4.947368421052632
111347,4,4.25
111393,2,5.0
111447,1,3.0
111509,1,5.0
111520,1,4.0
111526,3,5.0
111529,1,5.0
111560,2,4.5
111626,1,5.0
111678,20,4.55
111721,1,5.0
111738,1,5.0
111739,2,5.0
111811,1,4.0
111843,1,5.0
111899,4,5.0
111920,3,3.0
112032,1,5.0
112064,2,5.0
112077,3,5.0
112111,1,4.0
112163,1,5.0
112165,1,5.0
112182,1,2.0
112271,1,5.0
112354,1,5.0
112385,2,4.0
112394,1,3.0
112411,10,4.9
112412,1,5.0
112418,3,3.3333333333333335
112429,1,5.0
112446,1,5.0
112483,2,5.0
112489,3,4.666666666666667
112508,1,5.0
112561,3,5.0
112617,2,4.5
112650,1,0.0
112782,1,2.0
112801,2,5.0
112818,7,0.7142857142857143
112841,1,5.0
112864,19,4.2105263157894735
113102,1,5.0
113108,2,4.5
113117,6,4.666666666666667
113191,1,5.0
113219,1,5.0
113249,2,4.5
113302,2,5.0
113316,1,4.0
113371,1,5.0
113373,1,5.0
113398,1,5.0
113428,1,5.0
113429,1,5.0
113470,1,4.0
113486,1,5.0
113492,1,5.0
113493,2,3.5
113509,16,4.0625
113517,4,4.75
113535,7,4.428571428571429
113661,2,5.0
113662,1,5.0
113672,1,5.0
113767,2,5.0
113772,1,5.0
113804,2,5.0
113827,1,5.0
113828,1,5.0
113894,5,3.6
113928,5,4.0
113941,24,5.0
113997,1,3.0
114027,34,4.323529411764706
114034,1,3.0
114105,8,4.875
114112,1,0.0
114115,1,0.0
114130,1,5.0
114144,1,5.0
114197,4,4.5
114210,1,5.0
114213,3,5.0
114243,7,5.0
114270,1,5.0
114287,2,2.5
114317,4,5.0
114356,1,0.0
114394,1,5.0
114395,1,5.0
114468,2,5.0
114487,1,5.0
114517,1,5.0
114522,3,5.0
114554,1,5.0
114624,1,4.0
114629,3,4.0
114633,1,5.0
114681,13,3.6923076923076925
114882,5,4.2
114936,1,4.0
114965,8,4.875
114974,3,5.0
115005,1,4.0
115006,1,5.0
115048,5,5.0
115053,6,3.6666666666666665
115065,7,3.7142857142857144
115076,1,4.0
115078,2,5.0
115085,1,5.0
115088,6,4.166666666666667
115108,11,4.454545454545454
115178,16,4.25
115240,1,4.0
115289,1,5.0
115302,14,4.928571428571429
115321,4,4.25
115329,1,5.0
115348,1,5.0
115359,1,5.0
115364,4,5.0
115430,1,3.0
115443,3,4.666666666666667
115471,1,5.0
115494,1,5.0
115506,1,0.0
115521,1,4.0
115523,2,4.5
115525,13,4.6923076923076925
115593,1,5.0
115608,1,4.0
115621,15,4.533333333333333
115633,1,4.0
115634,1,5.0
115654,1,5.0
115658,10,4.4
115679,1,4.0
115681,1,5.0
115708,2,4.0
115731,1,5.0
115751,1,0.0
115758,31,4.774193548387097
115796,1,5.0
115802,1,0.0
115805,4,5.0
115822,1,5.0
115849,1,5.0
115853,15,4.733333333333333
115903,1,5.0
115920,2,5.0
115935,1,4.0
115942,4,4.25
115957,1,5.0
115964,2,4.5
116009,3,3.3333333333333335
116067,1,3.0
116081,1,5.0
116113,1,5.0
116137,1,4.0
116170,1,4.0
116193,1,4.0
116195,1,5.0
116315,5,4.8
116371,12,3.9166666666666665
116401,19,4.947368421052632
116423,1,5.0
116429,2,4.5
116478,2,4.5
116501,1,5.0
116518,4,4.5
116521,1,5.0
116607,5,4.6
116608,5,4.6
116615,2,5.0
116643,2,5.0
116661,1,5.0
116685,1,5.0
116687,3,3.6666666666666665
116693,1,5.0
116735,1,5.0
116740,2,4.5
116796,1,5.0
116854,2,5.0
116856,6,4.5
116864,1,5.0
116869,2,2.5
116896,1,4.0
116929,1,4.0
116939,4,5.0
116948,1,5.0
116970,2,5.0
116977,3,5.0
117003,1,5.0
117042,1,0.0
117073,3,4.333333333333333
117074,3,4.666666666666667
117122,1,5.0
117137,1,5.0
117145,1,4.0
117200,1,5.0
117221,12,4.75
117222,1,5.0
117235,1,4.0
117306,1,5.0
117333,1,5.0
117396,4,3.75
117438,9,4.333333333333333
117440,2,5.0
117467,6,4.5
117496,2,2.5
117501,5,5.0
117508,1,4.0
117536,1,5.0
117776,2,5.0
117781,20,4.65
117784,2,5.0
117837,1,5.0
117853,2,5.0
117880,2,4.0
117927,1,5.0
117941,1,5.0
117972,1,5.0
117974,5,4.8
118007,3,5.0
118023,1,5.0
118065,1,5.0
118120,1,3.0
118159,1,0.0
118161,1,4.0
118163,23,4.521739130434782
118191,3,4.666666666666667
118203,1,4.0
118231,1,5.0
118252,1,5.0
118268,26,4.384615384615385
118279,1,5.0
118325,2,4.5
118342,1,5.0
118363,2,5.0
118367,1,5.0
118493,4,4.75
118504,2,4.0
118550,1,2.0
118561,1,5.0
118574,1,5.0
118585,6,4.666666666666667
118623,1,5.0
118684,9,4.666666666666667
118756,1,4.0
118758,1,5.0
118804,1,5.0
118840,16,4.375
118848,1,5.0
118877,2,5.0
118930,5,5.0
118950,3,5.0
118956,1,5.0
118961,1,5.0
119017,1,5.0
119076,2,5.0
119096,1,5.0
119097,1,4.0
119106,1,3.0
119149,1,5.0
119172,1,4.0
119201,1,5.0
119228,1,5.0
119238,1,5.0
119250,1,3.0
119311,1,5.0
119314,1,5.0
119322,2,4.5
119360,1,5.0
119422,13,3.8461538461538463
119465,1,5.0
119466,57,4.807017543859649
119481,5,5.0
119535,1,0.0
119549,3,5.0
119552,10,4.3
119577,1,5.0
119621,1,5.0
119648,2,5.0
119666,1,5.0
119708,3,5.0
119710,1,5.0
119783,1,5.0
119791,1,5.0
119859,4,3.75
119866,1,5.0
119893,1,0.0
119956,17,4.470588235294118
119968,1,5.0
119971,1,5.0
119984,5,4.0
120040,1,0.0
120072,1,5.0
120108,8,3.625
120109,1,5.0
120121,19,4.526315789473684
120132,1,5.0
120161,1,5.0
120173,1,5.0
120201,1,5.0
120255,2,5.0
120264,7,4.857142857142857
120279,1,5.0
120323,1,5.0
120402,1,5.0
120427,1,5.0
120431,1,4.0
120448,3,4.666666666666667
120471,1,5.0
120559,4,3.5
120566,8,4.875
120602,1,5.0
120611,1,5.0
120619,4,4.5
120647,1,5.0
120654,1,3.0
120662,1,5.0
120679,1,5.0
120715,1,5.0
120720,1,5.0
120746,1,5.0
120792,1,5.0
120843,3,5.0
120849,2,5.0
120870,2,2.5
120891,4,4.75
120908,3,5.0
120917,1,3.0
120959,1,5.0
120976,1,5.0
121023,4,5.0
121025,1,5.0
121033,1,5.0
121041,3,4.666666666666667
121113,5,4.0
121125,1,0.0
121178,3,4.666666666666667
121185,18,4.055555555555555
121193,6,4.166666666666667
121242,1,5.0
121261,1,5.0
121269,2,5.0
121294,1,5.0
121311,1,5.0
121339,1,3.0
121354,5,4.0
121359,2,5.0
121405,1,4.0
121457,1,5.0
121459,1,5.0
121485,1,5.0
121511,1,5.0
121553,4,4.75
121554,1,5.0
121581,15,4.4
121582,2,4.5
121613,1,4.0
121628,1,1.0
121683,1,5.0
121684,9,5.0
121689,1,5.0
121690,60,4.883333333333334
121720,2,4.5
121778,1,5.0
121786,1,4.0
121789,2,4.5
121795,4,5.0
121807,2,5.0
121832,1,5.0
121840,14,4.714285714285714
121852,4,3.75
121871,2,5.0
121886,2,4.5
121892,1,5.0
121903,1,5.0
121963,1,4.0
121985,11,4.181818181818182
121992,4,5.0
122001,8,4.625
122064,1,5.0
122087,6,4.666666666666667
122093,1,5.0
122108,2,2.5
122153,1,4.0
122175,4,5.0
122235,25,4.24
122255,1,2.0
122276,9,4.666666666666667
122293,1,5.0
122361,1,5.0
122413,1,5.0
122448,1,0.0
122541,4,5.0
122577,7,4.714285714285714
122594,1,5.0
122595,2,4.5
122671,1,5.0
122689,4,3.5
122776,1,5.0
122837,1,5.0
122871,1,5.0
122873,1,5.0
122877,18,4.555555555555555
122878,9,4.666666666666667
122884,1,5.0
122944,1,5.0
122993,13,4.846153846153846
123007,1,5.0
123037,2,5.0
123066,1,5.0
123118,2,4.5
123132,1,5.0
123159,1,5.0
123160,1,5.0
123168,1,4.0
123220,2,5.0
123240,1,5.0
123243,1,5.0
123294,1,5.0
123297,1,5.0
123321,1,5.0
123371,1,5.0
123413,1,5.0
123443,2,2.5
123444,4,4.5
123487,1,5.0
123517,1,5.0
123521,1,5.0
123539,1,5.0
123581,1,5.0
123584,2,5.0
123640,1,5.0
123656,1,5.0
123660,2,3.5
123675,1,3.0
123688,1,2.0
123727,1,5.0
123732,1,4.0
123755,1,0.0
123777,1,0.0
123807,2,3.5
123824,1,5.0
123837,2,5.0
123865,2,4.5
123871,8,5.0
123873,3,5.0
123897,11,4.636363636363637
123938,1,5.0
123963,1,5.0
123964,1,4.0
123996,1,4.0
124012,1,5.0
124030,2,5.0
124050,2,5.0
124088,1,5.0
124161,2,5.0
124177,1,5.0
124190,25,4.6
124196,2,5.0
124222,1,5.0
124233,1,5.0
124237,1,5.0
124248,1,0.0
124249,95,4.71578947368421
124268,7,4.714285714285714
124301,2,5.0
124318,1,5.0
124404,4,5.0
124416,25,3.8
124434,3,4.666666666666667
124449,7,4.857142857142857
124481,2,2.5
124504,2,4.0
124520,1,5.0
124527,1,3.0
124546,1,3.0
124566,1,5.0
124577,1,5.0
124605,2,2.0
124614,5,5.0
124662,3,4.333333333333333
124698,2,4.5
124799,4,4.75
124847,1,5.0
124857,1,5.0
124864,1,5.0
124876,7,4.571428571428571
124901,3,5.0
124945,2,4.5
124959,1,5.0
124971,2,4.5
125056,2,3.0
125059,2,5.0
125109,11,4.7272727272727275
125114,2,5.0
125128,1,5.0
125149,1,5.0
125203,1,0.0
125209,1,5.0
125242,2,5.0
125245,5,5.0
125266,2,5.0
125280,2,4.0
125285,2,5.0
125325,26,4.653846153846154
125349,8,4.625
125353,1,5.0
125356,15,4.866666666666666
125368,1,3.0
125381,1,0.0
125388,85,4.7176470588235295
125398,1,5.0
125411,7,5.0
125416,7,4.857142857142857
125429,2,2.5
125446,1,5.0
125457,1,5.0
125458,19,4.0
125487,1,4.0
125512,2,5.0
125524,6,3.8333333333333335
125579,2,4.5
125585,1,4.0
125601,1,5.0
125636,5,3.8
125640,33,4.03030303030303
125653,1,5.0
125664,1,3.0
125677,6,4.166666666666667
125715,1,4.0
125756,1,0.0
125766,2,5.0
125772,3,5.0
125773,10,4.9
125789,1,0.0
125798,1,4.0
125808,13,4.538461538461538
125833,1,5.0
125842,2,2.5
125853,4,3.75
125867,1,5.0
125945,1,5.0
125984,3,5.0
125987,1,4.0
126003,2,5.0
126029,1,5.0
126032,6,5.0
126037,3,5.0
126104,27,3.814814814814815
126106,1,5.0
126146,2,5.0
126198,2,2.5
126249,1,5.0
126263,3,4.666666666666667
126270,2,5.0
126272,6,4.333333333333333
126301,1,5.0
126302,1,4.0
126318,1,5.0
126352,1,5.0
126354,1,5.0
126377,4,4.5
126418,6,4.833333333333333
126428,1,4.0
126431,1,5.0
126435,34,4.911764705882353
126440,149,4.89261744966443
126469,1,1.0
126547,2,2.5
126602,6,4.833333333333333
126687,2,4.5
126703,4,4.75
126716,2,2.5
126725,1,5.0
126764,1,3.0
126993,2,5.0
127062,1,5.0
127101,1,5.0
127113,2,5.0
127120,1,4.0
127162,1,5.0
127180,10,4.4
127231,1,5.0
127403,1,5.0
127500,2,5.0
127620,1,0.0
127649,1,4.0
127737,1,4.0
127788,1,5.0
127933,1,5.0
127934,1,5.0
127971,2,4.5
128010,2,5.0
128047,3,3.6666666666666665
128071,2,4.5
128098,1,5.0
128152,2,5.0
128227,4,4.75
128252,2,5.0
128287,1,0.0
128297,2,3.0
128347,1,5.0
128348,1,3.0
128447,14,4.714285714285714
128470,1,5.0
128473,305,4.901639344262295
128526,1,5.0
128541,15,4.8
128543,2,2.0
128555,2,5.0
128579,1,0.0
128646,3,4.0
128651,1,5.0
128693,8,5.0
128698,1,5.0
128703,1,0.0
128723,4,5.0
128789,1,5.0
128803,7,5.0
128815,2,5.0
128832,1,0.0
128835,3,5.0
128885,3,4.333333333333333
128908,1,5.0
128920,1,5.0
128945,5,5.0
128950,15,3.8666666666666667
128978,1,5.0
129008,1,3.0
129009,1,4.0
129023,1,5.0
129041,4,5.0
129078,2,5.0
129082,3,5.0
129110,1,0.0
129137,1,5.0
129159,1,5.0
129177,12,4.166666666666667
129190,4,3.5
129201,27,5.0
129217,1,5.0
129226,1,5.0
129238,1,4.0
129255,4,4.75
129314,2,2.5
129333,13,4.461538461538462
129357,1,4.0
129372,3,4.666666666666667
129422,4,4.5
129451,1,4.0
129479,3,2.6666666666666665
129577,4,4.75
129582,1,5.0
129612,1,5.0
129652,26,3.6153846153846154
129700,1,5.0
129758,2,5.0
129796,2,4.0
129826,1,5.0
129833,2,4.5
129836,4,4.5
129855,1,5.0
129862,2,5.0
129878,1,5.0
129932,1,5.0
129958,30,4.766666666666667
129992,13,4.6923076923076925
130064,1,5.0
130133,15,3.7333333333333334
130146,1,0.0
130170,1,5.0
130176,1,4.0
130219,24,4.583333333333333
130259,1,0.0
130378,1,5.0
130395,5,5.0
130410,1,5.0
130447,14,4.214285714285714
130463,1,5.0
130491,1,4.0
130512,3,5.0
130513,2,3.5
130531,14,3.9285714285714284
130606,6,4.333333333333333
130645,3,4.666666666666667
130646,1,5.0
130663,65,4.8
130678,1,5.0
130687,1,5.0
130714,2,5.0
130728,1,5.0
130730,2,5.0
130761,2,5.0
130810,1,4.0
130816,2,3.5
130819,96,4.979166666666667
130826,1,5.0
130867,1,5.0
130886,2,4.5
130896,4,4.75
130910,2,5.0
130913,1,5.0
130928,1,4.0
130953,1,5.0
130965,1,5.0
130970,1,5.0
130972,1,4.0
131008,2,5.0
131012,1,5.0
131021,42,4.619047619047619
131038,1,5.0
131042,2,4.0
131126,181,4.723756906077348
131129,1,0.0
131256,1,4.0
131300,1,5.0
131327,1,5.0
131341,1,5.0
131349,4,4.25
131430,1,5.0
131500,2,5.0
131510,1,5.0
131584,6,4.666666666666667
131595,2,5.0
131659,3,5.0
131674,69,4.72463768115942
131694,1,5.0
131698,3,5.0
131721,1,5.0
131730,1,0.0
131751,6,4.666666666666667
131761,1,5.0
131762,1,5.0
131804,1,5.0
131807,10,4.9
131916,2,5.0
132010,7,5.0
132114,1,5.0
132159,2,4.0
132353,1,5.0
132355,1,5.0
132368,2,5.0
132383,19,4.7368421052631575
132396,1,5.0
132407,1,4.0
132416,1,5.0
132419,1,5.0
132484,1,5.0
132544,2,4.5
132617,1,5.0
132747,1,4.0
132764,12,4.25
132812,1,4.0
132886,4,4.75
133174,258,4.678294573643411
133227,2,5.0
133339,1,4.0
133399,1,5.0
133407,1,4.0
133423,1,5.0
133434,1,5.0
133534,1,5.0
133547,3,3.3333333333333335
133564,3,5.0
133572,1,5.0
133621,2,5.0
133624,1,5.0
133680,6,4.5
133692,3,5.0
133779,1,5.0
133822,1,5.0
133842,5,4.8
133845,5,5.0
133853,2,4.5
133865,11,5.0
133881,1,5.0
133911,1,5.0
133914,1,4.0
133933,10,4.3
133950,1,5.0
133956,2,5.0
133960,1,5.0
133994,1,5.0
134011,20,4.9
134064,2,5.0
134124,5,4.4
134127,1,5.0
134145,2,3.5
134164,5,4.6
134190,1,5.0
134259,3,4.666666666666667
134266,1,5.0
134278,2,5.0
134289,18,4.722222222222222
134414,1,5.0
134450,1,5.0
134467,1,5.0
134493,1,5.0
134522,1,5.0
134543,1,5.0
134550,2,5.0
134575,1,5.0
134616,2,4.0
134617,2,4.0
134624,28,4.428571428571429
134649,1,4.0
134662,1,5.0
134663,7,5.0
134665,1,5.0
134686,2,5.0
134689,1,5.0
134737,2,5.0
134821,2,5.0
134875,5,5.0
134903,6,4.833333333333333
134917,1,3.0
134967,1,5.0
134972,1,4.0
134984,2,2.0
134987,1,2.0
135017,2,5.0
135061,1,5.0
135096,1,4.0
135125,2,3.0
135169,1,5.0
135171,1,0.0
135246,3,3.3333333333333335
135271,3,4.333333333333333
135335,1,5.0
135344,1,5.0
135363,1,5.0
135377,13,4.0
135410,1,4.0
135442,3,5.0
135456,1,5.0
135470,77,3.987012987012987
135473,1,5.0
135511,3,3.6666666666666665
135525,2,3.0
135542,3,3.6666666666666665
135557,2,4.5
135566,51,4.392156862745098
135590,1,5.0
135634,3,3.3333333333333335
135665,1,4.0
135758,1,5.0
135759,1,5.0
135771,1,2.0
135805,1,5.0
135863,3,5.0
135870,3,5.0
135872,8,3.625
135880,1,5.0
135887,25,4.0
135958,1,5.0
135987,1,4.0
136001,1,5.0
136004,2,5.0
136005,1,5.0
136015,2,5.0
136029,1,5.0
136051,1,4.0
136074,1,5.0
136082,1,5.0
136147,3,4.666666666666667
136183,3,5.0
136299,2,4.5
136317,1,5.0
136348,1,5.0
136369,5,5.0
136378,3,4.666666666666667
136425,1,5.0
136431,1,5.0
136434,3,4.666666666666667
136447,1,4.0
136450,1,5.0
136465,12,5.0
136511,25,4.36
136530,6,3.0
136558,1,5.0
136560,1,5.0
136583,1,5.0
136590,2,5.0
136597,1,5.0
136626,2,5.0
136634,1,5.0
136645,2,5.0
136696,1,3.0
136702,1,5.0
136726,11,4.909090909090909
136731,2,2.5
136780,1,5.0
136788,1,4.0
136809,1,5.0
136813,2,5.0
136827,1,4.0
136828,4,4.5
136948,1,5.0
136968,1,5.0
136973,1,5.0
136979,2,5.0
136997,118,4.635593220338983
137022,1,5.0
137028,1,0.0
137038,3,5.0
137050,10,4.8
137058,1,5.0
137062,1,3.0
137081,7,4.857142857142857
137091,1,0.0
137119,1,5.0
137157,1,5.0
137165,2,5.0
137191,2,5.0
137196,1,0.0
137205,1,3.0
137226,1,5.0
137231,4,4.5
137261,1,5.0
137293,2,2.5
137298,1,5.0
137302,33,4.575757575757576
137373,1,5.0
137417,1,5.0
137428,9,4.555555555555555
137444,1,3.0
137477,7,4.714285714285714
137481,4,4.5
137549,1,5.0
137555,1,4.0
137588,1,5.0
137598,1,5.0
137616,1,5.0
137619,1,4.0
137634,1,5.0
137636,1,5.0
137640,1,5.0
137666,4,4.75
137738,1,5.0
137743,3,4.666666666666667
137769,1,5.0
137795,1,5.0
137815,1,5.0
137838,10,5.0
137839,2,5.0
137854,6,4.666666666666667
137868,1,5.0
137911,34,4.676470588235294
138016,2,5.0
138038,1,5.0
138047,15,4.6
138051,2,2.0
138074,1,4.0
138124,1,5.0
138147,1,5.0
138162,1,5.0
138174,3,2.6666666666666665
138177,1,4.0
138183,1,4.0
138273,3,5.0
138376,3,5.0
138398,1,4.0
138415,2,5.0
138424,1,5.0
138429,25,4.8
138435,7,4.714285714285714
138449,3,5.0
138462,5,5.0
138483,1,0.0
138489,1,3.0
138502,1,4.0
138546,1,5.0
138550,2,4.0
138551,1,5.0
138555,1,5.0
138583,4,5.0
138622,2,5.0
138626,1,5.0
138681,1,5.0
138686,9,4.333333333333333
138706,4,4.75
138734,1,4.0
138764,1,5.0
138799,36,4.972222222222222
138801,1,5.0
138811,1,5.0
138860,1,5.0
138861,5,4.4
138870,1,5.0
138919,1,5.0
138957,1,0.0
138964,1,4.0
138981,1,5.0
139004,2,3.0
139051,1,4.0
139123,5,4.4
139238,3,5.0
139243,1,1.0
139300,1,5.0
139306,1,5.0
139317,1,5.0
139350,3,5.0
139377,1,5.0
139381,13,4.153846153846154
139399,2,4.0
139475,2,5.0
139487,1,5.0
139490,1,5.0
139513,2,5.0
139533,1,3.0
139541,5,5.0
139543,1,5.0
139613,1,5.0
139668,3,2.6666666666666665
139701,2,5.0
139706,1,5.0
139760,2,4.5
139779,1,4.0
139819,1,5.0
139822,1,5.0
139830,1,5.0
139930,6,5.0
139962,2,5.0
139977,3,2.6666666666666665
139981,1,5.0
140008,18,3.8333333333333335
140019,1,5.0
140028,4,4.75
140077,1,4.0
140100,1,5.0
140107,5,4.2
140132,180,4.722222222222222
140137,2,4.0
140143,1,5.0
140190,3,5.0
140191,1,5.0
140198,3,3.3333333333333335
140271,2,3.0
140275,1,5.0
140293,1,5.0
140305,1,4.0
140309,1,5.0
140331,8,5.0
140372,3,5.0
140388,1,5.0
140413,1,5.0
140424,2,5.0
140461,1,4.0
140501,1,5.0
140598,1,5.0
140655,3,3.6666666666666665
140661,1,5.0
140662,1,5.0
140691,3,2.0
140787,6,4.666666666666667
140806,16,4.625
140807,1,5.0
140866,1,5.0
140872,1,4.0
140873,2,2.5
140875,1,4.0
140881,2,5.0
140912,1,3.0
140913,1,4.0
140945,1,5.0
140992,2,4.0
141012,11,3.909090909090909
141032,2,5.0
141042,3,5.0
141070,1,3.0
141112,3,4.0
141139,1,5.0
141140,2,5.0
141147,1,1.0
141187,2,5.0
141277,3,4.333333333333333
141284,2,5.0
141293,52,4.8076923076923075
141324,1,5.0
141347,1,5.0
141438,1,5.0
141453,1,4.0
141457,4,3.75
141478,1,1.0
141533,1,5.0
141556,2,2.5
141569,11,4.2727272727272725
141606,1,5.0
141610,8,4.75
141635,1,4.0
141654,7,4.285714285714286
141656,2,2.5
141688,2,4.5
141701,2,5.0
141756,1,5.0
141757,1,5.0
141770,2,4.5
141793,1,5.0
141801,1,4.0
141816,3,4.666666666666667
141834,1,5.0
141885,1,5.0
141898,5,4.0
141904,1,5.0
141972,4,5.0
141976,1,5.0
141980,7,4.285714285714286
142021,2,5.0
142033,1,2.0
142038,6,4.5
142053,2,0.0
142121,1,5.0
142151,2,5.0
142200,6,5.0
142244,3,5.0
142283,1,5.0
142293,1,5.0
142313,2,4.5
142320,1,5.0
142335,16,4.6875
142356,1,5.0
142361,16,4.875
142367,24,4.458333333333333
142386,11,5.0
142414,6,5.0
142463,1,4.0
142464,7,4.857142857142857
142465,4,5.0
142535,1,5.0
142559,9,4.555555555555555
142583,1,5.0
142617,7,3.4285714285714284
142630,1,5.0
142658,8,4.625
142789,1,3.0
142807,1,5.0
142822,1,5.0
142858,1,5.0
142878,8,4.875
142941,1,5.0
142996,1,4.0
143001,4,4.75
143034,2,4.5
143048,1,5.0
143058,1,5.0
143080,2,5.0
143086,1,5.0
143102,2,5.0
143133,3,4.666666666666667
143146,1,5.0
143187,1,5.0
143190,2,5.0
143201,1,5.0
143218,2,5.0
143253,1,4.0
143282,3,4.666666666666667
143308,4,5.0
143318,65,4.4
143387,5,5.0
143435,1,5.0
143449,3,4.666666666666667
143497,1,5.0
143529,1,5.0
143559,2,5.0
143570,1,5.0
143659,1,5.0
143688,1,5.0
143692,1,5.0
143721,40,4.775
143767,1,5.0
143779,1,5.0
143811,4,3.25
143917,15,4.466666666666667
143931,2,5.0
143946,3,4.0
143977,1,0.0
144021,2,5.0
144038,2,5.0
144054,1,5.0
144102,2,5.0
144127,2,3.0
144140,1,5.0
144147,1,5.0
144204,13,4.384615384615385
144373,23,4.956521739130435
144431,7,4.285714285714286
144444,1,4.0
144460,1,5.0
144490,26,4.5
144504,1,5.0
144523,1,5.0
144531,1,5.0
144551,1,5.0
144629,2,2.5
144635,3,4.666666666666667
144638,1,5.0
144645,3,5.0
144690,1,4.0
144702,1,5.0
144751,1,5.0
144773,1,3.0
144786,1,4.0
144798,3,4.0
144803,1,5.0
144823,1,4.0
144839,1,5.0
144893,1,0.0
144897,11,4.2727272727272725
144933,1,3.0
144938,1,5.0
145023,1,5.0
145094,1,5.0
145097,6,4.666666666666667
145125,4,4.75
145130,2,5.0
145209,1,4.0
145219,1,5.0
145223,1,5.0
145315,2,5.0
145338,6,4.5
145352,90,4.7
145375,2,4.5
145397,1,5.0
145410,1,5.0
145448,3,3.3333333333333335
145451,4,5.0
145489,27,4.666666666666667
145549,1,5.0
145599,7,4.857142857142857
145626,8,4.0
145666,2,5.0
145673,1,4.0
145681,1,5.0
145710,1,5.0
145711,2,5.0
145731,3,5.0
145754,1,5.0
145777,1,5.0
145797,1,3.0
145811,1,5.0
145827,1,5.0
145840,1,4.0
145842,2,5.0
145891,1,5.0
145960,11,4.181818181818182
146021,1,5.0
146047,32,4.8125
146056,1,4.0
146069,1,4.0
146088,1,5.0
146109,3,4.666666666666667
146120,1,5.0
146149,5,3.8
146162,1,5.0
146169,1,4.0
146187,3,4.333333333333333
146265,1,5.0
146284,30,4.766666666666667
146285,1,0.0
146310,17,4.705882352941177
146313,2,4.5
146376,1,5.0
146394,1,5.0
146426,7,4.428571428571429
146463,1,5.0
146479,1,5.0
146486,27,5.0
146525,1,0.0
146543,2,4.5
146552,18,4.333333333333333
146573,4,5.0
146588,1,5.0
146629,1,5.0
146637,2,4.5
146692,1,5.0
146703,1,5.0
146724,2,5.0
146741,1,5.0
146742,12,4.583333333333333
146747,1,4.0
146763,1,5.0
146773,1,5.0
146783,10,4.7
146812,1,0.0
146834,2,4.5
146884,2,5.0
146902,1,5.0
146904,1,4.0
146936,1,5.0
146956,1,5.0
146958,4,5.0
146965,2,4.5
146976,1,0.0
146991,4,5.0
147023,3,4.0
147027,23,4.695652173913044
147050,1,5.0
147095,7,4.285714285714286
147100,1,5.0
147107,8,4.5
147109,14,4.571428571428571
147140,1,5.0
147145,9,4.777777777777778
147163,1,5.0
147175,6,4.833333333333333
147191,1,5.0
147217,1,5.0
147235,2,5.0
147245,1,5.0
147320,1,5.0
147338,1,5.0
147428,1,1.0
147430,2,5.0
147489,1,5.0
147533,1,5.0
147535,1,5.0
147600,1,4.0
147617,1,5.0
147679,1,5.0
147739,1,5.0
147754,1,3.0
147820,1,1.0
147821,1,5.0
147960,1,5.0
147999,1,5.0
148002,3,5.0
148030,1,5.0
148068,7,4.285714285714286
148114,2,5.0
148159,2,4.5
148180,4,5.0
148186,1,5.0
148201,1,4.0
148221,6,4.666666666666667
148226,1,5.0
148240,1,4.0
148272,1,5.0
148316,10,4.6
148323,1,5.0
148361,2,4.5
148411,1,4.0
148447,3,5.0
148475,1,5.0
148485,1,5.0
148490,1,5.0
148526,1,5.0
148557,1,5.0
148560,1,5.0
148633,3,5.0
148643,1,5.0
148665,1,5.0
148691,1,4.0
148711,5,5.0
148715,10,4.3
148824,1,0.0
148840,3,4.666666666666667
148844,2,5.0
148894,7,3.7142857142857144
148903,6,5.0
148942,1,5.0
149001,1,5.0
149002,2,5.0
149004,1,4.0
149043,8,4.25
149075,8,4.25
149126,1,0.0
149174,1,5.0
149180,1,5.0
149197,1,5.0
149219,1,4.0
149240,2,4.5
149242,1,0.0
149295,1,5.0
149309,1,5.0
149342,1,3.0
149363,79,5.0
149395,1,5.0
149396,7,4.0
149415,25,4.24
149420,1,5.0
149432,7,4.0
149621,1,5.0
149708,1,4.0
149748,1,4.0
149868,1,5.0
150043,1,4.0
150118,1,5.0
150127,2,5.0
150129,1,5.0
150171,1,5.0
150281,28,4.607142857142857
150317,7,5.0
150340,1,0.0
150379,1,5.0
150462,3,4.666666666666667
150497,2,5.0
150516,1,5.0
150608,1,5.0
150690,1,5.0
150727,8,4.875
150816,1,5.0
150823,1,5.0
150878,1,5.0
151093,1,5.0
151117,3,4.666666666666667
151256,2,5.0
151325,15,4.733333333333333
151344,1,5.0
151372,1,5.0
151374,3,5.0
151418,4,4.75
151427,1,1.0
151445,2,5.0
151447,1,4.0
151547,3,4.333333333333333
151582,1,5.0
151621,1,5.0
151638,3,5.0
151654,1,5.0
151665,1,5.0
151679,3,5.0
151682,1,5.0
151711,1,0.0
151730,1,5.0
151739,1,4.0
151744,1,5.0
151754,4,3.5
151770,1,5.0
151823,1,4.0
151850,3,5.0
151857,1,0.0
151931,1,5.0
151991,2,5.0
152017,1,5.0
152021,2,5.0
152029,1,4.0
152050,1,5.0
152055,2,2.5
152118,1,5.0
152147,1,5.0
152178,4,5.0
152251,1,4.0
152313,4,4.25
152319,1,4.0
152336,1,5.0
152368,1,5.0
152369,1,5.0
152393,27,4.2592592592592595
152402,3,4.666666666666667
152485,1,0.0
152500,2,4.5
152532,2,5.0
152552,1,5.0
152598,2,5.0
152719,1,5.0
152780,2,5.0
152821,1,5.0
152849,1,5.0
152853,1,5.0
152855,4,2.75
152863,1,5.0
152946,2,3.5
152991,3,5.0
152995,8,4.375
153049,2,5.0
153067,21,4.904761904761905
153101,1,4.0
153141,1,5.0
153145,2,5.0
153188,20,4.1
153190,3,5.0
153204,5,5.0
153244,1,5.0
153253,5,4.0
153351,1,5.0
153373,1,5.0
153401,10,4.1
153403,1,5.0
153425,2,5.0
153438,1,5.0
153515,2,5.0
153524,1,5.0
153544,1,5.0
153551,1,5.0
153576,1,5.0
153588,2,5.0
153627,1,5.0
153636,2,4.5
153648,2,4.0
153670,1,5.0
153678,1,5.0
153750,11,5.0
153797,1,5.0
153840,1,5.0
153862,3,3.3333333333333335
153866,11,4.909090909090909
153878,4,5.0
153912,1,5.0
153919,7,5.0
153955,1,5.0
153971,1,5.0
153982,2,5.0
154006,1,5.0
154019,1,5.0
154026,3,5.0
154044,2,5.0
154093,1,0.0
154146,1,4.0
154230,1,5.0
154264,1,5.0
154287,3,5.0
154312,1,5.0
154325,1,0.0
154332,1,5.0
154354,2,5.0
154486,1,5.0
154570,2,4.5
154574,1,5.0
154588,10,4.4
154608,1,0.0
154809,1,5.0
154832,1,4.0
154853,7,4.571428571428571
154896,3,4.333333333333333
154909,1,0.0
155035,2,5.0
155091,5,5.0
155165,2,5.0
155195,1,4.0
155290,1,5.0
155381,1,5.0
155498,1,5.0
155587,1,5.0
155595,2,3.0
155607,1,5.0
155639,4,4.5
155641,5,4.8
155675,13,4.3076923076923075
155789,1,1.0
155798,1,5.0
155817,2,2.5
155886,3,4.0
155896,5,4.8
155902,1,4.0
155912,3,5.0
155937,2,5.0
155943,9,4.222222222222222
156001,1,4.0
156008,1,4.0
156027,1,5.0
156034,52,4.730769230769231
156046,1,5.0
156077,1,5.0
156092,1,5.0
156106,1,5.0
156127,1,1.0
156319,1,0.0
156352,1,5.0
156353,1,0.0
156358,1,5.0
156382,1,5.0
156422,1,5.0
156467,1,5.0
156526,10,4.6
156532,1,5.0
156598,1,3.0
156606,1,5.0
156653,12,4.75
156691,3,5.0
156783,7,5.0
156816,1,5.0
156842,2,5.0
156862,1,0.0
156865,1,4.0
156875,1,5.0
156891,2,5.0
156901,2,4.5
156946,1,5.0
156951,1,2.0
156966,1,4.0
156984,1,5.0
157003,1,4.0
157027,1,4.0
157043,1,5.0
157080,1,5.0
157096,1,4.0
157100,1,5.0
157102,16,3.25
157126,1,5.0
157136,3,4.666666666666667
157138,1,5.0
157167,32,4.4375
157174,1,5.0
157223,1,5.0
157248,14,4.785714285714286
157258,1,5.0
157306,1,5.0
157322,1,5.0
157417,3,4.333333333333333
157425,125,4.752
157435,2,5.0
157532,2,5.0
157561,1,5.0
157584,1,0.0
157659,1,5.0
157672,2,5.0
157760,2,4.5
157785,8,4.875
157806,1,5.0
157834,1,5.0
157877,1,5.0
157883,1,4.0
157932,1,5.0
157948,4,5.0
157964,1,5.0
158039,4,5.0
158049,1,4.0
158074,1,5.0
158086,107,4.822429906542056
158087,4,4.75
158095,1,5.0
158096,1,3.0
158131,7,4.714285714285714
158144,1,4.0
158169,5,4.8
158235,1,5.0
158278,1,5.0
158283,1,5.0
158305,1,5.0
158308,3,5.0
158328,2,5.0
158375,4,4.25
158391,1,5.0
158432,2,4.5
158443,1,5.0
158446,12,3.4166666666666665
158481,1,5.0
158487,1,5.0
158488,2,5.0
158570,2,4.5
158600,1,5.0
158604,1,0.0
158627,1,5.0
158659,1,5.0
158739,1,5.0
158756,1,5.0
158757,2,3.5
158795,1,5.0
158836,1,5.0
158866,1,1.0
158893,1,5.0
158910,4,5.0
158966,10,4.8
158995,1,5.0
159009,1,0.0
159070,1,5.0
159084,3,4.333333333333333
159093,3,4.666666666666667
159145,3,5.0
159179,1,4.0
159243,5,5.0
159267,1,5.0
159317,2,5.0
159331,1,5.0
159398,5,4.6
159439,1,5.0
159488,2,4.5
159507,1,4.0
159532,8,4.25
159536,1,5.0
159552,1,5.0
159558,1,5.0
159559,3,5.0
159577,1,1.0
159645,1,0.0
159729,1,4.0
159805,1,0.0
159825,1,5.0
159839,1,5.0
159853,1,5.0
159854,1,5.0
159870,1,3.0
159881,1,5.0
159888,1,5.0
159950,1,5.0
159959,1,4.0
159974,1,4.0
160017,1,5.0
160019,1,5.0
160043,1,5.0
160078,1,5.0
160114,1,3.0
160205,7,4.857142857142857
160213,1,5.0
160280,1,5.0
160286,1,0.0
160295,1,5.0
160330,1,5.0
160331,2,5.0
160345,2,4.5
160348,1,5.0
160370,2,5.0
160378,1,4.0
160407,1,4.0
160497,6,5.0
160505,1,5.0
160519,2,5.0
160549,1,5.0
160555,5,5.0
160577,3,4.333333333333333
160617,1,5.0
160634,1,4.0
160669,1,5.0
160674,1,5.0
160712,1,5.0
160755,1,0.0
160781,1,5.0
160790,1,5.0
160832,1,5.0
160844,1,5.0
160868,1,5.0
160871,1,5.0
160947,3,4.0
160974,104,4.875
160977,41,4.195121951219512
160981,1,5.0
161025,1,5.0
161047,2,5.0
161265,5,5.0
161282,13,4.846153846153846
161314,1,5.0
161425,1,5.0
161461,1,5.0
161483,1,5.0
161522,1,5.0
161652,4,4.75
161718,1,5.0
161725,1,1.0
161745,3,5.0
161747,1,5.0
161761,1,5.0
161815,2,5.0
161825,2,4.5
161855,1,5.0
161887,1,0.0
161897,3,5.0
161899,1,5.0
161943,1,4.0
161953,7,4.714285714285714
162063,1,5.0
162072,2,5.0
162086,2,5.0
162088,2,4.0
162093,2,5.0
162098,2,2.0
162133,2,4.5
162155,2,5.0
162158,2,5.0
162167,1,5.0
162191,1,5.0
162201,1,5.0
162242,1,0.0
162244,1,5.0
162253,1,4.0
162285,3,3.3333333333333335
162298,1,5.0
162300,3,4.0
162304,3,3.3333333333333335
162326,1,5.0
162331,1,1.0
162398,2,5.0
162401,2,5.0
162409,1,5.0
162466,3,4.333333333333333
162477,1,5.0
162522,4,5.0
162633,1,5.0
162659,1,5.0
162718,1,5.0
162725,1,5.0
162759,1,5.0
162775,8,4.875
162816,1,5.0
162826,82,4.7073170731707314
162833,2,5.0
162870,1,5.0
162887,2,4.5
162888,7,5.0
162903,1,4.0
162939,1,5.0
162954,3,3.3333333333333335
162958,1,5.0
162959,1,4.0
162960,1,5.0
163009,3,5.0
163077,2,5.0
163083,4,4.75
163112,114,4.675438596491228
163120,2,4.0
163121,2,5.0
163148,4,5.0
163186,3,5.0
163214,2,5.0
163241,4,5.0
163272,1,5.0
163291,1,5.0
163350,2,5.0
163358,1,5.0
163376,1,5.0
163413,1,5.0
163441,5,4.2
163462,1,5.0
163492,1,4.0
163576,2,5.0
163601,1,3.0
163687,3,3.6666666666666665
163688,2,4.0
163695,3,5.0
163716,1,5.0
163722,1,1.0
163833,2,5.0
163867,2,5.0
163872,5,4.4
163898,1,5.0
163986,5,3.8
163995,2,5.0
164015,1,5.0
164101,1,5.0
164105,2,5.0
164113,1,5.0
164119,1,5.0
164127,2,5.0
164133,1,0.0
164153,2,5.0
164182,7,5.0
164258,1,0.0
164276,6,5.0
164293,2,5.0
164342,4,4.75
164368,20,4.8
164395,1,5.0
164429,1,5.0
164471,3,5.0
164491,1,5.0
164493,1,5.0
164504,1,5.0
164533,1,2.0
164538,3,5.0
164573,1,5.0
164610,21,4.238095238095238
164645,2,5.0
164674,1,5.0
164693,1,5.0
164735,4,4.25
164742,1,5.0
164746,1,5.0
164786,1,5.0
164867,2,5.0
164870,1,4.0
164890,6,2.3333333333333335
164913,9,4.666666666666667
164914,3,3.6666666666666665
165055,2,5.0
165063,1,5.0
165064,1,0.0
165074,1,5.0
165082,5,4.0
165136,1,5.0
165138,1,5.0
165169,3,4.666666666666667
165178,4,3.75
165187,1,5.0
165203,1,5.0
165206,5,5.0
165217,12,0.0
165263,11,4.818181818181818
165296,1,5.0
165308,2,4.5
165326,1,5.0
165357,1,5.0
165404,2,4.5
165406,1,5.0
165420,2,5.0
165433,2,5.0
165482,1,5.0
165483,1,2.0
165501,3,5.0
165511,2,2.0
165528,11,5.0
165541,1,4.0
165612,1,4.0
165623,26,4.384615384615385
165707,1,5.0
165712,1,5.0
165726,2,3.5
165729,1,5.0
165755,5,4.0
165812,1,0.0
165836,1,5.0
165841,3,5.0
165845,3,5.0
165850,1,5.0
165855,4,4.75
165899,2,5.0
165933,34,4.382352941176471
165941,1,4.0
165953,1,5.0
165978,2,5.0
166019,6,4.166666666666667
166054,1,5.0
166084,4,5.0
166103,2,5.0
166144,4,2.0
166164,2,1.5
166175,1,5.0
166185,2,5.0
166216,1,4.0
166294,15,4.8
166337,2,5.0
166341,1,4.0
166348,1,5.0
166361,1,5.0
166371,1,5.0
166378,1,5.0
166402,1,5.0
166413,5,4.8
166475,10,4.0
166562,1,5.0
166609,1,4.0
166636,3,4.666666666666667
166642,171,4.853801169590644
166651,2,5.0
166711,5,4.6
166746,1,5.0
166751,1,5.0
166761,1,5.0
166832,1,5.0
166973,1,5.0
167003,3,3.6666666666666665
167028,2,4.5
167046,4,4.5
167057,2,2.5
167134,1,5.0
167137,1,5.0
167140,2,5.0
167200,1,5.0
167211,2,3.0
167225,21,4.238095238095238
167236,3,2.6666666666666665
167242,9,4.333333333333333
167260,1,5.0
167262,1,5.0
167275,3,4.0
167277,5,4.0
167324,1,5.0
167376,1,5.0
167408,1,5.0
167437,1,3.0
167522,3,5.0
167527,7,4.571428571428571
167549,1,5.0
167622,1,5.0
167631,1,5.0
167653,1,4.0
167659,2,5.0
167665,1,4.0
167782,9,4.333333333333333
167807,1,2.0
167822,1,0.0
167849,11,4.454545454545454
167864,1,5.0
167870,1,5.0
167910,1,5.0
167941,1,5.0
167982,1,5.0
167991,1,5.0
168008,2,5.0
168021,1,4.0
168029,1,5.0
168037,5,3.6
168066,1,5.0
168069,2,4.5
168087,12,3.9166666666666665
168158,1,4.0
168167,1,5.0
168197,1,4.0
168218,8,5.0
168257,1,5.0
168282,1,5.0
168319,4,4.25
168327,2,5.0
168416,4,3.5
168423,9,5.0
168426,1,5.0
168451,3,4.666666666666667
168462,65,4.723076923076923
168497,2,4.0
168509,2,4.5
168545,1,5.0
168556,1,4.0
168581,1,5.0
168612,2,4.5
168680,4,5.0
168740,1,5.0
168747,1,5.0
168753,5,3.4
168764,1,5.0
168771,6,4.166666666666667
168776,1,5.0
168831,4,5.0
168833,1,5.0
168894,2,4.5
168895,3,5.0
168896,29,5.0
168921,27,4.444444444444445
168922,11,4.909090909090909
168956,1,5.0
169017,1,4.0
169018,2,4.0
169043,1,5.0
169065,6,4.5
169070,1,5.0
169094,1,5.0
169096,1,4.0
169122,5,4.8
169128,2,2.5
169130,5,4.8
169166,10,4.5
169169,2,5.0
169249,2,5.0
169282,1,5.0
169357,4,4.75
169385,1,5.0
169430,301,4.717607973421927
169443,1,4.0
169460,1,5.0
169480,1,4.0
169609,2,5.0
169652,2,5.0
169683,2,5.0
169712,19,4.2105263157894735
169724,1,4.0
169735,2,3.5
169750,7,4.857142857142857
169796,4,5.0
169801,1,5.0
169815,2,5.0
169850,12,3.8333333333333335
169906,1,5.0
169918,1,1.0
169941,1,5.0
169957,1,5.0
169960,1,5.0
169969,92,4.858695652173913
170003,2,4.0
170064,2,4.0
170129,1,5.0
170137,3,4.666666666666667
170144,1,5.0
170158,1,5.0
170159,2,5.0
170170,1,0.0
170199,1,5.0
170206,1,3.0
170215,1,5.0
170227,1,5.0
170229,1,3.0
170271,7,3.2857142857142856
170275,2,3.5
170320,1,5.0
170345,2,4.5
170359,5,4.4
170363,3,3.3333333333333335
170440,6,5.0
170452,1,5.0
170469,1,5.0
170484,1,5.0
170525,1,5.0
170532,1,5.0
170588,1,5.0
170595,2,5.0
170628,25,4.48
170674,1,5.0
170691,1,5.0
170709,1,5.0
170722,1,0.0
170745,2,5.0
170747,1,2.0
170830,1,5.0
170841,1,4.0
170853,2,5.0
170858,1,5.0
170891,2,5.0
170895,1,5.0
170909,2,5.0
170959,4,5.0
170972,3,5.0
171016,1,5.0
171063,12,4.916666666666667
171084,17,4.823529411764706
171087,1,4.0
171116,1,5.0
171151,1,5.0
171171,3,3.6666666666666665
171178,1,5.0
171187,2,5.0
171210,3,3.6666666666666665
171283,1,5.0
171303,32,4.5625
171314,1,5.0
171317,1,5.0
171319,1,5.0
171321,5,4.6
171328,3,4.0
171345,5,4.0
171392,2,5.0
171419,1,4.0
171423,2,5.0
171457,1,5.0
171480,1,5.0
171517,1,3.0
171525,1,4.0
171551,2,5.0
171552,1,5.0
171666,1,5.0
171683,11,4.545454545454546
171704,1,5.0
171724,1,5.0
171765,2,5.0
171790,106,4.716981132075472
171854,2,5.0
171904,1,0.0
171920,5,4.4
171923,2,5.0
171924,5,4.2
171963,1,5.0
172003,1,5.0
172079,1,5.0
172085,1,0.0
172087,2,2.5
172096,1,5.0
172114,5,5.0
172169,11,3.727272727272727
172172,4,4.75
172256,5,4.8
172293,1,5.0
172302,3,5.0
172330,1,5.0
172351,1,5.0
172369,29,4.9655172413793105
172380,2,2.5
172392,1,5.0
172396,2,4.5
172410,7,3.7142857142857144
172438,1,5.0
172441,1,5.0
172447,1,5.0
172467,4,4.5
172545,1,0.0
172566,2,5.0
172569,1,5.0
172628,3,4.333333333333333
172635,1,5.0
172640,1,5.0
172660,2,5.0
172676,1,5.0
172684,2,5.0
172749,1,5.0
172755,1,5.0
172760,1,4.0
172805,2,4.5
172822,1,3.0
172861,7,4.571428571428571
172884,1,5.0
172889,1,5.0
173008,1,5.0
173030,3,5.0
173032,1,0.0
173041,1,5.0
173084,2,5.0
173085,3,4.666666666666667
173105,1,4.0
173146,1,5.0
173151,1,5.0
173157,1,5.0
173176,1,0.0
173213,1,5.0
173221,1,4.0
173242,1,5.0
173274,1,4.0
173290,1,4.0
173306,7,4.714285714285714
173314,34,4.647058823529412
173387,1,5.0
173399,2,4.5
173442,1,5.0
173456,2,5.0
173487,1,0.0
173495,8,3.375
173522,3,4.666666666666667
173537,1,5.0
173541,1,5.0
173558,2,2.5
173579,123,4.91869918699187
173614,3,5.0
173640,1,5.0
173674,3,3.6666666666666665
173696,1,4.0
173762,1,5.0
173770,1,5.0
173783,4,5.0
173801,1,2.0
173815,2,4.5
173835,1,5.0
173838,9,5.0
173840,1,5.0
173843,1,5.0
173860,2,5.0
173880,25,4.32
173883,2,5.0
173896,1,5.0
173903,1,5.0
173912,1,4.0
173964,1,5.0
173996,1,5.0
174087,1,5.0
174090,9,5.0
174096,136,4.867647058823529
174104,2,5.0
174128,1,5.0
174135,1,5.0
174252,1,5.0
174291,1,4.0
174324,1,5.0
174338,1,3.0
174383,1,4.0
174443,1,5.0
174475,1,5.0
174512,1,5.0
174547,1,5.0
174558,1,5.0
174583,1,5.0
174605,2,5.0
174614,1,5.0
174684,1,5.0
174685,1,5.0
174706,2,5.0
174711,22,4.7727272727272725
174722,2,5.0
174727,1,5.0
174733,1,5.0
174740,8,4.125
174744,1,5.0
174774,1,0.0
174781,2,2.0
174808,1,5.0
174854,5,4.8
174910,1,5.0
174914,1,5.0
174919,1,5.0
174941,4,4.25
174991,30,4.6
175046,1,5.0
175065,1,5.0
175100,2,5.0
175116,2,2.5
175124,13,4.3076923076923075
175129,1,5.0
175159,1,5.0
175174,1,5.0
175182,1,5.0
175214,1,5.0
175250,1,3.0
175271,1,5.0
175298,1,5.0
175405,2,4.5
175407,1,5.0
175481,2,3.0
175492,39,4.846153846153846
175516,1,4.0
175544,1,3.0
175559,3,4.666666666666667
175560,1,5.0
175574,11,4.545454545454546
175639,1,5.0
175677,1,5.0
175727,20,3.95
175803,2,5.0
175824,15,4.933333333333334
175827,3,3.3333333333333335
175891,3,5.0
175985,4,4.75
176031,1,5.0
176088,3,5.0
176124,4,5.0
176160,4,5.0
176167,5,4.8
176181,1,4.0
176201,1,4.0
176302,1,5.0
176342,2,5.0
176348,5,4.6
176362,1,5.0
176469,1,5.0
176481,13,4.0
176524,1,5.0
176550,1,5.0
176569,1,5.0
176574,7,4.285714285714286
176591,1,5.0
176612,1,5.0
176615,187,4.887700534759358
176639,1,5.0
176665,2,5.0
176671,4,4.0
176706,3,5.0
176740,1,4.0
176785,1,5.0
176843,14,4.214285714285714
176878,1,4.0
176907,2,5.0
176908,1,4.0
176949,2,4.5
176952,1,5.0
176958,1,5.0
177019,2,5.0
177062,2,4.5
177067,2,4.0
177074,1,5.0
177083,2,5.0
177085,5,5.0
177135,13,4.769230769230769
177155,2,2.5
177169,1,0.0
177219,6,5.0
177240,1,2.0
177285,2,4.0
177343,1,5.0
177392,1,5.0
177401,2,5.0
177435,14,4.785714285714286
177440,2,5.0
177443,28,5.0
177567,1,4.0
177582,1,5.0
177584,1,5.0
177612,1,5.0
177638,2,5.0
177676,1,5.0
177688,2,4.5
177714,1,5.0
177753,14,4.785714285714286
177765,1,5.0
177778,1,4.0
177806,2,4.5
177857,1,5.0
177914,1,5.0
177933,35,4.914285714285715
178010,2,2.5
178015,4,3.5
178017,2,5.0
178023,3,5.0
178053,1,4.0
178077,1,5.0
178108,2,5.0
178116,3,4.333333333333333
178117,5,2.4
178137,1,3.0
178191,2,4.5
178220,2,5.0
178228,1,0.0
178229,1,5.0
178319,3,5.0
178362,2,5.0
178392,1,5.0
178427,66,4.803030303030303
178452,5,5.0
178462,1,4.0
178504,9,4.333333333333333
178571,1,4.0
178682,2,3.5
178738,5,4.2
178742,5,5.0
178772,1,3.0
178824,1,5.0
178896,2,5.0
178912,1,4.0
178975,1,5.0
179003,2,4.5
179019,1,5.0
179026,1,5.0
179071,1,5.0
179095,2,5.0
179104,2,4.5
179133,116,4.801724137931035
179222,3,4.0
179232,17,4.823529411764706
179246,1,5.0
179252,1,4.0
179256,2,5.0
179304,1,5.0
179368,2,3.5
179393,2,2.5
179427,1,5.0
179434,1,5.0
179456,10,4.9
179471,1,0.0
179520,1,5.0
179545,1,5.0
179599,1,5.0
179642,5,4.6
179757,7,4.714285714285714
179786,1,5.0
179812,3,3.0
179827,3,3.3333333333333335
179860,1,5.0
179880,1,5.0
179905,1,5.0
179908,1,5.0
179987,1,5.0
180005,1,5.0
180027,1,5.0
180037,2,5.0
180057,1,5.0
180087,8,4.625
180090,27,4.888888888888889
180128,1,5.0
180156,1,5.0
180193,1,4.0
180237,1,5.0
180243,3,5.0
180251,1,5.0
180265,1,0.0
180279,1,5.0
180322,1,4.0
180362,1,5.0
180369,1,5.0
180372,1,5.0
180404,1,4.0
180406,10,4.3
180437,1,5.0
180440,2,5.0
180459,1,5.0
180460,1,5.0
180463,1,5.0
180486,1,3.0
180506,1,5.0
180544,1,5.0
180708,1,5.0
180765,1,5.0
180780,1,5.0
180787,1,5.0
180789,3,3.3333333333333335
180815,1,5.0
180833,1,4.0
180879,9,4.555555555555555
180898,43,4.488372093023256
180904,4,5.0
180939,1,5.0
180946,4,4.75
180952,1,5.0
180956,1,4.0
180964,1,5.0
180988,1,5.0
181016,1,5.0
181037,2,5.0
181066,1,0.0
181104,1,5.0
181113,1,5.0
181120,2,5.0
181123,5,4.8
181127,4,5.0
181131,1,5.0
181188,1,5.0
181205,1,5.0
181231,4,3.75
181319,2,5.0
181409,1,5.0
181447,4,5.0
181458,1,5.0
181465,1,5.0
181508,1,5.0
181547,1,0.0
181601,3,4.666666666666667
181630,2,5.0
181638,1,5.0
181654,1,5.0
181661,2,2.5
181674,1,5.0
181716,1,5.0
181725,2,4.0
181781,13,4.846153846153846
181792,2,4.5
181879,1,5.0
181881,1,5.0
181945,1,4.0
181957,1,5.0
181992,1,5.0
182010,90,4.855555555555555
182037,1,4.0
182055,1,5.0
182059,5,5.0
182081,1,5.0
182089,1,0.0
182093,2,5.0
182134,1,5.0
182191,1,5.0
182233,2,2.5
182290,2,5.0
182292,1,5.0
182304,2,5.0
182312,2,4.5
182330,4,5.0
182358,11,5.0
182382,1,5.0
182386,1,4.0
182397,1,4.0
182618,2,5.0
182624,23,4.695652173913044
182628,2,5.0
182659,1,0.0
182720,1,5.0
182723,1,0.0
182783,1,4.0
182809,24,4.375
182813,1,5.0
182818,1,5.0
182848,1,5.0
182867,1,5.0
183005,1,5.0
183025,1,5.0
183057,3,4.0
183060,1,5.0
183091,1,4.0
183094,2,5.0
183098,5,4.0
183129,3,3.6666666666666665
183142,1,4.0
183161,1,4.0
183226,1,5.0
183227,1,5.0
183236,1,0.0
183336,1,5.0
183337,3,5.0
183352,1,5.0
183355,1,5.0
183377,1,5.0
183381,6,4.333333333333333
183383,1,5.0
183387,1,5.0
183397,1,5.0
183400,1,5.0
183441,2,5.0
183445,7,4.285714285714286
183459,1,0.0
183496,1,5.0
183524,4,5.0
183533,2,5.0
183565,5,5.0
183634,1,5.0
183671,1,5.0
183678,1,5.0
183684,2,5.0
183756,2,5.0
183796,1,5.0
183798,1,5.0
183817,7,4.857142857142857
183828,1,5.0
183872,4,4.25
183886,3,5.0
183942,1,5.0
183963,2,5.0
183964,21,4.761904761904762
183968,10,4.6
183980,1,4.0
184081,3,3.6666666666666665
184083,4,4.5
184097,1,5.0
184139,1,0.0
184171,3,5.0
184180,2,5.0
184225,2,4.5
184274,1,5.0
184290,1,5.0
184312,5,4.0
184325,1,4.0
184351,2,5.0
184399,1,4.0
184447,1,0.0
184469,3,4.333333333333333
184491,1,5.0
184509,1,3.0
184530,15,3.933333333333333
184576,1,5.0
184633,1,5.0
184636,2,3.5
184668,1,4.0
184698,1,5.0
184723,31,5.0
184727,1,4.0
184762,2,4.5
184763,1,5.0
184819,2,3.5
184839,1,5.0
184840,1,5.0
184868,2,2.5
184890,2,5.0
184891,1,5.0
184905,4,4.75
184917,1,5.0
184986,7,4.142857142857143
184987,1,5.0
185056,1,5.0
185081,1,4.0
185101,1,5.0
185105,18,4.944444444444445
185113,10,5.0
185139,8,4.25
185142,9,4.111111111111111
185160,1,5.0
185229,3,5.0
185285,47,4.851063829787234
185293,13,4.6923076923076925
185298,1,5.0
185305,1,5.0
185365,1,0.0
185387,16,5.0
185401,2,4.0
185412,1,5.0
185422,1,5.0
185438,1,0.0
185442,2,5.0
185446,41,4.439024390243903
185450,1,4.0
185466,1,5.0
185516,3,4.333333333333333
185590,2,5.0
185625,1,4.0
185653,1,5.0
185683,1,5.0
185684,8,4.625
185708,2,5.0
185721,8,4.125
185726,8,4.0
185744,1,5.0
185885,1,5.0
185915,3,4.333333333333333
185926,24,4.583333333333333
185927,1,5.0
185949,4,5.0
185991,3,3.6666666666666665
186032,1,2.0
186070,21,4.857142857142857
186071,12,4.25
186086,2,2.5
186093,1,4.0
186113,1,5.0
186123,1,4.0
186159,1,3.0
186163,1,5.0
186200,1,5.0
186205,1,5.0
186251,1,4.0
186272,1,5.0
186273,5,5.0
186275,2,5.0
186277,2,3.0
186278,1,4.0
186279,1,5.0
186281,1,5.0
186374,1,2.0
186379,2,4.5
186418,1,5.0
186444,1,5.0
186468,1,5.0
186487,5,4.0
186493,1,5.0
186506,1,4.0
186527,1,4.0
186578,4,5.0
186637,1,5.0
186660,1,5.0
186674,2,5.0
186696,1,0.0
186756,1,5.0
186771,1,5.0
186802,22,4.863636363636363
186825,2,5.0
186855,35,4.428571428571429
186892,1,5.0
186908,2,4.0
186963,1,4.0
186964,1,5.0
186979,13,5.0
187000,2,5.0
187052,1,5.0
187068,1,5.0
187069,1,4.0
187103,3,4.333333333333333
187128,3,3.6666666666666665
187202,3,4.666666666666667
187205,4,4.5
187219,1,5.0
187236,1,4.0
187250,1,4.0
187281,36,4.666666666666667
187298,1,5.0
187302,2,5.0
187349,1,5.0
187360,1,5.0
187373,58,4.517241379310345
187412,2,5.0
187442,3,4.333333333333333
187478,1,0.0
187507,3,5.0
187514,4,2.25
187619,2,5.0
187655,1,5.0
187683,1,2.0
187705,2,5.0
187716,2,5.0
187777,1,5.0
187804,1,5.0
187806,1,5.0
187851,1,5.0
187855,1,5.0
187918,3,0.6666666666666666
187927,13,4.3076923076923075
187955,3,5.0
187987,6,4.0
188022,2,4.5
188037,1,5.0
188066,1,4.0
188078,3,3.6666666666666665
188080,1,5.0
188099,1,5.0
188119,33,4.666666666666667
188204,6,4.833333333333333
188223,1,4.0
188305,7,5.0
188316,1,5.0
188352,1,4.0
188415,1,4.0
188475,3,5.0
188547,1,3.0
188574,1,5.0
188648,1,4.0
188695,2,2.5
188744,2,5.0
188789,1,5.0
188792,1,5.0
188837,6,5.0
188848,11,4.909090909090909
188891,1,5.0
188918,5,2.8
188922,1,5.0
189013,1,5.0
189048,1,5.0
189156,1,5.0
189157,1,5.0
189160,5,4.8
189191,4,3.5
189203,1,3.0
189253,1,0.0
189263,1,5.0
189280,31,4.387096774193548
189287,4,5.0
189339,1,5.0
189354,3,4.333333333333333
189359,1,5.0
189372,1,5.0
189373,1,5.0
189393,6,4.666666666666667
189397,1,4.0
189410,1,5.0
189423,3,4.666666666666667
189465,1,5.0
189475,19,5.0
189500,7,5.0
189563,1,0.0
189566,1,5.0
189575,1,4.0
189579,5,4.0
189597,1,4.0
189616,66,4.651515151515151
189643,45,4.844444444444444
189649,1,5.0
189674,2,5.0
189705,1,5.0
189788,1,5.0
189797,1,5.0
189800,1,5.0
189979,1,5.0
190089,1,5.0
190112,1,5.0
190164,1,5.0
190214,1,0.0
190229,1,5.0
190230,8,4.125
190242,1,5.0
190247,1,5.0
190255,2,5.0
190282,1,5.0
190314,1,2.0
190336,1,5.0
190375,1,5.0
190376,1,5.0
190402,5,4.4
190421,2,4.0
190441,1,5.0
190446,1,5.0
190464,1,5.0
190500,4,4.75
190540,1,5.0
190628,3,5.0
190677,2,5.0
190690,1,5.0
190734,1,4.0
190736,2,5.0
190807,1,0.0
190830,2,5.0
190857,2,3.0
190883,1,5.0
190886,6,3.1666666666666665
190906,1,5.0
190927,2,5.0
190949,1,4.0
190960,3,4.333333333333333
191013,1,5.0
191015,18,4.944444444444445
191047,4,3.75
191050,9,5.0
191100,1,5.0
191112,1,5.0
191169,1,5.0
191208,1,5.0
191219,1,5.0
191220,4,1.25
191257,1,0.0
191280,1,5.0
191289,1,5.0
191403,1,5.0
191436,4,5.0
191528,2,4.5
191533,45,4.2
191534,1,5.0
191605,1,5.0
191626,1,5.0
191629,1,5.0
191665,1,5.0
191669,2,5.0
191697,1,5.0
191765,1,5.0
191805,3,3.3333333333333335
191809,8,5.0
191847,1,5.0
191915,2,5.0
191956,1,5.0
191958,1,5.0
191967,1,5.0
191990,5,5.0
191994,1,5.0
192030,1,5.0
192043,2,4.0
192122,1,5.0
192142,2,5.0
192239,4,5.0
192264,34,4.529411764705882
192399,2,3.0
192400,2,5.0
192419,3,3.3333333333333335
192453,3,4.666666666666667
192458,1,5.0
192499,2,5.0
192554,1,5.0
192581,64,4.828125
192606,1,5.0
192623,1,5.0
192667,1,1.0
192670,2,4.5
192673,1,5.0
192734,3,5.0
192763,1,4.0
192768,1,5.0
192799,5,5.0
192803,1,5.0
192809,4,5.0
192832,1,5.0
192849,14,4.785714285714286
192852,3,5.0
192855,1,1.0
192856,1,5.0
192863,1,5.0
192865,1,4.0
192908,2,3.0
192957,3,4.666666666666667
192965,3,5.0
192972,8,4.875
192974,18,4.388888888888889
193014,6,4.5
193024,1,5.0
193060,1,5.0
193085,1,4.0
193105,1,5.0
193211,2,2.5
193323,2,5.0
193335,1,3.0
193399,1,4.0
193446,2,5.0
193477,1,4.0
193499,2,5.0
193516,23,4.913043478260869
193568,3,4.666666666666667
193678,1,5.0
193692,1,4.0
193698,2,5.0
193701,2,2.5
193709,2,5.0
193710,5,5.0
193789,3,5.0
193875,1,4.0
193902,1,5.0
193912,3,5.0
193969,1,4.0
193997,1,5.0
194091,1,5.0
194102,1,5.0
194108,1,5.0
194114,1,5.0
194145,1,3.0
194194,1,5.0
194196,1,5.0
194207,1,4.0
194221,1,5.0
194232,3,5.0
194244,1,0.0
194278,1,5.0
194282,1,5.0
194311,1,5.0
194398,1,5.0
194500,1,4.0
194568,1,5.0
194608,1,5.0
194611,6,5.0
194647,1,0.0
194662,1,0.0
194696,1,3.0
194705,1,5.0
194747,1,5.0
194755,3,4.666666666666667
194777,5,4.8
194809,1,0.0
194821,1,5.0
194829,3,5.0
194859,1,4.0
194886,19,4.631578947368421
194888,1,4.0
194947,1,3.0
194950,1,5.0
194953,7,5.0
194976,1,5.0
194993,11,4.0
195011,1,4.0
195037,3,5.0
195040,1,5.0
195076,1,5.0
195083,1,5.0
195098,1,4.0
195106,1,5.0
195137,4,3.25
195175,20,5.0
195212,2,5.0
195266,1,5.0
195285,1,5.0
195328,2,5.0
195367,1,3.0
195370,2,4.5
195423,4,4.75
195462,1,5.0
195480,1,3.0
195589,39,5.0
195614,1,5.0
195633,1,5.0
195668,1,5.0
195713,2,3.0
195728,1,5.0
195750,13,4.769230769230769
195792,1,4.0
195796,1,5.0
195843,2,4.5
195852,1,5.0
195870,1,4.0
195879,6,3.3333333333333335
195893,2,2.0
195918,1,5.0
195934,1,4.0
195969,4,4.75
195977,3,5.0
195988,5,4.8
196024,1,5.0
196038,7,4.428571428571429
196059,2,5.0
196065,1,0.0
196067,2,5.0
196094,1,0.0
196127,1,5.0
196136,1,5.0
196156,3,4.666666666666667
196198,11,4.545454545454546
196217,1,5.0
196243,1,5.0
196248,4,5.0
196296,16,4.875
196320,3,5.0
196341,5,4.8
196357,1,2.0
196369,5,5.0
196388,2,4.5
196455,2,4.5
196470,2,5.0
196481,1,5.0
196586,1,5.0
196592,3,4.666666666666667
196600,6,5.0
196614,2,5.0
196711,1,5.0
196814,1,5.0
196819,4,5.0
196820,1,5.0
196979,3,4.0
196985,1,5.0
197005,1,4.0
197014,1,5.0
197023,130,4.946153846153846
197067,1,5.0
197093,1,5.0
197097,2,5.0
197121,1,5.0
197155,1,5.0
197168,1,5.0
197201,2,5.0
197227,1,5.0
197233,1,4.0
197244,7,5.0
197258,2,5.0
197277,3,5.0
197306,2,4.5
197319,2,5.0
197351,1,4.0
197353,1,5.0
197374,4,4.5
197411,1,5.0
197433,1,5.0
197456,7,4.285714285714286
197463,4,5.0
197477,1,5.0
197480,1,5.0
197490,1,5.0
197496,1,5.0
197597,3,5.0
197655,1,0.0
197694,1,5.0
197746,4,4.75
197788,2,4.5
197884,1,5.0
197971,3,5.0
197992,4,5.0
198040,1,4.0
198059,4,5.0
198082,1,0.0
198095,4,5.0
198129,13,4.615384615384615
198140,1,5.0
198144,1,4.0
198154,65,3.830769230769231
198188,1,5.0
198214,2,5.0
198216,1,1.0
198228,2,4.5
198238,3,5.0
198319,1,5.0
198352,2,2.5
198357,3,5.0
198363,1,5.0
198393,1,4.0
198417,2,5.0
198419,1,5.0
198430,3,3.3333333333333335
198441,1,5.0
198445,1,4.0
198477,2,4.0
198517,1,5.0
198580,4,5.0
198593,1,5.0
198601,8,3.375
198602,1,3.0
198612,6,2.6666666666666665
198617,2,4.5
198640,1,5.0
198704,1,5.0
198709,3,3.3333333333333335
198710,1,3.0
198750,1,5.0
198751,1,5.0
198754,1,5.0
198757,1,5.0
198808,1,5.0
198874,1,3.0
198894,1,5.0
198919,1,5.0
198940,1,5.0
198945,2,4.5
198962,6,4.833333333333333
199020,38,4.657894736842105
199089,1,5.0
199105,1,5.0
199198,27,5.0
199207,1,5.0
199213,19,4.7894736842105265
199228,1,5.0
199252,1,4.0
199368,1,5.0
199418,11,4.909090909090909
199444,1,5.0
199610,1,5.0
199615,1,5.0
199631,1,5.0
199652,1,5.0
199657,9,4.0
199661,1,5.0
199681,1,5.0
199689,2,5.0
199697,13,4.461538461538462
199708,10,5.0
199760,1,5.0
199771,1,5.0
199783,1,5.0
199792,30,4.633333333333334
199796,1,5.0
199839,12,4.583333333333333
199848,266,4.845864661654136
199879,4,5.0
199902,6,4.166666666666667
199945,2,1.5
199953,20,4.0
199971,1,5.0
199977,1,0.0
199993,1,4.0
200090,1,5.0
200115,4,5.0
200146,1,5.0
200201,1,5.0
200270,3,4.666666666666667
200297,1,5.0
200312,1,5.0
200317,1,5.0
200339,9,4.777777777777778
200394,1,5.0
200430,1,5.0
200505,1,5.0
200554,1,0.0
200559,2,4.5
200562,1,5.0
200617,1,5.0
200655,1,5.0
200699,1,5.0
200702,1,3.0
200712,1,5.0
200728,5,4.0
200753,1,5.0
200769,1,3.0
200784,1,5.0
200822,5,5.0
200837,3,4.333333333333333
200862,26,3.6923076923076925
200870,1,0.0
200875,10,4.5
200898,1,5.0
200904,3,5.0
200930,11,4.909090909090909
200939,3,5.0
200957,1,5.0
200974,1,5.0
200979,3,5.0
201040,1,5.0
201064,18,4.444444444444445
201091,1,5.0
201265,1,5.0
201283,1,4.0
201289,1,5.0
201291,1,4.0
201349,1,5.0
201378,2,4.5
201392,1,5.0
201413,1,5.0
201427,2,4.0
201447,1,5.0
201516,1,5.0
201524,1,4.0
201576,2,4.0
201581,72,5.0
201584,15,5.0
201604,1,5.0
201614,18,4.444444444444445
201752,1,5.0
201754,1,5.0
201757,2,5.0
201762,6,5.0
201775,1,5.0
201836,1,5.0
201838,1,5.0
201854,1,4.0
201946,1,5.0
201972,3,4.666666666666667
202026,3,3.3333333333333335
202041,1,4.0
202079,1,5.0
202120,1,5.0
202138,2,5.0
202224,4,4.75
202268,1,5.0
202276,3,3.0
202348,2,5.0
202421,1,5.0
202431,1,5.0
202432,5,5.0
202481,1,5.0
202555,7,5.0
202569,1,5.0
202589,1,5.0
202627,1,5.0
202640,1,5.0
202655,5,4.6
202661,11,4.2727272727272725
202663,1,1.0
202679,2,5.0
202681,2,5.0
202741,1,5.0
202777,1,5.0
202814,1,0.0
202829,1,0.0
202865,5,4.4
202905,1,5.0
202952,1,5.0
202992,13,4.846153846153846
203000,1,5.0
203013,4,5.0
203015,1,5.0
203041,1,5.0
203111,19,4.631578947368421
203128,1,5.0
203193,2,5.0
203203,1,3.0
203325,23,4.565217391304348
203362,1,5.0
203467,7,4.857142857142857
203539,1,5.0
203604,1,5.0
203607,3,4.666666666666667
203648,2,4.0
203674,5,4.8
203679,1,5.0
203717,7,4.571428571428571
203720,1,3.0
203732,1,1.0
203741,1,5.0
203801,1,5.0
203823,8,4.75
203916,2,5.0
203974,1,5.0
204024,137,4.781021897810219
204098,1,5.0
204107,2,5.0
204116,1,5.0
204118,1,5.0
204124,6,5.0
204150,1,5.0
204153,3,5.0
204177,1,5.0
204199,3,3.0
204261,7,4.714285714285714
204337,1,0.0
204378,1,5.0
204386,1,4.0
204448,1,5.0
204452,2,5.0
204557,1,5.0
204602,1,5.0
204605,1,5.0
204628,7,3.5714285714285716
204670,1,5.0
204687,1,4.0
204705,5,4.8
204735,6,4.333333333333333
204764,1,5.0
204910,2,4.5
204960,1,5.0
205015,1,5.0
205016,2,4.5
205033,1,5.0
205037,1,5.0
205134,1,5.0
205334,1,5.0
205373,1,0.0
205394,4,3.25
205396,1,5.0
205398,1,5.0
205483,2,5.0
205524,1,4.0
205555,5,5.0
205589,3,4.0
205607,2,3.5
205628,1,5.0
205690,1,5.0
205706,1,5.0
205730,6,4.5
205750,4,3.75
205753,1,4.0
205756,1,5.0
205772,1,0.0
205783,16,4.6875
205786,4,4.25
205832,1,5.0
205862,1,5.0
205938,1,5.0
205983,1,5.0
206040,1,5.0
206074,2,5.0
206101,20,4.7
206117,5,4.2
206121,1,5.0
206122,1,5.0
206168,1,5.0
206191,8,5.0
206194,1,5.0
206213,2,4.5
206229,1,5.0
206247,1,5.0
206278,2,2.0
206354,8,4.25
206377,1,4.0
206385,1,5.0
206397,1,0.0
206442,8,4.375
206472,1,5.0
206484,3,3.6666666666666665
206485,1,4.0
206502,1,0.0
206572,1,5.0
206593,1,5.0
206614,1,5.0
206616,3,2.3333333333333335
206722,26,4.423076923076923
206747,53,4.150943396226415
206751,1,4.0
206752,1,5.0
206756,1,5.0
206775,1,5.0
206776,1,5.0
206779,3,5.0
206792,2,5.0
206840,1,5.0
206856,1,4.0
206861,2,3.5
206886,1,5.0
206905,1,5.0
206976,1,5.0
207000,2,4.5
207026,1,5.0
207030,1,5.0
207034,1,5.0
207112,1,5.0
207120,1,5.0
207130,1,0.0
207137,4,5.0
207157,1,1.0
207165,1,5.0
207176,49,4.020408163265306
207199,1,4.0
207205,2,2.0
207232,3,4.666666666666667
207257,2,5.0
207268,1,5.0
207302,1,5.0
207313,4,4.5
207326,1,5.0
207345,1,5.0
207369,1,5.0
207375,2,5.0
207395,1,5.0
207417,1,3.0
207436,2,3.5
207443,1,5.0
207472,1,5.0
207478,12,4.666666666666667
207485,1,5.0
207519,1,5.0
207552,1,4.0
207616,9,4.888888888888889
207663,6,4.5
207668,2,5.0
207768,1,5.0
207838,1,5.0
207863,4,5.0
207907,6,5.0
208042,3,3.3333333333333335
208085,1,5.0
208095,1,5.0
208108,1,0.0
208121,1,5.0
208125,3,4.0
208131,1,5.0
208136,1,5.0
208158,2,5.0
208172,1,5.0
208196,3,4.333333333333333
208202,2,4.5
208217,1,5.0
208272,1,2.0
208286,1,4.0
208362,1,5.0
208389,2,4.5
208455,7,4.857142857142857
208524,1,5.0
208565,1,5.0
208631,4,5.0
208679,1,5.0
208689,1,5.0
208755,12,4.75
208796,1,5.0
208829,1,5.0
208838,1,5.0
208887,1,5.0
208899,1,5.0
208902,4,4.5
208921,1,0.0
208984,8,5.0
209028,6,4.666666666666667
209092,1,5.0
209130,2,5.0
209139,1,5.0
209152,1,5.0
209154,5,4.6
209203,1,5.0
209223,1,5.0
209226,1,5.0
209245,1,4.0
209255,30,4.8
209266,2,5.0
209287,1,5.0
209318,7,4.428571428571429
209348,1,4.0
209382,1,0.0
209384,2,5.0
209441,34,5.0
209447,1,5.0
209463,1,5.0
209503,1,5.0
209525,1,5.0
209603,15,4.133333333333334
209613,6,5.0
209648,1,5.0
209658,1,5.0
209715,4,5.0
209718,2,5.0
209743,10,4.5
209747,101,4.861386138613861
209837,1,5.0
209849,1,5.0
209894,2,5.0
209920,3,5.0
209941,1,5.0
209942,7,4.0
209983,30,4.8
210117,9,4.888888888888889
210169,2,5.0
210184,4,2.75
210188,16,3.625
210245,3,4.666666666666667
210312,1,5.0
210357,3,5.0
210361,4,4.0
210406,2,5.0
210473,6,4.833333333333333
210653,2,5.0
210673,1,5.0
210706,1,5.0
210729,4,3.25
210738,1,5.0
210760,1,5.0
210811,1,4.0
210839,1,1.0
210847,1,5.0
210965,4,4.75
211009,1,5.0
211040,1,5.0
211044,1,5.0
211098,1,5.0
211113,1,4.0
211184,54,4.648148148148148
211237,1,5.0
211266,1,5.0
211286,1,5.0
211309,2,4.5
211329,4,5.0
211331,1,5.0
211398,1,5.0
211399,1,4.0
211457,1,5.0
211472,2,4.5
211521,2,2.5
211535,1,5.0
211566,1,5.0
211577,7,4.571428571428571
211596,1,5.0
211670,2,2.5
211679,3,3.0
211682,2,2.5
211799,1,5.0
211933,2,4.0
211944,2,3.5
211960,1,5.0
212007,1,0.0
212021,2,4.5
212032,1,4.0
212088,3,5.0
212091,1,5.0
212145,7,4.571428571428571
212252,1,1.0
212268,9,3.4444444444444446
212316,1,4.0
212359,3,4.333333333333333
212391,8,4.0
212417,14,5.0
212478,3,4.0
212497,20,4.5
212531,3,3.3333333333333335
212558,1,5.0
212585,1,5.0
212600,1,5.0
212609,59,4.728813559322034
212642,1,5.0
212652,1,5.0
212711,1,5.0
212758,3,5.0
212801,3,5.0
212874,5,5.0
212912,1,5.0
212914,1,5.0
212929,1,4.0
212955,1,5.0
212971,3,5.0
213003,2,5.0
213018,1,5.0
213049,1,5.0
213070,1,5.0
213092,1,5.0
213114,1,0.0
213139,61,4.737704918032787
213141,3,4.666666666666667
213181,1,5.0
213247,1,5.0
213406,1,5.0
213407,1,5.0
213443,1,5.0
213489,1,0.0
213523,1,0.0
213524,1,5.0
213540,1,5.0
213547,5,4.6
213652,2,4.5
213653,2,4.5
213661,2,4.5
213677,2,4.0
213689,1,0.0
213699,1,4.0
213864,1,5.0
213881,1,5.0
213909,25,4.68
213913,1,5.0
213949,2,5.0
213983,5,4.6
214000,1,5.0
214008,7,4.142857142857143
214020,1,5.0
214034,4,4.75
214116,2,5.0
214225,5,2.6
214234,1,4.0
214243,2,4.5
214254,1,5.0
214284,1,4.0
214308,2,4.5
214380,1,5.0
214394,2,5.0
214443,1,5.0
214444,3,5.0
214469,1,5.0
214477,1,5.0
214489,2,5.0
214633,1,4.0
214805,1,0.0
214827,1,5.0
214847,1,4.0
214855,16,5.0
214889,1,5.0
214897,1,5.0
214911,2,5.0
214953,1,4.0
214973,3,5.0
214974,2,4.0
214988,1,0.0
214991,11,4.818181818181818
214994,2,3.5
215000,1,3.0
215014,10,4.5
215018,1,5.0
215057,3,4.333333333333333
215062,4,3.75
215083,2,5.0
215107,1,4.0
215215,1,4.0
215251,2,5.0
215260,4,5.0
215350,14,4.357142857142857
215395,1,5.0
215404,1,5.0
215499,1,5.0
215571,1,5.0
215576,1,5.0
215627,1,5.0
215638,2,5.0
215641,2,5.0
215643,2,5.0
215664,2,5.0
215665,1,5.0
215765,4,4.5
215781,3,4.666666666666667
215829,7,5.0
215851,3,5.0
215880,1,5.0
215898,23,4.608695652173913
215956,5,5.0
215969,2,4.0
216020,1,4.0
216021,1,5.0
216038,1,5.0
216058,2,4.5
216165,8,5.0
216228,1,5.0
216320,13,4.384615384615385
216366,1,2.0
216388,1,5.0
216410,2,2.0
216476,1,5.0
216589,1,5.0
216664,1,4.0
216671,8,5.0
216678,1,4.0
216882,1,5.0
216926,1,5.0
216958,1,5.0
216999,15,4.266666666666667
217067,1,5.0
217090,1,5.0
217110,1,5.0
217118,2,4.5
217121,2,4.0
217153,3,5.0
217226,12,4.083333333333333
217328,2,5.0
217333,1,5.0
217360,5,4.4
217380,1,5.0
217387,1,5.0
217406,1,5.0
217447,1,5.0
217479,1,5.0
217481,1,5.0
217482,16,4.625
217557,1,4.0
217615,2,2.5
217621,4,4.5
217634,2,5.0
217652,1,5.0
217657,18,5.0
217659,2,5.0
217665,1,5.0
217717,2,4.5
217724,6,4.833333333333333
217736,1,5.0
217742,1,5.0
217750,1,5.0
217796,1,5.0
217824,3,5.0
217867,5,5.0
217908,4,3.75
217931,1,5.0
218022,1,5.0
218085,1,5.0
218099,2,5.0
218119,1,5.0
218226,1,5.0
218339,1,5.0
218350,1,0.0
218362,1,5.0
218389,1,4.0
218427,1,3.0
218443,1,5.0
218455,2,5.0
218516,5,4.2
218535,38,3.9210526315789473
218541,1,5.0
218600,1,4.0
218619,1,5.0
218676,3,5.0
218689,1,5.0
218699,5,5.0
218717,1,5.0
218742,2,5.0
218756,1,5.0
218783,1,5.0
218807,2,4.5
218828,3,4.0
218859,4,4.0
218881,1,5.0
219167,1,4.0
219223,1,1.0
219227,2,5.0
219274,2,2.0
219278,3,4.666666666666667
219291,4,5.0
219303,1,5.0
219318,22,4.2727272727272725
219352,1,1.0
219383,1,5.0
219411,1,0.0
219500,1,5.0
219618,5,5.0
219642,3,5.0
219643,1,5.0
219653,7,1.4285714285714286
219672,1,5.0
219733,6,3.5
219865,11,3.6363636363636362
219875,1,4.0
219884,1,4.0
219915,1,5.0
219942,30,4.866666666666666
220023,2,5.0
220050,1,0.0
220062,1,5.0
220112,2,4.5
220144,1,5.0
220151,6,3.5
220153,6,4.833333333333333
220166,7,4.428571428571429
220190,1,5.0
220195,11,2.727272727272727
220234,1,4.0
220252,1,5.0
220253,1,5.0
220301,2,5.0
220348,74,4.662162162162162
220361,2,5.0
220403,15,5.0
220420,3,5.0
220425,2,4.5
220433,9,4.111111111111111
220582,5,4.8
220609,2,4.5
220662,1,5.0
220702,3,5.0
220795,1,5.0
220868,3,3.0
220874,1,5.0
220876,1,5.0
220907,1,5.0
220916,1,5.0
220942,1,5.0
220981,1,5.0
220998,1,5.0
221044,5,4.6
221067,1,5.0
221069,1,5.0
221099,2,4.0
221139,1,0.0
221213,1,5.0
221235,1,5.0
221351,2,5.0
221407,1,5.0
221408,1,5.0
221416,1,4.0
221442,2,4.0
221488,1,0.0
221534,2,3.0
221553,1,5.0
221624,3,4.666666666666667
221672,1,5.0
221694,5,3.2
221733,1,4.0
221734,3,5.0
221741,1,0.0
221743,1,4.0
221776,2,5.0
221810,4,5.0
221848,1,5.0
221855,6,4.666666666666667
221867,1,0.0
221999,1,5.0
222037,1,3.0
222052,1,5.0
222055,41,4.341463414634147
222064,3,4.333333333333333
222074,2,5.0
222076,1,5.0
222096,7,5.0
222139,50,4.9
222154,1,5.0
222255,1,1.0
222368,1,5.0
222408,1,5.0
222433,22,4.454545454545454
222468,2,5.0
222477,4,4.5
222478,72,4.958333333333333
222495,1,5.0
222505,1,5.0
222535,1,5.0
222564,164,4.762195121951219
222570,1,5.0
222599,2,5.0
222640,1,5.0
222644,1,4.0
222676,1,4.0
222696,12,4.583333333333333
222729,1,5.0
222766,1,5.0
222819,1,5.0
222878,2,5.0
222903,2,5.0
222970,9,4.333333333333333
222979,1,3.0
223084,1,0.0
223091,1,5.0
223092,2,2.5
223097,1,0.0
223102,2,3.5
223112,4,5.0
223135,2,4.5
223140,1,5.0
223160,1,5.0
223169,22,5.0
223180,1,5.0
223216,1,5.0
223299,1,5.0
223325,5,4.2
223333,5,4.2
223367,1,5.0
223378,2,2.5
223441,4,4.5
223449,2,5.0
223456,2,4.0
223493,1,5.0
223511,1,0.0
223536,1,5.0
223564,1,3.0
223616,1,5.0
223651,3,4.666666666666667
223657,1,0.0
223714,1,5.0
223780,1,5.0
223808,1,5.0
223822,4,5.0
223854,86,4.77906976744186
223882,2,5.0
223896,5,4.8
223898,5,5.0
223926,1,5.0
223978,1,5.0
223979,60,4.916666666666667
223993,1,3.0
224013,2,4.0
224017,1,5.0
224022,1,5.0
224030,1,5.0
224033,1,5.0
224075,1,5.0
224088,4,4.5
224089,1,5.0
224123,1,2.0
224146,2,4.5
224170,9,4.555555555555555
224172,2,5.0
224189,1,5.0
224212,1,5.0
224235,8,5.0
224295,1,5.0
224367,6,4.666666666666667
224379,1,0.0
224422,1,0.0
224424,1,0.0
224439,1,5.0
224450,1,4.0
224596,1,2.0
224645,1,5.0
224649,1,4.0
224658,1,5.0
224723,1,4.0
224730,1,5.0
224740,7,4.714285714285714
224745,1,5.0
224919,1,5.0
224921,6,4.833333333333333
224930,5,4.2
224949,1,5.0
224952,4,5.0
225008,1,4.0
225012,1,5.0
225021,10,3.3
225039,3,4.666666666666667
225082,5,5.0
225096,13,3.8461538461538463
225103,1,5.0
225108,1,5.0
225114,5,4.8
225118,3,4.666666666666667
225160,1,5.0
225164,1,5.0
225179,7,5.0
225267,1,5.0
225368,1,5.0
225372,4,5.0
225376,1,5.0
225487,1,5.0
225566,2,5.0
225572,1,5.0
225573,1,2.0
225585,1,5.0
225602,1,5.0
225614,1,5.0
225616,1,5.0
225620,5,5.0
225631,1,5.0
225657,1,5.0
225685,1,0.0
225722,3,4.0
225742,2,2.5
225752,2,5.0
225780,2,5.0
225804,1,5.0
225826,1,4.0
225853,12,4.916666666666667
225896,4,5.0
225903,8,4.75
225938,1,5.0
225997,3,4.0
226001,2,5.0
226066,93,4.698924731182796
226081,1,5.0
226129,1,5.0
226134,2,5.0
226145,2,5.0
226229,1,5.0
226242,2,5.0
226264,3,5.0
226288,1,5.0
226294,4,5.0
226316,3,4.333333333333333
226321,2,5.0
226362,5,4.4
226372,10,4.8
226433,2,5.0
226455,1,0.0
226462,12,4.916666666666667
226537,1,3.0
226575,1,5.0
226596,1,5.0
226688,1,5.0
226753,1,5.0
226783,1,5.0
226788,2,5.0
226798,2,5.0
226808,1,4.0
226849,1,5.0
226863,228,4.780701754385965
226867,39,4.794871794871795
226892,4,5.0
226918,8,4.25
226972,3,4.666666666666667
226981,1,5.0
226989,6,3.6666666666666665
227024,10,4.3
227039,8,3.75
227078,2,4.5
227130,2,4.5
227164,3,5.0
227226,5,4.6
227228,1,5.0
227266,1,4.0
227279,1,5.0
227345,2,4.5
227367,2,5.0
227409,1,5.0
227454,7,4.428571428571429
227456,4,4.0
227482,1,0.0
227486,1,4.0
227492,1,5.0
227496,2,5.0
227537,1,0.0
227586,8,4.875
227607,43,4.72093023255814
227626,1,5.0
227652,52,4.384615384615385
227666,2,3.0
227685,1,2.0
227686,1,5.0
227689,2,4.5
227694,1,5.0
227748,6,4.166666666666667
227750,9,4.777777777777778
227779,1,5.0
227804,1,5.0
227831,13,5.0
227932,3,4.666666666666667
227978,102,4.598039215686274
227989,2,4.0
228032,2,5.0
228037,7,4.714285714285714
228059,2,5.0
228135,1,1.0
228156,2,5.0
228166,1,5.0
228172,5,4.4
228181,1,3.0
228208,3,4.333333333333333
228218,1,3.0
228221,2,4.0
228229,4,5.0
228241,4,4.0
228273,1,5.0
228281,1,0.0
228292,1,5.0
228297,2,5.0
228313,2,4.5
228317,1,3.0
228392,5,4.6
228407,1,5.0
228410,1,5.0
228458,49,4.63265306122449
228536,1,5.0
228557,1,5.0
228569,1,4.0
228570,1,5.0
228597,2,1.5
228638,1,5.0
228641,2,5.0
228672,1,5.0
228682,1,5.0
228742,3,5.0
228800,2,5.0
228840,1,5.0
228876,1,5.0
228893,1,5.0
228961,1,0.0
228978,5,5.0
229000,1,4.0
229052,9,4.888888888888889
229123,1,5.0
229126,1,5.0
229145,3,5.0
229172,1,4.0
229187,1,5.0
229229,1,5.0
229236,1,5.0
229237,2,5.0
229239,1,5.0
229246,1,5.0
229310,5,0.6
229330,1,5.0
229359,3,5.0
229369,1,5.0
229375,7,5.0
229397,1,5.0
229448,4,3.5
229524,20,4.6
229589,1,5.0
229605,8,4.375
229619,25,4.8
229688,1,3.0
229753,2,5.0
229787,2,5.0
229800,5,4.8
229808,2,4.5
229814,1,0.0
229850,42,4.833333333333333
229856,1,5.0
229882,1,5.0
229904,1,1.0
229940,4,4.75
229978,1,3.0
230017,1,5.0
230020,6,3.6666666666666665
230046,1,5.0
230099,2,5.0
230102,22,5.0
230115,2,5.0
230145,2,4.5
230157,8,4.25
230167,1,5.0
230237,1,5.0
230238,5,4.8
230258,27,4.62962962962963
230268,1,5.0
230305,1,5.0
230309,2,4.5
230316,1,5.0
230319,2,5.0
230331,4,5.0
230346,1,3.0
230355,1,4.0
230379,1,5.0
230394,2,5.0
230404,1,5.0
230412,4,5.0
230430,1,5.0
230460,8,4.25
230483,1,5.0
230502,1,5.0
230557,19,4.315789473684211
230579,12,4.916666666666667
230609,1,5.0
230648,1,5.0
230657,1,5.0
230756,4,5.0
230791,1,5.0
230800,1,5.0
230834,5,5.0
230839,1,5.0
230846,1,5.0
230856,1,5.0
230860,30,4.6
230892,1,5.0
230912,3,5.0
230983,3,4.333333333333333
231048,1,5.0
231054,27,4.518518518518518
231057,14,5.0
231104,3,4.666666666666667
231120,3,4.666666666666667
231132,1,5.0
231137,4,3.75
231160,2,5.0
231198,14,4.928571428571429
231272,1,5.0
231318,1,3.0
231363,4,3.75
231379,1,5.0
231426,2,4.0
231448,2,5.0
231495,5,4.4
231507,20,4.85
231511,1,5.0
231529,1,0.0
231546,3,5.0
231556,3,4.666666666666667
231612,10,4.8
231627,1,5.0
231634,3,3.3333333333333335
231639,1,5.0
231661,2,4.5
231671,1,5.0
231679,2,5.0
231736,4,5.0
231740,1,5.0
231769,2,5.0
231774,1,4.0
231789,1,4.0
231814,2,4.0
231822,1,5.0
231897,1,5.0
231939,1,5.0
231972,2,4.5
231988,1,4.0
232031,1,4.0
232037,4,4.75
232047,2,5.0
232105,1,5.0
232107,7,4.285714285714286
232190,16,4.625
232204,1,5.0
232311,2,5.0
232329,1,5.0
232389,1,5.0
232463,5,5.0
232467,1,5.0
232480,15,3.933333333333333
232507,3,3.3333333333333335
232532,12,4.916666666666667
232597,2,4.5
232667,1,5.0
232668,1,5.0
232669,27,4.555555555555555
232673,2,4.5
232736,1,5.0
232795,1,5.0
232819,1,5.0
232823,5,4.6
232842,1,4.0
232861,2,4.5
232885,1,1.0
232886,13,4.538461538461538
232898,4,4.75
232916,1,4.0
232929,3,2.6666666666666665
232933,7,4.428571428571429
232939,1,5.0
233002,1,5.0
233069,2,2.5
233182,1,5.0
233194,7,4.714285714285714
233238,4,5.0
233376,2,4.5
233398,6,4.5
233403,1,0.0
233431,1,0.0
233491,2,5.0
233492,1,5.0
233495,8,4.25
233500,1,3.0
233532,2,5.0
233564,1,5.0
233576,1,0.0
233583,50,4.52
233588,3,5.0
233612,1,5.0
233616,4,5.0
233624,1,0.0
233627,1,5.0
233638,1,5.0
233710,3,4.333333333333333
233718,1,5.0
233728,3,5.0
233738,2,2.5
233749,1,4.0
233771,1,5.0
233775,3,4.666666666666667
233780,7,3.5714285714285716
233801,1,5.0
233829,8,3.875
233831,1,5.0
233839,3,3.6666666666666665
233848,1,3.0
233893,1,5.0
233920,3,5.0
233932,1,4.0
233945,1,5.0
234003,6,5.0
234021,1,5.0
234027,1,4.0
234060,1,5.0
234062,12,4.25
234075,3,5.0
234120,1,5.0
234201,1,5.0
234222,7,4.571428571428571
234230,1,5.0
234231,1,5.0
234244,1,4.0
234265,1,5.0
234275,4,4.0
234341,1,5.0
234390,1,5.0
234415,1,5.0
234443,1,5.0
234471,1,5.0
234487,3,3.3333333333333335
234581,1,5.0
234598,1,3.0
234638,1,5.0
234644,2,2.5
234656,1,5.0
234659,2,2.5
234666,1,5.0
234676,1,5.0
234688,1,5.0
234708,3,5.0
234727,2,4.5
234771,1,5.0
234805,1,5.0
234842,1,5.0
234845,1,5.0
234912,1,5.0
234925,1,5.0
235067,4,4.25
235074,4,5.0
235133,1,5.0
235198,5,5.0
235199,2,4.0
235241,1,5.0
235262,1,4.0
235299,1,3.0
235355,9,4.333333333333333
235496,1,5.0
235520,2,4.5
235528,1,4.0
235540,1,5.0
235660,3,4.0
235662,1,5.0
235746,1,5.0
235751,7,5.0
235769,2,4.5
235815,2,5.0
235897,1,5.0
235923,1,5.0
235926,1,5.0
235982,1,5.0
236104,1,4.0
236167,1,5.0
236170,14,4.285714285714286
236193,1,3.0
236214,1,5.0
236249,1,0.0
236254,1,5.0
236261,2,0.0
236262,8,5.0
236292,2,5.0
236331,1,4.0
236342,1,0.0
236347,1,5.0
236367,1,5.0
236383,5,4.2
236394,1,5.0
236470,26,4.653846153846154
236492,1,5.0
236493,1,5.0
236532,1,4.0
236534,1,5.0
236556,7,4.714285714285714
236564,1,5.0
236586,1,5.0
236606,4,4.5
236681,1,0.0
236702,1,5.0
236733,1,5.0
236742,1,5.0
236743,1,5.0
236750,4,4.25
236760,14,4.857142857142857
236780,1,5.0
236789,2,5.0
236796,1,5.0
236862,1,5.0
236873,1,5.0
236880,1,5.0
236933,2,5.0
236935,2,4.5
236959,8,4.625
236992,1,5.0
237008,3,4.666666666666667
237053,4,5.0
237076,1,5.0
237123,36,4.555555555555555
237134,4,5.0
237151,1,5.0
237154,3,5.0
237201,3,5.0
237272,1,5.0
237292,1,2.0
237297,3,3.3333333333333335
237330,31,4.806451612903226
237427,2,5.0
237438,1,5.0
237461,1,5.0
237533,7,4.857142857142857
237586,3,4.666666666666667
237606,4,4.75
237624,6,3.6666666666666665
237633,1,4.0
237636,1,5.0
237655,2,4.5
237715,11,4.181818181818182
237718,1,4.0
237783,5,3.8
237804,1,4.0
237861,1,5.0
237866,1,4.0
237884,1,5.0
237896,1,5.0
237922,1,5.0
237938,2,5.0
237951,20,4.9
238001,1,5.0
238044,2,2.0
238113,8,4.5
238175,1,3.0
238191,2,5.0
238201,6,5.0
238268,2,2.5
238275,1,5.0
238340,1,5.0
238347,2,5.0
238364,1,5.0
238387,1,5.0
238390,1,5.0
238476,1,5.0
238485,1,5.0
238486,1,4.0
238496,4,4.75
238522,3,5.0
238534,1,5.0
238538,2,5.0
238563,1,5.0
238580,1,5.0
238592,1,0.0
238617,1,4.0
238619,2,4.5
238631,1,5.0
238658,1,5.0
238661,1,5.0
238666,1,5.0
238689,1,4.0
238743,1,4.0
238755,1,5.0
238822,3,5.0
238837,1,3.0
238870,1,5.0
238892,1,5.0
238937,2,5.0
238957,2,5.0
238984,1,5.0
238997,1,5.0
239028,2,4.5
239154,1,5.0
239197,1,5.0
239202,1,5.0
239229,2,5.0
239253,1,5.0
239423,1,5.0
239510,1,5.0
239618,4,4.5
239670,4,3.0
239694,1,5.0
239704,1,5.0
239711,1,5.0
239713,1,5.0
239758,58,4.862068965517241
239767,4,5.0
239808,11,5.0
239847,1,5.0
239878,1,5.0
239886,1,5.0
239923,1,0.0
239924,1,5.0
239988,1,5.0
240001,4,4.25
240008,1,5.0
240076,1,0.0
240092,1,4.0
240110,1,5.0
240111,1,5.0
240122,1,5.0
240123,1,1.0
240154,4,4.0
240325,1,5.0
240344,4,1.25
240408,1,3.0
240410,1,5.0
240425,2,5.0
240443,2,4.5
240449,4,4.0
240460,1,0.0
240471,2,5.0
240552,59,4.983050847457627
240588,1,5.0
240668,17,4.235294117647059
240682,3,5.0
240692,6,5.0
240771,1,5.0
240832,5,4.8
240993,1,5.0
241019,1,5.0
241035,1,5.0
241067,1,0.0
241130,2,4.5
241140,13,5.0
241241,9,3.7777777777777777
241242,1,5.0
241328,2,5.0
241348,1,5.0
241353,1,3.0
241370,2,5.0
241401,1,5.0
241474,1,5.0
241478,1,5.0
241494,2,5.0
241499,3,4.0
241504,1,5.0
241511,2,5.0
241538,1,5.0
241564,1,5.0
241579,7,4.142857142857143
241601,1,5.0
241626,1,5.0
241661,1,4.0
241672,1,5.0
241696,13,4.923076923076923
241697,9,5.0
241711,1,5.0
241729,1,5.0
241764,1,4.0
241803,1,5.0
241819,1,5.0
241823,1,5.0
241828,1,5.0
241872,3,4.666666666666667
241877,1,5.0
241882,12,5.0
241886,1,0.0
241892,7,4.428571428571429
241934,1,5.0
241948,2,4.5
241982,3,5.0
241988,1,5.0
242006,2,5.0
242007,4,4.5
242020,1,5.0
242031,1,3.0
242039,1,5.0
242106,2,5.0
242161,5,4.6
242201,1,5.0
242205,5,5.0
242208,7,5.0
242250,3,5.0
242288,1,5.0
242330,3,3.6666666666666665
242339,1,5.0
242396,1,4.0
242413,1,5.0
242444,1,5.0
242461,1,5.0
242479,1,4.0
242484,10,4.8
242503,3,3.6666666666666665
242524,2,2.5
242531,2,5.0
242536,1,5.0
242567,2,5.0
242578,2,5.0
242584,1,5.0
242612,1,3.0
242627,2,5.0
242642,2,5.0
242673,1,5.0
242729,72,4.805555555555555
242733,3,4.666666666666667
242764,1,4.0
242766,85,4.952941176470588
242779,7,4.428571428571429
242793,1,3.0
242794,2,5.0
242809,10,4.5
242818,1,5.0
242846,3,4.333333333333333
242856,5,5.0
242914,1,5.0
242957,1,4.0
242970,2,4.0
242986,1,5.0
242989,4,5.0
242993,1,5.0
243020,1,5.0
243050,1,5.0
243060,1,5.0
243066,1,5.0
243075,3,3.0
243078,2,3.5
243089,4,4.25
243158,4,4.75
243224,2,5.0
243254,1,1.0
243289,1,5.0
243291,1,5.0
243374,1,5.0
243391,1,3.0
243409,1,5.0
243474,11,5.0
243513,1,0.0
243547,2,5.0
243599,1,5.0
243672,1,5.0
243685,1,5.0
243697,1,5.0
243711,8,4.75
243746,1,5.0
243749,1,5.0
243775,6,5.0
243810,1,5.0
243876,1,5.0
243905,2,4.5
243934,1,5.0
243941,1,5.0
243954,1,5.0
244035,1,4.0
244064,2,5.0
244082,7,4.714285714285714
244119,1,5.0
244146,1,5.0
244179,2,5.0
244180,1,5.0
244191,1,5.0
244221,3,5.0
244264,4,5.0
244266,1,5.0
244365,1,5.0
244489,1,5.0
244502,1,4.0
244506,1,5.0
244524,1,0.0
244533,1,5.0
244563,2,5.0
244570,1,5.0
244595,8,4.875
244631,1,5.0
244637,1,5.0
244645,1,5.0
244654,1,0.0
244744,2,5.0
244747,5,2.4
244779,1,4.0
244809,6,4.0
244815,4,5.0
244817,8,4.5
244850,1,5.0
244872,3,4.333333333333333
244873,1,3.0
244903,2,5.0
244913,1,3.0
244925,1,5.0
244940,1,5.0
245001,4,4.5
245017,9,4.333333333333333
245024,2,5.0
245034,2,5.0
245280,1,4.0
245301,6,4.666666666666667
245332,2,4.0
245367,1,5.0
245378,1,5.0
245400,1,5.0
245408,5,4.8
245429,12,4.666666666666667
245462,1,5.0
245470,1,5.0
245510,2,4.5
245558,1,5.0
245590,3,5.0
245621,1,5.0
245631,2,2.5
245642,1,5.0
245669,2,5.0
245734,1,5.0
245863,1,0.0
245866,2,5.0
245871,1,5.0
245915,2,4.5
245993,3,5.0
246032,1,5.0
246068,1,4.0
246140,1,5.0
246145,4,5.0
246171,1,4.0
246183,1,5.0
246197,1,5.0
246205,1,5.0
246237,1,5.0
246266,19,3.789473684210526
246292,2,2.5
246293,8,4.125
246344,3,4.0
246353,1,3.0
246359,1,1.0
246362,1,5.0
246367,6,3.6666666666666665
246375,2,4.0
246399,1,5.0
246478,3,5.0
246482,21,4.714285714285714
246616,2,2.5
246632,3,3.3333333333333335
246672,1,5.0
246674,4,5.0
246695,2,4.5
246742,1,5.0
246749,1,5.0
246802,1,5.0
246844,25,4.28
246881,2,4.0
246898,6,4.833333333333333
246936,10,4.9
246961,1,5.0
246987,1,5.0
247069,3,5.0
247090,1,4.0
247103,1,5.0
247107,2,5.0
247152,8,4.75
247241,7,4.571428571428571
247326,1,5.0
247353,1,4.0
247362,4,3.75
247368,7,4.571428571428571
247405,5,5.0
247413,1,5.0
247435,2,4.5
247452,1,5.0
247466,1,5.0
247473,3,5.0
247506,1,4.0
247542,1,5.0
247555,1,4.0
247562,1,5.0
247572,1,5.0
247590,3,4.666666666666667
247643,2,5.0
247732,1,3.0
247767,1,3.0
247802,6,5.0
247927,1,5.0
247940,3,5.0
247999,1,5.0
248008,1,5.0
248009,1,4.0
248023,23,4.3478260869565215
248097,1,5.0
248115,3,4.333333333333333
248192,2,4.0
248218,1,0.0
248263,1,5.0
248286,3,5.0
248287,4,4.5
248288,1,4.0
248292,6,5.0
248320,1,5.0
248398,1,5.0
248405,2,5.0
248414,3,3.6666666666666665
248420,1,5.0
248524,1,5.0
248526,1,5.0
248550,1,5.0
248572,1,5.0
248602,2,5.0
248640,1,5.0
248647,11,4.818181818181818
248734,1,5.0
248746,1,5.0
248772,4,5.0
248782,1,4.0
248783,1,5.0
248799,1,4.0
248913,5,5.0
249059,1,5.0
249074,1,5.0
249085,1,5.0
249141,1,5.0
249159,2,5.0
249173,1,5.0
249363,2,5.0
249374,3,4.0
249381,2,5.0
249422,1,5.0
249432,1,5.0
249507,1,5.0
249511,1,5.0
249519,8,4.625
249591,3,3.0
249610,1,4.0
249618,1,5.0
249623,4,3.75
249657,4,4.25
249836,3,4.0
249843,1,5.0
249867,5,3.6
249893,1,0.0
249894,1,5.0
249926,1,5.0
249942,2,5.0
250031,33,4.181818181818182
250063,3,5.0
250075,1,5.0
250123,3,5.0
250147,1,5.0
250173,1,5.0
250216,1,5.0
250238,16,4.4375
250311,1,0.0
250354,2,5.0
250389,2,5.0
250426,1,0.0
250427,5,5.0
250433,1,4.0
250440,10,4.6
250443,1,5.0
250451,1,5.0
250469,1,5.0
250559,1,5.0
250589,1,5.0
250621,1,4.0
250683,1,5.0
250716,1,5.0
250719,2,5.0
250737,1,4.0
250799,1,5.0
250804,3,5.0
250809,1,5.0
250812,4,4.75
250832,1,4.0
250835,4,4.5
250920,8,4.125
250944,1,5.0
250985,1,5.0
251035,1,5.0
251081,2,2.5
251100,1,5.0
251145,1,5.0
251206,8,3.875
251223,3,3.0
251295,2,5.0
251323,1,5.0
251331,2,5.0
251380,3,3.0
251389,3,4.666666666666667
251414,1,5.0
251521,1,5.0
251582,1,5.0
251608,1,5.0
251626,18,4.277777777777778
251686,10,4.5
251698,1,4.0
251705,1,5.0
251712,1,5.0
251719,1,5.0
251724,1,5.0
251917,67,4.970149253731344
252084,1,5.0
252089,2,5.0
252095,1,5.0
252154,2,5.0
252165,4,4.5
252182,1,0.0
252227,1,5.0
252316,2,5.0
252321,1,5.0
252358,1,5.0
252409,2,4.5
252425,1,5.0
252438,1,5.0
252454,1,5.0
252514,29,5.0
252527,1,0.0
252536,3,5.0
252537,2,5.0
252570,7,3.5714285714285716
252575,1,5.0
252612,1,5.0
252632,4,5.0
252651,1,5.0
252683,2,2.5
252718,1,0.0
252726,1,0.0
252727,10,4.5
252729,2,5.0
252734,1,1.0
252796,1,3.0
252816,24,3.625
252822,1,5.0
252844,1,5.0
252973,1,5.0
253021,1,4.0
253023,1,5.0
253062,1,5.0
253066,3,5.0
253113,1,5.0
253146,5,1.4
253162,2,4.5
253261,4,4.5
253303,1,5.0
253308,1,5.0
253407,9,4.555555555555555
253462,1,5.0
253476,1,5.0
253491,1,5.0
253529,1,5.0
253606,1,5.0
253706,1,5.0
253710,4,4.75
253761,1,4.0
253825,1,5.0
253845,1,5.0
253884,5,5.0
253932,1,5.0
253935,3,5.0
253965,8,4.375
253974,27,4.37037037037037
254013,1,2.0
254048,1,5.0
254052,1,3.0
254060,1,5.0
254061,4,5.0
254070,4,5.0
254090,2,3.5
254128,2,4.0
254183,2,4.0
254207,1,5.0
254208,1,4.0
254264,1,5.0
254311,1,5.0
254339,2,5.0
254415,2,5.0
254431,1,5.0
254446,4,3.5
254532,3,4.0
254614,67,4.701492537313433
254782,1,5.0
254785,1,5.0
254805,12,4.916666666666667
254899,2,4.5
254909,4,5.0
254915,1,5.0
254932,2,5.0
254950,1,1.0
254984,1,4.0
255030,1,5.0
255055,1,5.0
255075,2,5.0
255105,1,5.0
255146,2,4.5
255179,4,5.0
255186,2,4.5
255285,1,5.0
255338,27,4.7407407407407405
255357,1,5.0
255411,1,5.0
255465,1,5.0
255518,1,5.0
255549,3,4.0
255620,1,5.0
255639,1,5.0
255692,1,0.0
255725,3,5.0
255812,1,5.0
255853,1,5.0
255916,1,4.0
255931,1,4.0
255960,1,5.0
256021,8,4.875
256031,1,5.0
256042,1,5.0
256098,2,4.0
256124,2,5.0
256155,2,4.0
256158,2,5.0
256163,1,4.0
256215,1,5.0
256218,1,5.0
256277,2,4.0
256411,11,2.4545454545454546
256416,1,5.0
256442,1,3.0
256501,1,5.0
256569,2,2.5
256584,1,5.0
256768,3,4.666666666666667
256795,29,4.137931034482759
256800,1,1.0
256847,1,5.0
256881,1,3.0
256884,1,5.0
256893,2,4.5
256998,1,5.0
257049,1,5.0
257050,1,5.0
257053,1,4.0
257111,2,5.0
257133,1,5.0
257154,2,5.0
257158,1,5.0
257187,1,5.0
257254,3,1.6666666666666667
257320,1,0.0
257331,1,5.0
257343,2,5.0
257358,2,4.5
257391,2,3.5
257406,2,5.0
257498,3,5.0
257532,2,4.5
257546,2,4.0
257653,1,5.0
257654,1,4.0
257677,1,5.0
257730,2,5.0
257752,1,5.0
257806,1,5.0
257912,1,5.0
257941,3,2.6666666666666665
257945,1,5.0
257968,1,4.0
257980,1,5.0
257993,18,4.666666666666667
258017,1,5.0
258080,1,5.0
258109,1,5.0
258115,3,5.0
258222,1,5.0
258223,2,5.0
258285,22,4.090909090909091
258319,1,5.0
258528,3,5.0
258540,1,1.0
258594,1,4.0
258606,7,5.0
258618,2,5.0
258734,1,3.0
258739,1,5.0
258741,1,5.0
258798,1,5.0
258799,1,4.0
258816,1,5.0
258819,1,5.0
258855,3,4.333333333333333
258877,7,4.714285714285714
259006,2,4.0
259009,2,5.0
259021,3,5.0
259064,1,4.0
259072,4,4.0
259150,9,4.777777777777778
259154,9,4.444444444444445
259220,1,5.0
259271,1,5.0
259304,1,0.0
259367,1,5.0
259402,1,5.0
259532,1,4.0
259535,1,4.0
259940,2,5.0
259966,3,5.0
259989,1,4.0
259997,1,5.0
260036,1,0.0
260037,1,5.0
260176,1,5.0
260200,2,4.0
260289,4,4.5
260323,1,5.0
260325,1,4.0
260430,1,4.0
260451,4,4.0
260465,1,5.0
260475,4,4.5
260516,1,5.0
260533,3,4.333333333333333
260538,1,5.0
260654,1,0.0
260673,1,5.0
260679,2,4.5
260688,1,5.0
260689,12,3.5833333333333335
260742,1,5.0
260774,1,0.0
260783,1,5.0
260807,1,5.0
260818,4,5.0
260882,1,5.0
260895,1,5.0
260911,19,4.947368421052632
260975,3,4.666666666666667
260988,1,5.0
261027,2,5.0
261033,1,5.0
261036,1,5.0
261090,1,0.0
261104,1,5.0
261205,1,5.0
261207,1,5.0
261214,1,4.0
261288,1,5.0
261342,1,0.0
261363,1,4.0
261366,3,4.666666666666667
261486,1,5.0
261493,1,5.0
261510,6,4.666666666666667
261639,1,5.0
261646,2,5.0
261676,1,5.0
261797,1,5.0
261927,1,5.0
261932,1,5.0
261962,1,5.0
262035,3,3.3333333333333335
262084,1,4.0
262090,5,4.0
262129,4,5.0
262137,2,4.5
262200,3,5.0
262203,1,5.0
262206,1,5.0
262216,4,5.0
262272,13,4.538461538461538
262312,29,4.896551724137931
262353,2,2.0
262357,7,4.285714285714286
262423,2,5.0
262424,1,1.0
262546,2,5.0
262590,1,5.0
262639,1,5.0
262641,1,5.0
262649,1,0.0
262671,1,5.0
262725,1,1.0
262753,1,5.0
262830,1,5.0
262899,1,5.0
262930,1,5.0
262962,1,5.0
262965,3,4.333333333333333
262966,5,4.2
262995,1,4.0
263116,1,4.0
263135,1,5.0
263162,1,5.0
263165,1,0.0
263166,1,5.0
263186,1,2.0
263275,2,4.5
263344,1,5.0
263372,2,5.0
263389,1,4.0
263505,1,5.0
263513,5,4.0
263525,1,5.0
263542,2,5.0
263547,1,5.0
263637,1,4.0
263647,1,5.0
263664,2,2.5
263673,4,5.0
263911,1,5.0
263943,1,5.0
263949,2,3.5
263961,1,5.0
264012,1,5.0
264017,40,4.7
264061,1,5.0
264068,1,5.0
264142,2,5.0
264161,1,5.0
264181,4,5.0
264198,1,5.0
264230,2,5.0
264330,1,5.0
264339,16,5.0
264440,3,4.333333333333333
264452,4,5.0
264498,1,4.0
264505,1,4.0
264571,1,4.0
264610,2,5.0
264646,1,5.0
264672,1,5.0
264674,1,3.0
264745,4,3.0
264864,1,5.0
264936,1,5.0
265102,2,4.5
265147,1,5.0
265233,1,1.0
265347,1,5.0
265437,2,5.0
265452,1,5.0
265487,2,4.0
265612,1,5.0
265638,1,4.0
265654,1,4.0
265672,1,5.0
265679,1,4.0
265690,2,1.5
265694,8,4.875
265711,1,2.0
265809,1,5.0
265880,2,5.0
265905,1,5.0
265926,1,4.0
265954,21,4.428571428571429
265956,7,4.142857142857143
265981,1,0.0
266025,1,5.0
266028,1,5.0
266064,1,5.0
266288,2,4.0
266308,2,5.0
266392,2,4.5
266403,1,5.0
266450,2,4.0
266456,2,5.0
266476,1,3.0
266635,80,4.9
266689,1,0.0
266745,4,4.5
266760,1,0.0
266780,1,5.0
266799,1,5.0
266900,1,0.0
266905,1,3.0
266906,1,5.0
266955,3,4.0
267088,1,5.0
267157,3,3.3333333333333335
267219,1,4.0
267241,4,4.75
267253,4,4.75
267266,1,5.0
267276,1,5.0
267283,2,5.0
267323,3,5.0
267361,5,5.0
267370,1,5.0
267414,1,5.0
267433,1,5.0
267473,1,5.0
267480,1,5.0
267506,1,2.0
267527,8,4.5
267564,2,5.0
267574,1,4.0
267649,1,3.0
267652,1,4.0
267665,3,4.666666666666667
267766,1,2.0
267776,1,5.0
267778,1,5.0
267853,3,4.666666666666667
267867,5,5.0
268058,21,5.0
268158,1,4.0
268185,2,2.5
268202,1,5.0
268254,1,5.0
268272,9,4.888888888888889
268313,2,5.0
268338,1,0.0
268411,1,5.0
268426,3,4.0
268464,6,4.666666666666667
268501,4,4.0
268528,1,5.0
268611,2,2.5
268616,2,5.0
268644,1,1.0
268689,3,5.0
268741,1,4.0
268773,1,5.0
268782,2,5.0
268824,1,5.0
268834,5,4.4
268861,1,5.0
268888,5,4.8
268908,1,5.0
268910,1,0.0
268949,1,5.0
268955,2,4.5
268973,8,5.0
269134,1,5.0
269153,1,5.0
269161,1,5.0
269180,1,5.0
269198,7,4.428571428571429
269201,1,5.0
269210,1,5.0
269213,1,5.0
269293,2,5.0
269331,22,5.0
269346,1,5.0
269475,1,0.0
269480,51,4.823529411764706
269496,1,5.0
269521,43,4.790697674418604
269571,2,5.0
269575,6,4.833333333333333
269582,1,1.0
269656,3,3.3333333333333335
269743,1,5.0
269829,1,5.0
269891,17,4.705882352941177
269899,3,5.0
270001,1,5.0
270047,2,5.0
270054,1,5.0
270123,2,4.5
270184,1,5.0
270212,4,4.5
270219,1,5.0
270301,1,5.0
270370,1,5.0
270401,2,5.0
270502,2,3.5
270514,25,4.2
270552,1,4.0
270662,3,5.0
270680,1,5.0
270688,1,5.0
270692,1,4.0
270768,1,4.0
270775,1,5.0
270816,1,4.0
270883,1,5.0
270915,1,0.0
270991,1,5.0
271007,1,4.0
271116,1,5.0
271119,5,4.0
271184,1,5.0
271221,5,5.0
271230,1,5.0
271251,1,3.0
271267,1,5.0
271318,1,5.0
271347,3,3.6666666666666665
271452,1,5.0
271492,1,1.0
271591,2,4.0
271595,1,5.0
271618,3,5.0
271757,1,0.0
271840,1,5.0
271848,1,0.0
271858,1,2.0
271899,2,3.5
271911,4,5.0
271981,1,4.0
272100,9,4.888888888888889
272131,1,5.0
272260,1,3.0
272300,1,4.0
272312,1,1.0
272336,1,5.0
272398,1,5.0
272434,2,4.0
272623,2,5.0
272684,2,5.0
272689,1,5.0
272731,3,4.0
272745,2,4.0
272752,3,4.333333333333333
272954,1,5.0
272963,1,4.0
272971,1,5.0
273052,2,4.5
273105,1,5.0
273110,3,4.333333333333333
273195,1,5.0
273220,1,5.0
273254,1,4.0
273273,1,4.0
273293,1,5.0
273406,1,5.0
273456,1,5.0
273492,1,5.0
273514,1,4.0
273527,4,4.25
273543,1,5.0
273578,1,5.0
273604,2,4.5
273649,1,5.0
273671,1,5.0
273722,4,4.5
273745,1,5.0
273799,1,5.0
273802,1,5.0
273842,4,4.25
273846,7,4.571428571428571
273864,1,5.0
273900,1,5.0
273907,1,4.0
274043,1,5.0
274057,1,5.0
274065,4,4.75
274100,1,5.0
274139,1,5.0
274212,11,4.636363636363637
274234,1,5.0
274238,3,5.0
274258,1,5.0
274388,1,5.0
274404,1,4.0
274467,7,4.857142857142857
274510,1,5.0
274534,6,0.6666666666666666
274585,2,5.0
274666,6,4.666666666666667
274719,6,4.5
274735,3,4.333333333333333
274866,9,3.888888888888889
274871,1,5.0
274893,4,5.0
274913,9,4.666666666666667
274917,1,5.0
274923,1,2.0
274934,1,5.0
274977,5,5.0
274995,1,0.0
275075,3,5.0
275133,1,4.0
275207,5,4.8
275249,3,5.0
275292,1,2.0
275305,2,5.0
275316,2,5.0
275317,1,5.0
275326,12,4.916666666666667
275347,1,4.0
275438,2,4.5
275527,3,4.333333333333333
275652,1,5.0
275738,1,5.0
275742,7,5.0
275764,2,5.0
275850,1,5.0
275879,1,1.0
275889,3,3.3333333333333335
275926,2,5.0
276107,1,4.0
276156,1,5.0
276195,1,5.0
276222,1,2.0
276250,1,3.0
276267,2,5.0
276311,1,0.0
276323,1,5.0
276405,1,5.0
276413,1,5.0
276502,3,4.333333333333333
276517,1,3.0
276559,1,5.0
276629,2,4.5
276663,1,5.0
276718,1,5.0
276776,1,5.0
276818,1,5.0
276833,10,5.0
276837,1,2.0
276838,2,4.5
276857,1,5.0
276980,5,4.0
277071,1,1.0
277102,1,5.0
277121,1,5.0
277127,2,4.0
277146,1,5.0
277148,1,5.0
277150,1,0.0
277220,1,1.0
277247,1,5.0
277263,1,5.0
277281,1,5.0
277394,1,5.0
277427,1,5.0
277434,3,4.333333333333333
277449,1,4.0
277462,8,5.0
277472,3,5.0
277533,1,5.0
277586,1,3.0
277720,1,5.0
277737,1,5.0
277769,1,5.0
277825,10,4.2
277846,1,5.0
277855,1,5.0
277922,3,5.0
277925,1,3.0
277999,3,4.666666666666667
278071,1,5.0
278076,1,4.0
278084,7,4.857142857142857
278113,15,4.8
278118,18,4.888888888888889
278140,1,4.0
278160,1,0.0
278184,2,4.0
278207,1,5.0
278214,1,4.0
278218,11,4.545454545454546
278237,1,4.0
278274,1,5.0
278365,2,5.0
278371,1,5.0
278376,1,5.0
278493,1,4.0
278516,17,4.0588235294117645
278546,1,5.0
278578,12,5.0
278639,21,4.666666666666667
278650,1,5.0
278665,1,3.0
278667,1,5.0
278696,5,4.8
278744,1,5.0
278907,1,5.0
279004,1,5.0
279036,1,5.0
279110,2,5.0
279204,1,5.0
279218,2,5.0
279234,1,5.0
279240,2,5.0
279353,3,5.0
279357,5,2.6
279367,1,0.0
279473,1,5.0
279496,1,4.0
279498,1,4.0
279506,6,4.833333333333333
279522,2,5.0
279529,1,5.0
279532,4,4.25
279614,1,4.0
279651,1,5.0
279655,1,5.0
279673,2,5.0
279698,1,5.0
279722,5,3.6
279739,1,5.0
279744,1,5.0
279903,1,5.0
279905,1,5.0
279912,5,4.6
279915,2,5.0
279945,2,3.0
279952,2,5.0
279989,18,4.777777777777778
280001,1,5.0
280128,1,5.0
280166,30,4.466666666666667
280194,2,4.5
280238,1,5.0
280271,156,4.660256410256411
280394,1,0.0
280416,1,5.0
280439,1,0.0
280520,1,5.0
280572,1,5.0
280576,2,4.0
280605,9,4.666666666666667
280696,2,3.5
280698,1,5.0
280716,3,4.333333333333333
280747,1,5.0
280750,1,5.0
280805,2,4.5
280840,2,5.0
280866,2,5.0
280909,1,5.0
280963,1,4.0
280979,1,3.0
281055,1,1.0
281098,5,4.4
281131,1,5.0
281132,11,4.818181818181818
281154,1,5.0
281166,2,4.5
281196,1,5.0
281208,3,4.666666666666667
281255,1,5.0
281266,1,5.0
281293,2,5.0
281306,3,2.6666666666666665
281330,1,5.0
281344,1,5.0
281387,2,4.5
281399,33,4.909090909090909
281440,1,5.0
281541,1,5.0
281586,1,5.0
281618,1,5.0
281665,1,5.0
281701,12,4.583333333333333
281738,1,5.0
281808,1,0.0
281814,1,0.0
281871,1,5.0
281987,1,5.0
282005,1,5.0
282018,1,2.0
282031,1,5.0
282066,1,5.0
282070,2,5.0
282075,1,5.0
282079,1,5.0
282081,1,1.0
282088,1,5.0
282132,1,4.0
282215,5,4.8
282366,1,5.0
282379,3,4.666666666666667
282423,1,0.0
282488,1,5.0
282574,1,5.0
282598,1,3.0
282647,1,0.0
282673,4,4.5
282678,1,5.0
282696,1,5.0
282727,2,4.0
282731,6,4.0
282745,9,5.0
282761,1,0.0
282824,4,2.5
282840,2,5.0
282842,4,4.5
282843,3,5.0
282873,1,5.0
282929,1,3.0
282948,2,5.0
283012,2,4.0
283021,3,5.0
283039,1,5.0
283069,1,4.0
283174,1,4.0
283194,1,5.0
283225,1,4.0
283251,35,4.0285714285714285
283309,1,5.0
283331,5,4.2
283350,3,4.333333333333333
283390,49,4.795918367346939
283436,1,5.0
283453,1,4.0
283474,8,5.0
283483,5,4.4
283514,1,4.0
283519,1,5.0
283611,1,5.0
283679,2,5.0
283740,2,5.0
283773,2,4.5
283787,1,5.0
283788,1,5.0
283790,2,5.0
283793,3,5.0
283804,4,4.75
283834,10,4.6
283836,1,1.0
283899,1,5.0
283954,1,5.0
284004,1,5.0
284060,1,5.0
284068,2,5.0
284091,1,5.0
284162,2,4.5
284180,23,4.478260869565218
284202,1,5.0
284207,1,5.0
284208,1,2.0
284312,4,5.0
284334,1,5.0
284336,1,4.0
284473,1,4.0
284533,1,5.0
284607,1,4.0
284627,3,4.333333333333333
284695,1,5.0
284744,1,4.0
284771,1,4.0
284789,1,2.0
284812,2,3.5
284897,54,4.925925925925926
284904,17,5.0
284907,1,5.0
284922,19,5.0
284925,1,5.0
284964,1,5.0
285011,1,3.0
285039,67,4.641791044776119
285041,4,4.75
285051,2,5.0
285066,1,4.0
285088,1,5.0
285106,1,5.0
285145,1,2.0
285184,1,5.0
285324,1,5.0
285335,1,5.0
285338,2,3.0
285350,5,3.8
285467,5,5.0
285597,1,5.0
285661,1,5.0
285687,2,5.0
285740,2,4.0
285820,4,5.0
285867,1,3.0
285963,1,5.0
286006,3,4.0
286023,1,4.0
286209,8,5.0
286384,1,5.0
286555,2,4.5
286558,2,5.0
286566,174,4.683908045977011
286665,1,5.0
286702,1,5.0
286710,1,5.0
286769,1,2.0
286780,1,5.0
286851,13,4.076923076923077
286903,1,0.0
286926,1,5.0
286997,1,5.0
287055,1,3.0
287080,4,5.0
287084,3,5.0
287107,1,5.0
287228,1,5.0
287246,8,4.375
287255,2,5.0
287263,1,5.0
287313,2,3.5
287364,1,5.0
287403,1,5.0
287420,4,4.75
287438,1,5.0
287527,1,5.0
287561,1,4.0
287598,1,5.0
287671,1,5.0
287682,1,5.0
287773,1,5.0
287829,3,4.333333333333333
287850,4,5.0
287886,1,5.0
287945,3,3.3333333333333335
288010,2,5.0
288143,9,5.0
288146,36,4.666666666666667
288188,3,5.0
288193,2,2.5
288218,21,4.904761904761905
288289,1,5.0
288315,1,5.0
288351,11,5.0
288360,1,4.0
288535,2,5.0
288587,1,5.0
288618,6,4.666666666666667
288670,1,5.0
288704,4,5.0
288706,1,5.0
288759,1,5.0
288869,1,5.0
288985,4,5.0
289003,5,5.0
289034,1,5.0
289066,9,4.666666666666667
289079,1,5.0
289090,1,5.0
289109,1,5.0
289117,4,5.0
289121,1,5.0
289189,1,5.0
289272,3,5.0
289292,6,5.0
289308,2,5.0
289319,8,2.875
289328,2,5.0
289329,1,5.0
289338,1,5.0
289357,1,4.0
289412,5,4.8
289443,1,5.0
289444,1,5.0
289490,1,2.0
289510,2,5.0
289522,3,5.0
289561,1,5.0
289571,1,5.0
289582,2,5.0
289623,1,5.0
289655,1,5.0
289680,3,4.333333333333333
289709,4,4.25
289739,1,5.0
289785,1,5.0
289789,1,3.0
289860,1,0.0
289979,2,4.5
289981,1,5.0
290010,11,4.0
290069,1,5.0
290107,21,4.428571428571429
290163,2,4.5
290201,2,2.0
290281,1,5.0
290298,7,5.0
290392,1,5.0
290415,1,5.0
290499,2,3.5
290578,2,3.5
290600,1,5.0
290605,1,2.0
290614,1,5.0
290662,1,5.0
290744,2,4.5
290757,5,4.4
290837,2,5.0
290938,1,5.0
290953,1,5.0
290963,1,5.0
290985,3,5.0
290994,1,5.0
291015,1,4.0
291098,1,5.0
291164,3,5.0
291188,11,4.0
291209,1,5.0
291226,4,4.5
291235,2,5.0
291292,8,4.375
291306,11,3.5454545454545454
291344,3,3.6666666666666665
291354,1,3.0
291358,2,5.0
291378,4,4.25
291523,1,5.0
291568,3,2.3333333333333335
291598,1,5.0
291648,1,5.0
291650,11,4.545454545454546
291665,1,5.0
291877,1,5.0
291887,1,4.0
291896,1,5.0
291947,1,1.0
291965,3,4.666666666666667
291980,6,2.3333333333333335
292000,5,4.0
292032,1,4.0
292060,1,5.0
292090,2,2.5
292160,1,5.0
292175,1,5.0
292256,4,4.0
292308,7,4.142857142857143
292388,1,5.0
292412,1,5.0
292420,2,5.0
292430,1,5.0
292436,2,5.0
292485,1,5.0
292495,2,5.0
292505,1,4.0
292507,3,4.333333333333333
292560,6,5.0
292644,1,5.0
292676,1,0.0
292764,1,4.0
292789,1,4.0
292797,1,5.0
292812,8,4.75
292816,1,5.0
292866,1,5.0
292917,2,4.5
292979,1,4.0
293001,1,5.0
293016,1,5.0
293042,3,4.0
293086,5,5.0
293093,1,5.0
293110,3,5.0
293131,1,5.0
293153,1,5.0
293227,1,3.0
293294,2,5.0
293324,1,5.0
293379,1,2.0
293410,33,4.696969696969697
293485,1,5.0
293490,2,5.0
293523,1,5.0
293566,1,5.0
293598,1,5.0
293622,1,5.0
293671,1,5.0
293717,1,5.0
293724,1,1.0
293757,9,4.444444444444445
293780,1,1.0
293789,1,1.0
293797,1,0.0
293901,7,5.0
293924,4,4.0
293935,4,4.75
293946,6,5.0
293971,7,4.428571428571429
294000,25,4.68
294028,2,5.0
294089,1,5.0
294103,1,5.0
294153,4,4.5
294187,1,2.0
294215,3,4.666666666666667
294255,2,5.0
294435,3,5.0
294440,1,5.0
294442,1,5.0
294455,1,5.0
294565,1,5.0
294577,1,5.0
294700,12,4.666666666666667
294705,3,4.666666666666667
294729,1,0.0
294764,1,5.0
294953,2,5.0
294986,1,5.0
295018,2,2.5
295045,1,5.0
295133,1,5.0
295134,2,5.0
295168,1,4.0
295249,1,4.0
295298,1,5.0
295299,1,4.0
295324,3,5.0
295411,1,3.0
295423,1,4.0
295469,1,5.0
295481,2,5.0
295565,4,4.75
295587,5,4.8
295591,1,5.0
295611,1,5.0
295616,1,5.0
295654,1,5.0
295691,2,2.5
295704,6,4.5
295705,1,5.0
295741,4,4.5
295778,2,4.0
295814,1,5.0
295863,1,4.0
295896,1,5.0
295926,1,0.0
295939,2,5.0
295969,1,5.0
295972,1,5.0
295995,2,4.0
296027,35,4.714285714285714
296050,7,5.0
296081,5,5.0
296085,8,4.375
296103,3,4.0
296112,2,5.0
296271,1,5.0
296300,1,5.0
296310,1,4.0
296439,1,2.0
296546,2,4.5
296554,1,4.0
296568,3,4.333333333333333
296656,1,3.0
296745,1,2.0
296790,1,5.0
296809,114,4.754385964912281
296846,1,5.0
296849,1,5.0
296870,1,5.0
296902,1,5.0
296964,1,5.0
296970,3,4.333333333333333
297029,1,4.0
297067,3,4.666666666666667
297076,24,4.458333333333333
297079,1,5.0
297163,1,4.0
297193,1,5.0
297236,1,0.0
297256,1,5.0
297272,1,5.0
297274,2,4.5
297297,4,5.0
297303,7,4.571428571428571
297313,1,5.0
297319,1,5.0
297380,1,5.0
297465,1,2.0
297495,1,5.0
297504,1,0.0
297540,3,4.666666666666667
297543,2,2.5
297546,7,4.285714285714286
297557,5,5.0
297639,4,5.0
297658,1,5.0
297683,1,4.0
297705,4,4.5
297756,1,4.0
297761,6,5.0
297808,1,5.0
297811,1,5.0
297850,3,5.0
297859,1,5.0
297902,1,5.0
297913,7,4.428571428571429
298015,1,1.0
298070,2,5.0
298098,1,3.0
298164,2,5.0
298199,1,5.0
298200,1,4.0
298250,1,5.0
298358,2,5.0
298447,20,4.55
298588,1,5.0
298734,1,4.0
298757,3,5.0
298791,1,5.0
298801,3,3.6666666666666665
298865,2,4.5
298881,1,5.0
298979,3,5.0
298981,17,4.647058823529412
299011,4,4.25
299062,1,5.0
299142,1,4.0
299208,1,5.0
299240,1,5.0
299245,1,4.0
299270,2,4.0
299289,1,5.0
299346,1,5.0
299373,2,4.5
299463,1,4.0
299531,3,5.0
299569,1,0.0
299608,1,5.0
299635,1,0.0
299685,5,5.0
299688,2,4.5
299707,2,4.5
299710,1,5.0
299799,1,5.0
299800,1,5.0
299849,9,4.888888888888889
299864,1,5.0
299905,1,0.0
299957,3,5.0
300020,1,4.0
300082,1,5.0
300113,1,0.0
300122,1,0.0
300215,1,5.0
300244,1,5.0
300319,2,5.0
300360,1,4.0
300396,1,5.0
300420,1,5.0
300465,1,5.0
300486,1,5.0
300492,1,5.0
300508,1,5.0
300705,1,5.0
300721,5,5.0
300755,3,4.666666666666667
300807,1,5.0
300855,1,5.0
300880,1,5.0
300920,4,5.0
300938,1,5.0
300948,2,4.5
301049,1,3.0
301068,1,1.0
301111,4,3.5
301262,1,5.0
301276,1,5.0
301353,4,5.0
301381,2,5.0
301421,1,5.0
301442,2,5.0
301487,5,5.0
301549,1,5.0
301661,1,5.0
301691,1,5.0
301703,2,4.5
301711,1,5.0
301715,1,0.0
301765,1,5.0
301777,1,5.0
301978,2,3.5
302045,1,5.0
302078,1,5.0
302085,2,5.0
302094,50,4.62
302164,1,5.0
302194,1,5.0
302283,2,5.0
302369,2,4.5
302486,6,4.833333333333333
302491,1,5.0
302502,1,5.0
302584,1,5.0
302618,1,5.0
302689,7,4.857142857142857
302732,1,5.0
302744,2,2.5
302759,3,5.0
302795,1,5.0
302840,1,5.0
302867,1,5.0
302905,3,5.0
302910,1,5.0
302919,1,5.0
302920,1,4.0
302935,4,4.5
302958,4,5.0
302961,19,4.947368421052632
302971,1,0.0
302980,1,4.0
303075,1,5.0
303087,1,2.0
303109,2,5.0
303162,9,4.222222222222222
303164,1,4.0
303240,1,5.0
303256,1,5.0
303386,2,4.5
303414,1,5.0
303427,15,4.933333333333334
303428,1,5.0
303445,1,5.0
303446,7,4.285714285714286
303466,1,1.0
303545,8,4.875
303590,1,5.0
303599,1,5.0
303601,3,4.666666666666667
303611,1,5.0
303612,1,4.0
303646,1,5.0
303679,1,4.0
303700,26,4.961538461538462
303729,1,2.0
303766,1,5.0
303802,1,5.0
303813,1,5.0
303855,1,4.0
303888,1,2.0
303912,2,0.0
303922,1,0.0
303938,1,5.0
303942,1,5.0
303968,1,4.0
303971,2,5.0
303990,4,5.0
303997,1,1.0
304143,1,5.0
304187,2,4.5
304222,5,5.0
304252,1,5.0
304290,4,4.75
304373,1,5.0
304375,1,5.0
304419,1,5.0
304479,1,5.0
304561,1,3.0
304590,1,5.0
304596,3,4.0
304616,1,4.0
304626,1,5.0
304631,1,4.0
304634,1,5.0
304672,1,4.0
304705,3,5.0
304859,1,5.0
304870,2,5.0
304885,1,5.0
304896,1,5.0
304976,1,5.0
305040,1,5.0
305134,1,0.0
305147,4,5.0
305170,1,0.0
305187,8,5.0
305300,1,5.0
305319,1,0.0
305346,1,5.0
305391,1,5.0
305452,1,5.0
305472,1,5.0
305476,1,5.0
305503,1,5.0
305523,4,4.5
305531,241,4.954356846473029
305544,1,5.0
305593,1,5.0
305621,1,5.0
305664,5,4.6
305673,1,3.0
305702,1,5.0
305753,2,4.5
305810,1,5.0
305863,1,5.0
305869,5,4.8
305873,2,5.0
305916,2,4.5
305946,1,5.0
305969,1,5.0
306106,11,3.727272727272727
306116,3,4.666666666666667
306173,1,5.0
306193,3,4.666666666666667
306246,1,4.0
306291,1,5.0
306300,1,5.0
306333,5,4.8
306348,1,5.0
306412,1,5.0
306456,1,5.0
306469,5,4.4
306657,1,5.0
306726,2,5.0
306797,28,4.642857142857143
306833,1,5.0
306891,2,4.5
306928,1,5.0
306951,3,5.0
307040,1,5.0
307059,14,4.5
307100,1,5.0
307108,1,4.0
307114,5,5.0
307159,2,5.0
307160,1,5.0
307214,20,4.9
307217,1,5.0
307242,1,3.0
307266,1,5.0
307313,1,5.0
307318,1,5.0
307344,1,5.0
307350,1,5.0
307475,2,2.5
307532,3,5.0
307536,3,5.0
307559,2,4.0
307575,1,5.0
307805,1,5.0
307886,1,5.0
307995,1,4.0
308008,1,5.0
308014,1,3.0
308049,2,5.0
308129,1,5.0
308181,2,5.0
308183,1,5.0
308188,1,5.0
308191,1,0.0
308193,1,5.0
308200,1,5.0
308424,1,5.0
308434,19,4.578947368421052
308474,2,5.0
308482,2,5.0
308490,2,5.0
308493,1,5.0
308529,2,5.0
308666,1,5.0
308697,1,0.0
308721,2,5.0
308765,23,3.782608695652174
308858,1,5.0
308864,1,5.0
308889,5,4.8
308891,1,0.0
308912,1,5.0
308923,3,5.0
308961,3,5.0
308968,2,5.0
309055,1,5.0
309089,1,2.0
309093,1,4.0
309175,1,5.0
309258,1,5.0
309319,1,5.0
309331,1,4.0
309359,1,5.0
309360,1,5.0
309368,5,4.8
309397,1,5.0
309422,5,4.2
309440,2,4.5
309485,1,5.0
309508,3,3.3333333333333335
309526,22,4.954545454545454
309629,1,5.0
309630,14,4.357142857142857
309648,1,5.0
309731,1,5.0
309751,4,5.0
309778,3,5.0
309819,2,5.0
309903,1,0.0
309923,7,4.571428571428571
309937,1,4.0
309967,9,4.666666666666667
309972,4,3.5
310001,4,5.0
310109,1,5.0
310156,5,4.2
310162,4,5.0
310173,1,5.0
310178,5,3.0
310217,2,0.0
310237,5,5.0
310254,1,4.0
310371,1,5.0
310374,1,5.0
310518,4,4.5
310581,1,4.0
310611,4,5.0
310640,1,4.0
310668,1,5.0
310738,3,0.0
310749,19,4.368421052631579
310800,1,5.0
310874,1,5.0
310900,2,5.0
310902,1,4.0
310908,5,4.4
310953,5,5.0
311003,53,4.69811320754717
311009,1,4.0
311045,1,5.0
311051,1,3.0
311055,1,0.0
311085,1,0.0
311138,1,5.0
311140,2,5.0
311145,1,5.0
311193,2,5.0
311199,1,5.0
311203,6,4.833333333333333
311258,1,5.0
311260,7,5.0
311297,1,0.0
311353,2,4.5
311371,1,0.0
311375,2,4.0
311398,1,5.0
311466,3,4.333333333333333
311484,3,4.333333333333333
311545,1,4.0
311566,10,4.8
311625,26,4.3076923076923075
311660,2,2.5
311757,1,5.0
311773,1,5.0
311913,1,5.0
311923,1,5.0
311926,16,4.125
311954,1,4.0
312043,1,5.0
312081,3,3.0
312117,1,5.0
312142,1,4.0
312153,1,5.0
312206,1,5.0
312208,3,5.0
312280,1,5.0
312322,5,4.4
312338,1,5.0
312350,1,4.0
312363,8,4.75
312430,2,5.0
312436,2,3.0
312455,4,4.5
312493,1,5.0
312494,1,5.0
312577,36,5.0
312581,2,5.0
312633,1,5.0
312644,1,5.0
312691,2,4.5
312769,1,5.0
312853,1,4.0
312953,1,5.0
312967,4,4.5
312981,1,5.0
313009,1,5.0
313014,4,4.0
313033,1,5.0
313041,1,5.0
313068,1,3.0
313076,1,5.0
313091,1,5.0
313120,11,4.909090909090909
313152,1,5.0
313219,2,5.0
313286,2,5.0
313335,1,5.0
313369,2,2.5
313391,1,5.0
313487,4,4.75
313633,11,4.909090909090909
313674,1,5.0
313694,3,4.333333333333333
313815,1,4.0
313833,1,4.0
313855,1,5.0
313856,5,3.4
313915,1,5.0
313939,2,5.0
313943,6,4.833333333333333
314013,1,5.0
314053,2,5.0
314081,1,5.0
314183,1,5.0
314211,2,5.0
314259,3,5.0
314263,1,4.0
314327,10,3.5
314403,2,5.0
314425,1,5.0
314498,1,5.0
314503,1,4.0
314532,3,4.0
314554,1,5.0
314579,24,4.458333333333333
314601,1,4.0
314665,1,4.0
314667,1,5.0
314715,1,5.0
314719,2,5.0
314769,2,5.0
314785,5,4.4
314792,2,5.0
314818,1,5.0
314825,9,4.0
314830,2,4.5
314851,3,4.0
314983,3,3.3333333333333335
314988,8,4.875
315010,1,5.0
315028,1,3.0
315055,20,4.25
315084,4,5.0
315102,1,5.0
315124,3,4.666666666666667
315208,1,5.0
315219,1,5.0
315246,1,5.0
315269,5,4.4
315296,1,5.0
315301,3,5.0
315479,1,5.0
315500,2,5.0
315506,1,4.0
315565,103,4.640776699029126
315572,1,5.0
315600,1,5.0
315635,2,4.5
315660,1,4.0
315662,1,5.0
315671,3,4.333333333333333
315680,1,5.0
315684,1,5.0
315696,1,5.0
315797,1,5.0
315805,3,4.333333333333333
315806,3,4.666666666666667
315878,1,5.0
315897,1,0.0
315986,1,4.0
315989,2,5.0
316094,12,4.666666666666667
316098,1,5.0
316121,1,0.0
316136,2,3.0
316194,7,3.5714285714285716
316227,1,4.0
316233,9,4.888888888888889
316250,2,4.5
316274,1,5.0
316390,1,5.0
316396,3,4.0
316402,1,5.0
316453,5,4.8
316460,2,4.5
316469,4,3.75
316508,1,5.0
316510,1,5.0
316654,2,4.5
316717,20,4.55
316728,1,5.0
316765,4,5.0
316783,1,5.0
316809,8,4.625
316865,1,5.0
316921,5,5.0
317004,10,4.5
317017,1,5.0
317019,1,5.0
317067,3,3.3333333333333335
317109,3,3.3333333333333335
317137,1,5.0
317193,1,5.0
317195,4,5.0
317267,5,3.6
317367,2,5.0
317368,1,4.0
317411,1,5.0
317499,2,4.5
317509,2,2.5
317517,4,5.0
317560,3,4.666666666666667
317596,4,4.5
317606,4,4.75
317631,4,5.0
317686,1,5.0
317696,17,4.647058823529412
317712,1,5.0
317719,4,5.0
317770,2,5.0
317782,1,5.0
317809,1,5.0
317903,1,0.0
317913,1,5.0
317934,4,5.0
317938,1,5.0
317996,2,5.0
318006,1,5.0
318028,3,5.0
318063,1,5.0
318106,1,4.0
318139,8,4.375
318158,1,5.0
318225,7,4.285714285714286
318235,21,4.0
318236,5,3.8
318262,24,4.75
318272,3,4.666666666666667
318315,1,5.0
318369,1,5.0
318449,2,5.0
318508,1,5.0
318660,1,5.0
318668,1,5.0
318711,1,5.0
318720,1,5.0
318894,1,5.0
319050,1,5.0
319084,1,0.0
319085,1,2.0
319143,1,5.0
319151,1,5.0
319189,1,5.0
319265,2,5.0
319275,1,5.0
319411,1,5.0
319459,1,5.0
319539,1,5.0
319544,3,5.0
319577,1,5.0
319586,1,5.0
319609,6,5.0
319639,1,5.0
319658,2,5.0
319738,18,3.9444444444444446
319771,1,5.0
319847,1,4.0
319854,1,5.0
319855,2,3.0
319859,1,5.0
319881,1,5.0
319908,1,5.0
319943,7,4.571428571428571
320081,1,5.0
320096,2,2.0
320137,3,3.0
320151,1,5.0
320216,1,5.0
320245,2,5.0
320264,1,2.0
320294,2,4.5
320336,5,4.2
320409,2,5.0
320427,7,5.0
320449,2,4.5
320466,1,5.0
320510,1,5.0
320549,2,4.5
320562,2,5.0
320577,2,4.0
320586,1,5.0
320611,1,5.0
320625,1,3.0
320639,1,5.0
320640,3,4.333333333333333
320693,2,2.5
320767,1,5.0
320775,7,4.142857142857143
320823,1,4.0
320837,3,5.0
320840,1,4.0
320843,6,5.0
320849,9,3.3333333333333335
320870,7,4.142857142857143
320930,1,5.0
320933,1,5.0
320982,2,5.0
320994,3,4.333333333333333
321074,1,0.0
321078,4,4.5
321163,1,5.0
321170,1,5.0
321227,6,4.166666666666667
321321,1,5.0
321330,2,4.0
321371,2,5.0
321445,1,5.0
321555,2,5.0
321651,1,5.0
321733,1,5.0
321816,1,5.0
321820,16,4.5625
321879,5,5.0
321908,2,5.0
321965,1,5.0
321999,15,4.533333333333333
322045,2,4.5
322057,1,5.0
322080,2,3.5
322091,3,5.0
322111,1,5.0
322217,1,0.0
322257,1,5.0
322258,1,5.0
322262,1,5.0
322326,12,4.666666666666667
322380,1,4.0
322381,26,3.5
322410,1,5.0
322424,1,4.0
322435,1,5.0
322453,7,3.7142857142857144
322520,1,5.0
322523,1,5.0
322548,11,4.090909090909091
322623,1,5.0
322703,1,3.0
322754,4,4.5
322872,1,5.0
322951,1,4.0
322953,1,5.0
323048,1,5.0
323061,1,5.0
323078,3,3.0
323099,1,5.0
323107,3,5.0
323116,1,5.0
323120,1,5.0
323134,3,5.0
323143,1,5.0
323144,2,4.5
323186,105,4.9714285714285715
323249,1,5.0
323294,1,5.0
323328,5,4.8
323355,2,5.0
323389,15,4.066666666666666
323411,1,5.0
323420,1,5.0
323545,10,4.8
323555,1,4.0
323579,2,5.0
323607,1,5.0
323627,1,5.0
323722,1,3.0
323752,2,5.0
323769,4,4.5
323795,1,5.0
323832,1,5.0
323933,1,5.0
324017,2,2.0
324046,1,5.0
324075,1,5.0
324077,1,1.0
324133,1,0.0
324136,15,4.533333333333333
324158,1,4.0
324162,1,5.0
324212,1,5.0
324222,1,5.0
324262,1,4.0
324281,2,4.5
324309,1,4.0
324360,1,5.0
324379,1,5.0
324390,96,4.895833333333333
324396,1,4.0
324433,1,5.0
324470,3,3.3333333333333335
324528,1,5.0
324541,3,3.3333333333333335
324566,1,5.0
324585,1,5.0
324612,1,5.0
324621,34,4.676470588235294
324629,1,4.0
324644,1,5.0
324677,10,4.5
324733,3,5.0
324790,10,4.4
324840,6,4.833333333333333
324871,1,5.0
324899,1,4.0
324968,1,5.0
324993,1,5.0
325047,1,5.0
325051,1,2.0
325147,5,4.8
325154,5,5.0
325197,1,4.0
325290,2,5.0
325318,6,3.6666666666666665
325354,2,5.0
325359,1,5.0
325370,1,4.0
325432,1,3.0
325436,1,5.0
325503,1,5.0
325538,2,5.0
325548,1,4.0
325630,1,5.0
325652,1,5.0
325654,1,4.0
325703,4,5.0
325801,1,5.0
325816,14,4.214285714285714
325900,2,5.0
325901,1,4.0
325909,2,5.0
325910,1,1.0
325945,1,5.0
325980,1,5.0
326039,7,4.857142857142857
326044,1,5.0
326051,2,4.5
326084,2,5.0
326176,1,5.0
326183,1,5.0
326203,1,5.0
326211,1,5.0
326216,1,4.0
326235,1,5.0
326327,2,5.0
326339,1,5.0
326357,1,5.0
326375,1,5.0
326420,1,5.0
326427,1,5.0
326430,2,4.5
326437,1,4.0
326438,1,5.0
326442,2,5.0
326468,2,5.0
326510,1,5.0
326523,2,5.0
326540,5,4.8
326543,8,5.0
326581,1,5.0
326680,1,5.0
326735,1,4.0
326744,1,5.0
326787,18,4.444444444444445
326830,1,5.0
326879,1,5.0
326970,3,5.0
326985,1,1.0
327002,1,5.0
327004,2,5.0
327005,2,5.0
327106,1,3.0
327115,5,4.8
327144,1,5.0
327159,1,4.0
327194,1,0.0
327228,1,5.0
327268,2,5.0
327269,2,5.0
327281,5,4.2
327338,1,5.0
327351,2,5.0
327371,1,5.0
327382,1,0.0
327445,8,4.75
327496,1,5.0
327503,1,5.0
327513,1,5.0
327543,1,5.0
327587,2,4.5
327600,11,4.0
327650,1,0.0
327682,1,5.0
327703,1,4.0
327711,2,5.0
327760,1,5.0
327863,2,2.5
327920,2,5.0
327931,1,5.0
327938,7,4.142857142857143
327973,1,5.0
327989,9,4.666666666666667
328023,1,5.0
328030,1,4.0
328048,11,4.363636363636363
328077,3,5.0
328085,1,4.0
328099,4,5.0
328154,1,4.0
328197,1,4.0
328235,12,4.5
328271,1,5.0
328283,1,5.0
328285,1,3.0
328289,1,4.0
328364,1,5.0
328371,1,5.0
328405,2,4.5
328429,1,5.0
328431,1,5.0
328467,11,4.7272727272727275
328504,1,5.0
328521,3,5.0
328542,5,4.0
328544,2,5.0
328557,1,5.0
328595,1,5.0
328599,1,5.0
328702,2,5.0
328718,1,5.0
328866,2,5.0
328909,13,4.0
328931,1,5.0
328933,2,4.5
328957,2,5.0
328974,1,5.0
329017,1,5.0
329087,1,5.0
329138,2,5.0
329162,1,4.0
329189,1,5.0
329192,1,5.0
329251,3,4.0
329282,2,5.0
329304,4,4.75
329324,3,5.0
329333,3,4.333333333333333
329378,1,5.0
329395,1,5.0
329402,2,5.0
329412,1,5.0
329429,5,4.2
329458,1,2.0
329499,1,5.0
329526,1,4.0
329554,3,5.0
329600,1,5.0
329618,3,4.666666666666667
329638,22,4.818181818181818
329663,1,0.0
329671,4,5.0
329753,8,4.5
329769,70,4.771428571428571
329778,1,5.0
329826,1,5.0
329829,1,5.0
329870,2,5.0
330064,1,5.0
330132,1,5.0
330157,3,4.666666666666667
330159,1,5.0
330279,2,4.5
330395,1,5.0
330505,24,4.208333333333333
330542,4,4.75
330545,78,4.512820512820513
330561,4,5.0
330563,1,5.0
330615,1,4.0
330763,1,0.0
330794,3,3.3333333333333335
330805,1,5.0
330818,1,5.0
330859,1,5.0
330889,1,5.0
330894,1,5.0
330900,1,5.0
330937,8,4.75
330947,1,5.0
331135,1,5.0
331168,1,5.0
331174,1,4.0
331223,3,4.666666666666667
331263,1,5.0
331268,1,5.0
331278,3,4.666666666666667
331304,1,5.0
331354,1,2.0
331472,9,4.444444444444445
331495,1,4.0
331505,1,3.0
331520,1,5.0
331557,16,4.3125
331572,2,5.0
331589,2,4.0
331641,1,5.0
331673,1,5.0
331817,6,5.0
331880,1,5.0
331918,4,4.75
331946,1,5.0
332044,1,5.0
332116,1,5.0
332161,1,0.0
332211,9,5.0
332251,1,5.0
332253,1,5.0
332296,1,5.0
332412,1,4.0
332564,2,5.0
332586,1,0.0
332668,1,5.0
332670,2,5.0
332701,1,5.0
332734,1,5.0
332799,1,5.0
332814,2,5.0
332843,4,4.75
332847,1,5.0
332878,2,4.5
332909,8,4.625
332937,1,5.0
332972,1,5.0
332987,1,5.0
333008,1,4.0
333017,58,4.120689655172414
333153,2,3.5
333192,1,3.0
333255,1,4.0
333329,1,5.0
333362,1,0.0
333374,1,5.0
333387,2,5.0
333391,1,5.0
333394,1,5.0
333456,1,5.0
333508,1,5.0
333518,1,1.0
333545,6,4.666666666666667
333549,2,3.5
333562,3,4.0
333581,1,4.0
333596,1,5.0
333611,1,5.0
333730,1,5.0
333750,1,5.0
333834,1,1.0
333840,4,5.0
333852,1,5.0
333959,3,5.0
333990,2,4.5
334010,10,4.9
334014,1,5.0
334060,4,3.25
334090,1,5.0
334126,2,1.5
334186,1,2.0
334213,1,5.0
334275,1,4.0
334307,1,4.0
334342,2,5.0
334449,1,5.0
334457,1,4.0
334533,1,5.0
334544,1,5.0
334558,1,5.0
334584,1,5.0
334628,3,5.0
334668,2,5.0
334680,1,5.0
334701,1,5.0
334736,1,4.0
334775,1,5.0
334864,1,5.0
334867,1,5.0
334915,1,5.0
334982,1,4.0
335122,1,5.0
335154,2,5.0
335156,1,5.0
335157,3,4.666666666666667
335178,1,4.0
335231,1,5.0
335277,10,4.6
335284,2,5.0
335326,3,5.0
335355,2,5.0
335363,1,0.0
335392,1,0.0
335396,1,0.0
335408,2,4.5
335469,2,4.0
335520,7,4.285714285714286
335570,2,5.0
335571,7,4.142857142857143
335606,8,3.75
335609,1,5.0
335614,11,4.7272727272727275
335672,1,5.0
335718,4,4.75
335737,18,4.666666666666667
335740,3,5.0
335783,1,5.0
335797,2,5.0
335855,3,5.0
335881,1,5.0
335920,1,2.0
335936,1,1.0
335944,2,5.0
335978,1,5.0
335993,2,3.0
335999,1,5.0
336009,1,5.0
336058,62,3.935483870967742
336118,1,5.0
336123,1,5.0
336145,2,0.0
336177,7,4.714285714285714
336334,1,4.0
336396,1,5.0
336467,1,5.0
336503,1,4.0
336540,4,4.25
336545,2,5.0
336550,1,5.0
336554,1,1.0
336563,5,3.0
336569,2,4.5
336582,2,5.0
336603,1,5.0
336652,1,4.0
336698,3,5.0
336700,1,5.0
336752,1,5.0
336790,1,5.0
336802,1,4.0
336825,1,5.0
336834,2,4.0
336872,1,5.0
336924,3,5.0
336982,1,5.0
337001,1,4.0
337011,1,5.0
337017,2,3.0
337053,1,5.0
337120,5,4.2
337167,1,4.0
337180,1,3.0
337229,1,5.0
337245,1,5.0
337256,1,4.0
337272,1,5.0
337301,1,5.0
337389,3,5.0
337449,2,5.0
337472,5,4.4
337519,1,5.0
337569,1,5.0
337620,1,5.0
337657,2,5.0
337668,17,4.705882352941177
337671,1,5.0
337678,4,5.0
337719,1,4.0
337785,2,5.0
337789,1,0.0
337822,1,4.0
337859,1,5.0
337881,1,5.0
337884,1,0.0
337925,2,5.0
337952,1,5.0
337963,71,3.76056338028169
337969,1,5.0
338081,1,5.0
338101,1,5.0
338232,2,5.0
338322,2,5.0
338323,1,5.0
338384,2,3.5
338401,1,5.0
338402,1,5.0
338435,1,4.0
338451,1,5.0
338478,4,5.0
338479,1,0.0
338515,2,5.0
338539,5,4.4
338609,1,5.0
338672,5,4.8
338765,1,3.0
338867,1,5.0
338906,1,4.0
339021,1,5.0
339025,2,5.0
339088,1,5.0
339142,2,4.0
339171,3,4.666666666666667
339209,1,5.0
339212,1,5.0
339228,1,5.0
339234,1,5.0
339239,3,3.6666666666666665
339260,56,4.839285714285714
339280,5,5.0
339293,2,5.0
339346,3,4.666666666666667
339406,1,5.0
339463,1,5.0
339498,1,2.0
339500,1,5.0
339506,1,5.0
339544,2,4.5
339569,5,4.6
339577,1,0.0
339661,2,4.0
339672,1,5.0
339674,1,5.0
339675,1,5.0
339705,1,5.0
339733,1,5.0
339766,1,5.0
339822,1,5.0
339824,1,3.0
339852,1,5.0
339887,1,4.0
339953,1,5.0
340003,1,5.0
340031,1,5.0
340055,1,5.0
340099,2,5.0
340114,2,0.0
340128,1,5.0
340130,34,4.9411764705882355
340141,38,4.368421052631579
340169,4,4.75
340199,2,2.5
340223,1,4.0
340272,1,5.0
340312,1,4.0
340438,1,5.0
340445,2,5.0
340503,9,4.555555555555555
340516,1,5.0
340533,1,0.0
340552,1,5.0
340570,4,4.0
340576,4,5.0
340587,1,5.0
340598,1,5.0
340649,1,5.0
340683,3,4.666666666666667
340752,1,5.0
340776,2,5.0
340802,2,4.5
340843,5,5.0
340847,8,4.625
340881,2,4.5
340980,7,4.0
340994,3,4.666666666666667
341012,1,5.0
341064,1,5.0
341072,1,5.0
341091,1,5.0
341135,4,5.0
341136,1,5.0
341142,5,4.8
341147,1,0.0
341161,2,3.0
341164,1,5.0
341170,26,4.346153846153846
341238,1,1.0
341242,1,5.0
341249,1,5.0
341338,8,4.75
341344,18,4.666666666666667
341435,1,5.0
341461,1,5.0
341474,4,5.0
341478,1,4.0
341486,1,5.0
341513,10,4.5
341519,1,5.0
341537,1,2.0
341552,1,4.0
341634,1,5.0
341664,1,5.0
341691,1,5.0
341693,1,5.0
341782,1,5.0
341784,1,5.0
341806,1,5.0
341867,2,2.0
341885,1,5.0
341957,1,3.0
341988,1,4.0
342082,2,5.0
342085,1,5.0
342091,2,3.5
342151,1,2.0
342156,1,4.0
342196,1,5.0
342220,1,0.0
342234,1,5.0
342275,1,5.0
342289,1,5.0
342432,3,4.666666666666667
342456,4,4.5
342468,2,5.0
342524,1,0.0
342537,1,4.0
342546,2,4.5
342556,1,0.0
342580,2,5.0
342663,1,5.0
342759,1,5.0
342761,1,4.0
342784,2,5.0
342826,1,5.0
342855,1,5.0
342878,2,5.0
343028,4,5.0
343039,8,5.0
343044,1,4.0
343046,1,5.0
343160,1,5.0
343165,1,5.0
343228,7,4.142857142857143
343243,1,5.0
343261,1,5.0
343262,4,5.0
343299,1,5.0
343331,1,4.0
343633,1,5.0
343641,1,4.0
343668,1,5.0
343679,5,5.0
343721,1,5.0
343792,2,4.5
343810,1,5.0
343824,1,3.0
343847,2,5.0
343876,3,4.333333333333333
343937,1,4.0
343958,2,4.0
343965,1,5.0
343981,2,4.5
344022,4,5.0
344069,4,5.0
344083,2,5.0
344087,16,4.625
344146,2,5.0
344177,1,3.0
344199,1,5.0
344231,35,4.314285714285714
344260,1,5.0
344288,1,0.0
344291,1,5.0
344324,1,5.0
344369,1,5.0
344378,1,5.0
344404,1,5.0
344408,2,5.0
344484,1,5.0
344494,1,5.0
344511,1,5.0
344715,1,5.0
344716,3,4.666666666666667
344762,1,5.0
344806,1,5.0
344826,1,5.0
344850,1,4.0
344938,6,4.5
344975,1,5.0
345039,2,5.0
345060,3,4.666666666666667
345095,1,5.0
345110,2,3.0
345142,2,3.0
345176,1,5.0
345179,1,4.0
345234,8,5.0
345277,1,5.0
345290,1,4.0
345297,1,5.0
345315,2,5.0
345318,1,5.0
345380,5,4.4
345387,1,5.0
345417,1,5.0
345446,6,5.0
345542,1,5.0
345569,22,4.181818181818182
345591,1,4.0
345617,2,4.0
345629,1,5.0
345648,1,5.0
345696,1,5.0
345721,1,5.0
345731,7,4.428571428571429
345736,1,4.0
345756,3,4.333333333333333
345776,1,5.0
345780,3,5.0
345786,1,5.0
345791,1,5.0
345848,1,5.0
345852,4,4.75
345884,1,5.0
345900,1,5.0
345904,1,5.0
345907,2,5.0
345915,7,3.5714285714285716
345969,1,4.0
345992,1,5.0
346041,1,5.0
346093,1,5.0
346105,1,4.0
346128,1,5.0
346131,1,5.0
346221,6,3.1666666666666665
346241,1,5.0
346327,2,5.0
346338,1,5.0
346353,3,5.0
346363,1,5.0
346368,1,5.0
346383,6,4.166666666666667
346413,1,0.0
346484,1,5.0
346497,1,1.0
346514,4,5.0
346576,7,4.857142857142857
346638,1,4.0
346681,1,5.0
346694,3,4.666666666666667
346696,1,5.0
346788,2,3.0
346860,22,4.5
346862,1,5.0
346866,1,1.0
346870,1,5.0
346874,3,5.0
346877,1,5.0
346919,2,1.0
346936,1,4.0
347016,3,4.666666666666667
347025,1,5.0
347078,2,5.0
347124,5,4.6
347136,1,2.0
347160,5,4.6
347176,1,5.0
347233,1,5.0
347246,8,4.875
347262,1,5.0
347287,1,5.0
347327,1,4.0
347347,1,5.0
347367,1,0.0
347441,1,5.0
347468,1,4.0
347536,4,4.75
347591,1,4.0
347631,1,5.0
347758,1,4.0
347774,1,4.0
347778,1,5.0
347822,16,4.125
347824,1,3.0
347873,2,5.0
347879,5,2.4
347909,6,4.0
347922,2,2.5
347934,1,5.0
347941,2,3.0
347979,1,4.0
348061,1,3.0
348068,2,5.0
348174,2,5.0
348192,3,4.666666666666667
348247,1,5.0
348256,2,2.5
348302,1,5.0
348402,4,4.5
348413,4,4.25
348437,7,4.571428571428571
348478,1,5.0
348506,1,5.0
348523,1,5.0
348596,1,5.0
348693,1,5.0
348718,1,4.0
348777,1,5.0
348792,1,1.0
348803,1,4.0
348885,1,4.0
348904,2,2.5
348908,1,5.0
348926,3,5.0
348991,1,5.0
349017,1,2.0
349030,1,5.0
349058,1,5.0
349071,3,4.666666666666667
349093,1,5.0
349138,1,5.0
349168,2,5.0
349172,5,5.0
349192,1,5.0
349201,1,5.0
349233,1,5.0
349315,1,5.0
349321,1,5.0
349408,1,5.0
349446,2,5.0
349461,1,5.0
349470,1,5.0
349582,1,5.0
349587,1,4.0
349679,2,1.0
349696,1,5.0
349739,1,5.0
349750,1,5.0
349752,1,5.0
349759,1,5.0
349800,5,5.0
349819,4,3.25
349821,1,5.0
349864,1,5.0
349879,1,5.0
349974,2,5.0
349991,3,5.0
350018,4,5.0
350019,1,5.0
350029,1,4.0
350048,3,4.333333333333333
350049,1,4.0
350108,1,5.0
350126,1,5.0
350140,1,5.0
350205,1,5.0
350223,1,5.0
350240,1,5.0
350254,1,5.0
350334,1,5.0
350375,1,5.0
350386,1,5.0
350408,1,5.0
350442,1,5.0
350449,1,4.0
350456,1,5.0
350471,1,5.0
350577,4,3.5
350584,1,5.0
350602,3,5.0
350625,1,5.0
350627,6,4.333333333333333
350629,2,5.0
350638,1,5.0
350750,36,4.638888888888889
350764,1,5.0
350769,1,5.0
350812,18,4.111111111111111
350829,2,5.0
350854,1,5.0
350897,4,4.75
350910,1,5.0
350921,1,3.0
350938,26,4.884615384615385
350953,2,4.5
351098,1,5.0
351160,1,5.0
351205,2,4.5
351215,1,1.0
351250,1,5.0
351263,1,5.0
351287,2,5.0
351321,3,3.6666666666666665
351338,1,4.0
351344,1,5.0
351371,1,4.0
351375,1,5.0
351386,2,5.0
351525,1,5.0
351533,1,5.0
351578,8,4.625
351614,2,4.5
351647,1,4.0
351661,2,5.0
351694,1,4.0
351711,1,4.0
351789,1,5.0
351810,2,4.5
351811,32,4.96875
351819,1,5.0
351841,1,5.0
351844,1,3.0
351949,1,5.0
351950,1,5.0
351985,1,5.0
352005,2,4.5
352090,1,5.0
352132,2,4.5
352243,1,5.0
352271,9,5.0
352345,4,4.75
352389,1,5.0
352456,1,5.0
352483,1,5.0
352487,3,4.333333333333333
352538,16,4.0625
352658,1,5.0
352678,2,3.0
352710,1,5.0
352720,1,5.0
352738,1,5.0
352746,1,5.0
352814,19,4.421052631578948
352834,2,5.0
352845,3,5.0
352932,1,4.0
352989,1,5.0
353040,1,5.0
353069,1,5.0
353076,1,5.0
353108,1,5.0
353131,28,4.857142857142857
353174,1,5.0
353195,1,3.0
353205,5,5.0
353306,1,5.0
353313,1,5.0
353330,1,4.0
353379,16,4.4375
353381,6,4.5
353394,2,5.0
353412,1,5.0
353459,1,5.0
353485,13,3.769230769230769
353491,10,4.7
353492,8,4.5
353503,1,5.0
353536,2,4.0
353558,1,4.0
353561,1,5.0
353579,68,4.8088235294117645
353659,6,4.833333333333333
353685,1,5.0
353706,1,5.0
353708,3,4.333333333333333
353734,1,3.0
353750,1,5.0
353789,2,5.0
353846,3,4.666666666666667
353911,1,5.0
353913,1,5.0
353934,2,5.0
353942,1,5.0
353973,1,5.0
353985,1,5.0
354015,1,5.0
354019,1,4.0
354028,1,4.0
354130,1,5.0
354135,2,5.0
354140,2,5.0
354166,1,5.0
354184,2,4.5
354185,1,5.0
354215,1,5.0
354224,1,5.0
354295,6,4.5
354328,1,5.0
354413,2,5.0
354465,8,4.25
354492,1,5.0
354522,1,5.0
354528,1,5.0
354540,14,4.928571428571429
354563,1,4.0
354580,1,5.0
354628,4,5.0
354638,1,5.0
354675,24,4.916666666666667
354689,3,4.333333333333333
354709,1,1.0
354714,2,5.0
354758,2,5.0
354789,1,5.0
354798,1,1.0
354800,1,5.0
354835,1,5.0
354863,1,5.0
354878,2,5.0
354881,2,4.5
354934,5,4.0
354974,2,5.0
355021,1,5.0
355058,1,5.0
355144,1,0.0
355148,3,5.0
355234,1,5.0
355237,1,4.0
355268,1,3.0
355272,1,5.0
355282,8,4.125
355325,1,5.0
355402,1,5.0
355420,3,5.0
355455,1,4.0
355508,1,1.0
355517,1,5.0
355531,3,3.3333333333333335
355612,1,5.0
355621,3,4.666666666666667
355637,23,4.0
355647,1,5.0
355656,1,5.0
355694,3,5.0
355698,1,5.0
355702,9,5.0
355716,1,5.0
355730,1,4.0
355769,1,5.0
355817,2,2.5
355838,1,4.0
355840,1,5.0
355854,1,4.0
355885,9,4.444444444444445
355902,1,5.0
355905,1,5.0
355920,2,4.0
355944,9,4.444444444444445
355997,2,3.0
356034,2,4.5
356057,1,5.0
356062,54,4.87037037037037
356097,2,5.0
356127,14,4.785714285714286
356167,1,5.0
356185,1,5.0
356275,1,5.0
356298,1,5.0
356345,2,2.5
356351,1,4.0
356355,1,5.0
356381,1,5.0
356433,1,5.0
356476,1,4.0
356515,1,4.0
356600,1,5.0
356609,1,5.0
356620,3,5.0
356638,1,5.0
356713,4,4.5
356764,4,5.0
356825,1,5.0
356850,8,4.875
356883,1,5.0
356892,1,0.0
356966,1,5.0
356986,2,5.0
356992,1,5.0
356995,1,5.0
357071,16,4.6875
357096,1,4.0
357117,1,3.0
357210,1,5.0
357245,1,5.0
357257,1,4.0
357272,1,5.0
357293,3,3.0
357297,1,5.0
357323,7,5.0
357333,1,5.0
357358,28,4.5
357389,3,4.666666666666667
357496,1,5.0
357543,1,5.0
357554,4,4.75
357560,1,5.0
357567,3,5.0
357578,1,5.0
357591,1,3.0
357606,1,3.0
357723,4,4.75
357757,1,5.0
357761,1,5.0
357794,1,5.0
357842,1,5.0
357892,1,5.0
357895,1,4.0
357938,2,5.0
357949,1,5.0
357979,1,3.0
357987,6,4.166666666666667
358095,14,4.357142857142857
358191,1,5.0
358201,1,5.0
358284,2,4.0
358304,1,5.0
358335,2,0.0
358350,1,5.0
358475,1,5.0
358483,1,5.0
358489,1,5.0
358513,15,4.533333333333333
358522,1,5.0
358544,7,5.0
358572,1,5.0
358596,2,3.0
358624,2,4.5
358671,1,5.0
358681,2,5.0
358698,19,4.631578947368421
358710,1,4.0
358740,1,5.0
358796,28,4.5
358811,1,5.0
358836,3,4.333333333333333
358838,1,4.0
358857,1,4.0
358867,2,5.0
358870,3,4.0
358910,1,5.0
358921,1,4.0
359004,1,4.0
359121,1,5.0
359137,1,5.0
359166,4,4.5
359220,30,4.166666666666667
359226,2,5.0
359284,3,5.0
359363,1,5.0
359369,2,5.0
359395,2,5.0
359430,1,4.0
359433,1,5.0
359533,4,4.0
359553,8,4.75
359615,1,3.0
359627,2,5.0
359707,1,3.0
359716,1,5.0
359717,3,4.333333333333333
359724,5,4.8
359734,1,0.0
359743,1,2.0
359746,1,4.0
359759,1,5.0
359804,2,5.0
359820,1,4.0
359833,1,5.0
359835,1,5.0
359874,1,5.0
359891,1,5.0
359899,1,5.0
359934,1,5.0
359936,12,4.416666666666667
359940,2,5.0
360030,10,4.6
360031,1,5.0
360080,4,3.25
360127,3,4.666666666666667
360132,1,5.0
360211,1,5.0
360213,1,5.0
360229,1,5.0
360321,2,5.0
360369,5,4.6
360417,1,5.0
360437,33,4.606060606060606
360438,1,5.0
360441,1,5.0
360471,4,4.75
360475,1,5.0
360516,1,5.0
360573,1,5.0
360587,1,4.0
360611,1,5.0
360629,1,5.0
360674,2,5.0
360730,2,5.0
360768,1,5.0
360813,3,5.0
360823,1,4.0
360899,1,5.0
360965,1,0.0
360997,1,1.0
361041,5,5.0
361069,2,5.0
361104,1,5.0
361170,2,5.0
361186,3,4.333333333333333
361190,1,1.0
361229,1,5.0
361238,1,3.0
361452,1,5.0
361489,8,4.625
361518,1,5.0
361626,1,3.0
361660,1,3.0
361680,1,5.0
361719,2,4.5
361724,1,5.0
361732,1,2.0
361734,1,5.0
361856,1,5.0
361893,1,1.0
361931,30,4.7
361939,1,5.0
361941,1,5.0
361996,4,5.0
362034,1,5.0
362061,1,5.0
362075,1,5.0
362080,1,5.0
362160,1,3.0
362184,2,4.0
362206,4,5.0
362212,1,3.0
362213,1,5.0
362238,1,4.0
362357,1,5.0
362368,1,5.0
362499,3,5.0
362546,5,4.0
362584,1,5.0
362590,1,4.0
362653,1,5.0
362656,2,5.0
362734,11,5.0
362755,3,5.0
362788,1,4.0
362817,1,5.0
362819,3,4.0
362886,1,4.0
362892,2,5.0
362919,21,4.619047619047619
362983,27,4.518518518518518
362986,8,4.375
363038,1,5.0
363055,29,4.827586206896552
363063,1,5.0
363073,1,5.0
363149,3,3.3333333333333335
363172,1,5.0
363221,1,3.0
363302,1,5.0
363354,1,5.0
363393,1,5.0
363420,4,4.75
363554,2,5.0
363556,1,5.0
363690,1,5.0
363759,2,4.5
363766,1,5.0
363783,1,5.0
363813,2,5.0
363830,1,5.0
363860,1,5.0
363888,1,5.0
363898,1,5.0
363962,8,5.0
363979,1,4.0
364014,1,5.0
364056,1,5.0
364099,1,5.0
364127,1,3.0
364143,2,5.0
364144,1,5.0
364168,1,5.0
364186,2,4.5
364210,1,4.0
364211,18,4.444444444444445
364321,2,4.0
364326,2,0.0
364410,1,5.0
364433,9,4.444444444444445
364449,1,5.0
364493,1,5.0
364551,1,4.0
364668,1,5.0
364685,12,3.8333333333333335
364785,1,5.0
364826,1,5.0
364832,1,5.0
364838,2,5.0
364863,4,4.75
364946,2,5.0
364968,1,5.0
364980,1,5.0
365059,1,4.0
365084,2,5.0
365151,1,5.0
365178,2,5.0
365184,1,4.0
365191,1,2.0
365242,3,5.0
365298,1,4.0
365315,1,5.0
365368,3,5.0
365429,7,3.7142857142857144
365441,1,4.0
365444,1,4.0
365456,1,5.0
365465,1,4.0
365500,1,5.0
365503,2,4.5
365507,3,5.0
365540,1,5.0
365545,5,4.6
365665,1,3.0
365770,1,4.0
366048,10,4.2
366111,1,5.0
366118,3,4.666666666666667
366165,1,5.0
366193,1,5.0
366251,1,5.0
366275,1,5.0
366284,1,5.0
366373,1,5.0
366385,5,5.0
366396,8,4.625
366465,4,4.5
366487,7,4.714285714285714
366542,1,4.0
366559,1,5.0
366613,1,5.0
366672,9,5.0
366673,2,2.5
366708,1,0.0
366730,2,4.0
366781,12,4.666666666666667
366862,1,5.0
366864,1,5.0
366914,20,4.8
366916,1,5.0
366943,8,4.625
366945,1,5.0
366995,1,5.0
367022,1,4.0
367023,2,3.5
367081,1,5.0
367129,1,5.0
367136,1,4.0
367159,1,5.0
367164,4,4.5
367208,1,5.0
367361,2,5.0
367364,2,5.0
367392,1,5.0
367397,1,4.0
367430,2,3.0
367474,3,5.0
367711,2,4.5
367745,1,0.0
367753,2,4.5
367826,1,5.0
367901,1,5.0
367916,1,5.0
368044,1,5.0
368048,1,5.0
368078,24,4.958333333333333
368137,1,0.0
368139,2,4.5
368165,5,4.4
368176,1,5.0
368231,1,5.0
368240,1,5.0
368257,1,5.0
368277,7,4.0
368300,6,5.0
368305,1,5.0
368385,1,5.0
368410,1,3.0
368483,1,3.0
368572,1,5.0
368594,4,5.0
368609,3,4.333333333333333
368632,1,5.0
368732,2,4.5
368768,1,5.0
368787,1,5.0
368823,1,5.0
368843,1,5.0
368868,1,5.0
368882,2,4.5
368897,11,4.636363636363637
368902,1,5.0
369001,1,5.0
369018,3,3.0
369047,1,3.0
369087,1,5.0
369112,3,4.0
369118,3,4.666666666666667
369159,1,5.0
369264,10,4.5
369274,1,5.0
369277,1,3.0
369284,4,5.0
369309,1,5.0
369363,4,5.0
369386,4,5.0
369525,3,4.666666666666667
369558,5,4.8
369566,1,4.0
369584,2,3.0
369597,3,5.0
369603,1,5.0
369672,1,4.0
369698,1,5.0
369699,1,4.0
369705,1,5.0
369715,228,4.201754385964913
369734,1,5.0
369747,1,5.0
369766,1,5.0
369849,2,5.0
369876,1,4.0
369890,2,4.5
369925,1,5.0
369952,1,5.0
369956,6,4.833333333333333
369975,1,5.0
369989,1,5.0
370049,1,5.0
370077,1,5.0
370123,1,4.0
370143,1,3.0
370200,5,4.8
370215,2,4.0
370226,1,4.0
370301,1,4.0
370315,2,3.5
370321,1,5.0
370332,2,5.0
370375,1,5.0
370447,3,5.0
370541,1,5.0
370632,1,5.0
370660,1,5.0
370903,1,5.0
370907,12,4.333333333333333
370914,1,5.0
370959,1,5.0
371055,3,5.0
371082,2,3.5
371096,7,4.0
371105,2,5.0
371126,1,5.0
371146,2,5.0
371302,1,4.0
371309,1,0.0
371350,6,5.0
371351,1,5.0
371423,1,4.0
371481,1,4.0
371495,1,5.0
371497,2,5.0
371502,1,5.0
371522,1,5.0
371590,1,5.0
371614,1,5.0
371672,2,4.5
371738,21,4.142857142857143
371740,2,2.5
371746,1,5.0
371769,1,5.0
371785,2,2.5
371832,1,5.0
371844,1,5.0
371850,1,4.0
371891,1,4.0
372134,1,5.0
372162,1,5.0
372163,4,3.5
372185,10,5.0
372306,1,0.0
372395,2,4.0
372407,2,4.0
372438,4,5.0
372504,1,5.0
372553,1,5.0
372643,1,5.0
372732,1,5.0
372791,6,4.5
372937,5,4.2
373006,1,5.0
373018,13,3.6153846153846154
373020,18,4.388888888888889
373083,4,5.0
373178,2,0.0
373183,1,4.0
373245,1,5.0
373328,1,0.0
373330,1,5.0
373349,1,5.0
373404,5,3.2
373495,19,4.7894736842105265
373542,1,3.0
373552,1,5.0
373790,4,3.75
373817,16,5.0
373839,1,5.0
373946,1,5.0
373949,1,5.0
373976,1,5.0
373992,4,4.25
373998,1,5.0
374008,1,5.0
374043,1,5.0
374084,2,5.0
374195,1,4.0
374241,2,4.0
374281,2,5.0
374416,12,4.416666666666667
374482,1,5.0
374498,6,3.3333333333333335
374506,3,4.666666666666667
374520,12,4.75
374633,1,5.0
374636,1,5.0
374685,1,5.0
374696,1,5.0
374717,2,5.0
374752,1,5.0
374866,1,3.0
374891,1,5.0
375018,1,5.0
375029,1,5.0
375077,3,5.0
375106,1,5.0
375111,8,4.75
375146,1,5.0
375186,3,4.666666666666667
375244,1,1.0
375329,1,5.0
375375,1,0.0
375404,1,5.0
375411,1,5.0
375439,1,5.0
375519,1,5.0
375681,2,4.0
375730,7,3.4285714285714284
375756,1,5.0
375776,2,4.0
375798,2,5.0
375844,1,5.0
375861,1,5.0
375884,1,5.0
375894,2,5.0
375910,1,5.0
375965,1,4.0
375987,1,5.0
376028,1,5.0
376051,1,5.0
376075,1,4.0
376098,29,4.724137931034483
376122,4,3.75
376189,11,4.363636363636363
376300,1,5.0
376347,2,5.0
376351,1,5.0
376418,1,3.0
376431,1,5.0
376453,1,2.0
376454,1,5.0
376493,1,5.0
376560,1,5.0
376580,1,5.0
376616,1,5.0
376637,1,0.0
376675,1,5.0
376704,2,5.0
376712,3,4.666666666666667
376781,2,2.0
376850,1,5.0
376851,1,4.0
376986,14,3.642857142857143
377034,1,5.0
377039,14,4.571428571428571
377070,16,4.75
377077,2,3.0
377079,1,5.0
377092,1,5.0
377161,17,4.9411764705882355
377171,1,5.0
377202,2,5.0
377253,1,5.0
377281,1,4.0
377366,3,5.0
377499,14,4.5
377546,1,5.0
377554,1,4.0
377581,21,4.285714285714286
377657,1,5.0
377712,5,4.8
377718,2,5.0
377733,1,5.0
377760,1,3.0
377765,1,5.0
377877,1,5.0
377891,1,5.0
377929,8,3.75
377959,1,3.0
378037,1,5.0
378058,1,5.0
378091,1,5.0
378239,2,5.0
378258,4,4.75
378294,1,3.0
378337,1,5.0
378352,1,5.0
378385,1,5.0
378429,2,5.0
378459,1,3.0
378487,1,0.0
378488,6,5.0
378493,1,5.0
378534,1,5.0
378553,4,5.0
378574,2,2.5
378615,2,5.0
378624,5,4.4
378626,1,5.0
378668,1,5.0
378702,3,4.666666666666667
378710,11,4.545454545454546
378797,1,5.0
378817,1,5.0
378848,1,4.0
378965,1,5.0
378978,1,5.0
379007,1,5.0
379033,14,4.571428571428571
379050,1,5.0
379138,1,4.0
379169,1,2.0
379218,1,5.0
379249,1,5.0
379329,1,5.0
379453,5,3.8
379638,1,5.0
379750,1,0.0
379836,1,5.0
379862,1,5.0
379985,1,5.0
380031,1,4.0
380039,2,5.0
380045,1,4.0
380081,2,2.5
380105,1,1.0
380162,10,2.6
380275,1,5.0
380358,3,3.3333333333333335
380439,1,5.0
380461,1,5.0
380466,10,4.9
380469,1,5.0
380473,1,5.0
380547,5,2.8
380561,1,1.0
380605,2,5.0
380644,3,5.0
380667,2,4.5
380720,1,5.0
380723,2,5.0
380780,3,5.0
380862,1,5.0
381040,1,5.0
381047,9,5.0
381121,1,5.0
381180,28,4.642857142857143
381241,1,4.0
381301,1,4.0
381333,2,5.0
381389,1,2.0
381411,1,5.0
381465,1,5.0
381471,1,5.0
381538,4,4.75
381551,1,5.0
381574,2,5.0
381619,1,5.0
381666,1,5.0
381722,1,0.0
381740,4,4.0
381754,1,5.0
381760,2,4.5
381828,1,1.0
381871,1,5.0
382007,1,3.0
382061,1,0.0
382071,91,4.153846153846154
382091,1,5.0
382123,7,5.0
382147,1,5.0
382203,19,3.9473684210526314
382212,1,5.0
382216,1,5.0
382280,3,3.3333333333333335
382322,1,5.0
382364,6,4.333333333333333
382380,1,5.0
382431,1,5.0
382438,1,5.0
382452,1,5.0
382464,6,4.833333333333333
382530,1,5.0
382559,1,4.0
382631,2,5.0
382659,1,5.0
382709,1,5.0
382720,1,5.0
382840,1,4.0
382899,2,4.0
382915,1,5.0
382999,8,4.0
383114,2,4.5
383143,3,4.666666666666667
383162,1,4.0
383206,2,4.5
383207,2,3.5
383243,1,5.0
383295,1,5.0
383346,356,4.783707865168539
383359,2,5.0
383397,1,4.0
383563,1,5.0
383652,1,5.0
383795,17,4.176470588235294
383853,50,4.7
383877,3,5.0
383921,1,1.0
383962,3,4.666666666666667
384041,17,4.352941176470588
384088,4,5.0
384133,1,5.0
384210,6,4.666666666666667
384270,1,5.0
384384,1,5.0
384390,1,5.0
384442,1,4.0
384507,1,2.0
384510,1,5.0
384541,5,3.8
384552,1,5.0
384555,1,4.0
384657,5,2.6
384728,1,4.0
384777,1,5.0
384827,1,5.0
384918,4,5.0
384923,2,5.0
384959,3,2.0
385119,1,5.0
385165,1,5.0
385169,2,4.5
385192,1,5.0
385309,1,5.0
385325,1,5.0
385415,1,2.0
385423,11,4.454545454545454
385457,1,0.0
385661,2,5.0
385665,1,5.0
385678,16,4.9375
385696,1,4.0
385761,2,4.5
385919,2,5.0
385921,1,0.0
385934,1,5.0
385999,12,4.75
386022,1,5.0
386092,1,5.0
386126,2,5.0
386380,1,5.0
386444,1,5.0
386447,4,5.0
386585,114,4.62280701754386
386744,1,5.0
386839,1,5.0
386849,19,4.473684210526316
386861,1,5.0
386936,2,5.0
387283,1,5.0
387302,1,5.0
387559,1,5.0
387583,1,0.0
387598,2,2.5
387626,1,5.0
387708,1,2.0
387725,1,2.0
387750,1,4.0
387819,1,5.0
387836,1,5.0
387856,1,5.0
387912,5,4.8
387942,1,5.0
388013,1,5.0
388033,1,5.0
388044,1,5.0
388075,1,4.0
388155,1,5.0
388205,1,5.0
388280,1,1.0
388313,1,5.0
388336,2,4.5
388414,6,4.833333333333333
388615,1,5.0
388651,1,5.0
388822,2,5.0
388848,1,1.0
388905,1,5.0
388907,1,4.0
388909,1,5.0
389195,1,5.0
389215,2,4.5
389347,1,5.0
389408,2,5.0
389431,10,3.5
389439,1,0.0
389577,1,5.0
389613,1,5.0
389683,4,3.25
389884,1,5.0
390058,10,4.7
390074,1,0.0
390127,1,5.0
390420,3,4.666666666666667
390502,1,5.0
390553,1,4.0
390859,6,4.833333333333333
390873,1,0.0
390934,1,5.0
391008,1,4.0
391048,19,4.684210526315789
391215,1,4.0
391318,1,5.0
391444,1,5.0
391459,2,4.5
391467,4,4.75
391505,1,5.0
391521,1,5.0
391624,1,5.0
391666,3,5.0
391752,1,4.0
391817,1,4.0
391957,1,5.0
391982,1,4.0
392230,14,4.642857142857143
392578,1,5.0
392739,7,4.857142857142857
392858,3,5.0
392899,1,4.0
392945,1,5.0
392984,2,5.0
392995,1,5.0
393137,1,5.0
393149,1,5.0
393234,1,1.0
393254,1,3.0
393257,1,5.0
393293,1,5.0
393305,1,0.0
393382,1,5.0
393402,1,5.0
393416,2,5.0
393426,4,4.75
393559,1,1.0
393613,1,5.0
393624,1,4.0
393667,1,4.0
393718,1,5.0
393721,1,5.0
393826,1,4.0
393888,1,5.0
393923,1,5.0
393974,1,5.0
394005,1,5.0
394077,71,4.647887323943662
394085,46,4.369565217391305
394097,1,3.0
394144,1,5.0
394203,1,5.0
394288,1,5.0
394496,5,5.0
394543,2,3.0
394565,1,5.0
394592,27,4.962962962962963
394604,6,4.5
394617,8,3.5
394618,1,5.0
394758,1,5.0
394783,2,4.5
394807,1,1.0
394810,2,5.0
394865,1,5.0
394955,1,5.0
395252,11,4.181818181818182
395355,1,5.0
395424,1,5.0
395445,1,5.0
395482,2,5.0
395621,1,5.0
395626,1,5.0
395634,1,4.0
395713,3,3.6666666666666665
395805,1,3.0
395847,1,5.0
395929,3,3.6666666666666665
395936,1,4.0
395940,2,4.0
395981,8,3.75
396030,1,5.0
396037,1,5.0
396078,9,4.333333333333333
396083,1,5.0
396103,2,5.0
396150,1,5.0
396152,6,5.0
396380,2,5.0
396454,1,5.0
396517,1,5.0
396520,1,5.0
396570,1,0.0
396799,1,5.0
396955,1,4.0
396992,1,4.0
397008,2,4.5
397031,1,5.0
397105,1,5.0
397161,2,5.0
397272,7,4.857142857142857
397443,1,5.0
397462,1,5.0
397511,1,5.0
397519,2,5.0
397644,1,5.0
397659,1,3.0
397769,1,2.0
397810,1,3.0
397836,6,4.5
397880,1,3.0
397915,1,5.0
398047,3,4.666666666666667
398075,1,5.0
398101,1,5.0
398160,3,5.0
398191,1,5.0
398216,2,5.0
398246,1,5.0
398275,35,4.6
398333,1,5.0
398487,7,4.142857142857143
398584,2,5.0
398623,1,5.0
398642,2,4.5
398688,2,5.0
398694,4,4.0
398761,1,5.0
398869,1,5.0
398877,1,5.0
398964,1,5.0
399179,1,5.0
399186,1,5.0
399211,2,5.0
399336,1,4.0
399374,1,5.0
399417,1,5.0
399465,1,5.0
399474,11,4.7272727272727275
399481,1,4.0
399552,3,5.0
399576,3,4.333333333333333
399605,1,5.0
399657,7,4.571428571428571
399711,1,4.0
399850,1,5.0
399929,1,3.0
399932,3,5.0
400003,2,3.0
400016,1,5.0
400029,1,4.0
400064,1,3.0
400130,1,5.0
400164,1,5.0
400175,3,5.0
400249,1,4.0
400280,2,2.0
400326,1,5.0
400331,1,2.0
400410,1,5.0
400411,2,4.5
400420,13,4.769230769230769
400451,1,5.0
400463,1,5.0
400579,1,5.0
400708,135,4.6
400738,2,5.0
400775,1,4.0
400783,3,4.0
400817,19,4.473684210526316
400819,3,2.6666666666666665
400828,1,5.0
400883,3,4.666666666666667
400991,4,4.5
401036,3,5.0
401057,1,5.0
401074,1,5.0
401101,2,5.0
401138,1,4.0
401260,4,4.5
401320,1,5.0
401336,1,5.0
401346,1,5.0
401366,4,5.0
401377,1,1.0
401482,3,5.0
401564,2,5.0
401668,1,5.0
401688,7,4.857142857142857
401711,3,5.0
401712,1,5.0
401723,1,5.0
401747,2,5.0
401767,1,2.0
401821,1,5.0
401886,2,5.0
401902,1,5.0
401904,2,3.5
401910,1,5.0
401930,1,5.0
401939,1,5.0
401987,1,1.0
402000,1,5.0
402023,1,5.0
402057,6,4.5
402065,1,4.0
402135,7,4.142857142857143
402146,2,5.0
402172,1,0.0
402212,2,4.0
402232,1,4.0
402252,2,5.0
402277,1,3.0
402279,5,3.6
402309,1,5.0
402383,1,0.0
402461,1,4.0
402547,1,5.0
402559,33,4.757575757575758
402628,1,5.0
402665,1,5.0
402698,2,4.5
402754,2,5.0
402790,2,5.0
402897,1,4.0
402973,1,4.0
403028,1,5.0
403169,1,4.0
403193,4,5.0
403198,1,5.0
403233,2,5.0
403281,4,4.75
403329,1,0.0
403396,1,5.0
403428,3,5.0
403453,1,5.0
403549,1,5.0
403563,1,5.0
403665,1,3.0
403668,5,3.8
403684,1,5.0
403722,1,5.0
403729,10,4.2
403747,3,3.6666666666666665
403969,1,2.0
403989,1,5.0
403996,3,5.0
404043,2,5.0
404046,10,5.0
404097,1,4.0
404239,1,5.0
404505,3,5.0
404560,1,5.0
404573,1,4.0
404973,1,0.0
404988,3,4.333333333333333
405004,1,5.0
405053,1,4.0
405100,1,5.0
405126,1,5.0
405171,1,5.0
405206,1,0.0
405229,1,5.0
405233,1,5.0
405313,1,4.0
405516,1,5.0
405528,1,5.0
405553,1,5.0
405597,1,5.0
405626,1,4.0
405638,2,4.5
405655,2,5.0
405717,1,5.0
405751,1,5.0
405752,1,5.0
405761,2,5.0
405822,3,4.666666666666667
405882,1,5.0
405919,1,5.0
406131,6,3.8333333333333335
406257,3,5.0
406370,1,5.0
406414,1,5.0
406467,2,3.5
406480,1,2.0
406503,2,5.0
406504,1,5.0
406513,2,5.0
406632,1,5.0
406662,1,5.0
406682,1,5.0
406741,18,3.5555555555555554
406747,1,5.0
406885,1,4.0
406907,1,5.0
407007,46,4.934782608695652
407036,1,5.0
407088,13,4.461538461538462
407092,1,5.0
407131,1,4.0
407145,3,5.0
407177,1,4.0
407207,1,5.0
407219,1,5.0
407283,4,4.0
407321,1,4.0
407338,22,4.7727272727272725
407358,1,5.0
407386,1,0.0
407489,1,0.0
407516,2,4.5
407593,1,5.0
407619,1,3.0
407623,1,5.0
407625,2,4.5
407677,1,5.0
407781,11,4.909090909090909
407812,3,4.666666666666667
407856,1,5.0
407928,1,5.0
407976,1,5.0
408012,1,5.0
408073,3,5.0
408099,1,5.0
408122,1,3.0
408174,1,5.0
408221,1,5.0
408226,1,5.0
408318,1,5.0
408365,1,5.0
408383,1,5.0
408446,1,5.0
408454,9,3.5555555555555554
408464,1,5.0
408471,3,4.666666666666667
408498,1,5.0
408532,1,5.0
408707,3,5.0
408720,1,5.0
408722,1,5.0
408752,1,5.0
408784,1,3.0
408794,1,5.0
408801,1,5.0
408888,1,5.0
409023,1,5.0
409084,1,0.0
409106,4,4.25
409136,1,3.0
409146,1,0.0
409183,1,5.0
409184,13,4.615384615384615
409228,1,5.0
409248,1,0.0
409271,1,5.0
409295,1,3.0
409333,1,5.0
409376,1,5.0
409497,1,5.0
409584,1,4.0
409611,1,5.0
409678,1,5.0
409812,4,3.0
409865,1,5.0
409910,2,4.5
409937,1,5.0
409977,1,5.0
410005,1,2.0
410080,1,5.0
410092,1,5.0
410166,2,2.0
410188,1,5.0
410220,1,5.0
410352,1,4.0
410448,1,5.0
410478,1,4.0
410526,1,4.0
410563,1,4.0
410574,1,5.0
410781,1,5.0
410866,2,5.0
410878,1,5.0
410987,1,5.0
411018,1,5.0
411045,3,1.6666666666666667
411052,3,5.0
411165,1,5.0
411342,1,5.0
411345,2,5.0
411362,1,5.0
411409,1,5.0
411437,1,5.0
411492,1,4.0
411567,9,4.444444444444445
411573,1,5.0
411647,6,4.666666666666667
411660,2,5.0
411676,1,5.0
412048,1,5.0
412081,1,4.0
412115,1,5.0
412147,2,4.0
412162,1,4.0
412186,7,4.285714285714286
412351,1,2.0
412374,1,5.0
412493,2,5.0
412495,1,4.0
412530,1,5.0
412541,2,4.0
412587,1,5.0
412751,1,5.0
412770,1,5.0
412847,9,4.555555555555555
412925,1,5.0
413009,1,5.0
413056,1,5.0
413092,1,4.0
413217,3,4.0
413232,1,5.0
413323,1,5.0
413346,1,5.0
413591,1,5.0
413722,1,5.0
413860,1,5.0
413880,4,5.0
413943,1,4.0
413954,2,4.5
414153,1,5.0
414155,1,5.0
414309,1,4.0
414385,1,5.0
414447,1,5.0
414452,1,0.0
414555,1,0.0
414606,1,5.0
414666,5,4.2
414669,1,5.0
414701,4,5.0
414776,1,5.0
414777,2,5.0
414923,7,4.0
414931,1,5.0
414969,5,4.8
414988,4,4.5
414999,1,4.0
415084,3,4.666666666666667
415120,1,5.0
415204,14,4.714285714285714
415212,4,4.75
415368,1,5.0
415404,1,5.0
415438,1,5.0
415488,1,5.0
415573,1,3.0
415590,1,5.0
415822,1,5.0
415907,3,4.333333333333333
415933,1,1.0
415934,14,4.785714285714286
415998,4,4.75
416016,1,5.0
416021,1,5.0
416071,3,4.333333333333333
416113,1,5.0
416171,1,5.0
416191,3,5.0
416220,2,5.0
416292,1,4.0
416322,2,5.0
416409,1,4.0
416488,1,5.0
416537,3,4.666666666666667
416605,2,4.5
416645,1,5.0
416665,1,4.0
416675,1,5.0
416684,4,4.25
416738,1,5.0
416758,5,4.2
416807,11,4.909090909090909
416899,1,5.0
416950,1,5.0
416985,40,4.85
417129,1,5.0
417130,2,5.0
417253,1,5.0
417267,1,1.0
417293,1,5.0
417332,6,5.0
417333,1,5.0
417401,1,5.0
417474,4,4.75
417511,1,4.0
417541,1,5.0
417600,1,1.0
417605,2,4.5
417675,1,5.0
417676,1,5.0
417714,1,5.0
417844,1,4.0
417881,1,5.0
417889,1,4.0
418017,3,4.333333333333333
418071,2,4.5
418073,1,4.0
418128,5,4.4
418179,5,5.0
418210,1,5.0
418217,1,5.0
418240,1,5.0
418257,1,2.0
418319,1,5.0
418366,1,5.0
418423,1,0.0
418426,1,5.0
418438,1,5.0
418458,3,5.0
418466,1,0.0
418587,1,5.0
418718,2,5.0
418722,1,3.0
418773,1,5.0
418862,1,5.0
418885,1,5.0
418915,9,4.666666666666667
418993,1,5.0
419051,1,5.0
419283,1,5.0
419585,4,5.0
419616,1,5.0
419636,2,5.0
419691,2,5.0
419759,1,0.0
419832,1,5.0
419877,1,5.0
419893,2,1.0
419970,1,4.0
420099,2,4.5
420127,3,4.333333333333333
420166,8,4.875
420177,5,5.0
420233,2,5.0
420301,3,4.0
420414,1,5.0
420468,2,5.0
420515,1,5.0
420612,1,5.0
420666,1,5.0
420694,1,5.0
420780,1,4.0
420784,1,4.0
420799,3,5.0
420825,1,4.0
420833,1,5.0
420921,1,5.0
420929,10,4.0
420968,3,5.0
420975,1,5.0
421004,1,5.0
421027,1,4.0
421045,1,5.0
421064,1,4.0
421266,1,5.0
421329,1,4.0
421336,1,5.0
421374,5,4.0
421410,1,5.0
421511,9,4.555555555555555
421532,2,5.0
421534,1,5.0
421538,1,5.0
421546,8,4.375
421551,1,5.0
421633,3,2.6666666666666665
421895,1,5.0
421916,2,4.0
421936,1,4.0
422005,1,0.0
422013,1,5.0
422040,2,5.0
422068,2,5.0
422110,1,5.0
422129,1,5.0
422165,1,5.0
422247,1,5.0
422270,1,5.0
422282,1,5.0
422360,1,5.0
422400,1,5.0
422449,1,1.0
422458,1,4.0
422514,1,5.0
422608,6,4.666666666666667
422609,6,3.3333333333333335
422643,1,4.0
422778,1,5.0
422802,1,5.0
422876,1,4.0
422893,126,4.412698412698413
423036,1,2.0
423083,2,5.0
423125,2,5.0
423163,1,5.0
423204,1,3.0
423264,1,5.0
423296,1,5.0
423346,2,2.0
423358,1,5.0
423414,1,2.0
423418,1,5.0
423433,1,5.0
423494,3,4.666666666666667
423539,3,5.0
423557,1,5.0
423565,6,5.0
423735,1,4.0
423769,1,5.0
423778,3,4.333333333333333
423780,1,0.0
423807,1,5.0
423874,1,5.0
424008,10,4.5
424138,1,5.0
424154,1,5.0
424200,1,5.0
424249,1,5.0
424251,1,4.0
424285,1,4.0
424333,1,5.0
424346,2,5.0
424415,2,4.0
424425,1,5.0
424427,1,5.0
424488,1,5.0
424494,4,4.5
424544,2,5.0
424585,1,5.0
424672,3,2.3333333333333335
424680,637,4.963893249607535
424696,3,5.0
424741,1,5.0
424762,3,5.0
424780,1,4.0
424893,1,3.0
424939,1,5.0
424967,2,4.0
424976,1,5.0
424978,1,4.0
424980,1,5.0
424999,1,5.0
425008,3,4.0
425021,1,5.0
425105,36,4.527777777777778
425154,8,4.75
425210,1,5.0
425253,1,5.0
425257,1,1.0
425260,1,5.0
425265,1,5.0
425540,1,5.0
425559,1,5.0
425613,1,5.0
425677,16,4.5
425697,2,5.0
425731,3,4.666666666666667
425803,2,5.0
425923,1,5.0
425973,1,5.0
426000,3,4.666666666666667
426005,1,5.0
426062,1,5.0
426156,3,4.666666666666667
426182,1,5.0
426229,6,5.0
426302,1,5.0
426384,1,4.0
426408,1,5.0
426428,2,2.5
426430,3,3.3333333333333335
426595,1,5.0
426788,1,4.0
426903,16,4.75
426938,1,5.0
427101,7,4.857142857142857
427184,43,4.883720930232558
427291,1,5.0
427322,1,5.0
427346,1,5.0
427421,1,5.0
427432,1,4.0
427474,2,5.0
427535,1,5.0
427585,2,4.5
427694,1,5.0
427739,1,5.0
427743,2,5.0
427755,1,5.0
427761,3,3.3333333333333335
427952,1,5.0
428060,10,4.3
428219,1,5.0
428423,2,5.0
428427,1,4.0
428450,1,5.0
428546,1,4.0
428581,1,5.0
428599,1,5.0
428620,1,4.0
428644,2,4.5
428740,1,5.0
428752,1,3.0
428843,1,4.0
428885,128,4.9453125
428888,1,5.0
429053,1,5.0
429064,2,2.0
429104,7,5.0
429217,5,4.8
429254,1,5.0
429324,4,3.75
429463,1,5.0
429544,4,5.0
429615,1,5.0
429644,1,5.0
429663,1,5.0
429690,2,5.0
429692,1,5.0
429710,2,5.0
429769,5,3.8
429798,2,5.0
429816,2,5.0
429884,1,5.0
429955,5,5.0
429976,2,5.0
430117,1,5.0
430188,3,5.0
430205,2,4.5
430236,2,5.0
430291,2,5.0
430425,1,4.0
430450,1,5.0
430455,1,5.0
430471,53,4.773584905660377
430482,1,5.0
430507,3,5.0
430514,1,5.0
430557,1,5.0
430579,4,4.75
430663,6,5.0
430765,8,4.375
430767,1,5.0
430823,1,5.0
430863,1,5.0
430930,2,2.5
430955,1,5.0
430956,1,5.0
430971,1,5.0
431027,1,5.0
431061,1,5.0
431086,1,5.0
431115,1,5.0
431211,1,5.0
431225,1,5.0
431475,3,1.6666666666666667
431543,1,5.0
431642,1,5.0
431716,9,4.666666666666667
431736,1,5.0
431785,1,4.0
431813,65,4.707692307692308
431827,1,5.0
431955,1,5.0
431961,6,4.833333333333333
431974,1,5.0
431984,1,5.0
432062,1,5.0
432131,4,4.0
432164,3,3.0
432201,1,5.0
432296,1,5.0
432397,1,5.0
432411,5,4.0
432575,1,5.0
432636,2,5.0
432668,5,4.8
432743,1,5.0
432859,1,4.0
432873,1,5.0
432917,6,4.166666666666667
432982,1,5.0
432999,1,5.0
433021,1,5.0
433046,2,4.5
433054,1,5.0
433064,2,5.0
433163,1,5.0
433175,2,5.0
433225,2,4.5
433255,1,5.0
433325,1,5.0
433380,1,5.0
433554,1,5.0
433588,4,3.75
433613,1,5.0
433652,1,5.0
433881,3,3.3333333333333335
433922,1,3.0
433989,1,5.0
434101,1,4.0
434166,1,4.0
434274,2,4.5
434418,1,5.0
434475,1,4.0
434493,2,3.5
434577,1,5.0
434636,1,5.0
434697,3,5.0
434741,1,5.0
434742,1,5.0
434750,2,3.5
434907,5,4.4
434952,4,3.25
435019,5,5.0
435025,1,5.0
435045,1,5.0
435094,1,4.0
435109,2,4.5
435138,1,4.0
435152,2,5.0
435167,2,4.5
435170,1,5.0
435239,2,5.0
435240,1,5.0
435388,4,4.0
435393,1,1.0
435453,1,5.0
435592,1,4.0
435614,1,5.0
435649,1,5.0
435653,1,3.0
435663,3,5.0
435683,2,4.5
435693,1,5.0
435726,1,5.0
435735,1,5.0
435938,1,3.0
436001,1,5.0
436067,1,5.0
436152,2,4.0
436161,1,5.0
436191,1,5.0
436285,1,5.0
436325,1,5.0
436385,1,5.0
436408,1,4.0
436508,1,4.0
436548,1,4.0
436697,1,5.0
436826,1,5.0
436959,1,5.0
436969,1,4.0
437094,2,5.0
437109,1,5.0
437200,1,3.0
437224,1,5.0
437237,3,4.666666666666667
437246,1,5.0
437294,6,4.833333333333333
437303,1,2.0
437345,1,5.0
437379,1,5.0
437533,1,5.0
437549,1,3.0
437564,1,1.0
437571,1,0.0
437587,8,4.625
437589,1,5.0
437598,3,5.0
437619,1,4.0
437652,1,4.0
437667,2,4.5
437679,2,5.0
437708,2,5.0
437727,10,4.5
437767,4,3.0
437772,1,5.0
437782,1,5.0
437811,1,5.0
437869,1,1.0
437893,1,5.0
437895,1,5.0
437904,4,4.75
437913,1,4.0
437957,2,4.0
437965,1,5.0
437973,2,5.0
437974,2,5.0
437991,18,4.388888888888889
438003,4,5.0
438054,1,4.0
438065,2,4.5
438097,1,4.0
438228,1,4.0
438296,3,5.0
438445,1,5.0
438534,2,4.5
438565,1,4.0
438568,4,4.75
438582,6,4.166666666666667
438583,1,5.0
438633,1,5.0
438645,1,5.0
438804,1,5.0
438860,1,5.0
438906,1,5.0
438920,2,5.0
438974,2,4.5
439056,3,4.666666666666667
439066,14,4.857142857142857
439174,3,5.0
439210,2,5.0
439224,2,3.5
439261,2,4.5
439263,2,1.5
439400,1,5.0
439402,1,1.0
439403,1,5.0
439470,2,5.0
439472,1,5.0
439506,1,3.0
439523,1,5.0
439661,1,5.0
439685,5,4.6
439731,1,3.0
439759,5,4.2
439797,44,4.659090909090909
439837,1,5.0
439916,1,3.0
439927,1,5.0
439948,1,4.0
440010,4,4.0
440047,4,3.5
440054,1,5.0
440126,1,2.0
440152,1,4.0
440158,3,3.3333333333333335
440251,1,5.0
440324,61,4.901639344262295
440519,1,5.0
440527,2,5.0
440545,1,5.0
440561,1,3.0
440562,2,4.5
440568,1,5.0
440579,1,5.0
440634,2,5.0
440672,1,5.0
440678,1,3.0
440726,1,5.0
440735,28,4.285714285714286
440914,2,5.0
440942,1,5.0
440989,1,5.0
441026,1,5.0
441063,1,5.0
441079,1,5.0
441088,1,5.0
441123,1,5.0
441127,1,4.0
441130,1,5.0
441162,2,4.5
441167,1,5.0
441188,2,5.0
441236,1,5.0
441301,1,4.0
441398,1,5.0
441443,3,3.6666666666666665
441720,1,5.0
441820,1,5.0
441833,2,4.5
441834,1,5.0
441873,1,4.0
441876,2,4.0
441949,2,5.0
441971,1,5.0
441981,15,4.933333333333334
442070,3,4.666666666666667
442099,1,0.0
442150,1,5.0
442170,1,5.0
442204,1,5.0
442244,6,4.333333333333333
442276,4,5.0
442311,1,4.0
442366,1,2.0
442490,1,5.0
442533,1,5.0
442580,1,0.0
442582,1,5.0
442633,1,5.0
442636,1,3.0
442702,1,5.0
442706,1,5.0
442790,1,5.0
442862,2,3.5
442924,1,5.0
442988,23,4.826086956521739
443017,1,5.0
443075,1,5.0
443146,1,5.0
443203,4,5.0
443217,1,5.0
443338,1,5.0
443407,3,3.6666666666666665
443447,1,5.0
443469,3,4.666666666666667
443521,1,5.0
443534,3,4.666666666666667
443578,2,3.0
443632,1,5.0
443633,4,4.0
443821,1,0.0
443868,1,5.0
443871,2,2.5
443882,1,5.0
443886,2,5.0
443912,2,5.0
443975,8,4.875
444016,1,5.0
444132,40,4.725
444253,1,5.0
444289,1,5.0
444301,1,5.0
444404,1,5.0
444411,1,5.0
444528,2,5.0
444534,3,4.0
444565,1,5.0
444607,6,4.5
444622,9,3.4444444444444446
444654,1,5.0
444662,2,4.0
444679,1,4.0
444707,1,3.0
444826,1,5.0
444859,1,5.0
444921,1,4.0
444938,1,5.0
444944,2,5.0
444954,2,5.0
444967,6,3.6666666666666665
445033,1,4.0
445059,1,4.0
445084,1,5.0
445122,1,5.0
445181,1,5.0
445199,1,5.0
445233,2,5.0
445277,1,5.0
445324,1,4.0
445325,1,5.0
445365,2,5.0
445383,1,5.0
445432,6,4.166666666666667
445492,23,4.304347826086956
445544,1,5.0
445602,1,5.0
445654,1,5.0
445697,1,5.0
445711,12,4.666666666666667
445787,1,5.0
445788,1,0.0
445845,2,2.5
445886,1,5.0
445934,1,5.0
445969,5,5.0
446032,3,4.666666666666667
446066,1,5.0
446143,59,4.372881355932203
446192,1,5.0
446250,1,4.0
446297,1,5.0
446361,1,5.0
446403,3,3.6666666666666665
446469,1,5.0
446473,1,2.0
446501,1,5.0
446507,1,5.0
446523,22,4.818181818181818
446549,1,4.0
446610,4,4.75
446671,1,4.0
446695,1,5.0
446732,2,4.5
446738,4,5.0
446767,1,5.0
446791,1,5.0
446804,2,2.5
446817,3,5.0
446849,1,4.0
446899,1,5.0
446917,3,4.666666666666667
446941,2,2.5
447011,1,3.0
447070,1,5.0
447102,1,5.0
447123,5,4.8
447130,1,4.0
447165,13,4.6923076923076925
447199,2,5.0
447212,1,5.0
447283,1,5.0
447292,1,5.0
447345,1,5.0
447358,1,5.0
447461,1,5.0
447467,1,5.0
447487,11,4.818181818181818
447541,1,5.0
447588,1,3.0
447717,1,3.0
447742,10,4.9
447809,1,5.0
447826,1,4.0
447831,4,5.0
447891,1,4.0
447914,1,5.0
448004,2,5.0
448057,2,5.0
448086,1,5.0
448204,3,5.0
448338,1,5.0
448342,16,4.625
448356,1,0.0
448443,1,5.0
448463,1,3.0
448617,1,5.0
448678,1,4.0
448680,1,0.0
448682,1,5.0
448747,1,5.0
448796,1,5.0
448897,1,5.0
448911,6,5.0
448933,1,5.0
449014,4,4.0
449102,3,4.666666666666667
449147,1,0.0
449208,2,4.0
449217,1,3.0
449242,4,4.25
449247,1,5.0
449290,1,5.0
449320,1,0.0
449441,1,5.0
449500,5,4.0
449601,1,5.0
449693,1,5.0
449700,2,4.5
449702,10,5.0
449726,4,3.25
449772,1,5.0
449848,6,4.666666666666667
449929,5,3.2
450004,27,4.7407407407407405
450050,1,5.0
450145,1,5.0
450178,1,0.0
450482,1,2.0
450550,1,5.0
450571,17,4.823529411764706
450636,6,4.5
450668,1,4.0
450900,1,5.0
450901,1,4.0
450933,6,4.833333333333333
450934,1,5.0
450942,1,3.0
450954,1,4.0
450966,1,2.0
450978,1,1.0
450998,1,5.0
451025,1,5.0
451042,1,5.0
451055,13,4.923076923076923
451136,1,5.0
451226,2,4.0
451233,1,5.0
451287,3,5.0
451301,5,5.0
451319,1,5.0
451323,2,4.0
451375,1,4.0
451456,29,4.862068965517241
451574,4,4.5
451582,1,5.0
451603,1,5.0
451604,1,5.0
451640,1,5.0
451645,1,5.0
451675,1,5.0
451700,16,4.625
451764,1,4.0
451776,2,4.5
451800,1,5.0
451878,1,0.0
452019,3,4.333333333333333
452038,1,3.0
452045,5,5.0
452078,1,5.0
452105,1,5.0
452163,1,2.0
452200,1,5.0
452203,1,5.0
452210,1,3.0
452241,1,5.0
452294,1,5.0
452317,1,4.0
452355,101,4.574257425742574
452436,1,5.0
452437,1,5.0
452467,1,5.0
452507,2,4.5
452569,1,5.0
452576,4,3.75
452606,3,5.0
452653,1,4.0
452697,1,3.0
452699,2,4.0
452702,1,5.0
452749,6,5.0
452771,1,2.0
452913,1,5.0
452921,7,4.428571428571429
452940,117,4.3076923076923075
452943,1,5.0
453060,2,5.0
453097,1,5.0
453162,1,5.0
453196,3,5.0
453216,5,4.8
453330,1,5.0
453338,1,4.0
453421,2,5.0
453440,7,4.571428571428571
453446,1,4.0
453575,1,4.0
453587,1,5.0
453604,2,5.0
453695,1,5.0
453733,1,5.0
453742,1,5.0
453758,1,5.0
453786,1,5.0
453828,5,5.0
453856,1,5.0
453861,1,5.0
453872,1,4.0
453902,1,5.0
453924,1,5.0
454009,2,3.0
454012,1,3.0
454052,1,5.0
454106,1,4.0
454149,3,4.0
454174,2,5.0
454328,2,2.0
454403,1,4.0
454460,2,5.0
454463,1,2.0
454472,2,5.0
454479,1,5.0
454599,2,3.5
454625,1,5.0
454675,3,5.0
454677,1,3.0
454678,1,4.0
454692,1,4.0
454722,1,5.0
454739,1,5.0
454758,1,5.0
454783,1,5.0
454804,6,4.833333333333333
454846,1,5.0
454915,1,5.0
455010,7,4.714285714285714
455019,1,4.0
455042,2,5.0
455044,3,2.6666666666666665
455113,1,5.0
455127,1,5.0
455163,3,4.333333333333333
455253,1,5.0
455277,1,4.0
455520,1,0.0
455539,15,4.733333333333333
455554,1,4.0
455575,1,5.0
455629,1,4.0
455641,18,4.555555555555555
455655,3,5.0
455711,1,5.0
455796,1,5.0
455880,1,1.0
455921,2,5.0
455970,1,4.0
455998,1,5.0
456056,1,5.0
456108,2,3.0
456116,2,5.0
456129,1,5.0
456138,5,5.0
456158,3,5.0
456159,1,5.0
456221,2,5.0
456251,1,5.0
456257,1,4.0
456332,1,4.0
456384,3,4.333333333333333
456412,1,5.0
456455,2,4.0
456510,1,4.0
456530,1,5.0
456553,1,5.0
456571,1,5.0
456576,1,5.0
456583,1,5.0
456655,3,5.0
456679,1,5.0
456799,4,4.25
456807,1,5.0
456819,1,0.0
456851,1,0.0
456858,5,3.8
456860,1,2.0
456895,8,5.0
456945,1,5.0
456965,1,5.0
456982,3,4.0
457016,1,0.0
457020,2,3.5
457026,1,5.0
457045,1,5.0
457060,1,3.0
457108,1,5.0
457142,1,5.0
457146,1,4.0
457152,2,4.5
457246,1,5.0
457316,1,0.0
457321,6,4.666666666666667
457489,1,5.0
457510,1,4.0
457518,1,5.0
457570,1,4.0
457600,2,4.5
457625,1,1.0
457661,11,4.7272727272727275
457690,7,4.0
457706,1,4.0
457712,1,5.0
457791,1,5.0
457815,2,4.0
457829,5,4.8
457907,10,5.0
457943,1,5.0
457977,1,5.0
457992,10,5.0
458030,1,5.0
458082,1,4.0
458119,1,5.0
458209,1,5.0
458219,1,2.0
458255,1,0.0
458298,1,5.0
458309,6,4.333333333333333
458402,1,0.0
458442,4,3.75
458462,6,5.0
458480,2,4.5
458505,1,4.0
458684,1,5.0
458738,1,5.0
458831,1,5.0
458908,1,5.0
458914,3,4.333333333333333
458927,2,4.0
459013,1,5.0
459052,1,5.0
459105,1,5.0
459123,1,0.0
459172,1,5.0
459256,1,5.0
459292,1,5.0
459341,1,4.0
459369,1,2.0
459415,2,4.5
459426,7,4.142857142857143
459438,1,0.0
459495,1,5.0
459548,1,5.0
459574,1,5.0
459666,1,5.0
459675,1,5.0
459713,1,5.0
459788,1,0.0
459813,1,5.0
459861,2,5.0
459867,1,5.0
459896,1,4.0
459949,1,5.0
460029,2,5.0
460048,5,4.6
460058,16,5.0
460176,1,0.0
460224,1,5.0
460261,1,4.0
460274,1,5.0
460296,1,5.0
460301,9,5.0
460331,1,5.0
460368,1,3.0
460531,1,5.0
460631,1,5.0
460687,2,4.5
460714,1,3.0
460748,1,4.0
460750,1,5.0
460799,1,5.0
460854,3,5.0
460918,1,5.0
460978,1,5.0
460982,1,4.0
461019,2,5.0
461099,1,5.0
461124,1,1.0
461140,1,5.0
461156,1,5.0
461209,1,5.0
461250,1,4.0
461283,17,4.764705882352941
461318,1,5.0
461324,1,5.0
461364,1,5.0
461375,1,5.0
461428,4,4.75
461432,1,5.0
461448,1,5.0
461472,1,5.0
461513,1,0.0
461550,1,4.0
461552,2,4.5
461637,1,5.0
461724,21,4.0476190476190474
461788,1,5.0
461801,1,5.0
461834,160,4.8625
461887,6,5.0
461897,1,5.0
461937,1,5.0
462013,1,3.0
462041,1,5.0
462112,2,4.5
462133,1,5.0
462165,3,4.666666666666667
462166,1,5.0
462184,1,3.0
462193,1,3.0
462279,1,5.0
462317,1,5.0
462318,1,5.0
462336,3,4.666666666666667
462421,1,5.0
462492,1,5.0
462496,2,5.0
462571,11,4.090909090909091
462577,1,5.0
462637,1,5.0
462673,1,5.0
462716,1,5.0
462807,1,2.0
462821,2,5.0
462857,1,5.0
462861,1,3.0
462875,1,5.0
462976,1,5.0
462997,6,3.8333333333333335
463118,1,5.0
463126,4,4.75
463202,44,4.204545454545454
463217,3,5.0
463231,2,5.0
463298,3,4.666666666666667
463300,1,5.0
463319,1,5.0
463337,1,5.0
463415,1,5.0
463435,32,4.65625
463442,1,5.0
463502,3,5.0
463594,2,5.0
463640,2,5.0
463722,2,4.5
463763,6,3.6666666666666665
463812,1,5.0
463820,1,5.0
463845,3,3.6666666666666665
463858,16,4.8125
463879,1,5.0
463885,2,4.0
463996,1,5.0
464080,96,4.5
464085,4,4.5
464185,3,3.0
464189,3,4.333333333333333
464220,1,1.0
464222,3,5.0
464253,6,4.666666666666667
464282,1,0.0
464327,15,4.933333333333334
464330,2,4.0
464333,3,5.0
464386,1,4.0
464409,1,5.0
464418,2,4.5
464460,1,5.0
464481,2,5.0
464509,8,4.375
464575,1,5.0
464624,3,4.666666666666667
464626,1,5.0
464735,1,3.0
464797,2,4.5
464807,1,5.0
464842,1,5.0
464887,1,5.0
464926,2,5.0
464934,1,0.0
464939,1,4.0
464943,1,5.0
464970,1,5.0
464999,1,3.0
465056,43,4.465116279069767
465062,4,4.25
465080,12,3.5833333333333335
465092,1,5.0
465121,3,5.0
465177,1,1.0
465254,1,5.0
465524,2,4.5
465559,1,2.0
465651,1,5.0
465658,1,5.0
465659,7,4.857142857142857
465829,33,4.515151515151516
465845,2,5.0
465872,1,5.0
465882,1,5.0
465911,13,4.769230769230769
465962,1,5.0
465968,2,5.0
466002,1,2.0
466059,2,5.0
466212,2,5.0
466224,2,5.0
466291,1,5.0
466317,1,5.0
466378,1,5.0
466380,1,5.0
466503,1,5.0
466562,1,4.0
466582,1,5.0
466598,1,3.0
466635,1,5.0
466664,1,5.0
466864,1,3.0
466903,4,5.0
466904,1,5.0
467125,1,5.0
467148,1,5.0
467243,1,4.0
467341,6,3.8333333333333335
467345,1,5.0
467375,4,4.5
467492,6,4.166666666666667
467510,5,4.4
467583,1,5.0
467592,1,5.0
467659,1,4.0
467721,1,5.0
467741,5,4.6
467814,1,5.0
467900,1,5.0
467975,1,4.0
467980,2,5.0
468007,1,5.0
468015,1,5.0
468051,1,3.0
468146,15,3.6
468351,8,4.875
468365,1,5.0
468382,1,5.0
468398,1,5.0
468572,1,5.0
468598,1,5.0
468769,1,4.0
468805,1,3.0
468933,1,5.0
468945,5,1.4
468952,1,5.0
468972,4,5.0
469021,2,4.0
469227,1,5.0
469340,1,3.0
469386,1,5.0
469417,1,0.0
469437,2,5.0
469450,1,0.0
469456,1,1.0
469492,1,5.0
469528,1,4.0
469534,1,5.0
469576,1,5.0
469716,1,5.0
469723,3,3.3333333333333335
469752,1,5.0
469786,4,5.0
469831,6,4.833333333333333
469856,1,5.0
469895,3,3.3333333333333335
469903,52,4.711538461538462
469933,1,5.0
469985,2,5.0
469995,1,5.0
470009,1,5.0
470019,1,5.0
470073,1,5.0
470173,1,5.0
470211,3,4.333333333333333
470319,1,5.0
470351,43,4.395348837209302
470374,2,5.0
470475,2,4.5
470651,1,5.0
470710,1,4.0
470748,1,5.0
470780,2,5.0
470799,8,4.375
470815,7,4.571428571428571
470894,2,5.0
470920,1,5.0
470924,1,5.0
470955,1,5.0
471004,1,5.0
471108,1,5.0
471132,1,5.0
471208,2,5.0
471297,3,5.0
471300,18,4.944444444444445
471402,2,5.0
471418,1,5.0
471448,1,4.0
471495,1,2.0
471502,1,5.0
471558,1,5.0
471568,1,5.0
471609,1,4.0
471615,1,5.0
471623,1,5.0
471652,6,5.0
471673,4,4.0
471762,2,4.0
471896,2,4.5
471899,1,5.0
471934,1,5.0
471937,3,5.0
471966,1,5.0
472000,1,5.0
472052,2,4.0
472065,2,5.0
472074,5,4.4
472170,2,3.0
472215,3,5.0
472222,1,5.0
472273,1,5.0
472275,2,3.5
472310,1,5.0
472342,1,5.0
472374,1,5.0
472387,1,5.0
472394,2,4.5
472662,2,4.5
472690,2,5.0
472718,1,5.0
472956,1,1.0
472970,1,5.0
473110,1,4.0
473117,1,5.0
473139,1,4.0
473149,2,4.5
473266,6,4.833333333333333
473343,3,5.0
473347,2,5.0
473377,1,1.0
473597,1,5.0
473618,1,5.0
473806,2,5.0
473840,1,3.0
473889,1,5.0
473935,2,4.5
473959,1,5.0
474080,1,4.0
474097,1,0.0
474103,1,5.0
474155,5,5.0
474170,1,5.0
474322,11,5.0
474323,1,0.0
474382,1,5.0
474448,1,3.0
474469,1,4.0
474474,1,5.0
474515,1,5.0
474531,1,5.0
474625,1,4.0
474632,3,3.3333333333333335
474646,1,5.0
474716,1,5.0
474752,1,1.0
474803,1,5.0
474812,1,5.0
474876,1,5.0
474941,1,0.0
474993,4,4.75
475053,1,1.0
475082,1,0.0
475114,1,1.0
475218,2,4.5
475302,1,5.0
475321,1,5.0
475404,1,5.0
475484,9,3.4444444444444446
475535,1,5.0
475558,1,5.0
475661,1,5.0
475706,2,5.0
475746,1,4.0
475887,3,5.0
475893,2,5.0
475932,2,5.0
476053,2,5.0
476076,1,5.0
476077,2,5.0
476143,1,5.0
476152,1,0.0
476190,1,5.0
476278,1,5.0
476293,1,5.0
476324,1,3.0
476357,1,3.0
476359,3,4.666666666666667
476538,1,5.0
476569,1,5.0
476592,1,5.0
476682,1,5.0
476690,1,4.0
476744,1,5.0
476767,1,4.0
476796,8,4.5
476809,1,5.0
476825,1,0.0
476877,2,5.0
477037,1,5.0
477092,1,4.0
477205,1,5.0
477256,1,5.0
477308,8,4.0
477411,18,4.5
477439,3,5.0
477448,1,5.0
477563,1,5.0
477698,1,4.0
477869,1,5.0
477972,3,4.333333333333333
478050,1,5.0
478069,1,5.0
478175,1,5.0
478191,1,5.0
478192,2,4.5
478260,1,5.0
478330,1,5.0
478451,12,4.75
478456,1,4.0
478490,1,5.0
478507,2,5.0
478599,9,5.0
478631,2,5.0
478635,2,3.5
478657,1,4.0
478705,1,5.0
478819,2,4.0
478890,1,5.0
478927,1,5.0
478964,2,5.0
478967,1,4.0
479050,1,5.0
479072,2,5.0
479175,1,0.0
479244,1,5.0
479320,1,5.0
479324,1,4.0
479336,1,2.0
479354,1,5.0
479369,1,5.0
479590,3,5.0
479660,1,5.0
479694,1,5.0
479695,1,5.0
479699,1,4.0
479703,1,5.0
479804,1,2.0
479805,1,5.0
479847,1,4.0
480195,32,4.78125
480209,1,4.0
480280,2,5.0
480431,1,4.0
480441,2,5.0
480666,2,2.5
480674,1,5.0
480763,1,5.0
480824,1,5.0
480935,5,3.4
480970,4,5.0
481017,1,4.0
481054,1,5.0
481060,1,5.0
481092,50,4.5
481117,1,5.0
481229,1,5.0
481371,1,5.0
481463,1,0.0
481464,2,4.0
481549,1,5.0
481650,1,5.0
481686,1,5.0
481756,1,4.0
481783,1,5.0
482092,1,1.0
482117,1,5.0
482242,3,3.3333333333333335
482376,152,4.684210526315789
482422,1,5.0
482447,1,5.0
482521,1,5.0
482546,1,5.0
482583,1,5.0
482596,1,5.0
482812,7,4.571428571428571
482835,1,5.0
482933,80,4.8
483040,1,5.0
483091,1,1.0
483178,1,5.0
483238,3,4.666666666666667
483244,1,5.0
483292,2,5.0
483341,1,4.0
483454,3,4.666666666666667
483459,1,2.0
483510,2,5.0
483584,1,4.0
483668,2,4.0
483755,1,4.0
483796,1,4.0
483827,1,5.0
483932,5,4.8
484142,1,5.0
484243,1,5.0
484300,2,4.0
484341,1,5.0
484390,2,5.0
484409,1,5.0
484436,10,5.0
484601,1,4.0
484670,1,5.0
484801,1,5.0
484848,1,4.0
484901,1,5.0
485109,32,4.8125
485137,1,3.0
485151,7,4.714285714285714
485189,3,3.6666666666666665
485275,1,5.0
485302,1,5.0
485329,3,5.0
485335,1,5.0
485373,1,4.0
485380,1,2.0
485637,1,1.0
485658,1,4.0
485728,22,4.909090909090909
485756,1,4.0
485773,8,4.125
485915,6,4.0
485980,1,5.0
485985,1,5.0
485996,3,5.0
486024,1,5.0
486029,1,5.0
486032,7,3.7142857142857144
486047,1,5.0
486078,10,5.0
486139,1,5.0
486223,1,5.0
486229,1,5.0
486382,1,5.0
486648,20,4.4
486671,2,4.5
486680,3,3.6666666666666665
486690,1,5.0
486718,8,4.875
486725,139,4.402877697841727
486761,1,4.0
486888,8,4.125
486936,1,5.0
487026,1,2.0
487074,1,5.0
487088,4,5.0
487098,4,5.0
487124,1,3.0
487170,1,1.0
487233,1,2.0
487262,1,5.0
487266,5,5.0
487279,5,4.0
487288,1,4.0
487387,3,4.666666666666667
487394,5,4.4
487398,2,5.0
487447,1,4.0
487464,1,5.0
487502,1,5.0
487505,1,5.0
487511,1,5.0
487514,1,3.0
487524,1,5.0
487548,5,4.2
487624,1,5.0
487683,1,5.0
487729,1,5.0
487843,2,2.5
487851,1,0.0
487892,1,5.0
487909,5,5.0
487940,2,4.5
487957,1,2.0
488001,1,5.0
488071,1,4.0
488118,2,5.0
488200,2,4.5
488239,1,5.0
488244,6,4.666666666666667
488380,1,5.0
488401,1,5.0
488441,24,4.916666666666667
488454,2,2.5
488456,2,3.5
488587,3,5.0
488594,1,5.0
488617,2,5.0
488626,1,4.0
488817,1,5.0
488843,1,5.0
488867,1,0.0
488936,1,4.0
489115,1,4.0
489177,1,5.0
489214,2,4.0
489231,1,0.0
489238,1,0.0
489364,1,5.0
489398,1,5.0
489430,1,5.0
489482,2,4.5
489552,31,4.806451612903226
489573,1,3.0
489593,2,5.0
489703,1,4.0
489725,1,5.0
489802,1,5.0
489804,4,5.0
489929,8,4.125
490022,1,5.0
490047,1,0.0
490060,2,4.5
490095,1,5.0
490108,1,0.0
490142,10,4.9
490152,1,0.0
490156,2,5.0
490200,9,4.444444444444445
490257,1,5.0
490301,1,4.0
490367,2,5.0
490463,1,5.0
490593,2,5.0
490713,2,5.0
490764,10,4.7
490843,3,5.0
490854,1,5.0
490931,3,2.3333333333333335
490986,1,5.0
491095,20,5.0
491174,2,5.0
491198,1,5.0
491202,4,4.25
491217,1,0.0
491230,2,4.5
491287,1,0.0
491333,1,5.0
491337,1,3.0
491414,1,5.0
491437,4,4.75
491477,1,0.0
491492,1,5.0
491693,1,5.0
491791,1,5.0
491814,1,4.0
491835,1,3.0
491933,4,5.0
491949,3,4.666666666666667
491970,4,3.75
491977,2,5.0
491979,12,5.0
492029,1,5.0
492226,1,5.0
492230,2,5.0
492248,2,4.5
492257,1,5.0
492343,2,5.0
492365,4,4.25
492412,3,5.0
492434,2,5.0
492571,1,5.0
492604,1,5.0
492709,2,5.0
492840,1,5.0
492856,1,5.0
493002,7,3.7142857142857144
493014,2,5.0
493088,2,5.0
493093,3,1.0
493167,1,4.0
493171,1,5.0
493207,1,4.0
493273,1,5.0
493276,4,4.75
493308,2,5.0
493354,1,5.0
493362,2,5.0
493367,1,4.0
493375,1,4.0
493405,1,1.0
493415,2,4.5
493507,1,5.0
493520,1,5.0
493541,1,5.0
493548,1,4.0
493628,1,4.0
493654,1,5.0
493691,2,5.0
493701,1,5.0
493704,1,5.0
493738,1,4.0
493747,3,4.666666666666667
493783,1,5.0
493804,1,5.0
493835,3,4.666666666666667
493848,1,5.0
493935,1,4.0
494016,1,5.0
494068,4,5.0
494084,20,4.7
494087,1,5.0
494176,1,5.0
494179,1,5.0
494182,1,5.0
494184,1,5.0
494344,1,5.0
494370,1,5.0
494413,1,5.0
494440,3,5.0
494589,9,4.888888888888889
494593,8,5.0
494604,1,5.0
494636,1,4.0
494665,1,5.0
494671,2,5.0
494680,1,0.0
494746,2,4.0
494806,1,5.0
494853,1,5.0
494867,18,4.944444444444445
494919,1,4.0
494965,2,5.0
494990,1,4.0
495032,7,3.5714285714285716
495047,1,4.0
495266,1,4.0
495371,1,1.0
495446,1,5.0
495517,1,0.0
495598,1,5.0
495666,2,5.0
495679,1,5.0
495745,2,5.0
495750,1,4.0
495793,12,4.583333333333333
495804,1,4.0
495821,3,4.333333333333333
495846,2,4.0
495947,1,5.0
496082,1,5.0
496153,1,5.0
496300,1,5.0
496315,7,4.714285714285714
496374,1,4.0
496407,1,5.0
496417,1,4.0
496430,1,4.0
496437,1,5.0
496488,1,5.0
496489,1,5.0
496687,1,5.0
496803,45,4.133333333333334
496806,2,4.5
496814,1,5.0
496829,9,4.0
496858,1,5.0
496862,3,5.0
496970,1,5.0
496982,1,5.0
496999,3,5.0
497077,16,5.0
497100,4,4.75
497152,4,5.0
497155,1,5.0
497215,1,5.0
497288,2,4.0
497546,1,5.0
497561,1,5.0
497578,1,5.0
497609,1,5.0
497650,2,5.0
497672,1,1.0
497805,6,4.666666666666667
497816,1,5.0
497847,6,4.833333333333333
497891,4,4.5
497938,5,3.6
497948,3,5.0
498146,1,3.0
498271,211,4.654028436018957
498376,1,3.0
498380,1,4.0
498400,1,5.0
498431,1,5.0
498451,2,4.5
498481,1,5.0
498487,8,4.75
498511,1,4.0
498528,1,5.0
498806,1,5.0
498829,4,5.0
499007,1,1.0
499050,13,4.461538461538462
499073,1,3.0
499114,4,5.0
499128,1,2.0
499158,2,4.0
499271,1,3.0
499288,1,5.0
499298,2,5.0
499305,3,4.0
499404,1,5.0
499408,1,3.0
499411,1,5.0
499459,1,5.0
499555,1,4.0
499574,1,5.0
499586,4,4.75
499696,1,5.0
499714,2,4.5
499727,1,5.0
499737,1,4.0
499745,1,5.0
499769,1,5.0
499780,1,2.0
499795,1,5.0
499799,1,5.0
499806,1,5.0
499816,3,5.0
499854,2,3.0
499994,1,5.0
500014,1,5.0
500092,1,2.0
500168,1,5.0
500219,4,4.5
500259,1,5.0
500265,1,4.0
500279,1,4.0
500343,1,5.0
500466,2,5.0
500476,1,5.0
500503,2,4.0
500544,1,5.0
500614,2,4.0
500635,1,5.0
500671,5,5.0
500686,1,5.0
500704,1,5.0
500783,1,5.0
500790,1,5.0
500849,2,5.0
500860,16,4.0
500905,1,5.0
500934,1,0.0
500973,2,4.5
500983,1,5.0
501172,1,4.0
501267,1,4.0
501415,2,4.5
501437,1,5.0
501659,1,5.0
501717,1,5.0
501766,2,2.5
501778,19,4.894736842105263
502095,3,4.333333333333333
502147,1,5.0
502207,1,5.0
502222,2,5.0
502267,1,5.0
502302,21,3.4761904761904763
502311,1,5.0
502348,2,4.5
502418,3,4.0
502463,3,5.0
502468,2,4.5
502472,2,4.5
502504,2,5.0
502509,1,5.0
502808,1,5.0
502866,1,5.0
502882,1,5.0
502972,1,5.0
502978,1,2.0
502988,1,0.0
503017,2,4.5
503047,1,5.0
503081,1,1.0
503238,1,5.0
503246,1,5.0
503264,1,5.0
503284,1,4.0
503441,1,5.0
503477,1,5.0
503546,2,5.0
503555,1,5.0
503659,1,5.0
503676,1,5.0
503743,4,5.0
503763,3,5.0
503829,1,4.0
503895,1,4.0
503916,4,4.0
504064,2,2.5
504095,1,5.0
504185,1,5.0
504205,1,4.0
504350,1,4.0
504438,2,5.0
504441,1,5.0
504487,1,5.0
504599,1,3.0
504608,2,4.0
504629,1,5.0
504780,1,5.0
504874,1,0.0
504899,1,5.0
504925,5,4.2
504973,2,5.0
505125,1,3.0
505134,2,5.0
505183,1,4.0
505284,1,5.0
505295,1,5.0
505325,1,5.0
505381,2,5.0
505620,1,5.0
505643,3,4.333333333333333
505651,1,5.0
505663,1,5.0
505723,1,5.0
505724,1,5.0
505789,1,5.0
505873,2,5.0
505897,1,5.0
505967,4,4.25
505972,3,4.666666666666667
505985,1,5.0
506018,1,5.0
506288,3,4.666666666666667
506320,1,4.0
506344,1,5.0
506345,1,5.0
506519,1,4.0
506547,1,5.0
506626,2,5.0
506713,1,4.0
506722,1,5.0
506766,1,5.0
506798,1,5.0
506950,1,5.0
507071,1,5.0
507160,4,4.25
507242,1,5.0
507254,1,5.0
507293,1,5.0
507337,1,5.0
507382,1,5.0
507422,2,5.0
507445,1,5.0
507544,1,5.0
507592,5,5.0
507614,3,5.0
507661,2,5.0
507676,1,4.0
507914,3,4.666666666666667
507966,2,5.0
508012,1,3.0
508087,1,4.0
508148,7,4.0
508208,1,0.0
508216,2,1.0
508249,1,4.0
508256,1,5.0
508459,2,5.0
508474,1,5.0
508497,1,5.0
508607,1,5.0
508844,3,4.333333333333333
508886,1,5.0
508949,5,4.8
508956,1,5.0
509069,1,5.0
509083,1,5.0
509119,2,4.0
509171,1,3.0
509259,9,5.0
509357,1,5.0
509358,1,5.0
509402,2,5.0
509403,1,5.0
509407,1,5.0
509587,2,5.0
509594,4,4.0
509595,1,5.0
509615,1,5.0
509621,1,5.0
509643,2,5.0
509707,1,5.0
509777,2,5.0
509798,1,5.0
509805,1,5.0
509887,2,2.5
509918,1,5.0
509989,3,4.666666666666667
510010,1,5.0
510072,1,5.0
510096,4,4.75
510115,1,5.0
510209,1,5.0
510215,1,5.0
510259,1,5.0
510302,1,5.0
510313,21,4.714285714285714
510362,2,5.0
510480,1,5.0
510536,1,5.0
510564,1,5.0
510604,1,3.0
510693,1,4.0
510704,1,4.0
510821,3,5.0
510901,4,4.75
510908,2,5.0
510930,1,4.0
510947,1,5.0
511112,2,5.0
511125,4,5.0
511201,1,2.0
511350,1,1.0
511388,8,4.375
511442,1,5.0
511494,1,3.0
511587,6,5.0
511609,1,5.0
511661,2,5.0
511666,2,5.0
511690,1,4.0
511725,1,5.0
511768,1,5.0
511822,1,5.0
511861,2,3.0
511885,2,5.0
512060,1,5.0
512111,1,5.0
512143,1,5.0
512228,1,4.0
512309,19,4.7368421052631575
512365,1,5.0
512452,1,5.0
512461,7,5.0
512472,2,5.0
512522,1,5.0
512532,1,5.0
512573,1,5.0
512593,2,5.0
512696,2,5.0
512770,1,5.0
512818,1,1.0
512834,2,5.0
512988,1,5.0
512995,1,5.0
513039,1,5.0
513192,2,5.0
513204,1,5.0
513230,17,4.411764705882353
513294,1,5.0
513305,1,5.0
513358,2,2.5
513366,1,5.0
513368,1,5.0
513448,1,5.0
513529,1,5.0
513551,2,5.0
513585,5,5.0
513784,2,5.0
513848,6,5.0
513933,1,5.0
513947,1,5.0
514022,4,4.75
514058,1,5.0
514129,2,4.0
514151,1,5.0
514178,1,5.0
514184,1,3.0
514193,1,5.0
514236,1,4.0
514331,12,4.416666666666667
514333,1,5.0
514339,1,5.0
514358,1,5.0
514459,2,5.0
514475,2,5.0
514499,2,2.0
514561,1,5.0
514591,1,5.0
514702,2,5.0
514811,6,5.0
514826,1,5.0
514833,1,0.0
514838,1,5.0
514880,1,2.0
514928,1,5.0
514937,1,5.0
514982,1,4.0
514992,2,5.0
515141,1,5.0
515145,1,5.0
515158,1,4.0
515230,1,2.0
515278,17,4.882352941176471
515357,1,4.0
515680,1,0.0
515715,1,5.0
515810,1,5.0
515818,1,5.0
515874,1,5.0
515921,1,5.0
515961,1,5.0
515964,5,5.0
515981,1,5.0
516008,2,4.0
516247,1,4.0
516275,1,5.0
516284,1,4.0
516297,1,4.0
516350,1,5.0
516382,2,5.0
516406,1,5.0
516427,1,2.0
516443,1,5.0
516444,1,0.0
516457,1,5.0
516537,3,4.666666666666667
516556,1,5.0
516760,1,5.0
516801,1,5.0
516926,5,5.0
517025,1,5.0
517066,3,5.0
517131,2,2.0
517144,3,4.666666666666667
517157,1,5.0
517198,5,3.6
517204,3,5.0
517252,1,5.0
517298,5,3.6
517443,3,5.0
517478,1,5.0
517533,4,5.0
517579,1,4.0
517702,1,0.0
517709,1,5.0
517710,2,4.0
517900,4,4.5
517906,1,5.0
517912,1,5.0
517978,1,5.0
517984,2,5.0
518026,1,5.0
518054,2,4.0
518106,3,4.666666666666667
518135,1,5.0
518153,3,3.3333333333333335
518161,1,5.0
518168,3,4.666666666666667
518275,3,3.6666666666666665
518281,1,5.0
518307,1,5.0
518355,1,4.0
518359,1,5.0
518411,1,4.0
518488,1,5.0
518581,18,4.611111111111111
518624,1,5.0
518666,1,5.0
518746,1,5.0
518812,1,5.0
518825,2,4.0
518841,1,5.0
518858,1,5.0
518876,2,4.5
518927,4,3.25
518928,2,5.0
518998,1,5.0
519010,1,5.0
519057,1,4.0
519118,2,2.5
519167,1,5.0
519247,1,0.0
519313,1,5.0
519318,1,5.0
519391,2,5.0
519469,1,5.0
519473,2,4.5
519638,1,5.0
519708,6,3.8333333333333335
519717,1,5.0
519838,15,4.866666666666666
519841,4,5.0
519853,1,5.0
519896,3,5.0
519903,3,4.666666666666667
519913,1,4.0
519929,1,5.0
519961,1,4.0
519999,1,5.0
520002,6,4.666666666666667
520150,27,4.592592592592593
520160,1,5.0
520179,1,5.0
520346,1,5.0
520464,1,5.0
520618,2,3.5
520620,14,4.642857142857143
520644,11,4.2727272727272725
520674,1,5.0
520701,3,3.3333333333333335
520801,1,5.0
520809,1,5.0
520830,3,5.0
520853,1,5.0
520923,1,5.0
520967,1,5.0
521129,1,5.0
521192,6,4.833333333333333
521211,2,5.0
521296,2,5.0
521333,1,0.0
521359,1,5.0
521566,1,5.0
521611,1,4.0
521863,2,5.0
521871,1,4.0
521919,1,5.0
521929,1,5.0
521933,1,5.0
522074,1,5.0
522086,1,0.0
522099,22,4.681818181818182
522122,1,4.0
522192,1,5.0
522230,2,5.0
522240,1,4.0
522247,1,0.0
522248,1,5.0
522255,1,5.0
522275,7,4.857142857142857
522281,1,3.0
522296,1,4.0
522377,1,5.0
522472,1,0.0
522486,1,5.0
522496,2,5.0
522505,2,5.0
522539,1,2.0
522583,1,0.0
522744,3,4.666666666666667
522962,2,3.5
523073,1,5.0
523167,1,0.0
523191,1,5.0
523286,2,4.5
523312,2,5.0
523494,3,4.333333333333333
523530,1,5.0
523549,1,5.0
523608,1,5.0
523661,1,5.0
523669,1,5.0
523796,6,4.5
523888,4,4.75
523907,1,4.0
523928,2,5.0
523964,1,5.0
523976,1,4.0
523993,1,5.0
524030,1,0.0
524153,1,4.0
524219,7,4.857142857142857
524329,1,5.0
524379,1,5.0
524381,6,5.0
524388,1,5.0
524389,1,5.0
524427,1,5.0
524439,1,0.0
524486,3,5.0
524487,1,5.0
524494,2,4.5
524629,1,5.0
524667,1,4.0
524670,1,0.0
524709,1,5.0
524712,1,5.0
524733,5,4.4
524997,1,5.0
525082,1,5.0
525087,1,5.0
525168,2,5.0
525353,1,5.0
525454,1,5.0
525536,1,5.0
525559,1,5.0
525722,1,5.0
525770,1,5.0
525775,1,5.0
525809,1,5.0
525924,1,4.0
525928,1,5.0
525936,1,0.0
526026,1,0.0
526124,2,5.0
526247,1,5.0
526252,1,5.0
526269,1,5.0
526379,4,4.0
526411,4,4.5
526505,1,5.0
526547,2,4.0
526565,1,5.0
526614,4,5.0
526650,1,5.0
526666,72,4.875
526810,5,4.8
526843,1,4.0
526871,1,5.0
526936,1,5.0
527016,2,4.5
527115,1,5.0
527125,3,5.0
527182,2,4.5
527319,1,4.0
527345,1,5.0
527350,1,1.0
527354,1,5.0
527375,3,4.666666666666667
527390,1,5.0
527428,1,0.0
527494,1,5.0
527498,1,1.0
527509,1,5.0
527510,1,5.0
527512,1,5.0
527515,1,4.0
527586,1,5.0
527601,1,5.0
527607,94,4.904255319148936
527665,1,2.0
527694,1,5.0
527725,1,5.0
527754,3,4.0
527886,21,2.7142857142857144
527941,1,5.0
528006,1,5.0
528025,1,5.0
528049,4,4.75
528052,2,5.0
528078,1,5.0
528096,1,4.0
528098,7,4.857142857142857
528121,1,5.0
528137,1,5.0
528138,1,5.0
528197,6,4.833333333333333
528212,1,5.0
528285,1,5.0
528302,1,4.0
528405,1,4.0
528448,1,1.0
528468,13,4.384615384615385
528524,1,5.0
528617,1,5.0
528634,1,5.0
528715,1,5.0
528971,1,5.0
528985,1,3.0
529043,1,5.0
529049,2,4.5
529138,1,3.0
529162,1,5.0
529226,1,5.0
529278,11,4.636363636363637
529294,1,3.0
529314,1,5.0
529321,1,5.0
529504,1,5.0
529744,2,5.0
529949,2,2.5
530085,1,5.0
530100,1,0.0
530194,2,4.0
530203,1,5.0
530432,1,5.0
530459,1,5.0
530501,10,4.6
530528,1,5.0
530551,1,5.0
530731,7,4.142857142857143
530869,1,5.0
531029,10,5.0
531051,1,1.0
531155,3,5.0
531163,2,5.0
531253,1,5.0
531256,5,4.6
531258,1,5.0
531310,14,4.642857142857143
531328,1,5.0
531359,1,5.0
531412,1,5.0
531514,1,5.0
531535,1,4.0
531549,2,5.0
531587,1,5.0
531659,1,5.0
531726,1,5.0
531768,7,4.857142857142857
531799,3,4.666666666666667
531884,1,2.0
531893,1,5.0
532074,1,5.0
532099,1,4.0
532179,7,4.428571428571429
532252,2,4.5
532267,1,5.0
532289,8,4.875
532341,2,4.5
532434,1,5.0
532507,2,5.0
532646,1,0.0
532668,1,5.0
532785,10,5.0
532897,1,3.0
532963,1,5.0
533060,1,5.0
533099,1,5.0
533104,1,5.0
533122,4,4.75
533127,1,5.0
533144,1,5.0
533326,4,4.5
533395,6,4.166666666666667
533409,1,5.0
533443,1,5.0
533555,1,5.0
533573,2,5.0
533612,1,5.0
533974,1,5.0
534058,3,5.0
534062,1,5.0
534142,2,5.0
534158,1,5.0
534196,1,1.0
534242,1,5.0
534338,1,4.0
534371,1,5.0
534406,1,5.0
534461,1,5.0
534499,1,5.0
534549,1,5.0
534554,9,4.888888888888889
534570,1,5.0
534574,1,5.0
534591,1,5.0
534623,7,4.142857142857143
534653,3,5.0
534673,2,4.5
534709,1,5.0
534721,1,5.0
534831,1,5.0
534902,1,5.0
534960,1,5.0
535033,4,3.0
535072,1,4.0
535386,3,4.666666666666667
535388,1,4.0
535424,1,5.0
535512,5,4.4
535516,1,5.0
535551,1,5.0
535586,1,4.0
535633,30,5.0
535715,1,5.0
535867,1,5.0
535906,1,5.0
535912,2,4.5
535990,1,5.0
536106,6,5.0
536124,1,5.0
536127,2,4.5
536148,1,5.0
536189,1,4.0
536333,2,5.0
536359,1,5.0
536463,2,5.0
536509,1,4.0
536679,1,5.0
536785,2,2.5
536866,2,4.0
536870,1,5.0
536936,2,5.0
536944,1,5.0
536962,3,5.0
536987,1,5.0
536988,1,3.0
537039,2,5.0
537071,1,4.0
537172,5,5.0
537179,31,4.483870967741935
537188,32,4.53125
537241,1,4.0
537260,1,5.0
537310,2,5.0
537381,1,4.0
537435,1,4.0
537524,1,5.0
537558,1,4.0
537565,1,5.0
537578,2,5.0
537601,1,5.0
537617,13,5.0
537663,1,5.0
537756,3,3.3333333333333335
537832,4,4.75
537872,1,4.0
537897,1,0.0
537937,86,4.8023255813953485
537977,1,5.0
538011,6,4.5
538080,1,5.0
538098,2,4.5
538150,1,4.0
538190,4,3.5
538358,1,0.0
538491,1,5.0
538502,1,5.0
538524,10,4.9
538563,6,4.833333333333333
538578,12,4.5
538664,1,5.0
538713,1,5.0
538717,1,5.0
538769,1,5.0
538771,1,4.0
538837,1,5.0
538845,1,5.0
538910,2,4.5
538920,5,5.0
538934,1,4.0
539015,1,5.0
539018,1,0.0
539084,1,5.0
539159,1,3.0
539173,1,1.0
539228,1,5.0
539286,1,5.0
539309,1,5.0
539315,1,4.0
539370,1,5.0
539387,1,5.0
539423,1,5.0
539497,1,5.0
539515,1,5.0
539543,4,5.0
539545,1,5.0
539664,1,5.0
539686,50,4.6
539732,1,5.0
539781,1,5.0
539921,3,4.333333333333333
539930,1,5.0
539951,1,1.0
539977,11,3.090909090909091
539990,5,4.8
540091,2,5.0
540142,5,3.6
540197,1,5.0
540234,1,4.0
540320,1,5.0
540322,7,3.5714285714285716
540346,20,4.35
540382,1,3.0
540400,1,3.0
540435,1,5.0
540475,3,4.333333333333333
540476,1,4.0
540605,1,5.0
540680,1,5.0
540690,1,4.0
540867,1,5.0
540969,1,5.0
541021,1,5.0
541190,1,0.0
541249,1,5.0
541278,2,4.0
541353,1,5.0
541388,1,5.0
541422,2,4.5
541453,2,4.5
541474,1,1.0
541481,1,5.0
541539,2,4.5
541554,1,5.0
541563,1,5.0
541592,1,4.0
541626,6,4.666666666666667
541649,4,5.0
541839,1,3.0
541842,1,5.0
541895,1,4.0
541946,1,5.0
541955,2,5.0
541987,1,5.0
541994,2,4.0
542042,1,4.0
542060,4,5.0
542159,124,4.604838709677419
542194,1,5.0
542204,5,4.8
542282,1,5.0
542356,1,5.0
542403,1,5.0
542440,1,5.0
542518,1,5.0
542624,8,4.625
542685,1,5.0
542692,1,5.0
542717,1,5.0
542740,1,5.0
542762,1,4.0
542848,1,5.0
542881,1,0.0
542891,12,4.833333333333333
542900,2,3.5
542904,1,5.0
542957,1,5.0
543029,2,5.0
543103,1,5.0
543170,1,5.0
543183,4,5.0
543200,1,5.0
543242,1,4.0
543262,1,5.0
543308,1,4.0
543310,1,5.0
543341,1,5.0
543366,1,0.0
543624,1,5.0
543631,1,2.0
543644,2,5.0
543752,1,5.0
543762,1,5.0
543953,3,5.0
543955,1,2.0
543956,1,5.0
543968,1,5.0
544000,1,5.0
544026,5,4.4
544036,1,5.0
544074,4,4.5
544143,1,5.0
544202,1,5.0
544237,1,5.0
544275,4,5.0
544285,1,5.0
544292,1,5.0
544373,1,5.0
544438,3,5.0
544515,1,4.0
544540,2,4.0
544576,1,5.0
544668,1,5.0
544754,8,4.0
544765,2,5.0
544817,1,5.0
544876,1,5.0
544992,1,5.0
545002,1,5.0
545049,2,5.0
545084,2,5.0
545206,1,5.0
545368,2,4.5
545375,1,5.0
545405,1,5.0
545487,1,5.0
545539,1,4.0
545542,1,5.0
545543,1,0.0
545652,1,5.0
545664,1,4.0
545684,2,5.0
545717,6,4.833333333333333
545767,1,5.0
545790,1,5.0
545825,21,4.476190476190476
545850,1,0.0
545946,1,4.0
545950,1,5.0
545970,8,3.5
546010,28,4.785714285714286
546012,5,5.0
546021,2,5.0
546022,5,5.0
546089,1,5.0
546184,1,0.0
546216,4,3.75
546286,1,4.0
546638,1,5.0
546648,2,4.5
546957,1,4.0
546958,1,5.0
546982,1,1.0
546985,1,5.0
546992,1,3.0
547005,1,5.0
547033,1,5.0
547193,1,5.0
547387,1,5.0
547431,1,5.0
547437,3,5.0
547451,1,4.0
547498,4,4.75
547623,1,5.0
547677,1,5.0
547750,9,4.333333333333333
547786,1,0.0
547875,1,5.0
547943,1,5.0
547985,2,5.0
548090,3,5.0
548134,1,5.0
548189,4,3.75
548223,1,5.0
548331,1,5.0
548406,7,4.714285714285714
548441,1,5.0
548531,1,5.0
548777,1,5.0
548802,2,4.5
548867,1,5.0
548963,1,4.0
548973,6,4.5
549302,1,5.0
549411,1,5.0
549447,1,5.0
549456,1,5.0
549460,6,5.0
549505,1,5.0
549519,1,5.0
549534,1,4.0
549586,1,5.0
549594,1,5.0
549653,1,4.0
549669,3,3.6666666666666665
549801,1,4.0
549802,1,5.0
549813,1,5.0
549852,3,4.333333333333333
549893,3,4.333333333333333
549940,1,5.0
550062,1,5.0
550294,1,5.0
550330,1,5.0
550446,1,5.0
550553,1,3.0
550557,6,4.833333333333333
550663,1,5.0
550717,1,4.0
550747,2,4.5
550834,1,5.0
550843,1,5.0
550949,2,4.0
551039,1,5.0
551116,1,5.0
551206,1,5.0
551294,1,5.0
551454,2,2.5
551470,3,3.3333333333333335
551498,6,4.5
551508,1,4.0
551517,1,5.0
551608,1,5.0
551629,1,3.0
551659,1,5.0
551883,1,5.0
551939,2,5.0
552052,5,5.0
552055,1,5.0
552274,2,4.5
552291,1,1.0
552407,1,5.0
552448,1,5.0
552450,3,2.3333333333333335
552471,2,5.0
552578,1,5.0
552581,1,5.0
552613,40,4.475
552629,2,5.0
552697,1,4.0
552702,1,5.0
552713,1,4.0
552784,2,5.0
552807,1,5.0
552839,4,3.75
552848,1,1.0
552864,4,4.75
552871,1,4.0
552872,1,5.0
552996,1,5.0
553010,1,5.0
553178,1,5.0
553230,1,2.0
553303,4,4.75
553322,1,5.0
553331,1,5.0
553658,2,5.0
553722,1,5.0
553782,1,5.0
553862,2,5.0
553892,1,5.0
554138,1,5.0
554348,1,5.0
554426,1,5.0
554485,1,5.0
554496,3,5.0
554663,1,4.0
554666,1,5.0
554827,4,5.0
554873,1,5.0
555028,2,3.5
555200,2,5.0
555230,1,2.0
555320,1,5.0
555326,1,5.0
555366,1,5.0
555371,2,4.5
555490,1,5.0
555515,1,5.0
555625,1,5.0
555701,4,4.75
555778,1,4.0
555810,1,5.0
556011,5,4.6
556057,1,2.0
556113,2,5.0
556226,1,5.0
556250,2,5.0
556329,1,5.0
556387,2,5.0
556398,1,5.0
556403,2,5.0
556470,1,4.0
556534,1,5.0
556544,1,5.0
556563,2,5.0
556821,1,5.0
557042,4,3.75
557054,1,5.0
557057,2,5.0
557467,1,5.0
557486,1,5.0
557521,1,5.0
557564,2,3.5
557591,1,5.0
557649,1,5.0
557713,1,5.0
557717,4,5.0
557764,3,4.666666666666667
557801,9,4.444444444444445
558093,1,5.0
558106,1,4.0
558194,1,4.0
558287,1,5.0
558335,1,5.0
558422,1,5.0
558429,7,3.857142857142857
558739,1,5.0
558766,1,4.0
558887,1,5.0
558931,1,5.0
558979,4,4.75
558981,1,4.0
559013,2,5.0
559090,1,5.0
559144,1,5.0
559191,1,5.0
559283,8,4.75
559290,2,5.0
559296,1,5.0
559355,1,5.0
559402,1,5.0
559406,1,5.0
559414,1,5.0
559430,3,5.0
559493,6,4.666666666666667
559517,2,5.0
559522,1,2.0
559551,1,4.0
559592,1,5.0
559606,1,0.0
559614,1,5.0
559630,1,5.0
559669,1,5.0
559783,1,3.0
559846,4,3.75
559878,1,0.0
559886,1,5.0
559890,1,5.0
559991,1,5.0
560491,117,4.700854700854701
560605,1,5.0
560694,4,4.75
560758,1,5.0
560862,5,4.0
560934,1,5.0
560944,1,5.0
561019,1,5.0
561026,1,5.0
561073,1,5.0
561272,3,5.0
561296,1,5.0
561303,1,4.0
561328,2,5.0
561467,1,4.0
561472,2,5.0
561487,1,5.0
561535,1,5.0
561565,1,5.0
561591,2,4.5
561858,1,5.0
561908,4,5.0
562099,1,4.0
562229,4,3.75
562295,1,2.0
562341,1,5.0
562516,1,1.0
562529,1,5.0
562556,1,5.0
562671,1,5.0
562742,1,4.0
562747,2,4.0
562865,5,4.8
562927,1,5.0
562935,1,5.0
563121,1,3.0
563140,1,5.0
563183,2,5.0
563220,1,5.0
563272,1,5.0
563496,2,5.0
563521,1,5.0
563669,1,5.0
563696,1,5.0
563726,1,4.0
563815,1,5.0
563958,1,5.0
564101,3,4.666666666666667
564119,1,5.0
564141,1,5.0
564150,1,5.0
564216,1,5.0
564289,1,5.0
564310,1,5.0
564317,1,5.0
564378,3,4.666666666666667
564404,1,5.0
564537,2,4.5
564567,1,5.0
564602,1,5.0
564637,1,4.0
564718,1,5.0
564863,1,5.0
564895,1,5.0
564929,1,5.0
565041,3,5.0
565092,3,5.0
565166,1,5.0
565247,1,5.0
565276,2,4.5
565360,1,5.0
565487,1,0.0
565529,1,3.0
565592,2,4.5
565650,3,3.3333333333333335
565745,1,5.0
565873,2,5.0
565903,1,5.0
565910,5,5.0
565916,1,5.0
565973,1,5.0
566005,4,4.5
566011,5,5.0
566172,1,4.0
566230,1,5.0
566255,3,5.0
566275,1,4.0
566283,1,5.0
566373,3,5.0
566447,5,4.0
566453,1,5.0
566511,2,5.0
566544,1,4.0
566599,1,1.0
566626,3,5.0
566634,1,5.0
566705,1,2.0
566751,2,5.0
566784,1,5.0
566858,1,3.0
567095,1,1.0
567111,2,4.5
567134,1,5.0
567212,1,2.0
567214,1,5.0
567219,2,4.5
567282,1,5.0
567305,1,5.0
567343,2,5.0
567380,9,4.888888888888889
567382,1,4.0
567392,1,0.0
567436,1,5.0
567475,1,5.0
567520,1,5.0
567556,1,5.0
567558,2,5.0
567563,3,5.0
567586,1,5.0
567663,4,5.0
567786,1,3.0
567897,1,5.0
567907,2,5.0
567959,1,4.0
567976,11,4.454545454545454
568020,1,5.0
568112,2,5.0
568123,3,4.666666666666667
568159,2,5.0
568205,4,4.5
568224,1,5.0
568231,1,3.0
568297,5,3.4
568481,2,2.5
568484,1,5.0
568768,1,4.0
568787,2,4.5
568821,1,5.0
568854,1,4.0
568878,7,3.5714285714285716
568893,1,5.0
568934,1,5.0
569083,4,5.0
569171,1,0.0
569182,1,5.0
569197,1,1.0
569248,1,5.0
569420,2,5.0
569555,1,0.0
569602,1,1.0
569632,2,4.5
569675,2,5.0
569730,1,5.0
569850,1,5.0
569860,1,5.0
569877,2,4.5
569940,1,5.0
569951,4,5.0
570040,1,0.0
570055,1,5.0
570245,1,5.0
570355,1,5.0
570432,1,0.0
570441,1,5.0
570444,2,5.0
570500,1,5.0
570625,2,4.5
570662,1,2.0
570678,1,5.0
570689,1,5.0
570712,1,5.0
570795,1,4.0
570804,35,4.3428571428571425
570851,1,5.0
571112,1,5.0
571134,3,4.666666666666667
571258,1,5.0
571276,5,5.0
571307,1,5.0
571308,11,4.818181818181818
571333,1,5.0
571396,1,4.0
571428,1,5.0
571475,1,5.0
571534,1,5.0
571651,1,5.0
571722,1,1.0
571739,6,4.666666666666667
571878,1,5.0
571963,1,5.0
572039,4,4.75
572102,1,5.0
572103,1,4.0
572108,1,5.0
572152,11,4.181818181818182
572288,1,5.0
572341,1,5.0
572353,1,4.0
572374,2,5.0
572426,1,0.0
572462,1,4.0
572493,1,4.0
572535,3,5.0
572571,4,4.5
572600,1,1.0
572672,9,4.444444444444445
572691,1,5.0
572695,3,4.333333333333333
572723,1,5.0
572926,1,4.0
572993,1,4.0
572998,2,4.5
573036,1,5.0
573064,1,5.0
573090,4,4.0
573117,2,5.0
573120,1,5.0
573173,1,5.0
573267,1,5.0
573291,1,5.0
573325,91,4.824175824175824
573418,1,5.0
573544,5,4.4
573577,4,5.0
573604,1,5.0
573627,1,5.0
573639,1,5.0
573772,6,5.0
573827,2,5.0
573913,1,5.0
573974,2,5.0
573988,1,4.0
574010,1,5.0
574031,1,5.0
574083,4,4.25
574155,1,5.0
574224,1,5.0
574240,1,5.0
574351,1,4.0
574374,1,5.0
574377,1,4.0
574388,1,5.0
574445,3,4.666666666666667
574560,1,0.0
574601,1,5.0
574715,1,4.0
574733,1,5.0
574739,1,5.0
574816,1,5.0
574833,1,1.0
574936,10,4.5
574942,2,5.0
574984,1,5.0
575070,1,5.0
575078,1,0.0
575178,1,5.0
575472,1,1.0
575500,1,5.0
575536,2,2.5
575605,1,4.0
575640,1,5.0
575693,1,5.0
575772,1,4.0
575870,1,5.0
575922,1,5.0
576273,17,4.647058823529412
576314,1,5.0
576428,1,5.0
576475,2,5.0
576629,1,5.0
576675,2,5.0
576767,3,5.0
576774,1,4.0
576790,1,5.0
576916,3,5.0
577051,1,5.0
577107,2,5.0
577142,1,5.0
577152,1,5.0
577202,1,5.0
577249,2,4.5
577298,1,4.0
577326,1,0.0
577342,1,5.0
577379,2,4.5
577388,2,5.0
577394,2,5.0
577438,1,0.0
577585,4,4.75
577599,1,5.0
577667,1,3.0
577723,2,5.0
577822,1,0.0
578015,1,4.0
578055,2,5.0
578085,2,4.5
578120,1,0.0
578165,1,4.0
578177,2,4.5
578233,2,5.0
578295,3,5.0
578328,2,5.0
578340,1,5.0
578353,4,4.5
578358,1,5.0
578360,3,3.0
578380,3,3.3333333333333335
578443,1,5.0
578468,1,5.0
578543,1,5.0
578634,1,5.0
578749,2,4.5
578890,1,5.0
578914,16,4.8125
578917,1,5.0
579154,2,5.0
579228,14,4.857142857142857
579258,1,4.0
579298,27,4.37037037037037
579415,1,5.0
579461,1,4.0
579557,1,5.0
579619,1,5.0
579630,2,5.0
579795,1,1.0
579814,3,3.0
579826,7,4.714285714285714
579911,6,5.0
580030,2,5.0
580055,1,5.0
580102,2,5.0
580134,3,3.6666666666666665
580292,1,5.0
580295,6,4.666666666666667
580428,1,5.0
580498,1,5.0
580527,1,5.0
580608,5,4.8
580742,1,5.0
580790,1,5.0
580845,1,5.0
580861,8,4.125
580870,1,5.0
580895,1,4.0
580982,1,5.0
581006,1,5.0
581040,1,5.0
581167,1,2.0
581193,3,3.3333333333333335
581212,3,3.0
581224,2,3.0
581245,2,4.5
581255,1,4.0
581280,2,3.0
581376,1,5.0
581409,2,5.0
581487,2,5.0
581536,1,5.0
581574,2,5.0
581577,2,4.0
581692,1,5.0
581712,2,3.5
581788,1,0.0
581862,2,4.5
581866,1,5.0
581949,1,5.0
582098,3,5.0
582149,1,5.0
582223,1,5.0
582239,2,4.5
582262,1,4.0
582266,1,4.0
582316,1,5.0
582440,1,0.0
582561,18,4.0
582563,1,4.0
582636,1,1.0
582665,1,5.0
582902,1,4.0
582916,1,5.0
582946,6,4.833333333333333
582972,1,5.0
582980,1,5.0
582989,1,5.0
583011,1,5.0
583155,1,5.0
583190,1,5.0
583193,15,4.666666666666667
583204,1,5.0
583296,4,4.25
583304,1,0.0
583319,1,5.0
583349,26,4.461538461538462
583372,1,5.0
583401,6,3.8333333333333335
583455,4,5.0
583502,4,2.75
583577,4,4.75
583605,1,5.0
583617,1,5.0
583619,1,5.0
583643,3,4.666666666666667
583709,1,1.0
583736,1,5.0
583779,1,5.0
583809,3,5.0
583851,1,5.0
583860,1,5.0
583877,3,5.0
583891,3,4.666666666666667
583979,1,4.0
584071,1,2.0
584134,1,5.0
584137,2,5.0
584233,3,4.666666666666667
584259,1,5.0
584290,1,5.0
584294,2,4.5
584365,1,5.0
584424,1,5.0
584512,1,3.0
584546,1,5.0
584556,1,4.0
584566,1,5.0
584571,9,2.2222222222222223
584595,1,5.0
584642,2,4.5
584760,1,5.0
584811,1,4.0
584814,6,4.833333333333333
584856,1,5.0
584858,1,5.0
584957,1,5.0
584968,1,0.0
584998,1,4.0
585014,1,5.0
585039,1,5.0
585154,1,5.0
585176,3,4.666666666666667
585211,3,4.666666666666667
585238,2,5.0
585339,1,5.0
585379,1,5.0
585430,2,5.0
585449,6,4.666666666666667
585457,1,0.0
585476,1,5.0
585496,1,5.0
585706,3,3.0
585711,1,4.0
585739,1,3.0
585796,1,5.0
585885,1,5.0
585980,2,5.0
586000,1,0.0
586022,2,4.5
586028,1,5.0
586037,2,4.5
586047,1,5.0
586074,1,2.0
586178,1,5.0
586286,1,5.0
586291,5,4.6
586301,1,4.0
586393,1,5.0
586461,1,5.0
586469,6,4.5
586472,1,5.0
586474,1,5.0
586545,1,4.0
586672,1,5.0
586678,1,5.0
586693,1,5.0
586749,1,0.0
586751,2,5.0
586837,2,5.0
586878,1,4.0
586973,1,5.0
586985,1,0.0
587044,3,4.666666666666667
587073,1,4.0
587114,15,3.533333333333333
587202,1,5.0
587236,2,2.0
587245,1,2.0
587275,1,5.0
587361,6,4.333333333333333
587393,2,3.5
587455,2,5.0
587505,1,4.0
587524,1,5.0
587527,2,2.5
587566,1,5.0
587597,2,5.0
587675,5,5.0
587712,1,5.0
587756,3,4.333333333333333
587766,10,4.9
587800,1,5.0
587861,1,4.0
587892,3,3.6666666666666665
587965,3,4.333333333333333
587978,7,5.0
587979,1,5.0
588049,1,5.0
588079,1,5.0
588188,4,5.0
588204,1,5.0
588212,3,5.0
588247,1,5.0
588302,1,0.0
588324,2,4.5
588391,2,5.0
588412,3,4.666666666666667
588414,1,5.0
588472,1,4.0
588529,5,4.8
588538,1,5.0
588563,2,4.0
588608,1,5.0
588642,1,4.0
588654,2,3.0
588790,3,4.666666666666667
588817,1,5.0
588863,8,5.0
588941,1,4.0
589101,2,5.0
589138,1,5.0
589203,1,5.0
589254,3,5.0
589302,2,5.0
589303,1,4.0
589335,1,0.0
589340,2,5.0
589394,7,4.142857142857143
589424,2,4.5
589581,2,2.5
589648,1,5.0
589653,3,3.6666666666666665
589699,1,5.0
589729,4,5.0
589760,1,5.0
589761,3,5.0
589777,12,4.583333333333333
589801,3,4.666666666666667
589923,1,5.0
590058,2,4.0
590105,36,4.805555555555555
590162,1,5.0
590189,2,1.5
590292,2,5.0
590331,2,5.0
590485,1,5.0
590560,1,5.0
590640,3,5.0
590646,1,0.0
590656,2,5.0
590664,1,4.0
590701,1,5.0
590703,2,2.5
590808,1,5.0
590859,1,4.0
590918,1,5.0
591005,2,5.0
591016,2,4.5
591021,4,4.0
591035,4,3.25
591153,1,3.0
591258,1,5.0
591284,1,5.0
591302,11,5.0
591307,7,5.0
591314,4,4.0
591339,1,5.0
591347,1,0.0
591416,3,3.0
591489,1,5.0
591547,1,4.0
591611,1,5.0
591659,1,5.0
591748,3,1.0
591823,1,4.0
591894,1,5.0
591905,1,5.0
591927,1,4.0
592007,2,5.0
592009,1,5.0
592019,1,1.0
592059,1,0.0
592131,3,5.0
592141,1,5.0
592151,1,5.0
592157,7,4.857142857142857
592184,1,5.0
592373,13,4.384615384615385
592379,1,5.0
592405,1,4.0
592481,7,4.428571428571429
592507,1,5.0
592519,1,5.0
592633,14,4.928571428571429
592646,2,4.0
592657,2,2.5
592661,1,5.0
592709,1,1.0
593038,1,5.0
593042,1,4.0
593103,1,4.0
593110,1,5.0
593133,1,5.0
593159,11,3.8181818181818183
593267,1,1.0
593405,1,4.0
593424,12,5.0
593431,9,4.777777777777778
593513,40,4.8
593516,1,5.0
593576,1,5.0
593702,1,4.0
593718,1,5.0
593726,24,4.208333333333333
593780,1,5.0
593796,1,5.0
593832,1,5.0
593927,132,4.575757575757576
593949,1,5.0
593993,1,5.0
594092,1,5.0
594123,1,5.0
594139,37,4.945945945945946
594181,5,5.0
594204,1,5.0
594218,1,5.0
594322,1,5.0
594386,1,5.0
594468,1,0.0
594511,1,3.0
594559,1,5.0
594577,2,4.5
594620,4,4.75
594687,2,5.0
594704,2,4.0
594755,2,2.5
594793,2,5.0
594825,1,5.0
594923,7,4.857142857142857
594982,1,5.0
595031,1,5.0
595155,2,5.0
595194,2,5.0
595262,2,5.0
595267,1,5.0
595323,1,5.0
595504,1,5.0
595630,1,5.0
595778,3,5.0
595792,2,4.5
595840,2,5.0
595930,1,5.0
596091,2,5.0
596224,1,5.0
596266,2,5.0
596309,1,5.0
596368,1,4.0
596405,1,4.0
596509,1,3.0
596646,2,5.0
596647,1,5.0
596678,1,5.0
596689,1,3.0
596698,1,4.0
596813,2,5.0
596973,1,5.0
597054,1,5.0
597204,1,5.0
597437,1,5.0
597480,1,5.0
597495,1,5.0
597510,1,5.0
597538,9,4.333333333333333
597545,1,5.0
597546,12,5.0
597622,1,5.0
597669,7,4.571428571428571
597743,1,4.0
597757,1,5.0
597780,1,5.0
597782,1,5.0
597848,2,5.0
597856,2,4.0
597999,2,2.5
598015,2,5.0
598064,3,5.0
598136,1,5.0
598148,1,5.0
598212,1,4.0
598260,2,5.0
598288,1,2.0
598319,1,5.0
598340,6,4.666666666666667
598344,1,5.0
598455,1,5.0
598514,1,4.0
598519,4,5.0
598608,1,5.0
598657,4,3.75
598837,1,4.0
598851,1,5.0
598883,2,5.0
599204,1,5.0
599277,1,5.0
599284,6,3.8333333333333335
599319,2,5.0
599450,84,4.642857142857143
599466,2,4.5
599568,6,5.0
599633,3,5.0
599711,1,4.0
599721,1,5.0
599728,2,5.0
599741,4,3.5
599943,1,5.0
600023,1,5.0
600051,1,4.0
600057,1,5.0
600089,1,5.0
600105,2,5.0
600146,1,5.0
600151,1,1.0
600208,1,4.0
600294,2,5.0
600363,3,5.0
600455,1,5.0
600625,3,4.0
600761,9,4.666666666666667
600852,1,3.0
600932,3,4.666666666666667
600974,1,5.0
601015,1,5.0
601058,1,4.0
601069,1,5.0
601182,1,5.0
601227,1,5.0
601277,3,3.3333333333333335
601316,1,4.0
601320,1,5.0
601358,6,5.0
601410,1,5.0
601467,4,0.0
601528,47,4.212765957446808
601529,3,3.6666666666666665
601543,3,3.0
601595,1,5.0
601607,2,4.5
601692,1,5.0
601714,1,5.0
601730,1,1.0
601753,1,5.0
601822,1,0.0
601905,1,5.0
601985,1,5.0
602003,1,5.0
602074,1,5.0
602094,2,3.0
602131,1,5.0
602395,1,4.0
602401,1,5.0
602440,1,5.0
602448,10,4.7
602461,1,5.0
602503,2,5.0
602831,1,5.0
602888,1,5.0
602914,1,1.0
603050,4,5.0
603111,1,5.0
603266,1,5.0
603334,1,5.0
603344,1,5.0
603504,3,5.0
603514,3,5.0
603555,3,4.666666666666667
603556,1,5.0
603750,2,0.5
603785,1,5.0
603831,7,4.428571428571429
603883,1,5.0
603928,1,5.0
603949,1,5.0
604084,3,4.333333333333333
604139,3,5.0
604214,1,5.0
604268,1,5.0
604303,1,0.0
604324,6,5.0
604332,1,4.0
604366,1,4.0
604402,1,5.0
604414,1,5.0
604426,1,5.0
604465,1,5.0
604499,1,4.0
604502,1,5.0
604527,1,5.0
604568,2,2.0
604671,1,4.0
604714,1,4.0
604729,1,5.0
604906,2,4.5
605120,1,2.0
605156,1,5.0
605162,1,5.0
605340,1,1.0
605696,2,4.0
605718,1,4.0
605770,1,5.0
605866,2,5.0
605921,8,3.5
605947,1,4.0
605952,1,3.0
605991,2,4.0
606008,1,5.0
606199,1,5.0
606210,1,4.0
606329,1,5.0
606367,1,5.0
606401,1,5.0
606573,1,4.0
606608,1,5.0
606632,1,0.0
606686,1,5.0
606819,1,5.0
606850,5,4.0
606851,1,5.0
606897,1,4.0
606939,1,5.0
607103,1,5.0
607117,1,5.0
607125,1,5.0
607150,1,5.0
607168,1,4.0
607209,1,4.0
607359,1,5.0
607367,5,4.8
607393,6,4.0
607482,1,5.0
607516,1,4.0
607558,2,4.5
607632,1,5.0
607692,1,5.0
607801,3,3.3333333333333335
607820,9,5.0
607864,1,5.0
607892,1,4.0
608017,1,5.0
608196,1,5.0
608274,1,2.0
608410,1,5.0
608473,1,5.0
608500,4,5.0
608544,6,4.333333333333333
608557,1,5.0
608559,1,5.0
608617,1,5.0
608869,3,5.0
608900,3,4.666666666666667
608905,1,3.0
608913,4,5.0
609026,5,4.6
609046,1,5.0
609119,1,5.0
609189,1,4.0
609200,1,1.0
609233,1,4.0
609240,1,5.0
609428,1,5.0
609434,1,2.0
609460,1,5.0
609478,2,5.0
609521,2,5.0
609685,2,4.5
609693,1,4.0
609761,3,5.0
609799,1,5.0
609845,1,5.0
609896,1,2.0
609904,1,0.0
609906,1,5.0
609913,2,5.0
609918,1,0.0
609933,3,4.333333333333333
609980,3,5.0
610070,1,5.0
610084,3,4.666666666666667
610161,1,2.0
610204,1,5.0
610217,1,5.0
610233,1,4.0
610236,1,5.0
610268,2,5.0
610287,1,5.0
610482,1,4.0
610488,8,4.875
610627,1,5.0
610660,3,4.666666666666667
610706,3,4.333333333333333
610775,1,5.0
610843,1,5.0
610880,1,5.0
610969,1,4.0
611068,1,5.0
611113,1,5.0
611201,2,5.0
611302,3,4.666666666666667
611441,3,4.666666666666667
611494,3,4.333333333333333
611548,1,5.0
611630,1,4.0
611673,1,3.0
611679,1,0.0
611987,3,5.0
611998,1,5.0
612032,2,5.0
612055,1,5.0
612092,2,3.5
612136,1,4.0
612175,1,5.0
612228,1,5.0
612248,1,5.0
612316,1,0.0
612413,6,5.0
612424,1,5.0
612510,1,5.0
612512,1,5.0
612601,1,5.0
612658,1,5.0
612756,2,5.0
612868,1,5.0
612941,2,5.0
612948,3,3.3333333333333335
612972,1,4.0
612992,1,5.0
613033,1,5.0
613185,1,3.0
613250,3,5.0
613347,1,3.0
613456,2,5.0
613495,1,5.0
613544,10,4.6
613609,2,5.0
613657,1,4.0
613661,3,4.666666666666667
613724,1,5.0
613887,1,5.0
613970,2,5.0
614031,1,5.0
614157,1,5.0
614194,1,5.0
614212,3,4.333333333333333
614239,1,5.0
614278,1,5.0
614302,1,3.0
614318,1,3.0
614389,17,4.705882352941177
614398,2,5.0
614451,1,5.0
614471,4,4.5
614574,1,5.0
614591,1,5.0
614605,1,4.0
614642,1,5.0
614878,1,3.0
615063,1,4.0
615075,2,4.5
615129,1,5.0
615156,1,5.0
615159,1,5.0
615190,1,5.0
615299,1,2.0
615522,2,5.0
615591,4,5.0
615758,1,5.0
615759,1,5.0
615857,1,5.0
615919,1,5.0
615976,1,5.0
616031,1,5.0
616079,1,5.0
616082,4,4.5
616137,1,5.0
616152,7,4.142857142857143
616154,1,5.0
616177,1,5.0
616179,2,4.5
616211,1,5.0
616389,1,4.0
616420,1,4.0
616518,1,5.0
616686,1,5.0
616718,1,4.0
616731,1,5.0
616888,1,5.0
617032,1,5.0
617142,1,1.0
617153,1,5.0
617205,1,5.0
617359,1,3.0
617372,4,4.75
617517,2,3.5
617558,2,5.0
617669,3,4.333333333333333
617788,1,5.0
617842,2,5.0
617913,1,5.0
617915,1,1.0
617979,1,1.0
618019,1,5.0
618215,1,4.0
618332,3,4.0
618375,1,5.0
618446,1,2.0
618529,1,5.0
618653,1,4.0
618715,15,4.4
618758,1,5.0
618860,1,5.0
618871,2,5.0
618902,1,5.0
618928,1,4.0
619121,3,4.333333333333333
619210,1,4.0
619246,1,1.0
619248,1,3.0
619329,1,5.0
619505,1,5.0
619508,3,4.666666666666667
619511,2,3.5
619733,1,5.0
619761,4,3.75
619794,1,5.0
619812,1,4.0
619901,1,5.0
619952,1,5.0
619965,1,5.0
619973,1,5.0
619998,1,5.0
620003,2,4.5
620004,3,1.6666666666666667
620080,1,0.0
620081,6,4.833333333333333
620359,1,5.0
620435,8,4.625
620564,1,4.0
620628,1,4.0
620634,1,4.0
620718,2,4.5
620763,31,3.774193548387097
620879,1,4.0
621371,1,5.0
621402,1,4.0
621447,1,5.0
621502,1,5.0
621626,38,4.552631578947368
621689,3,5.0
621925,1,5.0
622025,1,5.0
622028,1,5.0
622052,1,5.0
622099,1,5.0
622112,1,5.0
622244,2,5.0
622313,1,5.0
622371,1,4.0
622402,3,5.0
622522,1,0.0
622578,4,5.0
622588,1,5.0
622662,1,0.0
622685,1,5.0
622957,1,5.0
622972,6,4.5
623055,2,5.0
623194,1,4.0
623266,2,5.0
623272,1,5.0
623331,3,5.0
623399,16,4.6875
623545,1,5.0
623678,1,1.0
623745,1,0.0
623817,2,5.0
624065,1,5.0
624114,2,3.5
624150,4,4.5
624167,2,2.5
624212,2,2.5
624286,1,5.0
624345,4,5.0
624357,1,5.0
624665,1,5.0
624718,1,5.0
624854,1,4.0
624899,1,5.0
625182,1,5.0
625285,1,0.0
625299,1,5.0
625390,1,3.0
625476,3,5.0
625487,1,4.0
625680,3,5.0
625696,26,4.384615384615385
625801,1,5.0
625864,1,5.0
625885,2,3.0
625904,1,5.0
625946,1,5.0
625987,1,5.0
626018,3,4.333333333333333
626096,8,4.625
626098,1,5.0
626439,2,5.0
626447,9,5.0
626461,1,5.0
626499,1,5.0
626503,3,4.666666666666667
626519,1,4.0
626551,1,5.0
626586,2,5.0
626664,1,5.0
626746,1,5.0
626788,1,5.0
626790,1,5.0
626995,5,4.8
627002,1,5.0
627018,1,5.0
627045,1,5.0
627179,1,4.0
627184,1,4.0
627232,1,0.0
627282,1,4.0
627417,1,5.0
627420,4,5.0
627495,2,4.5
627537,1,3.0
627651,1,0.0
627700,1,5.0
627761,2,4.5
627873,1,5.0
627970,1,4.0
627990,1,5.0
628007,3,5.0
628038,1,5.0
628076,25,4.4
628127,14,4.071428571428571
628168,2,5.0
628279,5,5.0
628326,1,4.0
628342,1,5.0
628393,2,4.0
628482,1,0.0
628588,2,4.5
628624,1,5.0
628674,1,5.0
628680,1,1.0
628696,5,3.0
628728,1,5.0
628753,1,5.0
628779,13,5.0
628933,1,5.0
628945,2,3.5
628951,2,5.0
629060,1,5.0
629113,1,5.0
629158,4,4.75
629291,11,4.2727272727272725
629313,1,4.0
629436,1,5.0
629484,2,5.0
629505,3,5.0
629515,1,0.0
629545,1,5.0
629580,1,5.0
629660,6,4.333333333333333
629747,1,5.0
629753,1,5.0
629759,1,5.0
629769,3,5.0
629857,1,5.0
629869,1,5.0
629920,3,3.3333333333333335
629954,1,5.0
630105,1,5.0
630170,1,5.0
630176,3,4.333333333333333
630198,1,4.0
630268,6,4.833333333333333
630318,1,0.0
630336,1,5.0
630439,3,4.666666666666667
630617,1,5.0
630626,1,5.0
630872,1,5.0
630926,2,4.0
630984,2,5.0
631030,2,5.0
631174,1,2.0
631194,3,5.0
631212,1,5.0
631213,1,5.0
631252,1,5.0
631315,1,5.0
631474,1,5.0
631519,1,4.0
631668,1,4.0
631692,1,2.0
631714,1,4.0
631739,2,5.0
631750,2,3.0
631789,1,5.0
631810,1,5.0
631854,1,5.0
631970,1,4.0
632026,1,3.0
632046,1,2.0
632052,2,2.5
632143,5,4.4
632157,1,5.0
632249,65,4.430769230769231
632286,1,5.0
632305,1,4.0
632461,2,5.0
632462,1,4.0
632470,1,4.0
632552,1,4.0
632585,2,4.5
632590,1,5.0
632604,1,4.0
632657,8,3.75
632755,1,5.0
632923,1,5.0
632937,1,5.0
633023,1,5.0
633027,9,4.777777777777778
633070,1,5.0
633219,1,4.0
633221,1,5.0
633318,2,4.5
633327,1,2.0
633517,1,5.0
633520,3,3.0
633550,1,4.0
633632,2,5.0
633653,1,5.0
633705,1,5.0
633722,1,5.0
633761,1,5.0
633848,1,5.0
633900,1,1.0
633907,1,5.0
633910,2,4.0
633949,1,4.0
633973,1,5.0
633987,1,4.0
633992,1,5.0
634070,1,5.0
634117,1,5.0
634137,2,2.5
634168,1,0.0
634257,3,4.666666666666667
634307,3,4.333333333333333
634323,4,4.75
634448,5,4.2
634454,1,5.0
634574,2,4.5
634575,2,5.0
634662,1,4.0
634751,1,5.0
634857,1,0.0
634884,1,5.0
635065,1,5.0
635201,1,5.0
635209,2,4.0
635294,4,5.0
635295,1,5.0
635414,1,4.0
635660,1,5.0
635848,1,5.0
635864,1,0.0
635868,1,0.0
635942,1,5.0
636006,4,5.0
636029,2,4.0
636124,2,4.5
636217,1,3.0
636267,2,4.5
636278,2,2.5
636291,1,5.0
636313,1,5.0
636348,1,5.0
636381,1,1.0
636450,1,5.0
636459,1,5.0
636472,1,5.0
636579,1,5.0
636684,1,1.0
636797,1,5.0
636915,2,5.0
636973,1,5.0
637016,1,5.0
637185,1,2.0
637254,1,5.0
637256,1,3.0
637294,1,5.0
637343,1,3.0
637428,1,2.0
637486,10,4.8
637494,1,4.0
637602,1,5.0
637629,1,4.0
637712,1,5.0
637719,1,5.0
637765,2,4.0
637769,1,4.0
637844,1,4.0
637887,5,3.8
637908,1,3.0
638020,1,4.0
638021,2,2.5
638030,1,4.0
638052,2,5.0
638072,5,5.0
638090,1,5.0
638093,1,5.0
638227,1,5.0
638264,1,5.0
638343,2,4.5
638403,1,5.0
638445,1,5.0
638518,1,4.0
638563,1,5.0
638634,1,5.0
638737,1,5.0
638756,1,5.0
638855,2,5.0
638867,3,5.0
638870,1,5.0
638886,1,5.0
639261,1,4.0
639290,2,4.5
639411,2,4.5
639483,1,4.0
639519,1,5.0
639553,1,5.0
639629,1,3.0
639673,1,5.0
639734,1,5.0
639763,1,5.0
639848,1,5.0
639886,2,0.5
639991,1,4.0
640041,1,4.0
640098,1,5.0
640173,2,5.0
640203,4,3.75
640375,1,0.0
640410,1,5.0
640474,2,4.5
640657,2,5.0
640718,1,5.0
640726,1,4.0
640775,1,4.0
640784,1,5.0
640927,1,5.0
641006,1,5.0
641014,1,5.0
641062,1,5.0
641071,1,5.0
641076,3,5.0
641079,1,5.0
641192,1,5.0
641203,1,3.0
641242,1,4.0
641306,1,5.0
641632,2,5.0
641636,1,3.0
641866,1,5.0
641870,1,4.0
642030,1,0.0
642109,1,5.0
642143,1,5.0
642163,1,5.0
642183,1,5.0
642304,1,5.0
642310,2,5.0
642334,1,5.0
642345,1,4.0
642517,1,1.0
642747,1,5.0
642765,1,5.0
642855,1,4.0
642925,1,5.0
643015,2,5.0
643099,1,5.0
643159,1,5.0
643166,1,5.0
643263,1,4.0
643376,1,5.0
643508,1,5.0
643631,1,5.0
643645,1,5.0
643714,1,5.0
643850,2,5.0
643883,2,5.0
643942,1,5.0
644000,1,5.0
644083,1,5.0
644172,1,5.0
644191,17,4.882352941176471
644230,1,5.0
644241,1,0.0
644300,1,5.0
644307,1,0.0
644351,1,5.0
644514,2,4.5
644644,1,5.0
644677,3,4.333333333333333
644764,2,4.5
644821,1,5.0
644902,4,4.5
644913,2,5.0
645009,1,5.0
645092,1,5.0
645094,3,4.666666666666667
645114,3,5.0
645143,2,4.5
645207,1,5.0
645231,4,5.0
645365,1,5.0
645525,1,5.0
645580,2,5.0
645603,1,5.0
645661,1,5.0
645687,1,5.0
645759,1,5.0
645905,1,5.0
645907,1,5.0
645955,2,4.5
646093,2,5.0
646304,7,4.142857142857143
646398,1,5.0
646501,1,5.0
646894,1,5.0
646939,2,2.0
646967,1,3.0
647048,1,5.0
647119,1,1.0
647121,1,5.0
647138,1,5.0
647181,3,5.0
647271,2,4.5
647357,1,5.0
647358,1,5.0
647389,3,4.333333333333333
647436,1,5.0
647456,2,5.0
647466,8,4.625
647495,5,5.0
647640,1,5.0
647663,2,4.5
647666,2,5.0
647693,1,5.0
647890,1,5.0
648093,1,5.0
648235,1,2.0
648343,2,5.0
648456,1,5.0
648514,4,4.75
648518,1,3.0
648540,4,5.0
648554,1,4.0
648578,2,4.5
648608,1,4.0
648638,2,4.5
648707,1,3.0
648821,1,5.0
648825,1,5.0
648882,4,5.0
648917,3,5.0
648923,1,5.0
648947,1,5.0
649116,1,5.0
649162,1,5.0
649173,8,4.625
649193,1,5.0
649263,1,5.0
649462,2,5.0
649500,2,5.0
649612,2,4.5
649754,1,5.0
649833,1,4.0
650039,2,4.0
650310,1,5.0
650367,1,5.0
650373,5,4.2
650453,1,5.0
650470,1,0.0
650696,1,5.0
650857,1,0.0
650894,1,0.0
650938,8,4.5
650951,1,5.0
651025,2,5.0
651059,1,5.0
651101,1,4.0
651118,5,4.6
651263,1,5.0
651269,7,4.0
651350,4,5.0
651360,2,4.0
651379,6,4.666666666666667
651385,1,5.0
651476,2,4.5
651505,1,5.0
651609,1,3.0
651633,3,5.0
651635,1,5.0
651762,1,4.0
652159,1,4.0
652263,1,5.0
652321,7,4.571428571428571
652506,1,4.0
652568,11,4.818181818181818
652641,1,5.0
652683,1,5.0
652830,2,5.0
652931,1,5.0
652957,2,5.0
653225,1,5.0
653381,1,5.0
653426,1,5.0
653438,112,4.910714285714286
653481,1,5.0
653506,1,5.0
653538,1,5.0
653594,2,5.0
653649,1,4.0
653750,2,5.0
653752,1,5.0
653878,1,5.0
654061,1,5.0
654246,2,5.0
654304,1,5.0
654368,1,5.0
654460,3,5.0
654485,1,5.0
654821,1,3.0
654868,1,5.0
654886,1,4.0
654921,1,5.0
654929,3,5.0
654981,1,5.0
654995,1,5.0
655176,2,5.0
655199,14,3.5714285714285716
655223,2,4.5
655236,1,5.0
655257,2,5.0
655524,1,5.0
655529,3,4.666666666666667
655579,4,3.5
655596,5,3.8
655603,1,5.0
655720,1,5.0
655731,1,5.0
655781,1,5.0
655817,1,4.0
655830,1,5.0
655896,1,0.0
655950,1,5.0
655996,1,5.0
656018,2,4.5
656376,1,5.0
656449,1,5.0
656565,1,0.0
656598,1,5.0
656706,1,5.0
656752,1,4.0
656809,2,5.0
656881,3,5.0
656928,2,3.0
656995,1,4.0
657016,1,5.0
657136,1,5.0
657191,1,5.0
657197,2,4.0
657246,2,2.5
657377,2,5.0
657381,1,2.0
657509,1,5.0
657555,2,4.5
657658,1,5.0
657845,1,5.0
657915,1,5.0
658064,1,5.0
658166,1,5.0
658203,1,1.0
658241,1,3.0
658469,2,5.0
658538,1,5.0
658542,7,4.857142857142857
658596,1,5.0
658717,1,5.0
658789,1,4.0
658792,2,5.0
658870,3,5.0
659199,1,5.0
659260,1,5.0
659461,1,5.0
659507,2,4.5
659588,2,4.0
659599,2,5.0
659630,2,5.0
659666,1,5.0
659844,2,5.0
659900,1,5.0
659913,1,5.0
659976,1,5.0
660087,1,4.0
660139,1,5.0
660200,1,5.0
660320,1,3.0
660329,1,5.0
660973,1,5.0
661133,3,3.0
661163,3,5.0
661190,1,5.0
661279,1,5.0
661463,1,5.0
661578,1,5.0
661753,1,5.0
661778,1,5.0
661882,1,5.0
661999,1,5.0
662071,1,5.0
662079,1,4.0
662084,2,5.0
662244,1,5.0
662323,3,2.6666666666666665
662464,1,5.0
662565,1,4.0
662680,1,5.0
662837,1,5.0
662879,1,4.0
663084,3,4.333333333333333
663171,8,4.375
663277,2,4.0
663359,1,5.0
663360,1,5.0
663374,1,3.0
663385,1,5.0
663494,2,5.0
663518,2,5.0
663639,1,5.0
663801,1,5.0
663855,3,4.333333333333333
663903,1,5.0
663997,28,4.785714285714286
663998,1,5.0
664196,1,5.0
664214,3,4.666666666666667
664225,10,4.7
664227,1,5.0
664238,1,5.0
664243,1,5.0
664245,1,4.0
664325,3,4.666666666666667
664475,1,5.0
664530,1,5.0
664685,1,5.0
664841,1,5.0
664999,1,5.0
665035,2,5.0
665043,1,5.0
665124,2,5.0
665129,1,3.0
665137,1,5.0
665231,1,5.0
665321,1,5.0
665370,1,5.0
665458,1,5.0
665557,1,5.0
665570,1,5.0
665614,6,4.833333333333333
665700,1,5.0
665724,1,5.0
665863,1,5.0
665896,1,5.0
665907,3,5.0
665993,2,4.5
666014,1,4.0
666026,1,5.0
666075,1,4.0
666128,2,5.0
666171,1,0.0
666270,1,5.0
666278,1,5.0
666306,1,4.0
666437,1,5.0
666518,1,4.0
666649,1,0.0
666681,10,3.8
666682,6,4.5
666720,1,5.0
666723,11,4.090909090909091
666761,1,0.0
666813,1,5.0
666815,1,5.0
666829,5,5.0
666839,1,5.0
666947,11,4.818181818181818
666987,1,5.0
667112,1,5.0
667128,1,5.0
667146,2,5.0
667148,1,5.0
667327,1,0.0
667352,1,3.0
667379,1,5.0
667425,1,5.0
667546,1,5.0
667651,1,5.0
667730,2,4.5
667766,1,5.0
667803,1,0.0
667860,1,0.0
667866,1,3.0
667915,3,5.0
668006,1,5.0
668034,1,5.0
668156,1,3.0
668205,6,4.333333333333333
668212,1,5.0
668214,1,4.0
668240,1,5.0
668282,1,5.0
668309,1,5.0
668331,2,4.0
668345,1,5.0
668507,1,5.0
668678,1,5.0
668681,1,4.0
668709,1,5.0
668800,1,5.0
668861,3,4.666666666666667
668875,2,5.0
668893,1,5.0
668951,1,5.0
669019,2,2.5
669195,2,5.0
669281,1,5.0
669519,2,0.0
669648,1,4.0
669668,1,5.0
669694,2,5.0
669746,1,4.0
670014,1,0.0
670089,2,5.0
670091,1,0.0
670167,2,4.0
670246,2,5.0
670388,1,5.0
670438,1,0.0
670491,1,5.0
670663,1,4.0
670671,1,5.0
670722,1,5.0
670786,2,2.5
670817,2,5.0
670854,1,5.0
671022,1,5.0
671156,1,5.0
671205,1,5.0
671222,2,4.0
671381,1,5.0
671492,3,4.333333333333333
671563,1,5.0
671619,1,5.0
671629,6,5.0
671663,1,0.0
671674,1,5.0
671704,1,5.0
671778,1,5.0
671811,1,5.0
671819,1,5.0
671895,2,3.0
671936,1,4.0
672227,1,5.0
672320,2,5.0
672362,1,5.0
672403,1,5.0
672478,6,4.666666666666667
672490,1,5.0
672534,15,4.266666666666667
672616,4,5.0
672618,1,5.0
672641,1,2.0
672655,1,5.0
672708,1,5.0
672734,4,2.75
672805,2,2.0
672870,1,4.0
673173,1,5.0
673201,1,5.0
673392,1,4.0
673397,1,5.0
673437,1,5.0
673444,30,4.166666666666667
673461,1,5.0
673508,1,5.0
673579,1,4.0
673632,1,5.0
673750,1,5.0
673765,1,0.0
673940,2,4.5
673946,1,5.0
673950,1,5.0
673961,1,5.0
674012,1,5.0
674022,17,4.823529411764706
674035,1,5.0
674041,1,5.0
674053,1,4.0
674183,1,5.0
674208,1,5.0
674342,3,5.0
674382,1,5.0
674454,3,3.6666666666666665
674484,10,4.9
674570,1,5.0
674632,1,3.0
674660,1,5.0
674754,1,3.0
674789,1,5.0
674979,3,3.6666666666666665
675062,1,4.0
675078,1,5.0
675125,1,5.0
675214,5,4.8
675255,1,5.0
675265,8,5.0
675287,11,5.0
675493,1,5.0
675543,5,5.0
675622,1,5.0
675623,1,5.0
675651,1,5.0
675683,1,5.0
675816,1,5.0
675927,1,5.0
675958,1,5.0
676083,1,5.0
676251,1,5.0
676258,1,5.0
676571,1,4.0
676683,1,5.0
676702,3,5.0
676723,1,5.0
676820,1,5.0
676873,1,5.0
677008,1,5.0
677055,1,5.0
677149,1,4.0
677221,1,5.0
677300,4,4.75
677396,1,5.0
677398,2,5.0
677411,1,1.0
677508,11,4.909090909090909
677623,1,5.0
677645,1,5.0
677705,1,5.0
677725,1,3.0
677758,1,5.0
678173,2,4.0
678342,1,2.0
678366,45,4.711111111111111
678456,1,5.0
678523,1,0.0
678548,6,4.833333333333333
678654,1,5.0
678714,1,0.0
678788,1,5.0
678821,1,4.0
678857,21,4.904761904761905
678862,9,4.777777777777778
678942,1,5.0
678954,1,5.0
678959,1,5.0
678965,1,5.0
679107,1,4.0
679315,1,5.0
679429,3,4.666666666666667
679438,2,5.0
679452,1,5.0
679464,1,4.0
679486,2,3.5
679627,1,5.0
679635,1,5.0
679719,5,4.8
679759,18,4.444444444444445
679814,1,5.0
679953,156,4.788461538461538
679960,1,4.0
680104,3,4.666666666666667
680130,1,5.0
680137,1,5.0
680164,1,5.0
680256,1,5.0
680418,2,2.0
680448,1,5.0
680519,1,4.0
680536,1,5.0
680579,6,4.333333333333333
680599,2,5.0
680673,2,4.5
680685,1,5.0
680724,3,4.666666666666667
680725,1,5.0
680747,2,4.5
680794,1,5.0
680804,1,5.0
680857,1,5.0
680929,3,3.0
681033,1,5.0
681041,1,5.0
681067,1,5.0
681090,1,4.0
681091,1,5.0
681147,1,4.0
681167,1,5.0
681323,1,5.0
681408,2,0.0
681416,1,5.0
681465,2,5.0
681653,1,5.0
681693,1,0.0
681748,1,4.0
681864,1,4.0
682036,1,5.0
682182,1,5.0
682238,1,5.0
682301,1,5.0
682513,1,5.0
682691,1,5.0
682882,1,5.0
682891,2,5.0
682909,1,0.0
682964,3,5.0
683007,2,4.5
683048,1,5.0
683179,1,5.0
683273,1,5.0
683290,1,5.0
683314,1,5.0
683416,5,4.8
683431,1,5.0
683461,2,5.0
683464,3,5.0
683466,1,1.0
683501,1,4.0
683573,4,4.75
683610,1,4.0
683666,8,4.625
683756,1,5.0
683777,5,3.2
683837,1,5.0
683926,1,5.0
683972,1,5.0
684021,4,5.0
684049,3,4.333333333333333
684104,1,5.0
684177,1,5.0
684333,1,5.0
684358,1,5.0
684460,1,5.0
684706,2,4.5
684840,5,4.8
684911,1,1.0
684933,1,0.0
685012,1,5.0
685017,1,2.0
685054,3,5.0
685119,1,5.0
685135,1,0.0
685153,2,5.0
685164,2,2.5
685310,1,4.0
685336,1,5.0
685371,2,4.5
685435,1,5.0
685472,2,5.0
685587,1,4.0
685621,1,4.0
685645,1,4.0
685701,6,4.666666666666667
685759,1,0.0
685883,1,5.0
685902,1,5.0
685952,1,2.0
685988,4,4.75
686042,1,5.0
686060,1,4.0
686126,1,4.0
686193,2,4.5
686329,1,4.0
686442,1,4.0
686550,1,5.0
686631,1,5.0
686761,1,0.0
686814,1,5.0
686926,1,5.0
686948,3,4.666666666666667
687065,1,5.0
687083,1,5.0
687138,1,5.0
687302,2,4.5
687343,1,5.0
687419,2,5.0
687512,1,5.0
687572,1,2.0
687594,1,5.0
687766,1,5.0
687919,1,0.0
687991,1,1.0
688039,1,5.0
688085,1,3.0
688101,1,5.0
688156,1,5.0
688246,1,5.0
688254,2,2.5
688258,1,4.0
688566,6,4.0
688606,1,4.0
688617,1,5.0
688641,1,5.0
688835,1,5.0
688841,1,0.0
688881,1,0.0
689019,1,5.0
689042,1,4.0
689080,1,5.0
689332,14,4.428571428571429
689367,5,5.0
689405,1,4.0
689419,1,5.0
689431,1,5.0
689540,6,4.166666666666667
689557,3,5.0
689673,1,5.0
689750,1,5.0
689754,1,5.0
689797,1,5.0
689845,1,5.0
690039,1,5.0
690173,5,4.2
690215,1,4.0
690287,1,5.0
690349,2,5.0
690375,2,5.0
690564,1,3.0
690623,38,4.842105263157895
690668,1,5.0
690729,1,5.0
690816,1,4.0
690863,1,5.0
690975,1,5.0
691013,1,3.0
691043,1,4.0
691063,1,1.0
691129,2,5.0
691260,1,1.0
691305,1,5.0
691456,1,5.0
691507,1,5.0
691867,1,0.0
691875,1,5.0
691985,1,5.0
692025,3,5.0
692048,1,5.0
692061,1,5.0
692514,1,3.0
692674,2,5.0
692779,3,5.0
692783,1,5.0
692885,3,4.0
693185,1,5.0
693214,1,5.0
693278,1,5.0
693289,1,0.0
693345,33,4.181818181818182
693362,1,5.0
693373,1,5.0
693482,3,2.3333333333333335
693672,1,5.0
693690,1,0.0
693697,2,5.0
693865,1,5.0
694010,1,5.0
694053,1,5.0
694088,3,5.0
694121,1,4.0
694190,1,1.0
694227,1,5.0
694268,1,3.0
694286,1,5.0
694305,1,5.0
694336,1,5.0
694465,1,5.0
694739,2,4.5
694799,1,5.0
694899,1,2.0
694907,1,5.0
695076,1,5.0
695089,1,5.0
695102,3,5.0
695253,1,4.0
695362,1,4.0
695382,1,5.0
695722,1,2.0
695759,1,5.0
695802,1,5.0
695933,20,4.6
696094,1,3.0
696196,1,5.0
696237,1,5.0
696279,1,4.0
696281,1,5.0
696307,1,5.0
696326,1,5.0
696341,2,4.5
696386,1,5.0
696417,2,5.0
696423,9,4.888888888888889
696459,2,5.0
696496,1,5.0
696613,1,2.0
696623,1,5.0
696769,1,5.0
696808,1,5.0
696886,1,1.0
696948,1,5.0
696981,1,4.0
696989,1,5.0
697049,3,4.666666666666667
697140,1,5.0
697142,1,5.0
697184,1,0.0
697399,1,4.0
697419,1,0.0
697561,1,5.0
697595,1,5.0
697659,3,3.3333333333333335
697835,1,3.0
697860,2,5.0
697880,1,4.0
697961,1,5.0
697978,1,5.0
698116,1,5.0
698139,1,5.0
698223,1,5.0
698259,1,4.0
698271,1,5.0
698347,1,0.0
698374,1,2.0
698495,2,5.0
698497,1,1.0
698505,1,5.0
698716,1,5.0
698759,4,5.0
698795,1,5.0
699079,1,5.0
699087,1,5.0
699111,1,5.0
699147,1,4.0
699241,1,5.0
699387,1,4.0
699459,1,5.0
699559,1,5.0
699678,1,1.0
699690,1,5.0
699709,1,5.0
699924,1,5.0
699947,1,5.0
700050,1,5.0
700213,1,0.0
700303,1,5.0
700390,1,5.0
700419,1,5.0
700432,4,4.75
700548,1,4.0
700554,1,5.0
700588,1,5.0
700711,1,5.0
700745,1,5.0
701052,1,5.0
701083,1,0.0
701312,1,5.0
701315,1,5.0
701344,1,5.0
701819,2,5.0
701984,1,5.0
702054,1,4.0
702095,1,5.0
702173,2,5.0
702367,1,0.0
702607,8,5.0
702630,1,4.0
702666,2,1.0
702831,1,4.0
702894,1,5.0
702968,1,5.0
702998,1,2.0
703014,4,4.75
703023,2,5.0
703083,1,2.0
703142,1,5.0
703332,2,5.0
703396,1,5.0
703464,1,5.0
703476,1,5.0
703508,1,5.0
703556,1,5.0
703661,7,4.857142857142857
703740,1,3.0
703848,1,5.0
703869,4,5.0
704045,1,5.0
704085,1,0.0
704152,2,5.0
704153,1,5.0
704166,6,5.0
704168,1,3.0
704179,2,5.0
704188,1,5.0
704232,1,5.0
704270,1,5.0
704271,1,5.0
704282,1,1.0
704375,1,3.0
704446,1,5.0
704479,3,5.0
704545,2,5.0
704687,1,1.0
704932,3,3.6666666666666665
704950,44,4.931818181818182
704997,1,5.0
705084,1,2.0
705208,3,5.0
705210,1,5.0
705251,82,4.670731707317073
705405,2,4.0
705408,1,5.0
705423,1,5.0
705576,1,5.0
705585,1,5.0
705795,2,4.5
705808,1,5.0
705824,1,3.0
705886,2,5.0
705997,1,5.0
706093,1,5.0
706176,2,5.0
706237,1,5.0
706308,1,0.0
706320,1,5.0
706392,2,4.0
706452,1,5.0
706455,1,4.0
706468,1,5.0
706555,1,5.0
706607,1,5.0
706608,42,3.8095238095238093
706631,1,5.0
706695,1,5.0
706764,2,5.0
706839,2,5.0
707140,1,5.0
707200,3,3.3333333333333335
707280,1,5.0
707304,1,5.0
707337,7,4.571428571428571
707391,2,4.5
707422,1,5.0
707469,2,3.0
707663,1,5.0
707671,1,5.0
707675,2,4.5
707817,2,2.5
707849,1,5.0
708097,1,0.0
708136,1,5.0
708200,1,4.0
708214,1,5.0
708253,1,5.0
708382,1,4.0
708438,1,5.0
708494,3,5.0
708506,2,5.0
708553,2,4.5
708618,1,5.0
708727,2,5.0
708758,1,5.0
708855,1,5.0
708860,1,5.0
708926,1,5.0
709268,2,5.0
709423,1,5.0
709431,1,5.0
709461,1,5.0
709498,1,5.0
709527,4,3.5
709541,8,5.0
709542,5,4.2
709548,6,4.833333333333333
709625,1,0.0
709651,1,5.0
709800,1,4.0
709902,6,4.5
709936,1,5.0
709945,1,0.0
709986,1,5.0
710155,6,4.833333333333333
710172,2,5.0
710262,1,5.0
710330,1,5.0
710363,1,5.0
710496,1,5.0
710503,1,5.0
710659,1,1.0
710660,1,5.0
710679,1,4.0
710809,5,3.6
710810,3,4.666666666666667
710891,1,5.0
711175,1,0.0
711375,1,5.0
711393,1,5.0
711409,1,3.0
711430,1,5.0
711438,2,5.0
711490,1,0.0
711528,1,1.0
711534,1,5.0
711562,1,5.0
711565,1,5.0
711583,2,2.5
711584,1,5.0
711689,1,5.0
711724,1,4.0
711737,1,5.0
711783,1,0.0
711830,1,5.0
711839,1,5.0
711968,1,1.0
711989,1,5.0
712042,1,5.0
712157,2,5.0
712191,1,3.0
712239,1,4.0
712289,1,5.0
712322,1,5.0
712582,1,5.0
712616,1,2.0
712629,1,5.0
712686,1,5.0
712737,1,0.0
712810,1,4.0
712839,1,5.0
713077,1,5.0
713105,1,5.0
713111,1,3.0
713116,10,4.6
713178,1,4.0
713235,1,0.0
713272,4,3.75
713301,1,0.0
713311,1,0.0
713448,1,5.0
713725,1,5.0
713824,1,5.0
713842,1,5.0
713843,1,5.0
713867,1,5.0
713996,1,3.0
714043,1,5.0
714046,1,5.0
714118,1,5.0
714155,1,0.0
714171,2,5.0
714236,1,5.0
714328,1,5.0
714366,1,5.0
714468,3,5.0
714655,1,4.0
714671,1,5.0
714688,1,5.0
714690,1,0.0
714762,4,3.75
714794,2,4.5
714950,1,5.0
714956,4,4.75
715028,1,0.0
715058,1,5.0
715125,1,5.0
715188,1,5.0
715325,1,4.0
715423,5,4.0
715463,1,5.0
715542,1,4.0
715550,1,3.0
715662,2,5.0
715727,1,5.0
715731,5,4.2
715744,1,5.0
715792,1,5.0
715926,2,5.0
715957,2,5.0
715963,2,3.5
716071,1,5.0
716144,4,5.0
716192,13,4.615384615384615
716215,3,3.0
716252,1,5.0
716301,1,5.0
716303,4,3.75
716314,1,3.0
716408,3,5.0
716425,1,5.0
716544,1,5.0
716560,1,5.0
716635,1,0.0
716747,1,5.0
716771,1,5.0
716798,1,4.0
716888,2,4.0
716950,2,4.0
716959,1,4.0
717014,1,5.0
717063,1,5.0
717092,1,5.0
717105,1,0.0
717128,1,5.0
717144,1,5.0
717164,2,3.0
717182,1,5.0
717221,11,4.7272727272727275
717237,1,5.0
717260,1,5.0
717289,2,2.5
717368,1,5.0
717373,1,3.0
717459,1,4.0
717485,1,4.0
717606,1,5.0
717630,1,5.0
717668,1,5.0
717793,1,4.0
717805,1,5.0
717827,1,5.0
717883,1,5.0
717898,1,4.0
717914,4,4.75
718016,3,4.666666666666667
718022,3,5.0
718039,1,5.0
718054,1,4.0
718061,1,5.0
718109,1,5.0
718118,2,4.5
718287,1,4.0
718299,1,5.0
718328,2,5.0
718371,4,4.5
718620,34,4.4411764705882355
718699,1,5.0
718794,1,5.0
718807,1,2.0
718934,1,3.0
718967,1,5.0
719083,13,5.0
719196,1,5.0
719198,1,5.0
719313,25,4.84
719435,1,4.0
719460,1,5.0
719483,2,2.5
719493,1,5.0
719514,1,3.0
719572,1,5.0
719577,2,3.5
719622,1,5.0
719625,1,5.0
719633,1,4.0
719736,4,4.25
719792,1,5.0
719807,1,3.0
719851,1,5.0
719929,3,4.666666666666667
720075,1,5.0
720138,1,0.0
720225,2,4.5
720246,1,5.0
720471,1,0.0
720565,1,5.0
720889,2,5.0
720912,20,4.9
720929,1,5.0
720932,2,5.0
720962,2,5.0
720970,1,5.0
721041,1,5.0
721050,1,5.0
721078,2,5.0
721130,1,5.0
721231,1,5.0
721243,1,5.0
721473,1,5.0
721495,1,5.0
721549,2,3.5
721634,1,5.0
721674,1,5.0
721694,1,4.0
721698,2,3.5
721703,1,5.0
721832,3,4.666666666666667
721887,1,4.0
722016,1,5.0
722185,2,5.0
722236,1,4.0
722317,1,5.0
722385,1,4.0
722457,1,5.0
722518,4,5.0
722619,2,4.5
722743,1,5.0
722761,1,5.0
722763,2,5.0
722837,2,5.0
722843,1,5.0
723018,1,5.0
723060,1,4.0
723110,1,5.0
723460,1,5.0
723461,1,5.0
723470,1,0.0
723478,1,0.0
723491,12,4.5
723525,3,4.666666666666667
723563,1,5.0
723641,1,0.0
723712,1,5.0
723717,1,5.0
723815,1,5.0
723817,2,5.0
723825,1,5.0
723867,1,0.0
723904,1,3.0
723989,2,5.0
724065,1,5.0
724075,1,5.0
724218,6,3.8333333333333335
724246,2,5.0
724516,31,4.967741935483871
724532,1,5.0
724593,6,4.333333333333333
724631,61,4.475409836065574
724663,1,5.0
724761,1,5.0
724855,1,0.0
724890,1,5.0
725010,1,5.0
725014,1,5.0
725043,1,3.0
725053,1,1.0
725103,2,5.0
725128,2,4.5
725332,4,5.0
725448,1,4.0
725473,1,2.0
725505,2,5.0
725628,1,5.0
725663,1,4.0
725670,1,5.0
725849,4,5.0
725883,1,5.0
725900,1,5.0
726003,2,3.5
726052,1,5.0
726059,1,5.0
726142,3,3.6666666666666665
726217,1,5.0
726265,1,5.0
726266,1,5.0
726344,1,4.0
726369,1,0.0
726381,1,0.0
726484,4,4.5
726534,12,3.75
726585,1,5.0
726599,2,5.0
726631,1,5.0
726636,2,5.0
726682,1,5.0
726815,1,5.0
726820,1,5.0
726871,1,5.0
726926,1,5.0
726934,3,4.333333333333333
726952,1,5.0
726960,1,4.0
726977,1,5.0
727055,26,4.6923076923076925
727164,1,4.0
727204,1,5.0
727236,3,4.333333333333333
727283,2,5.0
727314,1,5.0
727423,1,5.0
727442,1,5.0
727494,1,5.0
727685,3,5.0
727721,1,4.0
727934,1,5.0
727964,2,2.0
727989,1,3.0
728020,2,4.5
728160,2,5.0
728181,2,5.0
728195,1,4.0
728297,1,5.0
728326,1,4.0
728339,1,0.0
728368,1,5.0
728468,1,4.0
728508,1,5.0
728555,1,2.0
728556,1,2.0
728624,1,5.0
728657,1,5.0
728677,1,5.0
728693,1,1.0
728767,2,3.0
728782,5,4.6
728947,1,4.0
729064,1,5.0
729253,1,5.0
729254,9,4.666666666666667
729572,1,5.0
729593,1,5.0
729598,1,5.0
729604,1,5.0
729764,1,5.0
729777,1,5.0
729981,1,2.0
730238,1,5.0
730264,1,5.0
730265,1,5.0
730333,1,0.0
730344,1,5.0
730365,1,0.0
730448,1,2.0
730563,1,0.0
730606,1,4.0
730614,2,2.5
730763,12,5.0
730813,2,5.0
730832,1,5.0
730936,1,5.0
730986,2,5.0
731027,4,4.75
731059,1,5.0
731077,1,0.0
731220,2,3.0
731263,1,4.0
731264,1,4.0
731361,1,5.0
731381,2,5.0
731434,1,5.0
731468,3,3.0
731506,2,5.0
731635,1,5.0
731732,1,5.0
731900,2,4.0
731905,3,4.666666666666667
732020,1,5.0
732149,1,5.0
732169,1,4.0
732171,1,5.0
732179,1,5.0
732277,2,4.5
732425,1,5.0
732465,1,2.0
732498,1,4.0
732518,1,5.0
732580,1,5.0
732614,1,5.0
732723,1,5.0
732809,1,5.0
732911,1,5.0
732936,1,5.0
732938,1,5.0
732952,1,4.0
733056,1,5.0
733257,1,3.0
733259,1,4.0
733415,1,4.0
733438,2,2.5
733493,1,5.0
733511,1,0.0
733552,2,5.0
733578,2,5.0
733588,1,5.0
733769,1,5.0
733799,1,0.0
733833,4,5.0
733850,1,5.0
733856,1,3.0
733902,3,4.0
733921,1,5.0
733966,3,3.6666666666666665
734087,1,5.0
734183,1,5.0
734193,1,5.0
734237,4,4.25
734301,1,4.0
734333,1,5.0
734391,2,5.0
734574,1,3.0
734592,1,5.0
734645,1,3.0
734661,1,5.0
734760,1,5.0
734817,1,5.0
734827,1,4.0
734891,1,5.0
734950,1,1.0
735016,1,5.0
735029,1,5.0
735053,1,5.0
735107,2,5.0
735278,1,4.0
735307,1,0.0
735399,1,5.0
735443,1,5.0
735462,1,5.0
735494,1,2.0
735537,1,4.0
735579,2,4.5
735593,1,1.0
735650,1,5.0
735677,1,5.0
735704,5,4.6
735705,2,5.0
735713,1,4.0
735750,1,0.0
735767,3,5.0
735844,1,5.0
735926,1,4.0
736108,3,3.3333333333333335
736143,1,4.0
736329,2,5.0
736339,4,4.75
736477,1,0.0
736554,25,4.76
736607,10,5.0
736718,1,5.0
736720,1,4.0
736741,1,5.0
736815,1,5.0
736829,1,4.0
737136,1,5.0
737137,1,4.0
737172,4,4.0
737242,1,5.0
737261,1,5.0
737333,2,1.5
737379,1,0.0
737441,1,5.0
737491,2,4.5
737497,1,4.0
737523,1,5.0
737564,1,5.0
737593,1,5.0
737604,1,4.0
737715,1,5.0
737807,1,4.0
737832,1,5.0
737907,1,4.0
737968,1,5.0
737991,1,5.0
738056,1,4.0
738167,1,5.0
738226,5,4.4
738401,17,4.823529411764706
738454,7,5.0
738593,1,5.0
738744,1,5.0
738763,8,5.0
738870,1,5.0
738897,1,5.0
739023,1,5.0
739089,1,5.0
739101,1,5.0
739182,1,5.0
739276,1,5.0
739360,2,5.0
739440,1,5.0
739457,1,5.0
739506,1,5.0
739521,1,5.0
739665,2,5.0
739907,2,4.5
739960,1,5.0
740076,1,5.0
740090,1,5.0
740120,4,5.0
740121,1,5.0
740213,1,5.0
740235,2,5.0
740247,6,5.0
740255,1,4.0
740270,1,5.0
740292,2,5.0
740430,2,1.5
740440,1,4.0
740470,6,4.5
740480,2,4.5
740534,8,4.75
740606,3,5.0
740619,1,5.0
740622,1,0.0
740900,1,5.0
740959,1,5.0
740966,1,5.0
740976,1,2.0
740981,1,5.0
741146,1,5.0
741243,1,4.0
741432,1,5.0
741434,1,5.0
741494,1,5.0
741564,1,5.0
741657,4,3.75
741750,2,1.5
741869,1,5.0
741975,1,5.0
742029,9,4.666666666666667
742173,4,3.75
742178,1,5.0
742235,1,5.0
742339,2,4.0
742479,1,5.0
742642,1,5.0
742647,2,5.0
742667,2,3.5
742704,1,5.0
742737,1,0.0
742778,4,3.75
742809,1,5.0
743211,1,5.0
743325,1,5.0
743373,1,5.0
743443,1,4.0
743462,2,0.0
743548,1,5.0
743572,1,2.0
743593,1,5.0
743685,1,5.0
743688,1,5.0
743724,1,5.0
743812,1,0.0
743849,21,4.428571428571429
743966,1,5.0
744139,2,5.0
744177,1,5.0
744179,4,5.0
744241,1,5.0
744296,3,3.6666666666666665
744299,1,5.0
744340,1,5.0
744367,2,2.0
744425,5,4.8
744582,1,5.0
744610,1,5.0
744618,1,5.0
744643,1,5.0
744746,1,0.0
744898,6,5.0
744933,4,5.0
744939,13,4.923076923076923
745004,1,4.0
745026,1,5.0
745038,1,5.0
745182,1,5.0
745214,1,5.0
745227,1,5.0
745305,1,4.0
745309,1,5.0
745336,2,4.5
745372,1,5.0
745451,1,5.0
745523,2,5.0
745531,4,5.0
745546,1,5.0
745603,1,5.0
745606,1,5.0
745679,1,5.0
745711,1,5.0
745717,2,5.0
745760,1,4.0
745794,1,5.0
745868,4,5.0
745944,2,5.0
745974,1,5.0
746099,1,5.0
746101,1,5.0
746118,3,4.333333333333333
746318,3,5.0
746432,1,4.0
746493,1,1.0
746512,1,5.0
746639,2,2.5
746648,1,5.0
746654,1,5.0
746670,1,5.0
746719,1,5.0
746749,1,5.0
746782,1,5.0
746803,13,4.846153846153846
746881,2,5.0
747064,1,5.0
747179,1,5.0
747477,1,5.0
747556,3,4.333333333333333
747558,2,4.5
747588,1,5.0
747604,1,5.0
747781,1,5.0
747815,1,5.0
747884,1,5.0
747997,1,5.0
748058,1,5.0
748089,6,3.0
748103,1,5.0
748154,1,5.0
748213,1,5.0
748364,1,5.0
748414,2,4.5
748565,15,4.866666666666666
748570,1,5.0
748978,1,5.0
748994,1,4.0
749003,2,5.0
749028,1,5.0
749060,2,5.0
749112,1,5.0
749140,2,4.5
749214,1,5.0
749287,1,5.0
749376,1,4.0
749377,1,4.0
749540,1,5.0
749562,8,5.0
749660,1,4.0
749763,1,3.0
749838,1,3.0
749873,1,5.0
749879,4,5.0
749933,1,5.0
750003,3,4.666666666666667
750006,1,5.0
750046,1,5.0
750210,1,5.0
750362,2,5.0
750434,1,5.0
750464,1,5.0
750473,2,4.0
750558,2,4.5
750682,1,5.0
750762,1,5.0
751041,1,5.0
751047,1,2.0
751116,1,5.0
751189,2,5.0
751262,1,5.0
751340,1,0.0
751353,2,5.0
751518,1,5.0
751578,1,5.0
751633,1,5.0
751733,1,5.0
751759,2,3.0
751986,6,4.833333333333333
752082,3,5.0
752155,3,4.666666666666667
752390,1,5.0
752505,3,4.333333333333333
752600,1,3.0
752628,1,5.0
752665,1,5.0
752699,1,0.0
752855,1,4.0
752867,1,4.0
752968,1,5.0
752989,2,5.0
753027,1,0.0
753041,1,2.0
753087,1,5.0
753126,1,4.0
753152,1,5.0
753167,1,5.0
753258,1,5.0
753346,2,4.5
753376,2,5.0
753405,1,5.0
753433,1,5.0
753509,3,4.333333333333333
753616,1,5.0
754074,1,0.0
754101,1,5.0
754126,1,4.0
754155,2,3.5
754315,1,3.0
754348,1,4.0
754437,1,5.0
754532,1,5.0
754561,1,3.0
754772,1,5.0
754827,5,4.8
754840,3,4.666666666666667
754909,1,5.0
754982,1,5.0
755020,2,5.0
755082,1,5.0
755268,1,5.0
755277,9,5.0
755285,10,4.0
755319,1,5.0
755358,1,3.0
755400,1,5.0
755408,1,5.0
755411,1,5.0
755444,1,0.0
755551,1,5.0
755611,1,5.0
755681,1,5.0
755811,1,4.0
755869,2,4.0
756030,1,5.0
756031,14,4.714285714285714
756086,1,5.0
756218,5,5.0
756221,1,5.0
756282,1,5.0
756324,1,5.0
756337,1,0.0
756573,3,4.666666666666667
756769,3,5.0
756917,1,5.0
757035,1,5.0
757046,1,5.0
757255,1,2.0
757287,2,5.0
757351,1,5.0
757434,1,5.0
757497,1,5.0
757681,1,3.0
757856,1,5.0
758009,1,5.0
758045,2,4.0
758101,1,4.0
758157,1,4.0
758166,2,5.0
758240,1,5.0
758243,1,5.0
758532,1,5.0
758568,2,4.5
758908,1,5.0
759078,1,5.0
759159,1,5.0
759201,2,5.0
759228,1,5.0
759294,1,4.0
759481,1,5.0
759551,2,4.0
759732,1,5.0
759845,1,5.0
760005,1,5.0
760063,5,4.4
760292,1,4.0
760321,1,5.0
760457,1,4.0
760579,1,3.0
760856,1,5.0
761008,1,5.0
761100,1,5.0
761392,1,5.0
761542,1,0.0
761708,1,5.0
761913,1,5.0
761940,1,5.0
761979,6,4.0
762151,1,5.0
762161,1,5.0
762191,1,5.0
762195,2,2.5
762203,1,5.0
762262,1,5.0
762326,1,4.0
762384,1,5.0
762440,1,5.0
762474,1,5.0
762542,1,5.0
762742,3,5.0
762767,1,5.0
762775,9,4.777777777777778
762795,2,2.5
763025,1,5.0
763153,2,5.0
763214,1,5.0
763244,1,4.0
763360,5,4.0
763436,1,5.0
763492,1,5.0
763500,1,0.0
763584,1,5.0
763594,1,5.0
763616,1,5.0
763639,1,0.0
763684,1,0.0
763721,1,5.0
763728,1,4.0
763736,1,4.0
763741,1,5.0
763856,3,5.0
763903,1,3.0
763908,1,5.0
763912,5,4.8
764009,1,3.0
764068,3,5.0
764128,2,2.5
764224,1,5.0
764278,2,5.0
764521,1,5.0
764537,1,5.0
764613,1,1.0
764643,2,3.5
764691,1,4.0
764750,5,4.0
764763,1,5.0
764780,1,5.0
764804,3,5.0
764845,1,5.0
764885,1,5.0
765012,1,5.0
765018,1,5.0
765036,1,5.0
765074,3,3.6666666666666665
765098,1,0.0
765130,1,1.0
765437,7,4.428571428571429
765518,1,5.0
765539,3,5.0
765619,4,3.75
765665,1,5.0
765701,1,5.0
765751,2,4.5
765835,1,5.0
765881,1,0.0
766138,1,4.0
766166,1,5.0
766288,1,5.0
766311,1,3.0
766528,1,4.0
766542,3,2.6666666666666665
766563,1,5.0
766609,1,5.0
766615,1,5.0
766642,1,5.0
766805,1,5.0
766839,1,5.0
766849,1,5.0
766961,7,5.0
767122,1,5.0
767215,1,5.0
767470,1,5.0
767560,1,5.0
767566,1,3.0
767590,1,5.0
767591,1,5.0
767630,3,0.0
767639,1,0.0
767673,1,4.0
767712,3,5.0
767985,2,5.0
768011,1,4.0
768025,1,5.0
768039,11,4.909090909090909
768165,1,5.0
768321,1,5.0
768434,1,5.0
768447,1,5.0
768594,1,5.0
768661,2,5.0
768752,1,5.0
768828,33,4.696969696969697
769095,1,5.0
769149,1,0.0
769314,2,5.0
769398,4,5.0
769474,1,5.0
769504,5,5.0
769890,4,5.0
769951,1,3.0
770104,1,5.0
770324,1,0.0
770398,1,5.0
770585,1,5.0
770595,1,5.0
770677,1,0.0
770771,1,5.0
770879,1,5.0
770900,2,5.0
770980,1,5.0
771010,1,0.0
771062,2,5.0
771417,1,5.0
771469,2,4.0
771557,1,0.0
771560,1,3.0
771567,1,5.0
771965,13,4.6923076923076925
772030,1,5.0
772033,1,5.0
772079,1,5.0
772128,3,5.0
772217,2,5.0
772226,1,0.0
772406,1,5.0
772423,2,5.0
772469,1,5.0
772473,5,4.8
772600,1,5.0
772689,1,5.0
772690,1,5.0
772738,1,5.0
772823,1,5.0
772912,10,4.5
772997,1,5.0
773024,1,5.0
773048,1,5.0
773108,1,4.0
773300,1,5.0
773338,1,2.0
773362,1,3.0
773375,3,5.0
773408,2,3.5
773414,1,5.0
773437,1,5.0
773508,1,5.0
773560,1,5.0
773601,1,0.0
773710,1,5.0
773778,2,4.5
773963,1,0.0
773970,1,5.0
773974,1,0.0
774032,1,5.0
774125,1,5.0
774148,1,5.0
774187,3,4.666666666666667
774287,2,4.5
774344,1,5.0
774409,4,4.75
774456,1,5.0
774492,1,5.0
774540,1,5.0
774582,3,5.0
774594,1,5.0
774657,2,4.0
774664,4,5.0
774665,19,4.947368421052632
775011,1,0.0
775207,2,2.5
775424,1,5.0
775513,2,2.5
775577,1,5.0
775714,1,3.0
775963,1,5.0
776054,3,5.0
776073,1,5.0
776272,1,4.0
776436,1,5.0
776482,1,5.0
776710,1,0.0
776846,2,5.0
776876,3,5.0
776892,1,0.0
777092,5,3.2
777265,1,5.0
777296,1,5.0
777366,1,5.0
777453,6,4.666666666666667
777579,1,5.0
777583,1,5.0
777847,1,5.0
777868,1,5.0
778042,1,4.0
778089,1,5.0
778167,1,0.0
778262,3,5.0
778296,1,5.0
778378,1,4.0
778385,1,5.0
778632,1,5.0
778951,1,5.0
778986,4,5.0
778993,1,5.0
779005,1,5.0
779063,1,5.0
779123,1,5.0
779136,1,3.0
779222,1,5.0
779318,1,5.0
779373,1,5.0
779480,1,5.0
779520,1,3.0
779622,2,5.0
779699,23,4.956521739130435
779751,3,5.0
779814,1,5.0
779863,1,5.0
779864,1,4.0
780028,6,4.833333333333333
780046,3,4.666666666666667
780113,1,1.0
780142,1,5.0
780172,62,4.451612903225806
780275,1,0.0
780390,1,4.0
780495,1,5.0
780553,1,5.0
780604,1,5.0
780627,2,5.0
780716,1,4.0
780790,1,5.0
780888,1,4.0
781083,1,5.0
781208,1,5.0
781235,1,5.0
781247,1,5.0
781390,1,5.0
781392,3,1.6666666666666667
781485,2,5.0
781620,1,5.0
781732,1,5.0
781762,1,0.0
781859,1,5.0
781911,1,5.0
782050,3,4.666666666666667
782064,2,4.5
782069,1,3.0
782175,1,5.0
782215,1,4.0
782307,1,5.0
782404,1,5.0
782434,1,5.0
782478,1,5.0
782574,1,5.0
782706,1,5.0
782800,3,4.666666666666667
782830,1,5.0
782839,1,5.0
782867,1,5.0
783089,2,4.5
783164,1,5.0
783280,1,0.0
783290,1,5.0
783368,1,5.0
783427,1,5.0
783453,1,5.0
783502,1,4.0
783539,1,4.0
783562,1,0.0
783573,1,5.0
783601,4,4.5
783789,1,0.0
783798,1,1.0
783894,1,5.0
783992,1,1.0
784117,1,0.0
784161,1,4.0
784164,1,5.0
784285,1,4.0
784316,1,4.0
784453,2,5.0
784477,1,0.0
784688,1,5.0
784743,1,5.0
784766,1,5.0
784784,1,5.0
784827,5,4.0
785032,1,5.0
785063,1,5.0
785261,1,0.0
785297,1,5.0
785359,1,4.0
785389,2,5.0
785394,1,0.0
785405,1,5.0
785443,1,5.0
785503,1,4.0
785604,5,4.4
785639,1,0.0
785695,1,0.0
785712,1,5.0
785848,2,5.0
785868,1,5.0
785891,1,4.0
786065,8,4.375
786114,1,5.0
786151,1,5.0
786255,1,5.0
786256,1,0.0
786301,1,5.0
786455,1,5.0
786509,1,5.0
786653,1,5.0
786683,1,5.0
786710,3,4.0
786880,3,5.0
786968,1,5.0
787010,1,5.0
787166,1,5.0
787314,1,5.0
787329,2,5.0
787334,1,4.0
787419,1,5.0
787458,1,5.0
787784,2,4.5
787983,2,5.0
788037,1,5.0
788038,1,5.0
788275,3,3.6666666666666665
788342,1,0.0
788414,6,5.0
788554,2,5.0
788566,2,5.0
788575,1,4.0
788642,1,5.0
788679,1,5.0
788814,1,5.0
788914,2,5.0
789020,1,5.0
789030,3,5.0
789096,1,5.0
789123,1,5.0
789228,1,0.0
789232,1,3.0
789420,1,0.0
789425,2,3.5
789516,35,4.457142857142857
789586,2,5.0
789593,1,5.0
789659,1,0.0
789712,1,5.0
789794,1,5.0
790070,1,1.0
790088,1,5.0
790098,1,0.0
790173,2,5.0
790231,12,4.5
790370,1,5.0
790755,1,5.0
790860,1,2.0
790962,8,4.25
791120,1,5.0
791218,1,3.0
791227,1,5.0
791238,1,5.0
791239,1,5.0
791264,1,5.0
791267,1,0.0
791287,2,5.0
791384,1,5.0
791416,3,5.0
791776,2,5.0
791805,1,5.0
791854,1,5.0
791948,1,3.0
792051,1,5.0
792214,1,5.0
792255,4,5.0
792283,3,4.0
792290,1,5.0
792393,1,5.0
792483,1,5.0
792538,3,3.3333333333333335
792541,1,0.0
792594,1,5.0
792760,2,2.5
792867,1,5.0
793036,1,0.0
793095,1,5.0
793153,2,5.0
793359,2,4.5
793413,1,0.0
793472,1,4.0
793663,1,5.0
793763,1,5.0
793825,1,4.0
793934,1,5.0
793972,1,5.0
794029,5,5.0
794155,1,5.0
794242,2,5.0
794262,3,5.0
794334,1,4.0
794437,1,5.0
794488,1,5.0
794511,3,4.0
794578,2,5.0
794649,1,5.0
794812,1,5.0
794842,1,5.0
794969,1,5.0
795122,1,5.0
795277,1,5.0
795354,1,0.0
795588,4,4.75
795590,1,5.0
795687,1,5.0
795811,1,5.0
795982,1,4.0
796113,1,0.0
796479,1,0.0
796521,1,5.0
796596,2,4.5
796628,2,4.0
796687,3,4.666666666666667
796709,1,4.0
796741,1,5.0
797079,1,5.0
797087,1,5.0
797160,1,5.0
797211,2,5.0
797246,1,4.0
797434,1,5.0
797486,5,4.2
797512,1,5.0
797530,1,5.0
797590,2,2.5
797653,1,5.0
797706,10,4.3
797708,1,5.0
797835,1,5.0
797864,2,4.5
797995,2,4.0
798070,7,4.857142857142857
798079,1,5.0
798119,2,4.5
798181,20,4.5
798227,1,5.0
798244,2,5.0
798300,2,4.5
798375,1,5.0
798586,1,4.0
798642,1,5.0
798656,3,4.333333333333333
798668,1,5.0
798690,1,5.0
798740,1,0.0
798759,1,5.0
798877,1,5.0
799040,1,5.0
799121,1,5.0
799182,1,5.0
799187,1,5.0
799193,1,4.0
799208,1,5.0
799308,1,5.0
799503,1,5.0
799538,1,0.0
799571,1,4.0
799608,1,1.0
799637,1,5.0
799733,1,5.0
799835,1,5.0
799895,1,5.0
799919,2,5.0
799977,1,5.0
800015,1,0.0
800018,1,5.0
800045,1,5.0
800253,1,5.0
800297,3,5.0
800324,1,5.0
800345,1,5.0
800366,1,4.0
800450,1,5.0
800457,1,4.0
800480,7,3.5714285714285716
800543,6,4.833333333333333
800611,1,5.0
800660,1,5.0
800776,1,4.0
800779,1,0.0
800965,1,5.0
800990,1,5.0
801080,2,5.0
801135,1,0.0
801143,1,5.0
801264,5,4.4
801424,1,5.0
801438,1,5.0
801459,1,5.0
801497,1,5.0
801584,2,5.0
801617,1,5.0
801657,1,5.0
801828,2,5.0
801865,1,5.0
801907,1,0.0
801912,1,5.0
801929,1,5.0
801943,1,5.0
801967,2,5.0
802146,2,5.0
802157,1,5.0
802202,1,5.0
802207,2,5.0
802326,1,4.0
802419,1,5.0
802470,1,5.0
802679,1,5.0
802773,2,4.5
802838,1,4.0
803079,1,5.0
803102,1,0.0
803286,1,5.0
803331,1,5.0
803511,17,4.882352941176471
803584,1,5.0
803620,1,5.0
803625,1,1.0
803717,3,5.0
803796,1,5.0
804166,1,4.0
804207,1,1.0
804329,2,4.0
804490,1,5.0
804550,64,4.8125
804627,1,5.0
804670,2,5.0
804688,1,5.0
804711,1,4.0
804733,1,5.0
804740,1,5.0
804851,9,5.0
804887,1,5.0
804920,4,5.0
804931,7,5.0
804978,9,5.0
804987,1,5.0
804989,2,5.0
805005,1,0.0
805012,1,5.0
805071,1,5.0
805112,2,3.0
805145,1,5.0
805179,1,4.0
805309,1,4.0
805314,1,5.0
805545,1,5.0
805572,1,5.0
805594,2,4.0
805689,1,5.0
805729,1,5.0
805917,1,4.0
806080,1,5.0
806156,1,5.0
806225,2,5.0
806337,1,5.0
806466,1,0.0
806478,1,5.0
806620,1,5.0
806623,1,5.0
806711,1,5.0
806741,2,5.0
806749,1,0.0
806851,1,5.0
806866,1,5.0
806937,2,4.5
807042,1,5.0
807161,2,2.5
807178,1,5.0
807218,1,5.0
807253,1,5.0
807279,1,5.0
807358,1,5.0
807381,1,5.0
807584,2,4.0
807697,1,5.0
807722,1,4.0
807822,1,4.0
807888,1,5.0
807941,4,3.5
808027,16,5.0
808063,7,4.285714285714286
808417,1,5.0
808500,1,5.0
808535,1,5.0
808614,2,1.5
808746,2,5.0
808850,1,4.0
808977,1,0.0
809119,1,0.0
809137,1,5.0
809163,1,5.0
809202,1,2.0
809270,1,5.0
809328,2,4.5
809384,1,5.0
809532,2,5.0
809592,1,0.0
809699,1,5.0
809828,2,5.0
809842,1,5.0
809934,1,0.0
809940,1,5.0
809980,1,5.0
810151,1,5.0
810212,2,4.5
810302,2,5.0
810307,4,2.5
810422,1,5.0
810524,1,5.0
810532,1,4.0
810540,1,4.0
810612,1,5.0
810629,1,2.0
810785,1,5.0
810787,11,4.363636363636363
810789,1,5.0
810870,2,5.0
810885,1,4.0
810896,1,5.0
811000,1,0.0
811058,1,5.0
811154,1,5.0
811162,1,5.0
811179,5,4.4
811242,1,5.0
811359,1,5.0
811431,1,5.0
811564,1,5.0
811594,4,5.0
811602,1,5.0
811728,1,5.0
811784,1,5.0
811847,2,5.0
811875,1,5.0
811895,1,5.0
811911,1,4.0
811943,1,5.0
812019,1,4.0
812028,1,4.0
812075,1,5.0
812096,3,4.666666666666667
812485,1,5.0
812586,1,5.0
812688,1,5.0
813241,1,5.0
813341,1,4.0
813393,1,5.0
813433,1,5.0
813461,1,3.0
813470,1,5.0
813471,1,5.0
813515,1,5.0
813584,5,5.0
813632,1,5.0
813780,1,0.0
813895,1,5.0
814066,1,5.0
814177,1,5.0
814367,1,5.0
814424,1,5.0
814473,2,5.0
814500,1,5.0
814629,8,4.75
814876,1,4.0
814883,1,5.0
814895,1,0.0
814897,2,4.0
814978,1,5.0
815172,1,5.0
815198,10,4.5
815221,1,5.0
815244,1,5.0
815416,1,4.0
815574,2,5.0
815575,1,5.0
815589,1,0.0
815670,3,0.0
815750,1,5.0
815814,4,3.0
815854,2,5.0
815954,1,1.0
815968,4,4.25
815984,1,5.0
816022,1,5.0
816105,1,5.0
816162,3,3.3333333333333335
816415,2,4.5
816558,3,5.0
816690,1,5.0
816755,1,5.0
816764,2,5.0
816831,1,5.0
817078,1,5.0
817200,3,4.333333333333333
817215,1,5.0
817289,1,5.0
817360,4,5.0
817413,1,4.0
817451,1,5.0
817595,1,5.0
817635,1,5.0
817971,1,5.0
818109,4,5.0
818230,1,5.0
818262,1,3.0
818263,4,3.75
818279,1,5.0
818310,1,5.0
818359,1,4.0
818380,2,2.5
818386,1,5.0
818606,2,5.0
818639,1,5.0
818729,1,5.0
818803,1,5.0
818810,2,5.0
818915,1,5.0
818950,1,5.0
819036,2,1.0
819070,1,5.0
819157,1,5.0
819177,1,5.0
819430,1,5.0
819484,1,5.0
819583,1,5.0
819598,1,0.0
819616,1,5.0
819797,1,3.0
819826,1,5.0
819962,1,5.0
819967,1,5.0
819969,1,5.0
820112,1,4.0
820197,2,5.0
820315,1,5.0
820414,1,5.0
820500,1,5.0
820505,1,5.0
820649,1,5.0
820740,2,5.0
820822,2,4.0
820831,1,5.0
821030,2,4.5
821128,1,5.0
821369,2,5.0
821381,2,4.0
821430,3,4.0
821498,1,5.0
821619,1,5.0
821643,1,5.0
821717,1,5.0
821724,1,5.0
821740,1,5.0
821823,1,5.0
821858,1,0.0
821868,2,5.0
822131,4,5.0
822179,1,5.0
822193,1,5.0
822313,1,5.0
822375,1,3.0
822390,1,5.0
822517,1,5.0
822808,5,3.6
822889,1,5.0
822893,2,4.0
823187,1,5.0
823189,9,4.666666666666667
823288,1,5.0
823306,1,5.0
823307,1,5.0
823329,2,5.0
823359,1,5.0
823509,2,4.5
823524,1,5.0
823556,5,5.0
823722,1,5.0
823760,1,4.0
823814,6,4.833333333333333
823838,2,3.5
823879,3,3.3333333333333335
823891,1,5.0
823915,1,5.0
823941,1,5.0
823947,2,2.5
824001,1,5.0
824052,3,4.333333333333333
824087,2,5.0
824227,1,5.0
824257,3,4.666666666666667
824332,1,5.0
824337,1,4.0
824412,1,4.0
824429,1,5.0
824438,2,5.0
824761,3,3.3333333333333335
824764,1,5.0
824835,1,5.0
824935,1,5.0
824949,1,5.0
825061,1,5.0
825375,2,5.0
825447,1,2.0
825724,2,4.5
825725,1,5.0
825809,1,5.0
825843,1,5.0
826134,1,5.0
826176,1,5.0
826288,1,5.0
826303,1,5.0
826308,1,0.0
826435,1,4.0
826456,2,5.0
826514,1,4.0
826572,1,0.0
826620,2,5.0
826638,1,4.0
826700,1,5.0
826701,1,4.0
826728,1,5.0
826796,5,4.8
826884,1,5.0
826900,3,5.0
826959,1,5.0
826961,1,5.0
827055,1,5.0
827251,1,5.0
827374,3,3.6666666666666665
827438,1,0.0
827525,1,5.0
827556,1,5.0
827827,1,5.0
827835,1,5.0
827857,1,3.0
827900,1,0.0
827963,1,2.0
828019,1,5.0
828178,1,4.0
828339,1,5.0
828340,3,4.666666666666667
828353,1,5.0
828499,1,5.0
828545,1,5.0
828622,1,5.0
828912,1,0.0
828920,1,5.0
829181,1,5.0
829183,2,3.5
829216,1,5.0
829250,22,4.090909090909091
829373,3,5.0
829380,2,4.5
829438,1,5.0
829476,1,5.0
829579,1,5.0
829616,2,2.5
829760,1,0.0
829972,1,5.0
830055,2,2.5
830113,1,5.0
830151,1,5.0
830175,1,5.0
830308,1,5.0
830498,1,5.0
830503,1,5.0
830535,1,5.0
830551,3,5.0
830606,2,4.0
830680,1,4.0
830826,1,5.0
830843,1,5.0
830847,1,5.0
831091,1,0.0
831106,1,5.0
831114,1,5.0
831217,1,3.0
831232,1,5.0
831240,1,5.0
831402,1,5.0
831420,1,0.0
831446,2,5.0
831473,1,5.0
831580,5,4.0
831774,2,2.5
831828,1,5.0
831832,1,5.0
831863,1,5.0
831878,1,5.0
831916,1,5.0
831990,2,4.5
832003,1,0.0
832019,5,4.8
832167,1,5.0
832180,1,1.0
832434,1,1.0
832476,2,5.0
832645,2,2.5
832673,2,4.5
832724,1,5.0
832768,1,5.0
832773,4,5.0
832842,1,4.0
832955,1,5.0
833131,1,0.0
833135,1,5.0
833226,1,5.0
833291,1,5.0
833307,1,5.0
833327,1,5.0
833364,1,5.0
833411,1,5.0
833434,5,4.8
833453,1,5.0
833516,6,4.833333333333333
833730,1,0.0
833777,1,5.0
833875,1,5.0
833876,1,1.0
834045,1,5.0
834074,1,4.0
834130,1,4.0
834201,1,5.0
834330,1,5.0
834346,1,4.0
834403,2,1.5
834443,3,5.0
834498,4,5.0
834612,1,5.0
834650,3,5.0
834688,1,5.0
834783,1,5.0
834951,2,5.0
835026,1,5.0
835031,2,5.0
835092,1,5.0
835419,2,4.0
835434,1,5.0
835522,1,5.0
835535,1,5.0
835632,2,5.0
835681,1,0.0
835875,3,4.0
835936,2,5.0
835955,1,4.0
836126,1,5.0
836135,1,5.0
836165,1,5.0
836171,2,5.0
836220,1,5.0
836288,3,4.666666666666667
836339,1,5.0
836432,3,3.3333333333333335
836508,1,4.0
836520,1,5.0
836822,1,5.0
836957,1,0.0
837152,5,5.0
837207,1,5.0
837251,4,4.5
837304,5,4.6
837368,1,5.0
837371,1,3.0
837390,1,5.0
837406,1,5.0
837451,9,5.0
837634,1,5.0
837739,1,5.0
837773,1,4.0
837910,1,4.0
837995,8,5.0
838174,1,0.0
838303,1,5.0
838356,1,5.0
838357,1,5.0
838422,1,5.0
838461,1,5.0
838515,9,3.4444444444444446
838594,2,1.5
838632,1,5.0
838634,1,5.0
838650,1,5.0
838852,1,5.0
838920,1,5.0
839114,2,5.0
839166,2,5.0
839181,1,5.0
839248,1,5.0
839327,2,5.0
839331,1,5.0
839413,1,5.0
839452,6,4.833333333333333
839492,35,4.6
839530,1,2.0
839542,1,5.0
839673,1,5.0
839693,1,5.0
839719,3,1.3333333333333333
839730,2,2.0
839753,1,5.0
839837,1,0.0
839842,1,4.0
839886,1,5.0
839962,1,5.0
840020,1,5.0
840025,3,1.3333333333333333
840062,1,5.0
840106,1,4.0
840119,1,4.0
840148,1,5.0
840306,1,4.0
840430,1,5.0
840490,1,0.0
840541,1,0.0
840557,1,5.0
840649,1,4.0
840701,1,4.0
840744,1,5.0
840768,39,4.512820512820513
840828,1,0.0
840974,1,5.0
841067,4,4.0
841096,1,3.0
841150,1,5.0
841250,1,5.0
841252,1,5.0
841256,1,5.0
841312,1,5.0
841595,1,5.0
841754,1,5.0
841821,2,4.0
841835,8,5.0
841870,1,5.0
841895,16,3.1875
841952,1,4.0
841971,1,5.0
841981,7,4.142857142857143
842017,2,5.0
842100,1,5.0
842124,1,5.0
842168,1,5.0
842354,2,2.0
842381,1,5.0
842495,2,5.0
842531,2,5.0
842545,1,4.0
842696,1,5.0
842751,7,3.4285714285714284
842776,1,5.0
842778,3,5.0
843005,1,5.0
843105,1,0.0
843215,1,4.0
843345,1,5.0
843352,1,5.0
843372,4,5.0
843480,1,5.0
843609,1,5.0
843677,2,5.0
843706,1,5.0
843737,1,5.0
843747,1,5.0
843764,1,5.0
843817,4,5.0
843880,1,5.0
843999,1,5.0
844027,1,5.0
844160,1,5.0
844249,1,5.0
844265,1,0.0
844444,2,5.0
844554,89,4.808988764044944
844599,1,4.0
844651,1,0.0
844689,1,5.0
844709,1,3.0
844868,1,5.0
844943,1,5.0
845020,1,2.0
845075,5,4.8
845096,2,5.0
845198,1,4.0
845245,3,4.666666666666667
845250,1,5.0
845285,1,5.0
845315,2,5.0
845340,1,5.0
845536,1,5.0
845561,1,5.0
845562,1,5.0
845668,1,5.0
845717,1,4.0
845824,1,5.0
845917,1,5.0
846127,1,2.0
846154,7,3.7142857142857144
846309,1,5.0
846391,1,5.0
846469,1,3.0
846640,1,5.0
846816,1,4.0
846829,3,4.333333333333333
847034,1,5.0
847128,1,5.0
847160,18,3.7777777777777777
847165,1,5.0
847657,1,5.0
847664,1,5.0
847709,1,5.0
847748,1,0.0
847760,2,4.5
847781,1,5.0
847932,1,5.0
848136,1,4.0
848295,1,5.0
848413,1,5.0
848474,1,5.0
848507,1,5.0
848596,1,5.0
848599,1,5.0
848785,1,5.0
848897,1,5.0
848912,1,5.0
848957,4,1.25
849062,1,5.0
849069,1,5.0
849266,1,5.0
849390,1,5.0
849400,1,3.0
849518,1,5.0
849541,1,5.0
849547,1,5.0
849610,1,5.0
849613,1,0.0
849647,2,5.0
849727,1,5.0
850048,1,5.0
850281,3,3.3333333333333335
850311,1,5.0
850431,1,5.0
850473,1,5.0
850505,1,5.0
850537,2,5.0
850607,2,2.0
850622,1,5.0
850821,1,5.0
850850,1,0.0
850915,1,0.0
850974,1,5.0
850986,1,5.0
851107,1,5.0
851146,6,5.0
851190,5,5.0
851191,4,5.0
851337,1,5.0
851353,1,5.0
851354,1,4.0
851405,6,4.666666666666667
851537,1,5.0
851678,1,5.0
851692,1,4.0
851702,1,5.0
851729,1,5.0
851828,2,5.0
851920,1,5.0
851970,1,5.0
851990,1,3.0
852031,1,5.0
852062,1,4.0
852256,1,5.0
852269,3,4.333333333333333
852331,1,4.0
852529,5,4.4
852554,27,4.814814814814815
852629,1,5.0
852791,1,5.0
852937,3,5.0
852964,1,5.0
853067,2,4.5
853136,3,4.333333333333333
853146,1,5.0
853152,1,5.0
853380,1,5.0
853454,1,4.0
853553,1,5.0
853603,1,4.0
853614,1,5.0
853909,1,0.0
854151,1,5.0
854155,1,5.0
854184,3,4.333333333333333
854209,2,4.5
854216,2,5.0
854285,1,5.0
854453,1,5.0
854542,2,5.0
854570,1,0.0
854631,1,5.0
854759,1,5.0
854935,1,5.0
854970,1,5.0
854982,1,4.0
855082,1,5.0
855155,1,5.0
855206,4,4.0
855347,1,5.0
855476,1,5.0
855481,1,5.0
855539,1,5.0
855605,1,5.0
855621,3,4.333333333333333
855623,1,5.0
855685,1,4.0
855713,3,5.0
855766,1,5.0
855870,1,4.0
855881,1,4.0
855913,1,5.0
855959,1,5.0
856055,1,5.0
856118,1,5.0
856194,1,5.0
856223,1,5.0
856353,1,0.0
856525,1,0.0
856779,1,5.0
856858,1,5.0
856874,2,2.5
856875,1,2.0
856902,3,4.0
856953,2,2.5
857147,1,5.0
857184,1,5.0
857225,1,5.0
857406,2,5.0
857484,1,4.0
857489,12,4.166666666666667
857580,4,5.0
857748,2,3.0
857805,1,5.0
857854,1,5.0
857936,2,5.0
857937,1,5.0
857957,1,5.0
858079,1,4.0
858126,1,5.0
858230,1,4.0
858271,1,4.0
858320,1,5.0
858363,1,4.0
858501,2,5.0
858581,1,5.0
858620,1,4.0
858736,1,5.0
858759,1,5.0
858860,5,5.0
858976,1,5.0
859301,1,5.0
859346,1,0.0
859362,1,5.0
859379,2,5.0
859513,2,5.0
859707,1,5.0
859928,1,5.0
859939,1,1.0
860079,48,4.854166666666667
860084,1,5.0
860237,1,5.0
860275,2,4.5
860314,1,5.0
860318,1,5.0
860441,1,5.0
860538,13,4.923076923076923
860567,1,5.0
860836,1,5.0
860892,1,5.0
860893,1,4.0
860906,1,5.0
861177,1,5.0
861267,1,5.0
861404,2,3.0
861456,1,5.0
861490,1,5.0
861779,1,4.0
861840,1,4.0
862059,1,5.0
862099,1,5.0
862175,1,5.0
862325,1,4.0
862436,1,5.0
862497,3,5.0
862526,2,5.0
862677,1,5.0
862814,1,0.0
863008,1,5.0
863055,1,0.0
863061,1,5.0
863190,1,5.0
863208,1,5.0
863386,2,3.5
863447,4,4.0
863529,2,4.0
863530,1,5.0
863687,3,5.0
863828,1,5.0
863903,3,5.0
863904,2,1.5
863930,1,0.0
863948,1,5.0
864006,1,0.0
864044,2,5.0
864063,1,5.0
864125,1,5.0
864127,1,5.0
864150,1,5.0
864643,1,5.0
864680,1,5.0
864863,1,2.0
865125,1,5.0
865150,1,5.0
865184,1,5.0
865395,2,5.0
865404,1,5.0
865653,9,4.777777777777778
865719,1,0.0
865818,4,5.0
865936,73,4.47945205479452
865974,1,5.0
866250,1,5.0
866287,2,5.0
866298,3,4.0
866331,2,3.5
866369,1,5.0
866394,1,2.0
866536,1,5.0
866655,1,5.0
866668,1,5.0
866729,1,5.0
866735,1,5.0
866747,3,4.0
866849,1,5.0
866907,1,5.0
866963,21,4.571428571428571
867184,1,5.0
867269,1,5.0
867405,4,4.75
867691,1,5.0
867847,2,5.0
867878,1,3.0
867957,1,5.0
868069,2,3.0
868089,1,0.0
868098,1,5.0
868150,1,5.0
868335,1,5.0
868433,2,5.0
868460,1,5.0
868551,6,5.0
868563,1,5.0
868626,4,5.0
868637,3,5.0
868654,4,5.0
868673,3,5.0
868729,9,5.0
868882,1,5.0
868899,1,5.0
868926,1,5.0
868964,1,5.0
869121,1,4.0
869163,1,5.0
869184,51,4.882352941176471
869402,1,3.0
869525,1,4.0
869532,9,4.888888888888889
869696,2,5.0
869797,1,5.0
869919,1,5.0
869990,1,5.0
870034,1,0.0
870059,2,4.5
870094,2,5.0
870158,1,5.0
870309,1,5.0
870331,1,5.0
870346,1,5.0
870372,1,4.0
870390,2,5.0
870488,1,5.0
870506,1,5.0
870569,4,3.25
870680,1,5.0
870705,23,4.869565217391305
870728,1,4.0
870755,2,5.0
870770,1,4.0
870840,6,4.5
870879,1,0.0
870928,5,4.4
870955,1,5.0
871008,1,5.0
871088,2,4.5
871112,1,3.0
871207,1,5.0
871313,1,5.0
871405,1,0.0
871809,1,5.0
871944,1,5.0
871979,1,0.0
872058,2,4.0
872124,1,5.0
872337,1,5.0
872606,1,4.0
872692,1,4.0
872813,1,5.0
872838,1,5.0
872856,1,5.0
872954,1,2.0
873008,2,5.0
873252,1,5.0
873277,1,5.0
873335,2,5.0
873416,3,5.0
873562,2,4.5
873573,1,5.0
873762,1,5.0
874111,1,5.0
874299,1,4.0
874537,2,5.0
874561,1,5.0
874593,1,5.0
874640,1,5.0
874900,7,4.714285714285714
875029,1,4.0
875041,1,5.0
875207,2,4.5
875333,1,5.0
875350,2,5.0
875466,1,0.0
875503,1,5.0
875605,1,5.0
875616,1,5.0
875828,1,0.0
875884,1,5.0
876090,9,4.333333333333333
876205,1,5.0
876224,1,5.0
876229,1,5.0
876385,7,4.571428571428571
876408,3,5.0
876469,1,5.0
876513,3,5.0
876679,1,5.0
876796,1,5.0
876955,1,5.0
877111,4,5.0
877233,2,5.0
877358,1,0.0
877454,2,5.0
877529,5,5.0
877652,1,5.0
877668,1,5.0
877807,1,5.0
877892,1,5.0
877959,1,5.0
877989,1,4.0
878040,1,4.0
878068,1,4.0
878081,1,0.0
878238,3,4.666666666666667
878311,1,5.0
878411,1,5.0
878983,3,5.0
879020,1,5.0
879027,1,5.0
879045,1,5.0
879285,1,5.0
879350,3,5.0
879426,1,4.0
879464,1,5.0
879676,1,3.0
879716,16,4.5625
879729,1,4.0
879740,2,4.0
879750,1,5.0
879769,2,5.0
879916,3,5.0
879917,1,5.0
879976,1,5.0
879977,1,5.0
879982,1,5.0
880014,1,5.0
880025,1,5.0
880147,1,5.0
880179,1,5.0
880245,1,5.0
880393,1,4.0
880420,1,5.0
880681,1,5.0
880760,1,5.0
880803,2,5.0
880889,4,4.5
880979,1,5.0
881057,1,0.0
881152,1,5.0
881356,1,0.0
881502,1,5.0
881571,1,5.0
881728,1,5.0
881774,2,5.0
881794,1,4.0
881819,1,4.0
881884,3,5.0
881977,5,4.6
882122,1,5.0
882158,1,5.0
882212,1,0.0
882222,1,5.0
882251,1,5.0
882298,1,5.0
882321,1,5.0
882406,1,0.0
882551,1,0.0
882556,2,5.0
882557,1,5.0
882747,1,5.0
882785,1,5.0
882831,1,5.0
882900,1,5.0
882978,1,5.0
883224,1,0.0
883230,1,5.0
883260,1,5.0
883837,4,3.75
883930,1,5.0
884001,1,5.0
884007,1,5.0
884086,2,5.0
884095,1,0.0
884285,1,4.0
884411,3,5.0
884421,2,5.0
884500,1,5.0
884717,2,5.0
884728,1,5.0
884895,1,5.0
884910,1,5.0
884943,1,0.0
884948,2,4.5
885015,1,1.0
885024,5,5.0
885109,1,5.0
885345,1,5.0
885416,5,4.6
885594,4,4.0
885600,1,5.0
885693,1,5.0
885766,1,5.0
885779,1,0.0
885967,1,5.0
885979,2,4.0
886134,1,5.0
886144,2,5.0
886294,1,5.0
886345,1,5.0
886402,2,4.5
886502,1,5.0
886603,4,5.0
886643,1,5.0
886660,3,5.0
886725,1,5.0
887125,1,5.0
887194,1,5.0
887317,2,4.5
887424,2,4.5
887427,1,5.0
887516,1,2.0
887671,1,0.0
887722,3,4.333333333333333
887863,2,5.0
887905,2,5.0
887970,1,5.0
887987,1,4.0
888035,4,5.0
888059,1,5.0
888081,8,4.125
888331,1,1.0
888475,1,5.0
888786,1,5.0
889181,1,0.0
889284,2,5.0
889287,2,5.0
889330,1,0.0
889417,1,5.0
889443,2,5.0
889482,1,5.0
889489,2,5.0
889492,1,5.0
889685,2,4.5
889805,1,5.0
889851,2,5.0
889914,5,4.4
889920,1,2.0
890016,1,5.0
890029,1,3.0
890097,1,5.0
890104,1,3.0
890187,8,4.5
890246,1,5.0
890357,1,5.0
890676,1,5.0
890811,1,1.0
890848,2,2.0
890853,2,5.0
890881,1,5.0
891130,1,4.0
891137,2,5.0
891227,1,5.0
891449,1,5.0
891618,1,5.0
891706,1,5.0
891868,1,5.0
891876,1,0.0
892019,1,2.0
892314,1,5.0
892495,1,5.0
892498,4,5.0
892604,1,5.0
892660,1,5.0
892733,1,5.0
892758,1,4.0
892879,2,4.5
892930,1,4.0
892954,2,5.0
892963,2,2.5
892967,1,2.0
893028,2,4.5
893049,1,5.0
893142,1,5.0
893268,1,5.0
893309,1,5.0
893335,1,0.0
893474,3,4.0
893551,1,5.0
893710,3,5.0
893773,3,3.3333333333333335
893921,1,5.0
893980,1,4.0
894029,1,5.0
894188,1,5.0
894377,10,5.0
894384,1,5.0
894403,1,5.0
894511,1,0.0
894563,4,3.0
894643,1,0.0
894666,14,5.0
894735,1,5.0
894763,1,5.0
894764,2,4.5
894786,1,5.0
895056,3,5.0
895086,2,4.5
895132,82,4.902439024390244
895207,1,5.0
895245,1,5.0
895503,1,0.0
895710,1,5.0
895735,1,5.0
895926,1,5.0
896152,2,5.0
896494,1,0.0
896747,1,5.0
896822,1,5.0
896954,1,0.0
897065,2,5.0
897073,1,5.0
897090,1,5.0
897113,1,5.0
897162,1,0.0
897363,1,5.0
897375,2,4.5
897419,4,5.0
897493,2,5.0
897568,6,4.166666666666667
897576,1,5.0
897632,1,5.0
897778,2,5.0
898016,1,5.0
898105,1,5.0
898288,2,5.0
898290,1,5.0
898401,1,5.0
898470,1,5.0
898474,1,5.0
898494,1,5.0
898589,1,0.0
898593,1,2.0
898608,1,5.0
898893,1,5.0
899007,4,4.5
899120,5,5.0
899402,1,3.0
899489,1,4.0
899585,1,5.0
899620,1,5.0
899752,1,5.0
899881,1,0.0
899953,1,5.0
900104,1,5.0
900220,2,4.5
900241,1,5.0
900305,1,4.0
900375,1,0.0
900611,1,5.0
900687,1,1.0
900727,1,5.0
900746,2,5.0
900759,1,5.0
900815,1,5.0
900877,1,0.0
900931,1,5.0
900992,35,3.4857142857142858
901317,2,5.0
901366,1,5.0
901482,1,5.0
901608,1,4.0
901630,1,3.0
901714,1,4.0
901729,1,5.0
901757,1,5.0
902010,1,0.0
902347,1,5.0
902351,1,0.0
902569,1,0.0
902677,2,2.5
902736,1,4.0
902932,1,5.0
903110,1,3.0
903496,1,0.0
904072,1,5.0
904133,1,4.0
904180,1,5.0
904205,1,4.0
904253,1,5.0
904428,1,5.0
904483,6,4.166666666666667
904492,1,5.0
904517,1,5.0
904639,1,5.0
904655,1,5.0
904658,1,5.0
904916,1,5.0
904951,1,5.0
905066,1,5.0
905182,2,5.0
905317,1,5.0
905365,1,5.0
905411,4,4.5
905569,2,5.0
905691,1,0.0
906053,1,4.0
906061,2,4.5
906260,1,5.0
906414,1,5.0
906644,1,0.0
906665,19,4.368421052631579
906718,1,0.0
906771,1,5.0
906931,1,5.0
906968,1,3.0
907018,1,5.0
907114,1,4.0
907145,1,4.0
907169,2,5.0
907237,1,5.0
907242,4,5.0
907492,5,4.8
907552,1,5.0
907746,1,5.0
907765,1,5.0
908029,3,4.666666666666667
908175,3,4.666666666666667
908266,1,4.0
908300,1,5.0
908344,1,5.0
908354,1,4.0
908580,1,5.0
908620,1,5.0
908783,2,3.5
908941,1,5.0
909018,1,5.0
909061,1,0.0
909069,1,5.0
909116,5,4.0
909142,1,4.0
909375,1,5.0
909467,1,5.0
909677,1,5.0
909680,1,5.0
909692,9,5.0
909722,1,0.0
909903,1,4.0
909910,2,4.0
909922,1,5.0
909931,1,5.0
909960,2,2.5
909974,1,5.0
910147,4,4.75
910182,1,4.0
910190,1,5.0
910191,1,0.0
910447,1,4.0
910477,1,5.0
910649,1,5.0
910726,3,5.0
910737,1,5.0
910833,1,0.0
911245,1,5.0
911279,1,5.0
911292,1,4.0
911346,1,3.0
911362,1,5.0
911391,1,5.0
911450,2,5.0
911706,2,4.5
911707,1,5.0
911841,1,0.0
911920,2,3.5
911966,2,5.0
911978,6,5.0
912503,1,5.0
912679,1,5.0
912704,1,4.0
912878,1,4.0
913019,1,5.0
913081,2,2.5
913095,1,5.0
913263,1,5.0
913491,1,5.0
913636,4,4.75
913659,1,1.0
913712,1,5.0
913774,1,5.0
913858,1,5.0
913943,2,5.0
914002,2,5.0
914086,1,5.0
914114,1,4.0
914194,1,5.0
914197,1,5.0
914255,1,5.0
914360,3,3.3333333333333335
914507,1,5.0
914720,12,4.416666666666667
914806,1,5.0
914815,1,5.0
914899,2,4.0
915124,1,5.0
915127,1,0.0
915178,1,5.0
915281,1,4.0
915292,2,5.0
915834,2,5.0
915877,1,5.0
916007,1,5.0
916029,1,5.0
916115,1,5.0
916394,2,5.0
916455,1,5.0
916480,1,4.0
916533,1,5.0
916740,1,4.0
916766,1,5.0
917071,1,3.0
917132,1,5.0
917138,1,5.0
917154,1,5.0
917185,1,3.0
917193,1,5.0
917231,1,4.0
917394,1,4.0
917405,1,5.0
917501,1,5.0
917568,9,5.0
917666,7,5.0
917704,1,5.0
917831,1,5.0
918116,1,0.0
918392,1,5.0
918527,1,5.0
918734,1,5.0
918770,1,4.0
918832,1,5.0
918902,1,4.0
919021,1,5.0
919031,1,4.0
919109,1,5.0
919234,1,5.0
919364,1,5.0
919451,2,5.0
919613,1,5.0
919666,1,5.0
919912,1,5.0
919937,1,5.0
919950,3,4.666666666666667
920023,1,5.0
920327,1,5.0
920541,1,4.0
920589,4,3.0
920647,1,4.0
920730,1,5.0
920751,1,5.0
921090,1,5.0
921250,1,5.0
921265,1,5.0
921361,2,2.5
921614,1,5.0
921928,1,5.0
921940,12,4.75
922038,1,5.0
922175,1,5.0
922195,1,5.0
922432,1,5.0
922448,1,0.0
922623,1,5.0
922730,1,5.0
922907,1,5.0
922982,2,5.0
923043,1,5.0
923127,2,4.5
923213,1,5.0
923234,2,5.0
923591,1,5.0
923645,1,5.0
923666,1,0.0
923715,1,5.0
923895,1,5.0
924005,1,5.0
924109,1,5.0
924213,1,5.0
924517,1,5.0
924582,1,5.0
924702,1,3.0
924734,1,5.0
924744,3,5.0
924816,2,5.0
924973,1,5.0
925024,3,4.666666666666667
925054,3,5.0
925200,1,5.0
925535,2,5.0
925850,1,5.0
925851,1,3.0
925925,2,5.0
925933,1,5.0
925990,2,5.0
926084,1,5.0
926094,1,5.0
926169,5,4.4
926229,1,5.0
926359,1,5.0
926556,1,4.0
926695,1,5.0
926775,2,3.0
926817,1,4.0
926904,1,5.0
926999,1,0.0
927206,1,4.0
927301,1,5.0
927425,1,3.0
927541,1,5.0
927625,1,5.0
927649,2,4.0
927701,1,5.0
927705,1,5.0
927761,1,5.0
927895,1,5.0
927957,1,4.0
927986,1,4.0
928142,1,5.0
928171,3,5.0
928301,16,3.875
928411,1,5.0
928486,1,0.0
928545,1,5.0
928742,1,5.0
928833,2,4.5
928871,1,5.0
928929,1,0.0
929012,1,5.0
929020,1,5.0
929074,1,4.0
929081,2,5.0
929091,1,5.0
929101,1,5.0
929144,2,3.5
929310,1,1.0
929405,1,5.0
929435,2,5.0
929480,1,5.0
929600,2,5.0
929747,2,5.0
929897,2,4.5
930021,3,5.0
930071,1,5.0
930100,28,4.571428571428571
930278,1,5.0
930286,1,4.0
930470,13,4.230769230769231
930480,1,5.0
930491,1,4.0
930510,1,5.0
930529,1,5.0
930552,6,5.0
930690,1,5.0
930801,1,5.0
930906,1,5.0
931049,6,4.166666666666667
931092,1,5.0
931148,2,5.0
931359,1,5.0
931365,4,5.0
931429,1,0.0
931474,1,3.0
931627,1,4.0
931656,5,4.4
931663,3,4.0
931928,1,5.0
932006,1,4.0
932039,3,5.0
932051,1,5.0
932128,1,5.0
932192,1,4.0
932328,1,5.0
932365,1,5.0
932618,3,3.0
932620,5,3.8
932732,2,5.0
932899,4,4.0
932908,1,5.0
933000,1,5.0
933008,6,5.0
933155,1,5.0
933281,1,4.0
933494,1,4.0
933948,1,5.0
933958,2,5.0
933967,1,4.0
934416,2,5.0
934459,1,5.0
934478,1,5.0
934536,1,5.0
934611,1,5.0
934613,1,5.0
934824,5,5.0
934830,1,5.0
935050,2,5.0
935285,1,5.0
935384,1,5.0
935433,2,5.0
935485,6,4.166666666666667
935498,1,0.0
935646,1,1.0
935901,1,0.0
936141,1,5.0
936146,1,5.0
936356,1,4.0
936375,1,0.0
936577,2,5.0
936601,41,4.926829268292683
936684,3,4.666666666666667
936868,1,5.0
936900,1,5.0
936922,2,5.0
936998,4,5.0
937112,1,5.0
937155,1,5.0
937405,1,5.0
937446,1,5.0
937552,12,4.916666666666667
937569,1,0.0
937635,42,4.5476190476190474
937735,2,4.0
937737,2,5.0
937862,1,4.0
937889,1,5.0
937904,1,5.0
938290,3,5.0
938339,3,5.0
938397,4,4.75
938466,1,5.0
938495,2,5.0
938615,1,5.0
938728,1,5.0
938809,1,4.0
938871,1,4.0
938908,1,5.0
938932,1,5.0
938936,1,5.0
939002,5,3.2
939062,1,5.0
939163,1,4.0
939257,1,5.0
939353,1,5.0
939402,1,4.0
939466,1,5.0
939467,1,3.0
939648,1,5.0
939677,1,0.0
939796,1,3.0
940103,2,5.0
940149,1,5.0
940306,1,0.0
940355,1,5.0
940526,1,0.0
940741,3,5.0
941162,1,5.0
941210,1,5.0
941341,1,5.0
941355,1,5.0
941480,1,5.0
941566,1,5.0
941583,1,0.0
941626,1,5.0
941669,1,5.0
941708,1,5.0
941715,4,5.0
941728,1,4.0
941755,1,5.0
941789,1,5.0
941845,1,4.0
941891,7,4.857142857142857
942011,3,3.6666666666666665
942128,1,5.0
942151,1,0.0
942456,3,5.0
942474,1,2.0
942491,1,4.0
942648,1,5.0
942694,1,3.0
942706,1,5.0
942707,2,5.0
942746,1,4.0
942758,1,4.0
942928,1,5.0
943055,1,5.0
943156,2,4.0
943386,1,5.0
943389,1,4.0
943653,1,5.0
943717,1,5.0
943739,3,4.666666666666667
943757,1,5.0
944201,1,5.0
944597,1,5.0
944614,1,5.0
944660,2,3.0
944823,1,5.0
944867,1,5.0
944932,1,5.0
945101,1,0.0
945199,5,4.6
945233,4,4.5
945239,2,5.0
945248,9,5.0
945259,1,5.0
945269,1,5.0
945289,7,4.714285714285714
945303,1,5.0
945395,6,5.0
945497,1,4.0
945540,1,1.0
945672,3,4.666666666666667
945847,1,5.0
946146,22,4.863636363636363
946158,1,5.0
946205,2,5.0
946273,2,3.0
946414,1,4.0
946491,1,5.0
946709,1,5.0
946775,1,5.0
946780,1,4.0
946860,1,3.0
946966,1,4.0
946991,1,5.0
947013,1,5.0
947019,1,5.0
947290,1,5.0
947293,5,4.0
947311,2,4.0
947377,1,5.0
947406,1,5.0
947839,2,2.0
947932,2,5.0
947947,1,5.0
948043,2,5.0
948173,1,4.0
948187,1,5.0
948207,1,5.0
948345,1,3.0
948508,1,0.0
948744,1,5.0
948789,1,3.0
948822,2,4.5
949002,1,4.0
949010,2,5.0
949194,1,5.0
949268,1,5.0
949317,1,5.0
949408,1,5.0
949483,1,5.0
949562,1,0.0
949568,11,4.363636363636363
949655,1,0.0
949737,1,5.0
949771,1,0.0
949928,1,5.0
950068,1,3.0
950262,1,5.0
950284,1,5.0
950428,1,5.0
950521,2,4.0
950564,1,5.0
950577,3,5.0
950612,1,5.0
950624,1,5.0
950802,1,5.0
951032,1,5.0
951055,1,5.0
951133,1,5.0
951243,1,5.0
951558,1,5.0
951589,1,5.0
951644,1,4.0
951732,1,0.0
951737,2,4.5
951955,3,5.0
952018,1,4.0
952119,1,5.0
952221,1,4.0
952306,1,5.0
952322,1,0.0
952375,1,5.0
952393,1,5.0
952408,1,5.0
952426,1,5.0
952622,1,5.0
952633,3,3.3333333333333335
952766,2,5.0
952803,1,4.0
952865,1,5.0
953275,42,4.642857142857143
953648,3,3.3333333333333335
953681,1,5.0
953745,1,5.0
953790,1,5.0
953796,1,3.0
953910,5,3.2
953958,1,5.0
954129,2,5.0
954139,5,4.8
954223,2,5.0
954257,1,1.0
954310,1,4.0
954386,1,5.0
954468,2,5.0
954474,1,5.0
954487,1,4.0
954520,2,5.0
954555,16,4.6875
954556,4,3.75
954693,1,5.0
954917,1,5.0
954954,1,3.0
955024,1,4.0
955054,1,5.0
955231,1,5.0
955371,1,5.0
955470,1,3.0
955544,1,3.0
955706,1,5.0
955791,1,0.0
955857,3,5.0
955917,1,5.0
956104,1,5.0
956121,1,5.0
956191,2,5.0
956338,1,5.0
956352,1,0.0
956618,1,5.0
956686,1,5.0
956709,2,5.0
956743,1,5.0
956806,1,5.0
956843,9,5.0
956924,1,4.0
956937,2,2.5
957016,1,5.0
957116,1,5.0
957125,1,5.0
957127,1,5.0
957180,2,5.0
957371,1,5.0
957584,1,5.0
957625,2,4.5
957804,1,5.0
957880,1,5.0
957901,1,5.0
957958,1,0.0
958072,1,5.0
958075,1,5.0
958143,1,5.0
958163,1,3.0
958278,1,5.0
958305,1,4.0
958311,1,5.0
958358,1,5.0
958359,1,4.0
958443,1,5.0
958449,1,5.0
958735,1,5.0
958749,1,5.0
958759,1,5.0
958811,1,5.0
958948,2,5.0
958968,1,5.0
959007,1,5.0
959016,1,5.0
959018,2,4.5
959229,1,5.0
959535,1,4.0
959577,1,5.0
959591,1,5.0
959633,1,5.0
959689,1,5.0
959794,1,5.0
960042,1,5.0
960082,1,5.0
960216,1,5.0
960247,1,5.0
960396,2,5.0
960426,4,4.25
960513,1,5.0
960566,1,5.0
960613,1,5.0
960682,1,0.0
960703,1,5.0
960709,4,4.25
960920,1,5.0
961009,2,5.0
961041,1,5.0
961101,1,5.0
961224,3,4.666666666666667
961314,1,5.0
961317,1,5.0
961333,2,5.0
961461,1,0.0
961542,9,5.0
961578,1,5.0
961653,4,5.0
961674,1,4.0
961707,2,2.5
961786,1,4.0
961853,1,5.0
961902,1,0.0
961961,1,0.0
962101,1,5.0
962174,1,4.0
962240,1,5.0
962323,1,4.0
962344,1,5.0
962400,2,5.0
962459,1,0.0
962463,1,5.0
962474,3,4.333333333333333
962521,1,4.0
962524,1,5.0
962607,1,5.0
962690,47,4.553191489361702
962822,1,0.0
962970,1,4.0
962975,1,5.0
962999,1,2.0
963024,1,5.0
963292,1,5.0
963300,1,5.0
963505,2,5.0
963568,1,5.0
963800,1,5.0
963803,1,5.0
963855,1,4.0
963934,6,5.0
963993,2,5.0
964174,1,5.0
964463,1,3.0
964630,2,5.0
964647,1,5.0
964791,1,5.0
965066,1,5.0
965368,3,3.3333333333333335
965414,1,5.0
965437,3,5.0
965456,1,5.0
965542,1,0.0
965609,1,0.0
965713,1,0.0
965717,1,0.0
965732,3,3.3333333333333335
965761,3,5.0
965764,3,4.0
965968,1,5.0
966321,2,5.0
966352,1,5.0
967026,2,5.0
967113,1,5.0
967135,1,5.0
967231,1,4.0
967239,1,5.0
967289,1,5.0
967333,1,5.0
967474,1,5.0
967525,2,5.0
967614,2,5.0
967623,2,5.0
967648,1,3.0
967652,1,5.0
967697,1,0.0
967718,1,5.0
967822,1,5.0
967896,1,5.0
967974,1,0.0
968335,1,5.0
968428,1,0.0
968749,4,4.5
969037,1,5.0
969106,1,5.0
969194,1,5.0
969304,1,3.0
969339,1,5.0
969366,1,5.0
969481,16,4.6875
969521,4,4.25
969528,3,3.3333333333333335
969623,4,3.0
969655,1,5.0
969757,2,2.5
969767,1,5.0
969802,1,5.0
969952,1,5.0
970032,1,5.0
970071,2,4.0
970098,2,5.0
970187,1,5.0
970326,1,5.0
970611,1,5.0
970820,1,5.0
970861,2,5.0
970862,1,0.0
970864,1,5.0
970865,1,5.0
971169,1,2.0
971177,2,4.5
971377,1,5.0
971685,1,5.0
971763,1,5.0
971800,4,3.5
971836,1,5.0
971952,1,5.0
971968,1,5.0
972011,1,5.0
972367,1,1.0
972473,1,5.0
972477,1,5.0
972616,1,5.0
972632,2,5.0
972634,2,3.0
972829,1,4.0
972856,1,5.0
972900,1,5.0
973072,1,5.0
973186,7,4.428571428571429
973393,1,4.0
973430,1,5.0
973502,1,0.0
973503,1,5.0
973596,1,5.0
973713,1,0.0
973804,1,5.0
973809,1,5.0
973916,8,4.125
973943,1,5.0
974164,1,5.0
974166,1,5.0
974217,1,4.0
974294,1,5.0
974459,1,3.0
974709,1,3.0
974785,1,4.0
974816,1,5.0
974922,2,4.5
974979,1,5.0
974993,1,5.0
975041,1,4.0
975155,1,5.0
975236,1,5.0
975240,1,5.0
975468,2,5.0
975720,3,4.666666666666667
975775,1,5.0
975860,1,5.0
975947,2,4.0
976073,2,5.0
976319,2,4.5
976360,1,5.0
976477,1,5.0
976516,1,5.0
976537,2,5.0
976667,1,5.0
976692,1,5.0
976700,1,5.0
976718,3,3.3333333333333335
976956,3,3.3333333333333335
977218,1,0.0
977262,1,3.0
977345,1,4.0
977358,1,5.0
977435,1,4.0
977533,1,5.0
977616,1,5.0
977624,2,5.0
977695,1,5.0
977736,1,5.0
977922,1,5.0
978211,1,5.0
978369,1,5.0
978502,1,5.0
978517,1,5.0
978604,1,5.0
978608,1,5.0
978876,10,4.6
979140,1,5.0
979156,1,5.0
979169,1,5.0
979227,1,5.0
979428,1,5.0
979749,1,5.0
979797,1,4.0
979919,1,5.0
979991,3,5.0
979993,1,5.0
980012,1,5.0
980119,1,5.0
980252,1,5.0
980316,1,5.0
980322,1,4.0
980354,1,3.0
980699,1,5.0
980739,2,5.0
980757,1,5.0
980809,1,5.0
980899,5,3.0
980931,1,5.0
980936,1,4.0
980949,2,2.5
981057,3,4.333333333333333
981377,1,5.0
981533,1,5.0
981629,1,5.0
981790,1,5.0
981792,1,4.0
981797,2,5.0
982242,1,5.0
982333,4,3.75
982354,1,5.0
982400,1,5.0
982740,1,5.0
982985,1,5.0
983307,4,4.75
983418,1,4.0
983512,1,5.0
983595,2,4.5
983634,1,5.0
983723,5,5.0
983740,1,5.0
983764,1,2.0
983811,9,4.777777777777778
983832,2,5.0
983863,4,5.0
983933,1,5.0
983953,1,5.0
984006,1,5.0
984128,1,3.0
984471,1,1.0
984544,1,5.0
984591,1,5.0
984660,1,5.0
984690,1,5.0
984930,1,5.0
985030,1,3.0
985157,2,5.0
985307,1,5.0
985593,1,5.0
985729,1,5.0
985766,2,5.0
985795,14,4.928571428571429
985823,3,5.0
985894,1,5.0
985926,1,5.0
985950,1,5.0
986253,1,5.0
986417,1,5.0
986714,6,4.666666666666667
986725,1,0.0
986802,2,4.0
987112,1,0.0
987249,1,5.0
987254,1,4.0
987258,1,5.0
987323,10,4.2
987368,1,5.0
987458,2,5.0
987499,2,4.5
987504,2,5.0
987558,1,5.0
987758,1,5.0
987760,1,2.0
987935,1,5.0
987941,6,4.666666666666667
987968,1,5.0
988250,2,5.0
988578,1,5.0
988608,4,4.0
988614,1,5.0
988714,1,5.0
988897,1,5.0
988958,1,5.0
989023,1,5.0
989271,1,5.0
989355,1,5.0
989612,1,5.0
989705,1,4.0
989720,1,4.0
989972,1,5.0
989996,1,3.0
990092,1,0.0
990177,1,0.0
990216,1,5.0
990290,1,5.0
990441,1,5.0
990498,1,4.0
990570,1,4.0
990914,2,2.5
990957,1,5.0
990999,2,4.5
991119,4,5.0
991123,1,5.0
991214,1,5.0
991236,1,4.0
991267,1,0.0
991428,2,1.5
991523,13,4.538461538461538
991612,1,5.0
991624,1,5.0
991728,1,5.0
991990,1,0.0
991997,1,5.0
992258,2,4.0
992302,1,5.0
992325,1,5.0
992444,1,1.0
992464,3,5.0
992610,1,5.0
992830,2,2.5
992845,13,4.461538461538462
992867,1,5.0
992917,1,5.0
992929,1,5.0
992940,1,5.0
992947,1,5.0
993054,1,5.0
993297,1,5.0
993357,1,5.0
993366,1,5.0
993408,1,5.0
993446,1,5.0
993550,1,5.0
993600,1,5.0
993604,33,4.333333333333333
993648,1,4.0
993709,3,2.6666666666666665
993930,1,4.0
994030,2,5.0
994038,1,0.0
994095,1,5.0
994377,1,5.0
994435,1,5.0
994452,1,5.0
994511,1,4.0
994571,1,5.0
994643,1,4.0
994748,6,5.0
994919,1,4.0
995108,1,5.0
995122,3,5.0
995142,1,5.0
995157,1,4.0
995184,1,4.0
995271,1,5.0
995362,1,5.0
995647,1,4.0
995758,1,5.0
996333,4,5.0
996371,1,4.0
996399,1,5.0
997046,2,4.0
997065,2,5.0
997215,1,5.0
997403,5,4.8
997726,1,5.0
997803,1,5.0
997997,1,0.0
998052,1,5.0
998120,1,5.0
998129,1,5.0
998199,1,0.0
998226,3,5.0
998333,2,5.0
998337,1,5.0
998388,1,5.0
998415,1,5.0
998420,1,5.0
998676,1,5.0
998778,1,1.0
999302,1,5.0
999434,1,4.0
999447,1,5.0
999448,1,0.0
999744,1,5.0
999917,1,5.0
999991,1,4.0
1000027,1,0.0
1000216,1,5.0
1000253,1,4.0
1000395,1,5.0
1000513,1,5.0
1000590,1,5.0
1000609,1,5.0
1000627,1,5.0
1000971,1,5.0
1001007,1,5.0
1001134,1,5.0
1001156,1,5.0
1001263,2,2.5
1001330,1,0.0
1001417,2,5.0
1001462,1,5.0
1001498,1,4.0
1001538,1,0.0
1001740,1,4.0
1001872,1,5.0
1001924,1,4.0
1002102,1,5.0
1002104,1,5.0
1002265,8,4.875
1002329,5,5.0
1002425,1,5.0
1002559,1,0.0
1002601,1,5.0
1002828,3,3.3333333333333335
1003039,1,4.0
1003166,1,5.0
1003295,2,5.0
1003626,1,5.0
1003643,1,4.0
1003657,1,1.0
1003754,1,5.0
1003929,1,5.0
1004031,1,0.0
1004179,1,5.0
1004184,1,4.0
1004541,1,5.0
1004703,1,5.0
1004839,1,5.0
1004957,1,3.0
1005087,1,5.0
1005123,1,5.0
1005244,1,0.0
1005276,1,5.0
1005306,1,5.0
1005418,1,4.0
1005532,1,5.0
1005604,1,5.0
1005886,1,2.0
1005993,1,2.0
1006007,3,4.333333333333333
1006032,1,1.0
1006251,1,5.0
1006341,2,5.0
1006466,1,5.0
1006498,1,5.0
1006622,1,4.0
1006665,1,5.0
1006712,3,5.0
1006806,1,2.0
1007198,1,5.0
1007246,1,5.0
1007259,9,4.777777777777778
1007586,1,5.0
1007796,1,5.0
1007882,1,4.0
1008075,1,4.0
1008276,1,5.0
1008402,2,3.0
1008522,1,5.0
1008741,1,0.0
1008752,2,5.0
1008796,1,5.0
1008977,2,3.5
1008996,5,3.2
1009120,1,3.0
1009637,1,5.0
1009945,1,5.0
1010338,4,4.5
1010356,1,1.0
1010367,1,5.0
1010448,1,5.0
1010678,1,5.0
1010725,1,5.0
1010800,1,5.0
1010972,2,4.5
1010982,1,3.0
1011387,1,5.0
1011583,1,5.0
1011674,1,1.0
1011702,1,5.0
1011910,1,5.0
1011914,1,5.0
1012048,1,2.0
1012120,1,5.0
1012197,1,5.0
1012370,1,5.0
1012643,3,4.666666666666667
1012944,1,0.0
1013076,1,5.0
1013120,1,5.0
1013122,1,5.0
1013172,1,5.0
1013205,1,5.0
1013332,1,4.0
1013337,1,4.0
1013457,2,5.0
1013839,1,5.0
1013852,1,5.0
1013964,1,4.0
1014051,1,5.0
1014244,1,5.0
1014315,1,5.0
1014458,1,5.0
1014518,1,5.0
1014722,1,0.0
1014955,1,5.0
1014979,6,4.666666666666667
1015040,1,5.0
1015092,1,4.0
1015463,1,5.0
1015482,10,4.5
1015752,2,5.0
1015778,1,5.0
1015879,1,0.0
1015935,1,5.0
1015955,1,0.0
1016169,1,5.0
1016302,1,5.0
1016412,1,5.0
1016450,1,4.0
1016552,1,0.0
1016620,1,4.0
1016844,2,5.0
1017242,3,4.333333333333333
1017337,1,4.0
1017486,1,5.0
1017580,3,5.0
1017862,1,5.0
1017863,1,5.0
1017870,1,5.0
1017894,6,4.166666666666667
1018218,1,5.0
1018232,1,0.0
1018447,1,5.0
1018543,1,4.0
1018562,1,5.0
1018696,1,5.0
1018786,1,0.0
1018804,1,5.0
1018838,1,5.0
1019163,10,4.2
1019171,1,5.0
1019291,1,5.0
1019394,1,5.0
1019569,1,5.0
1019691,2,5.0
1019702,1,5.0
1019800,1,4.0
1019831,1,5.0
1019834,1,5.0
1019871,1,0.0
1019994,4,4.25
1020139,1,5.0
1020177,1,0.0
1020180,1,4.0
1020350,1,4.0
1020362,1,5.0
1020416,8,4.875
1020445,1,5.0
1020526,14,5.0
1020547,1,5.0
1020862,1,3.0
1021150,1,4.0
1021308,3,4.333333333333333
1021478,1,5.0
1021482,1,4.0
1021490,1,5.0
1021631,3,5.0
1021643,1,5.0
1021719,1,5.0
1021853,1,1.0
1021913,1,4.0
1022504,2,5.0
1022551,1,5.0
1022574,2,4.0
1022629,1,4.0
1022648,2,5.0
1022696,1,5.0
1022853,1,0.0
1022987,1,4.0
1023050,2,5.0
1023058,1,5.0
1023247,1,5.0
1023267,1,5.0
1023272,1,5.0
1023448,1,5.0
1023550,1,5.0
1023733,1,5.0
1023808,1,5.0
1024051,1,0.0
1024230,1,4.0
1024401,1,4.0
1024441,1,5.0
1024460,1,5.0
1024479,1,5.0
1024515,1,5.0
1024603,1,4.0
1024724,2,4.0
1024930,1,5.0
1024982,4,4.5
1025113,1,5.0
1025153,1,5.0
1025608,1,3.0
1025741,2,5.0
1025849,1,5.0
1025878,1,5.0
1025928,1,5.0
1026043,2,5.0
1026063,1,5.0
1026133,1,5.0
1026228,2,5.0
1026614,1,5.0
1026618,1,5.0
1026723,1,5.0
1026878,1,5.0
1026891,2,5.0
1026904,1,5.0
1027074,4,5.0
1027388,1,4.0
1027405,1,5.0
1027440,1,0.0
1027452,1,5.0
1027514,1,5.0
1027752,1,4.0
1027853,1,1.0
1028165,1,0.0
1028253,1,5.0
1028330,1,5.0
1028335,1,5.0
1028382,5,5.0
1028464,1,5.0
1028524,1,5.0
1028615,1,5.0
1028722,1,5.0
1028794,1,5.0
1028915,1,5.0
1029096,2,4.5
1029268,3,4.333333333333333
1029468,1,5.0
1029554,1,5.0
1029586,1,5.0
1029616,1,5.0
1029636,2,5.0
1029740,1,4.0
1029777,1,5.0
1030163,1,5.0
1030581,2,5.0
1030715,1,5.0
1030883,1,5.0
1031057,1,4.0
1031301,1,5.0
1031441,1,5.0
1031452,2,5.0
1031457,1,5.0
1031671,1,5.0
1032099,1,5.0
1032202,1,5.0
1032303,1,3.0
1032377,1,0.0
1032409,1,4.0
1032612,1,5.0
1032863,1,4.0
1032937,1,4.0
1033086,1,5.0
1033241,1,5.0
1033325,1,5.0
1033400,1,4.0
1033573,1,3.0
1033643,1,5.0
1033798,2,2.5
1033807,3,5.0
1033993,1,0.0
1034054,2,2.5
1034510,2,3.5
1034569,1,5.0
1034753,1,5.0
1034760,1,4.0
1034815,1,0.0
1035475,1,3.0
1035719,1,0.0
1035815,1,5.0
1036810,1,4.0
1036851,1,5.0
1037138,1,5.0
1037164,1,0.0
1037241,1,5.0
1037272,4,5.0
1037491,1,4.0
1037585,1,4.0
1037718,1,5.0
1037972,1,5.0
1038295,1,5.0
1038328,1,5.0
1038619,1,4.0
1038824,1,5.0
1038853,1,3.0
1038861,1,4.0
1039232,1,4.0
1039247,1,4.0
1039543,1,5.0
1039544,2,2.5
1039551,1,5.0
1039730,1,0.0
1039764,1,5.0
1039982,1,5.0
1040054,2,5.0
1040109,1,5.0
1040203,2,5.0
1040393,1,5.0
1040464,1,5.0
1040507,3,5.0
1040631,2,4.5
1040772,1,5.0
1041023,2,5.0
1041056,1,5.0
1041118,1,0.0
1041291,2,5.0
1041300,1,5.0
1041450,4,5.0
1041500,1,5.0
1041521,6,3.5
1041811,1,5.0
1041886,2,5.0
1041928,1,5.0
1041989,2,5.0
1042443,3,4.333333333333333
1042494,10,3.9
1042583,1,5.0
1043221,2,5.0
1043427,1,5.0
1043841,1,0.0
1043990,1,4.0
1043993,1,5.0
1044272,1,5.0
1044320,1,5.0
1044526,1,0.0
1044552,1,5.0
1044653,1,4.0
1044703,1,5.0
1044761,1,5.0
1044876,1,5.0
1045149,1,5.0
1045451,1,0.0
1045560,1,0.0
1045753,1,5.0
1045865,1,5.0
1045941,1,0.0
1046155,1,5.0
1046823,1,5.0
1047126,2,4.5
1047626,2,5.0
1048114,1,2.0
1048179,17,4.764705882352941
1048183,1,5.0
1048185,1,0.0
1048246,6,5.0
1048425,1,5.0
1048559,1,5.0
1048850,1,3.0
1048945,7,5.0
1048952,2,5.0
1049057,9,4.777777777777778
1049139,5,4.6
1049724,3,3.6666666666666665
1049775,1,5.0
1049895,2,5.0
1049903,1,4.0
1049999,1,5.0
1050120,1,1.0
1050273,1,5.0
1050349,1,3.0
1050429,1,0.0
1050497,1,5.0
1050593,1,5.0
1050639,2,5.0
1050652,1,5.0
1050729,2,3.5
1050740,1,5.0
1050811,1,1.0
1051454,1,5.0
1051707,1,3.0
1051748,3,5.0
1051816,1,5.0
1051822,1,4.0
1051901,1,5.0
1052055,2,4.5
1052065,17,5.0
1052207,2,5.0
1052276,1,5.0
1052325,1,5.0
1052433,1,5.0
1052603,1,5.0
1052632,1,5.0
1052768,1,5.0
1052827,11,4.181818181818182
1052873,41,4.7317073170731705
1053174,1,5.0
1053283,1,4.0
1053400,1,5.0
1053464,2,4.0
1053510,1,0.0
1053577,1,4.0
1054050,1,5.0
1054094,1,5.0
1054105,1,5.0
1054142,1,5.0
1054754,1,5.0
1054903,1,0.0
1055140,2,5.0
1055243,5,5.0
1055399,2,5.0
1055426,1,5.0
1055438,1,5.0
1055569,1,5.0
1055648,2,5.0
1055676,1,5.0
1055699,5,4.8
1055792,2,2.5
1055797,1,0.0
1056034,1,5.0
1056391,3,5.0
1056521,1,5.0
1056537,2,5.0
1056623,1,5.0
1056634,1,5.0
1056692,36,4.555555555555555
1056712,3,4.333333333333333
1056718,1,5.0
1056736,1,5.0
1056869,1,5.0
1057076,1,0.0
1057134,2,5.0
1057166,1,5.0
1057175,2,5.0
1057214,1,5.0
1057310,2,2.5
1057319,2,4.5
1057499,1,5.0
1057800,1,0.0
1057865,2,3.5
1057948,1,5.0
1057952,1,2.0
1057967,1,5.0
1058097,48,4.541666666666667
1058174,10,4.1
1058301,1,4.0
1058447,1,5.0
1058594,1,5.0
1058714,1,5.0
1058984,2,3.0
1059382,1,5.0
1059455,1,4.0
1059477,1,5.0
1059540,1,4.0
1059672,1,0.0
1059677,3,4.333333333333333
1060026,1,5.0
1060485,3,3.3333333333333335
1060612,1,5.0
1060667,27,4.777777777777778
1060705,1,5.0
1060738,1,5.0
1060821,2,5.0
1060873,1,5.0
1060948,1,0.0
1060995,1,5.0
1061005,2,5.0
1061099,1,5.0
1061145,1,0.0
1061209,2,4.5
1061431,1,5.0
1061628,2,5.0
1061665,1,5.0
1061715,1,5.0
1061795,1,5.0
1062137,1,5.0
1062146,1,5.0
1062253,1,5.0
1062282,2,5.0
1062366,2,3.5
1062569,2,5.0
1063019,1,2.0
1063028,1,5.0
1063093,1,5.0
1063118,1,4.0
1063132,1,4.0
1063227,5,3.8
1063355,1,5.0
1063415,1,2.0
1063765,1,5.0
1063828,1,5.0
1063842,1,5.0
1063977,1,3.0
1064068,1,4.0
1064174,1,5.0
1064617,4,5.0
1064654,1,5.0
1064996,1,5.0
1065980,1,5.0
1066086,1,0.0
1066322,2,2.5
1066340,1,5.0
1066371,1,4.0
1066513,1,0.0
1067232,1,5.0
1067479,1,4.0
1067526,1,1.0
1067539,1,5.0
1067654,1,5.0
1067726,1,4.0
1069378,1,5.0
1069573,1,4.0
1069650,1,5.0
1069715,1,5.0
1069833,1,5.0
1070144,1,4.0
1070188,1,5.0
1070721,2,4.0
1070977,1,0.0
1070987,2,4.5
1071044,1,5.0
1071416,1,5.0
1071424,1,5.0
1071455,1,5.0
1071585,1,5.0
1071695,2,5.0
1071777,3,5.0
1072133,1,5.0
1072177,1,5.0
1072299,1,5.0
1072355,2,4.5
1072593,191,4.952879581151833
1072595,1,5.0
1072608,1,5.0
1072666,1,5.0
1072669,3,4.333333333333333
1072738,1,5.0
1072892,1,5.0
1073020,1,0.0
1073084,1,5.0
1073120,1,5.0
1073225,1,5.0
1073231,1,5.0
1073245,1,4.0
1073282,1,5.0
1073377,1,5.0
1073433,1,5.0
1073449,1,5.0
1073513,1,4.0
1073720,1,5.0
1073861,3,3.3333333333333335
1073874,3,5.0
1073996,1,5.0
1074093,1,0.0
1074384,1,5.0
1074602,1,5.0
1074650,1,1.0
1074687,1,5.0
1075158,1,5.0
1075452,2,5.0
1075564,1,5.0
1075719,2,2.0
1075858,1,5.0
1076041,1,5.0
1076165,5,4.0
1076345,2,2.0
1076383,2,5.0
1076764,2,5.0
1076849,1,5.0
1076890,1,5.0
1076928,1,5.0
1077664,1,5.0
1077845,1,4.0
1077864,4,4.5
1077885,1,0.0
1077944,4,4.75
1078234,1,5.0
1078279,1,5.0
1079907,1,5.0
1080477,1,5.0
1081389,1,5.0
1081897,1,5.0
1081919,1,1.0
1082159,1,5.0
1082228,1,5.0
1082557,1,5.0
1082680,1,5.0
1082855,1,5.0
1082881,2,5.0
1082902,1,5.0
1083084,1,0.0
1083346,1,5.0
1083390,1,5.0
1083594,1,4.0
1084021,1,4.0
1084139,1,5.0
1084164,1,5.0
1084305,2,5.0
1084367,1,5.0
1084369,1,4.0
1084495,1,4.0
1084523,1,5.0
1084552,1,5.0
1084752,1,1.0
1084840,2,4.0
1085140,1,5.0
1085213,1,5.0
1085374,4,5.0
1085428,4,4.75
1085645,1,5.0
1085830,1,5.0
1085836,4,5.0
1085861,1,5.0
1086079,1,5.0
1086085,1,5.0
1086132,1,5.0
1086319,1,5.0
1086570,14,4.5
1086743,1,5.0
1086830,6,4.666666666666667
1087125,1,5.0
1087252,1,5.0
1087302,1,5.0
1087312,1,5.0
1087344,2,5.0
1087585,1,5.0
1087826,3,5.0
1087828,1,5.0
1087830,6,5.0
1087919,1,5.0
1088130,2,4.0
1088332,1,5.0
1088375,1,5.0
1088383,3,5.0
1088450,1,5.0
1088633,1,5.0
1088637,3,5.0
1088893,1,5.0
1088921,1,0.0
1089112,1,5.0
1089160,1,5.0
1089200,1,5.0
1089618,1,5.0
1089901,1,0.0
1089925,3,4.0
1090430,1,4.0
1090518,1,4.0
1090724,1,5.0
1090737,1,4.0
1090962,1,5.0
1091103,1,5.0
1091591,1,5.0
1091612,1,5.0
1091748,1,5.0
1091792,1,5.0
1091875,1,5.0
1091969,1,5.0
1092265,1,5.0
1092345,1,0.0
1092347,1,5.0
1092552,3,5.0
1092603,1,5.0
1092630,1,2.0
1092885,1,5.0
1093240,1,3.0
1093291,2,5.0
1093567,1,5.0
1093658,1,5.0
1093686,1,5.0
1094118,1,0.0
1094195,2,5.0
1094272,1,5.0
1094446,1,5.0
1094990,1,5.0
1095387,1,5.0
1095539,1,0.0
1096259,1,5.0
1096475,2,5.0
1096840,1,0.0
1097094,1,3.0
1097235,1,5.0
1097313,1,5.0
1097429,1,0.0
1097671,1,4.0
1097873,1,5.0
1098184,1,5.0
1098228,1,5.0
1098269,1,4.0
1098277,3,4.333333333333333
1098289,1,5.0
1098481,1,0.0
1098518,1,5.0
1098574,1,5.0
1098582,1,5.0
1098599,1,5.0
1098615,1,5.0
1098733,1,5.0
1098736,1,4.0
1098889,3,2.6666666666666665
1098917,1,5.0
1098997,2,4.5
1099127,1,5.0
1099179,1,5.0
1099204,2,2.5
1099264,2,5.0
1099374,1,5.0
1099457,1,5.0
1099625,1,5.0
1100022,1,5.0
1100150,1,0.0
1100313,5,4.6
1100340,1,5.0
1100642,1,5.0
1101453,3,5.0
1101503,1,5.0
1101574,1,5.0
1101614,1,5.0
1101966,1,5.0
1102026,1,5.0
1102050,1,5.0
1102191,1,5.0
1102407,1,5.0
1102419,1,5.0
1102475,1,5.0
1102578,13,4.538461538461538
1102585,1,4.0
1102629,1,0.0
1102672,1,0.0
1102734,2,5.0
1102915,1,5.0
1102940,2,2.5
1103028,1,0.0
1103225,1,4.0
1103246,1,5.0
1103310,1,3.0
1103700,1,5.0
1103975,1,5.0
1104116,1,0.0
1104541,1,5.0
1104551,1,4.0
1104605,6,5.0
1104748,1,5.0
1104835,1,5.0
1104916,1,4.0
1105215,1,5.0
1105664,1,5.0
1105786,1,5.0
1105987,1,5.0
1105991,41,4.902439024390244
1106037,1,5.0
1106099,1,5.0
1106426,1,5.0
1106461,1,5.0
1106551,1,5.0
1106600,3,5.0
1106756,1,5.0
1106809,1,4.0
1107008,1,0.0
1107180,1,0.0
1107439,1,5.0
1107490,1,4.0
1107650,1,5.0
1107916,1,5.0
1107936,1,5.0
1108191,1,5.0
1108310,1,5.0
1108523,1,5.0
1108690,1,1.0
1108700,5,4.2
1108707,3,5.0
1108749,5,4.8
1108825,1,5.0
1108857,1,5.0
1108916,2,2.5
1109008,1,0.0
1109053,1,2.0
1109069,1,2.0
1109232,2,5.0
1109263,1,5.0
1109280,2,5.0
1109296,3,4.666666666666667
1109318,1,5.0
1109419,1,5.0
1109782,1,4.0
1109879,1,1.0
1109903,2,5.0
1109910,3,5.0
1110171,1,5.0
1110227,1,5.0
1110406,1,5.0
1110584,1,5.0
1110776,3,5.0
1110802,1,5.0
1110820,1,4.0
1110989,1,5.0
1111016,1,5.0
1111119,1,5.0
1111207,1,5.0
1111405,1,0.0
1111408,1,5.0
1111416,1,5.0
1111424,1,5.0
1111440,1,5.0
1111928,1,5.0
1112060,1,5.0
1112567,1,5.0
1112687,1,5.0
1112707,1,5.0
1112750,1,4.0
1112970,1,3.0
1113000,1,5.0
1113244,1,5.0
1113390,1,5.0
1113712,3,5.0
1113745,1,5.0
1113965,3,4.333333333333333
1113987,1,5.0
1114246,1,5.0
1114427,1,5.0
1114608,1,0.0
1114623,1,5.0
1114710,1,5.0
1114720,1,5.0
1114782,1,0.0
1114784,2,5.0
1114821,1,4.0
1114962,1,5.0
1115186,1,4.0
1115591,1,4.0
1115621,1,5.0
1115668,1,5.0
1115886,1,5.0
1115976,1,0.0
1116087,1,4.0
1116172,1,5.0
1116188,1,5.0
1116375,1,5.0
1116438,1,4.0
1116459,1,4.0
1116488,6,4.166666666666667
1116537,1,5.0
1116631,1,5.0
1116742,2,4.5
1116773,1,5.0
1116805,1,4.0
1117099,4,4.5
1117145,1,5.0
1117149,1,5.0
1117150,1,5.0
1117364,2,5.0
1117385,1,5.0
1117416,1,5.0
1117502,1,5.0
1117644,1,5.0
1118008,1,5.0
1118211,1,0.0
1118305,1,5.0
1118321,1,5.0
1118340,3,5.0
1118464,1,5.0
1118489,1,5.0
1118620,1,4.0
1118667,2,2.5
1118761,1,5.0
1118812,1,5.0
1118838,1,0.0
1118971,1,4.0
1118986,1,5.0
1119004,3,2.3333333333333335
1119069,1,2.0
1119351,2,5.0
1119406,1,5.0
1119426,1,5.0
1119670,1,4.0
1119726,1,5.0
1119737,1,4.0
1119867,1,5.0
1119948,1,5.0
1119980,1,5.0
1120171,1,0.0
1120307,3,4.666666666666667
1120777,1,5.0
1121942,1,5.0
1122124,1,5.0
1122161,17,4.588235294117647
1122163,1,1.0
1122166,1,4.0
1122221,1,5.0
1122379,1,4.0
1122433,1,4.0
1122474,1,5.0
1122487,1,3.0
1122519,1,5.0
1122632,1,5.0
1122759,1,0.0
1122899,1,4.0
1122967,1,5.0
1122988,11,4.2727272727272725
1123696,1,5.0
1123981,1,5.0
1124123,1,5.0
1124249,1,0.0
1124293,1,5.0
1124480,1,5.0
1124486,1,5.0
1124596,1,5.0
1124609,1,4.0
1124741,1,5.0
1124875,1,5.0
1125231,4,5.0
1125280,1,5.0
1125298,1,5.0
1125323,1,5.0
1125391,1,0.0
1125541,2,5.0
1125992,1,5.0
1126019,1,5.0
1126097,1,5.0
1126188,1,2.0
1126368,2,4.5
1126394,1,5.0
1126666,1,4.0
1126675,1,5.0
1126876,1,5.0
1127208,3,3.3333333333333335
1127245,1,5.0
1127317,1,5.0
1127366,1,5.0
1127368,3,4.333333333333333
1127499,1,0.0
1127592,1,5.0
1127774,1,2.0
1127803,1,5.0
1127884,1,5.0
1127997,1,0.0
1128144,1,4.0
1128452,1,0.0
1128467,1,5.0
1128522,1,4.0
1128576,1,5.0
1128602,1,5.0
1128706,1,4.0
1128874,4,4.75
1129080,1,5.0
1129113,1,5.0
1129264,1,5.0
1129305,1,5.0
1129373,1,5.0
1129378,1,0.0
1129430,1,5.0
1129491,1,5.0
1129608,2,4.0
1129760,1,5.0
1129847,3,5.0
1130271,3,4.666666666666667
1130338,4,5.0
1130459,2,5.0
1130597,1,5.0
1130606,3,5.0
1130643,1,5.0
1130733,1,5.0
1130798,1,5.0
1130968,1,1.0
1130980,1,5.0
1131068,1,3.0
1131165,2,1.0
1131414,1,5.0
1131476,1,5.0
1131733,2,5.0
1131790,1,5.0
1131808,1,5.0
1132039,1,4.0
1132472,1,5.0
1132567,2,5.0
1132789,1,5.0
1132954,1,0.0
1133066,1,3.0
1133190,22,4.590909090909091
1133303,1,5.0
1133325,1,5.0
1133330,1,5.0
1133639,2,2.5
1133653,2,2.0
1133709,1,5.0
1133813,1,1.0
1134056,1,3.0
1134529,1,5.0
1134625,2,2.0
1134773,1,5.0
1134821,1,5.0
1135049,1,5.0
1135216,1,5.0
1135521,6,4.166666666666667
1135530,3,3.3333333333333335
1135597,1,4.0
1135650,3,5.0
1135767,1,0.0
1136098,1,5.0
1136231,1,5.0
1136296,1,5.0
1136405,1,5.0
1136448,5,4.2
1136495,1,4.0
1136781,2,4.5
1137151,1,5.0
1137568,1,5.0
1137758,1,5.0
1137977,1,0.0
1138097,1,5.0
1138172,1,5.0
1138195,1,5.0
1138230,1,5.0
1138236,1,5.0
1138246,1,4.0
1138339,1,1.0
1138380,1,5.0
1138461,1,0.0
1138484,1,5.0
1138497,1,5.0
1138849,1,5.0
1138950,1,5.0
1139088,1,5.0
1139112,1,5.0
1139231,1,5.0
1139413,1,4.0
1139501,4,4.25
1139528,1,5.0
1139568,1,5.0
1139705,1,5.0
1139722,5,4.8
1139948,1,4.0
1140177,1,4.0
1140251,1,4.0
1140356,2,5.0
1140485,1,5.0
1140720,1,5.0
1140904,1,4.0
1140940,1,5.0
1140969,1,5.0
1141103,1,0.0
1141150,1,5.0
1141159,1,3.0
1141232,1,5.0
1141276,2,5.0
1141334,1,4.0
1141377,7,4.142857142857143
1141384,1,3.0
1141589,1,0.0
1141691,1,5.0
1141815,2,4.0
1141897,1,0.0
1141909,1,5.0
1142232,1,0.0
1142355,1,5.0
1142384,1,4.0
1142497,1,4.0
1142566,3,4.333333333333333
1142572,2,5.0
1142774,1,5.0
1142804,1,5.0
1142897,1,5.0
1142915,1,5.0
1142940,1,5.0
1143059,1,4.0
1143093,1,5.0
1143194,1,5.0
1143238,1,5.0
1143259,1,5.0
1143445,1,5.0
1143513,1,0.0
1143851,1,3.0
1144231,1,5.0
1144232,1,4.0
1144471,2,4.5
1144511,2,5.0
1144628,2,2.5
1144714,1,4.0
1144729,1,5.0
1144782,1,4.0
1144917,1,5.0
1144938,1,5.0
1144987,2,5.0
1145006,1,5.0
1145194,4,5.0
1145257,1,5.0
1145376,1,5.0
1145388,1,5.0
1145515,1,5.0
1145611,1,5.0
1145720,1,5.0
1145795,1,5.0
1145840,7,4.571428571428571
1145844,1,5.0
1145923,1,4.0
1146294,1,5.0
1146296,1,5.0
1146368,1,5.0
1146413,1,5.0
1146416,1,5.0
1146524,1,5.0
1146814,1,5.0
1147071,1,0.0
1147409,1,5.0
1147451,2,5.0
1147519,2,3.5
1147595,1,5.0
1147859,1,5.0
1147866,2,3.5
1147876,1,5.0
1147992,1,5.0
1148038,1,5.0
1148306,1,0.0
1148361,1,5.0
1148618,4,4.5
1148684,1,5.0
1148849,1,5.0
1148908,1,0.0
1149002,1,3.0
1149115,1,4.0
1149132,2,4.5
1149141,1,5.0
1149254,1,5.0
1149581,1,5.0
1149586,1,0.0
1149592,1,5.0
1149837,1,5.0
1149930,1,3.0
1149940,3,4.0
1149951,1,5.0
1150016,1,5.0
1150351,1,5.0
1150530,1,0.0
1150636,1,3.0
1150905,1,5.0
1150992,1,4.0
1151098,1,4.0
1151332,1,5.0
1151392,2,5.0
1151578,1,5.0
1151663,1,5.0
1151674,1,4.0
1151696,2,5.0
1151703,1,5.0
1151826,1,5.0
1151959,1,3.0
1152071,1,4.0
1152159,1,5.0
1152313,1,5.0
1152327,1,5.0
1152478,1,0.0
1152480,1,5.0
1152519,1,5.0
1152761,2,5.0
1152800,1,4.0
1152835,1,5.0
1152851,1,3.0
1152927,1,4.0
1152991,2,5.0
1153156,1,5.0
1153302,1,5.0
1153454,1,5.0
1153613,1,5.0
1153635,1,5.0
1153701,1,4.0
1153793,4,5.0
1153865,1,0.0
1153915,1,5.0
1153999,1,5.0
1154121,1,5.0
1154124,1,5.0
1154249,1,5.0
1154516,1,5.0
1154570,2,4.0
1154860,1,5.0
1154939,1,5.0
1154995,4,5.0
1155181,1,5.0
1155210,7,5.0
1155375,1,4.0
1155480,2,5.0
1155641,1,2.0
1155703,1,4.0
1155818,1,5.0
1155828,1,5.0
1155918,1,5.0
1156118,2,5.0
1156478,1,5.0
1156520,1,5.0
1156562,3,5.0
1156619,2,4.0
1156663,1,5.0
1156688,1,4.0
1156721,1,5.0
1156722,1,5.0
1157252,1,0.0
1157312,7,4.285714285714286
1157454,1,5.0
1157490,1,5.0
1157591,1,5.0
1157750,1,5.0
1157765,1,5.0
1157826,1,5.0
1157853,2,5.0
1157861,1,5.0
1157871,2,5.0
1157973,3,3.3333333333333335
1158042,1,5.0
1158111,2,0.0
1158329,1,5.0
1158397,2,4.5
1158453,1,0.0
1158606,2,5.0
1158694,1,5.0
1158820,1,0.0
1159075,2,5.0
1159139,1,5.0
1159188,1,5.0
1159243,1,5.0
1159287,1,5.0
1159333,1,5.0
1159440,1,5.0
1159443,1,5.0
1159608,1,5.0
1159770,1,4.0
1159855,1,0.0
1159930,1,5.0
1159958,1,3.0
1160134,1,4.0
1160266,1,2.0
1160345,2,5.0
1160785,1,5.0
1160971,1,5.0
1161158,1,5.0
1161252,1,5.0
1161295,1,5.0
1161342,1,4.0
1161380,1,2.0
1161395,1,5.0
1161442,1,4.0
1161666,1,5.0
1161678,1,4.0
1161803,1,5.0
1161869,1,4.0
1162067,3,5.0
1162072,2,5.0
1162173,1,5.0
1162198,1,5.0
1162256,1,5.0
1162299,1,4.0
1162426,2,5.0
1162499,1,5.0
1162541,1,5.0
1162558,1,5.0
1162673,1,5.0
1163007,1,5.0
1163243,1,4.0
1163252,4,5.0
1163274,1,5.0
1163303,1,5.0
1163388,1,4.0
1163488,1,2.0
1163533,2,2.5
1163540,2,3.5
1163587,1,5.0
1163658,1,5.0
1164058,1,5.0
1164063,1,5.0
1164128,1,5.0
1164201,1,5.0
1164252,1,4.0
1164638,1,5.0
1164689,1,5.0
1164724,1,5.0
1164816,1,5.0
1164828,1,4.0
1164838,1,5.0
1165039,1,5.0
1165172,1,5.0
1165203,1,1.0
1165233,1,5.0
1165643,1,3.0
1165778,1,5.0
1165811,1,4.0
1165996,1,5.0
1166124,1,5.0
1166156,1,5.0
1166197,1,5.0
1166272,1,5.0
1166330,1,5.0
1166490,1,5.0
1166542,1,5.0
1166911,1,5.0
1166957,1,0.0
1166993,5,5.0
1167232,2,3.5
1167280,1,5.0
1167475,2,5.0
1167543,1,2.0
1167599,2,5.0
1167743,2,5.0
1167790,1,0.0
1167873,2,1.5
1167876,1,5.0
1167988,2,5.0
1168021,1,5.0
1168148,10,4.5
1168308,1,5.0
1168372,4,4.75
1168432,1,5.0
1168645,1,5.0
1168865,2,5.0
1168912,1,5.0
1168939,4,4.0
1169062,2,5.0
1169151,1,4.0
1169153,2,5.0
1169469,1,5.0
1169547,3,4.333333333333333
1169601,1,5.0
1169662,1,5.0
1169704,1,0.0
1169750,2,3.5
1169789,1,5.0
1169824,1,5.0
1169833,1,5.0
1169937,4,4.75
1170273,1,5.0
1170292,1,5.0
1170429,1,5.0
1170625,1,5.0
1170714,4,4.75
1170731,1,0.0
1170765,1,0.0
1170821,1,5.0
1170838,1,3.0
1170896,1,5.0
1170903,1,4.0
1171010,1,5.0
1171027,1,5.0
1171067,1,5.0
1171135,1,5.0
1171443,1,5.0
1171532,1,0.0
1171894,3,4.333333333333333
1171921,1,5.0
1171969,1,5.0
1172502,1,5.0
1172513,1,5.0
1172894,2,5.0
1172966,1,5.0
1172968,1,5.0
1173096,1,4.0
1173220,1,5.0
1173309,1,5.0
1173339,1,5.0
1173385,2,2.5
1173558,1,5.0
1173570,2,5.0
1173614,1,5.0
1173620,1,5.0
1173648,1,0.0
1173891,1,5.0
1173915,1,0.0
1174000,1,5.0
1174038,1,4.0
1174163,1,0.0
1174169,1,5.0
1174362,1,5.0
1174414,1,5.0
1174476,1,5.0
1174629,1,5.0
1175036,1,5.0
1175043,3,5.0
1175362,22,4.636363636363637
1175380,3,3.6666666666666665
1175525,1,3.0
1175603,1,0.0
1175664,3,4.333333333333333
1175679,1,3.0
1175921,1,5.0
1176241,4,5.0
1176380,1,0.0
1176545,1,0.0
1176846,1,5.0
1176849,3,3.3333333333333335
1176983,1,5.0
1177172,1,5.0
1177249,2,5.0
1177498,3,4.666666666666667
1177516,1,5.0
1177589,1,5.0
1177707,1,5.0
1177772,1,5.0
1177792,1,5.0
1177904,1,5.0
1177928,1,5.0
1178328,1,0.0
1178396,1,5.0
1178785,1,5.0
1178792,1,5.0
1178797,3,5.0
1178932,1,5.0
1179225,114,4.7105263157894735
1179294,1,5.0
1179763,1,1.0
1179773,5,5.0
1179823,1,5.0
1179973,1,2.0
1180452,1,5.0
1180501,1,5.0
1180535,1,5.0
1180562,1,5.0
1180590,1,4.0
1181046,1,5.0
1181226,1,4.0
1181279,1,5.0
1181287,1,2.0
1181484,2,5.0
1181575,1,5.0
1181635,2,4.5
1181692,1,5.0
1181715,1,5.0
1181747,1,5.0
1181842,1,5.0
1181945,1,5.0
1182091,1,5.0
1182202,1,5.0
1182220,1,5.0
1182224,1,5.0
1182475,1,3.0
1182570,1,5.0
1182629,2,5.0
1182649,2,4.5
1182666,1,5.0
1182835,2,4.0
1182872,1,4.0
1182965,1,5.0
1182971,10,4.9
1182993,1,3.0
1183122,1,1.0
1183130,1,5.0
1183144,1,5.0
1183225,2,5.0
1183289,1,5.0
1183623,2,5.0
1183807,1,5.0
1183876,1,4.0
1183908,1,5.0
1183918,1,5.0
1183928,1,5.0
1183981,1,5.0
1184016,1,5.0
1184067,2,4.0
1184145,2,4.5
1184255,1,5.0
1184301,1,5.0
1184350,1,5.0
1184597,1,5.0
1184756,1,4.0
1184772,1,5.0
1184867,1,5.0
1185082,1,0.0
1185134,1,4.0
1185154,1,5.0
1185700,5,5.0
1185804,2,5.0
1185887,1,4.0
1185926,1,4.0
1185955,1,5.0
1186083,1,5.0
1186128,2,4.0
1186129,1,5.0
1186148,1,5.0
1186288,1,5.0
1186580,1,5.0
1186609,1,5.0
1186623,1,5.0
1186920,1,5.0
1186940,6,4.833333333333333
1186985,1,0.0
1186987,1,4.0
1187081,1,5.0
1187287,1,5.0
1187404,5,5.0
1187500,1,5.0
1187622,2,5.0
1187827,1,5.0
1188072,1,5.0
1188094,1,4.0
1188206,1,5.0
1188379,2,2.5
1188386,1,4.0
1188617,1,1.0
1188656,1,4.0
1188698,1,4.0
1188796,1,4.0
1189278,1,5.0
1189318,1,5.0
1189339,1,4.0
1189379,1,0.0
1189420,1,5.0
1189444,1,3.0
1189556,1,4.0
1189751,1,0.0
1189761,1,5.0
1190090,1,0.0
1190218,1,5.0
1190263,1,5.0
1190426,1,5.0
1190462,1,0.0
1190475,1,5.0
1190527,1,5.0
1190532,2,3.0
1190563,1,5.0
1190633,1,5.0
1190665,1,5.0
1190864,1,5.0
1191030,9,4.444444444444445
1191081,2,4.5
1191195,2,5.0
1191355,7,3.5714285714285716
1191411,1,5.0
1191429,1,4.0
1191577,1,5.0
1191620,3,4.333333333333333
1191756,1,5.0
1191868,2,4.5
1192518,1,5.0
1192795,1,5.0
1192917,1,0.0
1193354,1,5.0
1193582,1,5.0
1193707,17,4.411764705882353
1193804,1,5.0
1193805,1,5.0
1193914,1,5.0
1194107,1,4.0
1194159,1,3.0
1194169,1,5.0
1194179,1,0.0
1194239,1,4.0
1194253,1,5.0
1194329,1,0.0
1194365,1,0.0
1194416,1,5.0
1194914,1,3.0
1195113,1,5.0
1195146,1,5.0
1195338,1,3.0
1195371,1,5.0
1195471,1,5.0
1195537,8,4.75
1195618,1,4.0
1195648,1,3.0
1195855,1,0.0
1196075,1,5.0
1196284,5,4.0
1196513,1,5.0
1196541,2,2.5
1196603,1,5.0
1196688,1,4.0
1196898,1,5.0
1196964,1,5.0
1197266,1,4.0
1197447,1,5.0
1197460,1,5.0
1197470,2,5.0
1197511,1,5.0
1197584,2,4.5
1197624,5,4.0
1197786,1,5.0
1197819,1,5.0
1197867,2,2.0
1197928,1,5.0
1197968,1,5.0
1198128,1,5.0
1198395,1,5.0
1198464,1,5.0
1198491,9,4.444444444444445
1198523,2,5.0
1198627,1,5.0
1198670,1,5.0
1198684,1,5.0
1198731,1,5.0
1198738,4,4.75
1198780,1,0.0
1198934,1,0.0
1199038,1,0.0
1199340,1,5.0
1199353,1,5.0
1199546,1,5.0
1199684,1,2.0
1199700,1,1.0
1199744,1,0.0
1199783,1,0.0
1199792,1,5.0
1199918,1,5.0
1199979,2,5.0
1200019,2,5.0
1200094,1,5.0
1200409,1,0.0
1200430,1,0.0
1200818,1,5.0
1200910,1,5.0
1200988,1,0.0
1201109,1,5.0
1201265,1,0.0
1201443,1,5.0
1201494,1,0.0
1201714,1,5.0
1201808,1,5.0
1202120,1,5.0
1202377,1,4.0
1202421,1,5.0
1202606,1,4.0
1202739,1,5.0
1202780,3,5.0
1202794,1,5.0
1202811,5,4.8
1203299,1,5.0
1203448,1,0.0
1203465,1,5.0
1203486,1,5.0
1203702,1,4.0
1203830,5,5.0
1203835,2,5.0
1203966,1,5.0
1204099,2,5.0
1204147,2,4.0
1204622,1,5.0
1204655,1,5.0
1205110,2,5.0
1205327,1,3.0
1205372,1,5.0
1205407,1,3.0
1205572,1,0.0
1205574,3,5.0
1205678,1,5.0
1205833,3,3.6666666666666665
1205886,1,5.0
1205983,1,0.0
1206036,1,5.0
1206083,1,5.0
1206102,20,4.5
1206650,5,5.0
1206686,1,4.0
1206771,1,5.0
1206798,2,4.5
1206803,2,2.0
1206854,1,5.0
1206909,4,5.0
1206943,1,0.0
1207060,1,4.0
1207107,1,5.0
1207259,1,5.0
1207345,2,5.0
1207384,2,5.0
1207406,1,0.0
1207479,1,5.0
1207521,2,4.0
1207588,2,3.5
1207655,1,0.0
1207991,1,5.0
1208128,1,5.0
1208254,1,5.0
1208285,1,0.0
1208404,1,2.0
1208423,1,5.0
1208455,1,5.0
1208508,1,5.0
1208569,1,5.0
1208642,1,5.0
1208741,1,5.0
1208760,3,5.0
1208779,1,5.0
1208848,1,5.0
1209009,1,5.0
1209017,1,0.0
1209206,1,5.0
1209225,1,5.0
1209273,1,5.0
1209573,1,5.0
1210117,1,0.0
1210365,3,5.0
1210415,2,4.0
1210564,2,2.5
1210843,1,3.0
1210961,1,5.0
1211032,1,5.0
1211148,1,5.0
1211160,1,5.0
1211163,2,5.0
1211166,1,5.0
1211187,11,4.7272727272727275
1211226,1,3.0
1211385,4,4.25
1211488,1,5.0
1211819,1,2.0
1211822,1,5.0
1212043,1,5.0
1212045,1,5.0
1212156,1,5.0
1212189,1,0.0
1212296,1,4.0
1212307,1,5.0
1212393,1,5.0
1212418,1,5.0
1212694,1,5.0
1212721,1,2.0
1212741,1,5.0
1212812,1,5.0
1212910,1,5.0
1212942,2,2.5
1213142,1,5.0
1213271,1,5.0
1213515,1,5.0
1213781,3,4.333333333333333
1214011,1,5.0
1214083,1,5.0
1214321,1,5.0
1214773,1,0.0
1214842,1,5.0
1214884,1,5.0
1215191,1,5.0
1215381,1,5.0
1215397,2,2.5
1215593,1,1.0
1215793,1,5.0
1215820,1,3.0
1215879,1,5.0
1215910,1,0.0
1216386,3,5.0
1216422,1,5.0
1216549,1,2.0
1216585,1,5.0
1216664,1,5.0
1216672,1,5.0
1216753,1,5.0
1216792,1,4.0
1216944,1,5.0
1217290,1,0.0
1217295,1,0.0
1217324,2,5.0
1217683,2,4.0
1217711,1,4.0
1217979,1,5.0
1217989,1,5.0
1218030,1,5.0
1218229,1,5.0
1218405,1,5.0
1218476,1,5.0
1218488,1,3.0
1218501,1,5.0
1218527,1,5.0
1218598,1,5.0
1218666,1,5.0
1218676,2,5.0
1218728,2,4.0
1218761,1,5.0
1219073,1,1.0
1219343,3,5.0
1219679,4,4.25
1219772,1,0.0
1220261,1,5.0
1220417,1,3.0
1220448,2,2.0
1220686,6,4.0
1220812,1,5.0
1220834,1,0.0
1220912,1,4.0
1220994,1,5.0
1221074,2,5.0
1221150,2,5.0
1221280,1,5.0
1221306,3,5.0
1221380,1,5.0
1221394,4,5.0
1221468,1,5.0
1221531,1,5.0
1221597,1,5.0
1221683,1,5.0
1221799,1,5.0
1221917,2,4.0
1221921,1,5.0
1221972,1,5.0
1221978,1,5.0
1222318,1,5.0
1222330,1,5.0
1222360,1,3.0
1222401,1,5.0
1222615,4,5.0
1222786,2,5.0
1223188,1,5.0
1223289,1,5.0
1223450,1,0.0
1223458,1,5.0
1223628,1,5.0
1223736,3,4.666666666666667
1223919,2,4.0
1223924,1,5.0
1223938,1,5.0
1224098,1,5.0
1224106,1,5.0
1224476,1,5.0
1224527,1,5.0
1224789,1,5.0
1224926,2,5.0
1225266,1,4.0
1225277,1,5.0
1225447,1,5.0
1225636,3,5.0
1225642,1,4.0
1226070,1,5.0
1226304,1,5.0
1226347,1,4.0
1226388,5,5.0
1226398,4,4.25
1226446,1,1.0
1226481,2,3.5
1226485,1,5.0
1226586,1,5.0
1226622,1,5.0
1226772,1,5.0
1227229,1,5.0
1227277,1,5.0
1227318,3,5.0
1227379,1,5.0
1227545,1,5.0
1227563,4,3.5
1227611,1,5.0
1227812,1,5.0
1227957,1,5.0
1228100,1,5.0
1228237,1,5.0
1228424,3,5.0
1228487,1,5.0
1228500,1,0.0
1228590,1,5.0
1228695,1,5.0
1228804,2,3.5
1228911,3,5.0
1229190,2,5.0
1229261,1,0.0
1229314,1,5.0
1229315,2,2.5
1229480,1,5.0
1229509,1,5.0
1229835,3,4.666666666666667
1229840,1,5.0
1229859,1,5.0
1229919,1,5.0
1230336,1,4.0
1230348,1,5.0
1230388,1,5.0
1230390,1,3.0
1230396,3,3.0
1230435,1,5.0
1230485,1,1.0
1230521,1,5.0
1230562,6,3.5
1230755,1,5.0
1231048,1,5.0
1231156,1,5.0
1231301,1,4.0
1231306,1,5.0
1231331,1,5.0
1231687,1,5.0
1231748,1,5.0
1231782,1,5.0
1231891,1,4.0
1231908,1,0.0
1231990,1,5.0
1231998,1,5.0
1232011,1,4.0
1232019,1,5.0
1232133,2,4.0
1232370,3,5.0
1232400,4,4.5
1232472,1,2.0
1232513,1,5.0
1232699,1,5.0
1232713,2,3.0
1232945,1,0.0
1233409,1,5.0
1233467,1,4.0
1233531,1,5.0
1233841,2,2.5
1233903,1,5.0
1234080,1,5.0
1234170,1,4.0
1234279,1,5.0
1234311,1,5.0
1234326,4,4.25
1234374,1,4.0
1234395,2,5.0
1234551,1,5.0
1234635,1,5.0
1235236,3,4.0
1235379,1,1.0
1235507,1,0.0
1235548,1,5.0
1235658,1,5.0
1235705,1,5.0
1235777,1,5.0
1235892,1,5.0
1235950,1,3.0
1236002,2,4.0
1236101,2,5.0
1236155,1,1.0
1236200,1,5.0
1236373,1,5.0
1236441,1,5.0
1236496,1,5.0
1236613,1,5.0
1236696,1,5.0
1236699,1,5.0
1236764,1,5.0
1236791,1,2.0
1236798,1,5.0
1236867,1,5.0
1236909,1,3.0
1237149,1,1.0
1237233,1,5.0
1237432,1,5.0
1237547,1,5.0
1237821,1,0.0
1237843,1,0.0
1237857,1,4.0
1237936,1,5.0
1238055,1,5.0
1238056,1,5.0
1238142,1,5.0
1238159,1,5.0
1238404,1,5.0
1238406,1,5.0
1238512,1,5.0
1238572,1,5.0
1238623,1,5.0
1238695,1,5.0
1238762,1,5.0
1238767,1,5.0
1238776,1,5.0
1238785,1,5.0
1239410,1,5.0
1239457,1,3.0
1239646,1,5.0
1239819,1,4.0
1239906,15,4.2
1239933,1,5.0
1240136,1,0.0
1240164,1,5.0
1240515,1,1.0
1240671,1,5.0
1240720,1,2.0
1241043,1,4.0
1241054,1,5.0
1241146,1,5.0
1241227,1,5.0
1241249,1,5.0
1241376,2,5.0
1241519,1,5.0
1241747,1,5.0
1241836,3,5.0
1241841,1,5.0
1242086,2,3.0
1242092,2,2.5
1242099,7,4.0
1242182,3,5.0
1242185,1,5.0
1242191,1,5.0
1242360,1,3.0
1242634,1,5.0
1242723,2,4.5
1242773,1,5.0
1242842,1,5.0
1242867,1,5.0
1242897,2,5.0
1242974,1,5.0
1243137,2,4.5
1243144,1,5.0
1243251,1,5.0
1243497,1,4.0
1243502,1,5.0
1243885,1,5.0
1243922,1,5.0
1243952,1,5.0
1243974,1,5.0
1243997,1,5.0
1244045,1,5.0
1244049,2,5.0
1244085,1,5.0
1244302,1,5.0
1244317,1,5.0
1244329,1,5.0
1244554,1,5.0
1244621,9,4.555555555555555
1244642,1,0.0
1244662,1,5.0
1244717,1,5.0
1244849,1,5.0
1244893,2,2.5
1244923,1,4.0
1244997,6,5.0
1244998,1,5.0
1245097,1,5.0
1245168,1,5.0
1245288,2,2.5
1245343,1,5.0
1245383,1,5.0
1245493,1,5.0
1245777,1,5.0
1246249,1,5.0
1246335,3,4.333333333333333
1246384,2,5.0
1246600,1,5.0
1246782,2,5.0
1246828,1,5.0
1246860,1,5.0
1246989,1,5.0
1247125,1,5.0
1247181,2,4.5
1247315,2,5.0
1247353,1,4.0
1247386,1,5.0
1247434,1,5.0
1248003,2,5.0
1248241,1,5.0
1248331,1,5.0
1248356,1,5.0
1248418,4,4.75
1248774,1,1.0
1248785,2,5.0
1248794,4,5.0
1248806,4,5.0
1248818,4,5.0
1248860,1,5.0
1248984,1,5.0
1249171,1,5.0
1249357,1,5.0
1249391,1,4.0
1249468,5,4.8
1249567,1,5.0
1249938,1,0.0
1249949,1,5.0
1249988,1,5.0
1250043,1,5.0
1250117,1,4.0
1250220,2,4.5
1250245,1,5.0
1250369,5,4.4
1250564,1,5.0
1250728,1,5.0
1250814,1,5.0
1250824,1,5.0
1250873,2,3.5
1250920,2,5.0
1250961,1,5.0
1250970,1,5.0
1250988,2,5.0
1251180,1,5.0
1251244,1,4.0
1251273,1,5.0
1251300,1,5.0
1251317,1,4.0
1251627,2,4.5
1252036,13,4.153846153846154
1252508,1,5.0
1252566,1,0.0
1252888,1,5.0
1252963,1,5.0
1253164,1,5.0
1253205,1,0.0
1253689,2,5.0
1253700,1,5.0
1253730,2,4.0
1254178,1,4.0
1254248,1,5.0
1254372,1,5.0
1254424,1,1.0
1254596,2,5.0
1254626,1,5.0
1254642,1,5.0
1254843,1,4.0
1254950,1,0.0
1255150,1,5.0
1255264,1,5.0
1255343,1,0.0
1255399,1,2.0
1255522,1,5.0
1255679,1,5.0
1255781,1,0.0
1255784,1,5.0
1256030,6,2.0
1256356,1,5.0
1256362,1,5.0
1256417,1,5.0
1256549,2,5.0
1256624,1,0.0
1256660,1,5.0
1256767,1,5.0
1256775,1,0.0
1256820,1,5.0
1256841,1,5.0
1256851,1,5.0
1257051,1,0.0
1257238,2,5.0
1257339,1,5.0
1257563,1,4.0
1257636,1,5.0
1257686,1,3.0
1257696,1,5.0
1257711,1,5.0
1257733,1,5.0
1257742,1,5.0
1257767,1,5.0
1257770,1,5.0
1257930,2,2.5
1258502,1,5.0
1258690,1,5.0
1259034,2,5.0
1259066,4,5.0
1259224,2,3.5
1259254,1,4.0
1259395,1,5.0
1259454,1,5.0
1260066,2,2.5
1260357,1,5.0
1260386,2,5.0
1260442,1,5.0
1260491,1,5.0
1260568,1,5.0
1260750,3,5.0
1260758,2,5.0
1260794,1,5.0
1261095,1,5.0
1261146,1,5.0
1261233,1,5.0
1261253,1,5.0
1261355,1,5.0
1261519,1,5.0
1261581,1,5.0
1261813,1,5.0
1261833,1,5.0
1261991,1,5.0
1262074,2,4.5
1262456,1,5.0
1262484,1,4.0
1262638,1,5.0
1262845,2,5.0
1263011,1,5.0
1263094,2,5.0
1263239,1,5.0
1263528,1,5.0
1263574,1,2.0
1263673,2,4.0
1263924,1,5.0
1264070,1,5.0
1264279,1,5.0
1264484,1,3.0
1264589,1,5.0
1264706,1,5.0
1264886,1,0.0
1265057,1,5.0
1265127,1,5.0
1265207,1,5.0
1265290,1,5.0
1265522,6,4.833333333333333
1265621,1,2.0
1265628,1,5.0
1265664,1,5.0
1266251,2,4.0
1266392,1,2.0
1266476,1,5.0
1266744,1,5.0
1267044,1,5.0
1267163,3,3.3333333333333335
1267223,2,5.0
1267296,1,5.0
1267399,1,5.0
1267504,2,2.5
1267549,1,5.0
1267610,1,5.0
1267679,1,5.0
1267780,1,3.0
1267898,1,5.0
1267956,4,5.0
1268045,1,5.0
1268185,1,0.0
1268187,1,4.0
1268899,1,5.0
1269015,13,4.153846153846154
1269083,1,5.0
1269180,9,4.555555555555555
1269281,1,5.0
1269309,1,5.0
1269562,2,5.0
1269563,2,5.0
1269578,1,4.0
1269948,1,0.0
1270266,1,5.0
1270334,1,5.0
1270396,1,5.0
1270415,1,5.0
1270634,1,5.0
1270762,1,5.0
1270875,2,5.0
1270921,1,5.0
1270996,1,5.0
1271014,1,5.0
1271115,1,5.0
1271128,1,4.0
1271250,1,5.0
1271256,1,5.0
1271285,1,5.0
1271341,1,5.0
1271412,1,5.0
1271506,12,4.916666666666667
1271572,1,3.0
1271713,4,4.25
1271870,1,3.0
1271905,2,5.0
1271914,1,0.0
1272105,1,5.0
1272325,1,5.0
1272367,1,5.0
1272763,1,5.0
1272872,1,5.0
1272896,1,3.0
1273150,1,0.0
1273226,6,5.0
1273282,1,5.0
1273292,3,3.3333333333333335
1273431,1,5.0
1273432,2,0.5
1273499,1,5.0
1273777,1,0.0
1274024,1,5.0
1274045,3,5.0
1274061,1,0.0
1274295,1,5.0
1274302,1,5.0
1274518,1,0.0
1274599,2,5.0
1274761,1,5.0
1275037,4,4.25
1275177,3,4.666666666666667
1275237,1,5.0
1275380,2,5.0
1275428,2,4.5
1275442,1,5.0
1275505,1,5.0
1275931,4,5.0
1276006,1,5.0
1276064,1,5.0
1276080,1,5.0
1276184,3,5.0
1276263,1,5.0
1276376,1,5.0
1276414,1,4.0
1276594,1,0.0
1276731,1,5.0
1276751,2,5.0
1276897,1,5.0
1277480,2,5.0
1277545,1,4.0
1277602,1,4.0
1277792,1,5.0
1277854,1,4.0
1277979,1,0.0
1278014,2,5.0
1278034,1,5.0
1278150,1,5.0
1278268,1,5.0
1278272,1,1.0
1278402,1,5.0
1278514,1,5.0
1278530,1,1.0
1278644,1,5.0
1278731,1,0.0
1278751,1,5.0
1278907,1,5.0
1278977,1,5.0
1279058,2,5.0
1279083,1,0.0
1279185,2,5.0
1279206,1,5.0
1279229,1,5.0
1279243,1,5.0
1279274,1,0.0
1279906,1,5.0
1279950,1,5.0
1279969,1,4.0
1280189,1,5.0
1280644,1,5.0
1280717,1,5.0
1280983,1,5.0
1281080,2,5.0
1281392,1,5.0
1281484,2,3.5
1281638,1,5.0
1281867,1,5.0
1281963,2,4.5
1282207,1,5.0
1282271,1,5.0
1282298,1,5.0
1282432,1,5.0
1282581,1,5.0
1282647,1,5.0
1282665,1,4.0
1282685,1,4.0
1283042,1,5.0
1283421,8,4.375
1283556,1,5.0
1283678,1,5.0
1283785,1,4.0
1283888,1,5.0
1284148,1,5.0
1284154,1,5.0
1284192,1,5.0
1284443,1,5.0
1284656,1,5.0
1285300,1,5.0
1285381,2,4.5
1285583,1,4.0
1285603,1,0.0
1285989,2,5.0
1286134,1,5.0
1286243,1,5.0
1286496,1,4.0
1286510,1,4.0
1286549,1,5.0
1286553,2,5.0
1286803,1,5.0
1287000,1,5.0
1287572,1,5.0
1287831,4,4.5
1287956,22,4.181818181818182
1288009,1,5.0
1288017,1,0.0
1288126,1,4.0
1288307,1,5.0
1288384,2,5.0
1288511,1,5.0
1288528,1,5.0
1288900,1,5.0
1288993,1,5.0
1289056,1,1.0
1289563,1,5.0
1289714,2,5.0
1289730,1,5.0
1289786,2,5.0
1289819,1,5.0
1289837,1,3.0
1289842,1,5.0
1289944,1,5.0
1290023,1,5.0
1290053,1,4.0
1290137,1,5.0
1290204,3,5.0
1290337,3,3.3333333333333335
1290341,1,5.0
1290469,1,5.0
1290504,1,5.0
1290520,1,5.0
1290770,1,0.0
1290850,1,5.0
1290854,1,4.0
1290903,2,5.0
1290931,1,5.0
1291001,1,5.0
1291539,1,0.0
1291564,1,5.0
1291672,4,5.0
1291906,1,2.0
1291980,1,5.0
1292077,1,5.0
1292272,1,0.0
1292514,1,5.0
1292555,1,5.0
1292556,1,0.0
1292784,1,5.0
1292822,1,5.0
1292884,1,5.0
1292930,1,5.0
1293015,1,5.0
1293193,1,1.0
1293395,1,5.0
1293398,1,5.0
1293707,4,5.0
1293714,1,5.0
1293752,1,5.0
1293774,1,5.0
1293859,1,5.0
1294037,1,5.0
1294056,1,4.0
1294167,1,5.0
1294242,1,5.0
1294420,1,5.0
1294552,2,4.0
1294574,1,5.0
1294683,1,5.0
1294964,1,5.0
1295211,2,5.0
1295261,1,0.0
1295285,1,5.0
1295762,1,5.0
1295859,1,0.0
1295958,1,5.0
1296019,1,5.0
1296053,1,4.0
1296217,1,5.0
1296283,1,5.0
1296515,2,5.0
1296595,1,5.0
1296691,1,5.0
1296803,1,5.0
1296981,1,4.0
1297010,2,4.5
1297052,1,5.0
1297616,1,5.0
1297648,1,5.0
1297871,1,5.0
1297920,1,5.0
1297989,2,3.5
1298077,4,5.0
1298108,1,4.0
1298126,1,5.0
1298364,1,5.0
1298433,2,5.0
1298498,5,3.8
1298505,1,5.0
1298826,3,4.333333333333333
1298866,1,5.0
1299065,2,5.0
1299206,1,5.0
1299480,1,0.0
1299879,1,5.0
1300105,1,5.0
1300148,1,5.0
1300197,1,1.0
1300465,1,5.0
1300484,1,5.0
1300607,2,5.0
1300814,1,0.0
1300836,1,5.0
1300996,1,5.0
1301067,1,4.0
1301157,1,5.0
1301750,1,5.0
1301771,1,4.0
1301795,1,5.0
1301961,1,5.0
1302255,2,5.0
1302293,1,3.0
1302503,1,5.0
1302535,1,4.0
1302627,3,5.0
1302813,1,5.0
1302934,1,0.0
1302994,1,0.0
1303023,1,5.0
1303217,1,5.0
1303221,1,5.0
1303385,1,5.0
1303435,1,3.0
1303591,1,5.0
1303627,1,1.0
1303663,1,5.0
1303986,1,5.0
1304040,4,4.75
1304051,1,4.0
1304092,1,1.0
1304095,1,5.0
1304099,1,4.0
1304132,1,5.0
1304191,1,5.0
1304230,1,5.0
1304309,1,4.0
1304483,1,0.0
1304670,1,5.0
1304710,1,5.0
1304741,1,0.0
1304904,2,4.5
1305152,1,5.0
1305305,4,4.75
1305413,6,4.666666666666667
1305421,3,4.666666666666667
1305453,4,5.0
1305589,1,5.0
1305658,1,5.0
1305730,1,5.0
1305820,1,4.0
1305922,1,3.0
1305993,1,5.0
1306003,1,4.0
1306146,1,5.0
1306210,1,4.0
1306288,1,5.0
1306315,1,0.0
1306322,3,4.333333333333333
1306401,3,5.0
1306417,1,5.0
1306443,1,5.0
1306576,3,4.666666666666667
1306757,1,5.0
1306762,1,5.0
1306872,1,5.0
1306875,3,3.3333333333333335
1306879,1,5.0
1307043,1,5.0
1307215,1,4.0
1307216,1,4.0
1307411,1,5.0
1307460,1,4.0
1307511,1,3.0
1307568,1,0.0
1307615,1,0.0
1307664,1,4.0
1307703,1,5.0
1307773,1,4.0
1307825,1,2.0
1307905,1,5.0
1307932,1,5.0
1308100,1,4.0
1308151,1,5.0
1308243,1,4.0
1308388,1,5.0
1308485,1,0.0
1308564,1,5.0
1308592,5,5.0
1308896,1,5.0
1308938,1,0.0
1309004,2,5.0
1309095,1,4.0
1309383,1,5.0
1309408,1,5.0
1309413,1,5.0
1309872,2,2.5
1309897,1,0.0
1310192,1,4.0
1310251,1,5.0
1310587,1,5.0
1310686,1,5.0
1310754,2,5.0
1311088,1,5.0
1311137,1,5.0
1311172,1,0.0
1311469,1,4.0
1311633,1,0.0
1311864,1,5.0
1312145,1,5.0
1312154,1,4.0
1312267,1,0.0
1312382,1,5.0
1312391,1,5.0
1312980,1,5.0
1313130,1,5.0
1313166,1,5.0
1313345,1,5.0
1313368,1,5.0
1313558,1,5.0
1313661,1,5.0
1313832,1,5.0
1314000,1,3.0
1314084,1,5.0
1314217,2,5.0
1314281,1,0.0
1314379,1,4.0
1314642,1,5.0
1314914,1,5.0
1315134,1,4.0
1315254,1,5.0
1315349,1,5.0
1315437,1,4.0
1315611,1,5.0
1315623,1,5.0
1316085,1,5.0
1316172,1,4.0
1316316,1,5.0
1316343,1,5.0
1316458,1,5.0
1316470,1,0.0
1316514,1,5.0
1316788,1,5.0
1316860,1,0.0
1317318,1,5.0
1317418,2,4.5
1317486,1,4.0
1317616,4,4.75
1317864,1,5.0
1317887,2,5.0
1317931,1,5.0
1318023,1,4.0
1318042,1,0.0
1318055,1,5.0
1318128,2,5.0
1318279,1,3.0
1318506,1,5.0
1318637,1,5.0
1318815,1,5.0
1318883,1,5.0
1319339,1,5.0
1319559,1,5.0
1319585,1,0.0
1319812,6,4.666666666666667
1319923,1,5.0
1319939,1,5.0
1319946,1,5.0
1320016,1,5.0
1320105,14,3.857142857142857
1320144,1,5.0
1320507,1,5.0
1320582,3,5.0
1320625,1,5.0
1320630,1,5.0
1320855,1,5.0
1321245,1,5.0
1321274,1,5.0
1321307,1,5.0
1321355,1,1.0
1321465,1,5.0
1321482,1,5.0
1321629,1,5.0
1321641,1,5.0
1321764,1,5.0
1321811,1,0.0
1322004,1,0.0
1322508,1,5.0
1322569,1,2.0
1322733,1,5.0
1322865,1,5.0
1323045,3,5.0
1323075,1,4.0
1323213,1,4.0
1323317,2,4.0
1323327,1,5.0
1323332,1,5.0
1323645,1,5.0
1323880,1,4.0
1324013,1,5.0
1324204,1,5.0
1324209,2,5.0
1324240,1,5.0
1324322,1,4.0
1324352,1,5.0
1324394,1,5.0
1324530,1,5.0
1324811,1,5.0
1324850,1,0.0
1324880,1,5.0
1325002,1,5.0
1325150,1,5.0
1325254,1,5.0
1325476,1,0.0
1325498,2,4.0
1325545,1,5.0
1325652,1,5.0
1325795,1,5.0
1325813,1,5.0
1325914,1,5.0
1326213,1,5.0
1326319,1,5.0
1326463,1,5.0
1326607,1,5.0
1326703,1,5.0
1326857,2,2.5
1326863,1,4.0
1326917,1,5.0
1327171,1,5.0
1327330,1,5.0
1327400,1,5.0
1327454,2,2.0
1327483,1,4.0
1327646,2,5.0
1327771,1,5.0
1327837,1,5.0
1327858,2,3.5
1327907,1,0.0
1327911,1,5.0
1328002,2,5.0
1328008,1,4.0
1328073,1,1.0
1328098,1,5.0
1328106,1,5.0
1328191,1,5.0
1328242,1,5.0
1328426,1,5.0
1328427,1,0.0
1328449,1,5.0
1328469,1,0.0
1328550,2,5.0
1328641,4,5.0
1328646,1,5.0
1328699,1,5.0
1328781,1,5.0
1328807,1,5.0
1328850,1,0.0
1328900,1,2.0
1328942,9,4.555555555555555
1329025,1,4.0
1329031,2,3.5
1329065,2,1.5
1329080,1,5.0
1329285,1,5.0
1329455,2,5.0
1329594,1,5.0
1329782,22,3.727272727272727
1329848,1,5.0
1329935,1,5.0
1329955,1,5.0
1330058,1,1.0
1330212,1,5.0
1330315,3,4.666666666666667
1330391,1,5.0
1330503,1,5.0
1330541,1,5.0
1330853,1,5.0
1331190,4,5.0
1331434,13,3.923076923076923
1331449,1,0.0
1331594,1,5.0
1331707,1,5.0
1331766,1,5.0
1331828,1,5.0
1331998,1,5.0
1332082,1,0.0
1332214,1,0.0
1332239,1,5.0
1332333,1,4.0
1332450,1,5.0
1332481,1,5.0
1332567,1,5.0
1332733,2,5.0
1332768,1,4.0
1332908,1,5.0
1332928,1,5.0
1333172,1,5.0
1333177,4,3.5
1333317,1,5.0
1333342,1,5.0
1333343,1,0.0
1333397,1,4.0
1333474,1,5.0
1333513,3,1.3333333333333333
1333516,1,5.0
1333534,1,5.0
1333781,4,4.0
1333843,1,0.0
1333844,2,5.0
1334070,2,5.0
1334095,1,3.0
1334535,1,5.0
1334568,4,5.0
1334585,1,5.0
1334595,1,5.0
1334630,1,5.0
1334806,1,4.0
1334852,1,5.0
1334989,2,5.0
1334992,1,5.0
1335104,1,5.0
1335158,1,5.0
1335246,1,1.0
1335303,1,5.0
1335344,1,4.0
1335425,2,4.5
1335428,1,5.0
1335571,1,5.0
1335842,4,5.0
1335850,1,5.0
1335879,1,5.0
1336012,1,5.0
1336129,2,5.0
1336278,1,5.0
1336293,1,0.0
1336312,1,0.0
1336446,2,5.0
1336578,1,1.0
1336581,1,0.0
1336779,2,4.5
1337031,1,0.0
1337250,1,5.0
1337507,1,0.0
1337777,1,0.0
1338103,1,5.0
1338130,1,4.0
1338180,1,5.0
1338268,1,5.0
1338289,1,5.0
1338327,1,4.0
1338446,1,5.0
1338522,1,4.0
1338528,1,5.0
1338623,2,2.5
1338643,1,5.0
1338684,3,5.0
1338697,2,4.5
1338753,1,5.0
1338801,1,5.0
1338903,1,5.0
1339322,1,5.0
1339361,1,5.0
1339447,1,5.0
1339655,10,3.5
1339730,1,5.0
1339782,1,5.0
1339798,1,5.0
1339840,2,5.0
1339982,1,5.0
1340120,1,4.0
1340287,1,4.0
1340492,1,5.0
1340892,1,5.0
1340977,4,4.75
1341303,2,2.5
1341335,1,5.0
1341457,1,5.0
1341531,1,3.0
1341620,1,5.0
1341900,2,5.0
1341939,2,5.0
1342004,1,5.0
1342006,2,4.5
1342046,1,5.0
1342088,1,5.0
1342314,1,5.0
1342431,1,5.0
1342456,1,5.0
1342509,1,5.0
1342515,1,5.0
1342808,1,4.0
1342893,1,5.0
1342970,2,2.5
1342985,1,5.0
1343026,1,5.0
1343228,1,5.0
1343276,1,0.0
1343376,1,5.0
1344246,1,5.0
1344464,1,5.0
1344471,1,5.0
1344711,4,5.0
1344900,1,5.0
1344980,2,5.0
1345216,1,0.0
1345244,5,4.8
1345525,1,5.0
1345614,1,5.0
1345618,2,4.5
1345661,1,5.0
1345972,1,5.0
1346110,1,5.0
1346217,2,5.0
1346280,2,5.0
1346395,1,5.0
1346407,1,4.0
1346566,1,5.0
1346699,1,5.0
1346772,1,5.0
1346869,1,5.0
1346936,2,2.5
1347157,1,3.0
1347176,1,5.0
1347178,1,5.0
1347254,1,0.0
1347293,1,5.0
1347346,1,5.0
1347406,1,4.0
1347492,1,5.0
1347630,1,5.0
1347738,1,5.0
1347760,3,5.0
1347836,1,5.0
1347858,1,5.0
1347937,1,5.0
1348126,1,5.0
1348168,1,5.0
1348205,1,5.0
1348237,1,5.0
1348269,1,4.0
1348347,1,4.0
1348411,1,5.0
1348429,1,5.0
1348665,1,5.0
1348714,1,5.0
1348747,4,4.75
1348786,2,4.0
1348819,1,5.0
1348891,2,5.0
1348974,4,5.0
1349148,2,4.5
1349170,1,5.0
1349302,1,5.0
1349405,1,5.0
1349472,2,5.0
1349552,2,5.0
1349626,1,0.0
1349627,1,5.0
1350058,1,5.0
1350069,1,5.0
1350346,1,4.0
1350382,1,5.0
1350389,3,4.0
1350445,1,5.0
1350473,1,5.0
1350810,1,5.0
1350942,1,4.0
1351153,1,5.0
1351262,1,5.0
1351584,1,5.0
1351789,1,5.0
1351845,1,0.0
1351897,1,5.0
1352173,1,0.0
1352238,1,5.0
1352292,2,3.5
1352376,1,5.0
1352439,1,4.0
1352582,1,5.0
1352632,3,4.666666666666667
1352668,1,5.0
1352752,1,5.0
1352827,1,5.0
1352934,1,5.0
1352950,2,5.0
1352961,1,5.0
1353212,1,5.0
1353277,1,5.0
1353897,1,5.0
1354006,1,5.0
1354016,1,5.0
1354092,2,5.0
1354146,1,5.0
1354246,1,5.0
1354544,1,0.0
1354788,1,3.0
1355048,1,0.0
1355268,1,1.0
1355666,1,0.0
1355829,1,3.0
1355867,1,5.0
1355934,3,5.0
1356139,1,5.0
1356293,1,5.0
1356297,1,4.0
1356517,1,5.0
1356548,1,4.0
1356606,1,4.0
1356641,1,5.0
1356710,1,5.0
1356721,17,4.882352941176471
1356921,1,5.0
1356985,1,3.0
1357098,1,4.0
1357434,1,1.0
1357692,1,5.0
1357850,1,5.0
1357898,1,3.0
1358082,1,5.0
1358090,1,5.0
1358170,1,5.0
1358232,1,5.0
1358306,1,5.0
1358471,1,5.0
1358477,2,4.5
1358687,1,4.0
1358733,1,5.0
1358753,1,5.0
1358899,1,5.0
1358974,1,5.0
1359009,1,5.0
1359072,1,5.0
1359150,1,4.0
1359178,1,0.0
1359325,1,5.0
1359774,1,5.0
1359806,1,5.0
1359842,1,5.0
1360005,1,5.0
1360121,2,4.5
1360260,1,5.0
1360293,1,5.0
1360532,1,1.0
1360769,1,5.0
1360775,1,5.0
1360903,2,5.0
1360982,2,5.0
1361027,1,0.0
1361147,1,5.0
1361297,1,5.0
1361318,1,5.0
1361337,4,4.75
1361454,1,0.0
1361690,1,5.0
1361704,1,5.0
1361816,1,5.0
1361992,1,5.0
1362273,1,5.0
1362457,4,4.25
1362484,1,4.0
1362620,1,4.0
1362732,1,5.0
1362836,1,0.0
1362901,1,4.0
1362971,1,2.0
1362975,2,4.5
1363049,4,5.0
1363101,2,2.5
1363148,1,5.0
1363167,1,5.0
1363284,1,4.0
1363412,1,5.0
1363519,1,0.0
1363667,1,5.0
1363685,2,4.5
1363987,2,5.0
1364134,1,4.0
1364249,1,5.0
1364251,1,5.0
1364290,1,4.0
1364452,1,3.0
1364757,1,5.0
1364758,1,5.0
1364766,1,0.0
1364870,1,4.0
1364914,1,4.0
1365025,37,4.081081081081081
1365087,1,5.0
1365121,1,5.0
1365192,2,5.0
1365338,1,3.0
1365435,1,4.0
1365484,1,5.0
1365750,1,5.0
1365792,1,0.0
1365793,1,5.0
1365816,1,0.0
1365820,1,5.0
1365890,1,4.0
1365949,1,5.0
1365959,2,5.0
1366014,1,0.0
1366040,1,5.0
1366049,1,5.0
1366078,1,5.0
1366182,1,5.0
1366254,41,3.8780487804878048
1366397,1,0.0
1366400,1,4.0
1366815,2,5.0
1367176,1,4.0
1367248,1,4.0
1367391,1,5.0
1367553,1,5.0
1367872,1,2.0
1368014,1,5.0
1368120,1,5.0
1368343,5,5.0
1368674,1,5.0
1368683,1,5.0
1368735,1,5.0
1368934,1,4.0
1369042,2,4.5
1369056,1,5.0
1369083,1,3.0
1369110,1,5.0
1369357,1,5.0
1369440,1,5.0
1370319,1,4.0
1370383,1,5.0
1370772,1,5.0
1371589,4,4.0
1371611,1,5.0
1371624,1,5.0
1371652,1,5.0
1371772,1,5.0
1371935,1,2.0
1371945,1,5.0
1372015,1,3.0
1372285,1,5.0
1372384,1,5.0
1372664,1,4.0
1372733,1,5.0
1372771,2,4.5
1372917,1,5.0
1373043,1,0.0
1373133,1,5.0
1373257,1,5.0
1373262,1,5.0
1373319,1,5.0
1373508,1,5.0
1373538,1,5.0
1373896,1,5.0
1374128,1,5.0
1374305,1,5.0
1374316,1,4.0
1374465,2,2.5
1374796,2,4.5
1374856,1,5.0
1374955,1,1.0
1375059,1,5.0
1375199,2,5.0
1375287,1,5.0
1375344,1,5.0
1375473,16,4.875
1375557,1,5.0
1375688,2,5.0
1376165,1,4.0
1376400,11,4.7272727272727275
1376465,1,5.0
1376549,1,5.0
1376597,1,5.0
1376928,5,5.0
1376929,1,5.0
1376950,1,5.0
1377126,1,5.0
1377289,1,5.0
1377630,3,5.0
1377813,1,5.0
1377818,2,3.5
1377881,1,5.0
1378222,1,5.0
1378285,1,0.0
1378297,1,4.0
1378490,1,5.0
1378505,1,0.0
1378568,1,5.0
1378704,2,5.0
1378713,4,4.0
1378827,2,2.5
1378968,1,5.0
1379021,3,4.333333333333333
1379185,1,5.0
1379200,1,5.0
1379253,1,5.0
1379390,2,5.0
1379541,1,5.0
1379649,1,5.0
1380151,1,5.0
1380159,1,3.0
1380381,1,5.0
1380517,1,4.0
1380605,1,5.0
1380914,1,5.0
1380993,1,0.0
1381111,1,4.0
1381171,1,4.0
1381211,1,5.0
1381297,3,5.0
1381413,1,5.0
1381415,1,5.0
1381618,1,5.0
1381638,3,4.333333333333333
1382026,1,5.0
1382346,1,4.0
1382751,1,2.0
1382801,1,5.0
1382819,1,0.0
1382916,1,5.0
1382970,1,5.0
1382985,1,5.0
1383074,1,5.0
1383525,1,5.0
1383781,3,4.0
1383782,1,5.0
1383810,1,5.0
1383845,3,4.666666666666667
1383925,1,5.0
1383933,1,5.0
1384028,1,5.0
1384051,1,4.0
1384269,1,5.0
1384367,7,4.857142857142857
1384555,2,5.0
1385609,1,5.0
1385783,2,4.5
1385837,1,0.0
1385845,1,5.0
1385975,1,5.0
1385982,1,5.0
1386133,1,5.0
1386151,1,5.0
1386155,1,4.0
1386269,1,4.0
1386499,1,4.0
1386616,1,5.0
1386745,1,4.0
1386796,1,5.0
1386807,1,0.0
1387115,1,5.0
1387163,2,4.0
1387306,1,5.0
1387350,1,5.0
1387401,1,5.0
1387486,1,5.0
1387535,1,3.0
1387657,1,5.0
1387833,1,5.0
1387849,1,5.0
1387859,1,4.0
1387866,1,5.0
1388001,1,5.0
1388007,1,5.0
1388389,1,5.0
1388666,1,5.0
1388781,1,5.0
1389004,1,5.0
1389008,1,5.0
1389176,1,5.0
1389294,1,3.0
1389601,1,5.0
1390071,1,4.0
1390433,1,5.0
1390514,1,5.0
1390810,1,5.0
1390872,1,5.0
1390898,1,0.0
1391104,2,4.5
1391395,1,5.0
1391479,1,5.0
1391490,4,3.75
1391746,1,5.0
1391890,1,5.0
1391912,1,5.0
1392039,1,5.0
1392096,1,5.0
1392287,1,0.0
1392376,1,5.0
1392564,1,5.0
1392713,1,5.0
1392727,1,0.0
1392819,1,5.0
1392859,1,5.0
1393218,1,3.0
1393270,1,5.0
1393505,1,5.0
1393592,2,5.0
1393860,1,5.0
1393941,1,5.0
1394149,1,5.0
1394224,1,5.0
1394236,1,5.0
1394336,2,5.0
1394505,1,5.0
1394617,1,5.0
1394705,1,3.0
1394846,1,5.0
1395251,1,4.0
1395343,1,5.0
1395413,1,4.0
1395478,1,5.0
1396017,1,5.0
1396309,3,2.6666666666666665
1396478,1,2.0
1396596,1,5.0
1396691,1,4.0
1396919,1,5.0
1397093,1,5.0
1397180,1,0.0
1397246,1,5.0
1397260,1,5.0
1397274,1,5.0
1397303,1,5.0
1397380,1,5.0
1397437,1,5.0
1397569,1,5.0
1397704,2,5.0
1397776,1,5.0
1397813,1,4.0
1397941,1,2.0
1398072,1,5.0
1398370,1,5.0
1398380,1,3.0
1398421,1,4.0
1398600,1,5.0
1398656,4,5.0
1398808,1,4.0
1398830,1,2.0
1398963,1,5.0
1398976,5,4.6
1399077,2,2.0
1399224,1,5.0
1399268,1,5.0
1399320,1,5.0
1399393,1,4.0
1399440,1,5.0
1399595,1,1.0
1400107,1,0.0
1400280,1,5.0
1400316,1,5.0
1400452,2,4.5
1400474,1,5.0
1400556,1,5.0
1401254,2,3.0
1401295,1,5.0
1401405,1,5.0
1401473,1,4.0
1401700,1,5.0
1401841,1,5.0
1402180,1,3.0
1402444,1,5.0
1402594,1,0.0
1402748,1,5.0
1402930,1,5.0
1402964,1,0.0
1403127,3,3.3333333333333335
1403381,1,5.0
1403796,1,0.0
1403860,1,5.0
1403864,1,5.0
1404273,1,0.0
1404369,1,5.0
1404393,2,3.0
1404394,1,5.0
1404437,4,5.0
1404490,1,4.0
1404497,1,4.0
1404627,1,5.0
1404659,1,5.0
1405002,2,4.5
1405170,1,0.0
1405270,2,5.0
1405372,1,5.0
1405412,1,5.0
1405497,1,4.0
1405594,1,3.0
1405735,1,5.0
1405736,1,5.0
1405787,1,5.0
1405963,1,5.0
1405965,1,3.0
1406074,3,5.0
1406092,1,4.0
1406182,1,5.0
1406290,1,5.0
1406356,1,5.0
1406361,1,5.0
1406539,1,5.0
1406661,1,0.0
1406678,1,5.0
1406705,1,4.0
1406706,1,0.0
1406799,3,5.0
1406893,1,5.0
1407228,1,5.0
1407327,1,4.0
1407403,1,5.0
1407724,2,4.5
1407734,1,5.0
1407738,1,2.0
1407870,1,0.0
1407897,1,0.0
1408007,1,5.0
1408290,3,4.666666666666667
1408436,1,0.0
1408641,1,4.0
1408837,1,5.0
1409092,1,5.0
1409093,1,3.0
1409289,1,0.0
1409514,1,5.0
1409927,1,5.0
1409935,1,0.0
1409952,1,4.0
1410106,1,5.0
1410620,1,5.0
1410809,1,5.0
1410862,1,5.0
1410899,1,0.0
1410967,3,4.0
1410978,1,5.0
1411038,1,5.0
1411201,1,5.0
1411577,2,5.0
1411600,1,5.0
1411609,1,5.0
1411811,1,5.0
1411906,1,0.0
1412052,1,3.0
1412178,1,3.0
1412623,1,5.0
1412663,1,5.0
1412739,1,2.0
1412993,1,5.0
1413079,1,0.0
1413501,1,0.0
1413788,1,5.0
1413963,1,5.0
1414176,1,5.0
1414256,1,5.0
1414347,1,5.0
1414381,1,5.0
1414430,1,5.0
1414540,2,5.0
1414595,1,4.0
1414869,1,3.0
1415433,1,5.0
1416313,1,5.0
1416358,1,0.0
1416458,1,5.0
1416538,1,5.0
1416546,1,5.0
1416611,1,1.0
1416626,1,0.0
1416659,3,3.3333333333333335
1416682,1,5.0
1416732,1,4.0
1417096,1,4.0
1417276,1,5.0
1417292,5,5.0
1417495,1,5.0
1417548,1,5.0
1417568,2,5.0
1417651,1,2.0
1417792,1,5.0
1418185,1,3.0
1418189,2,5.0
1418197,1,5.0
1418435,2,4.5
1418491,1,5.0
1418504,1,5.0
1418643,1,5.0
1418710,1,4.0
1418781,1,0.0
1419062,1,5.0
1419314,2,3.5
1419697,1,5.0
1419801,3,5.0
1419900,1,4.0
1420047,1,1.0
1420156,2,5.0
1420387,1,5.0
1420578,1,5.0
1420913,1,5.0
1420940,1,5.0
1420969,1,5.0
1421031,1,0.0
1421392,1,4.0
1421511,1,5.0
1422300,3,4.666666666666667
1422551,1,5.0
1422978,1,4.0
1423060,1,4.0
1423110,1,5.0
1423503,1,5.0
1423656,1,4.0
1423762,1,3.0
1423922,1,5.0
1423963,1,5.0
1423994,1,5.0
1424068,1,5.0
1424168,1,4.0
1424378,1,0.0
1424670,1,5.0
1424744,1,5.0
1425037,2,3.0
1425331,1,5.0
1425611,1,4.0
1425654,1,5.0
1425705,1,5.0
1426020,1,5.0
1426037,2,4.5
1426208,1,4.0
1426364,4,4.0
1426683,1,5.0
1427050,1,4.0
1427053,1,5.0
1427429,1,5.0
1427444,1,4.0
1427997,1,5.0
1428015,2,5.0
1428252,1,5.0
1428422,1,5.0
1428674,1,4.0
1428732,1,5.0
1428765,1,5.0
1428987,2,5.0
1429072,1,5.0
1429075,3,4.666666666666667
1429096,1,3.0
1429263,1,5.0
1429389,2,5.0
1429755,1,5.0
1429901,1,5.0
1430678,3,3.6666666666666665
1431661,1,5.0
1431793,2,2.5
1431825,1,5.0
1431830,1,4.0
1431931,1,5.0
1431933,1,5.0
1432111,2,5.0
1432240,1,5.0
1432242,1,0.0
1432409,1,5.0
1432511,1,4.0
1432557,1,5.0
1432815,3,2.6666666666666665
1432953,1,0.0
1433149,1,5.0
1433178,1,4.0
1433270,1,4.0
1433295,1,4.0
1433370,1,5.0
1433400,1,2.0
1433594,1,5.0
1433633,4,4.25
1433777,2,5.0
1433964,1,5.0
1434108,2,5.0
1434376,1,5.0
1434398,1,0.0
1434446,5,4.4
1434873,1,5.0
1435140,1,5.0
1435215,1,1.0
1435399,1,5.0
1435532,1,5.0
1435596,1,1.0
1435802,1,5.0
1435946,1,5.0
1436075,3,4.666666666666667
1436160,25,4.72
1436508,2,5.0
1436515,2,5.0
1436559,2,5.0
1436662,1,5.0
1436918,2,5.0
1436969,1,4.0
1437016,1,5.0
1437369,2,5.0
1437381,1,1.0
1437529,1,5.0
1437839,1,5.0
1437840,1,5.0
1438053,1,0.0
1438300,1,5.0
1438400,1,5.0
1438812,1,5.0
1438843,1,5.0
1438912,1,0.0
1439122,1,5.0
1439135,1,5.0
1439494,1,5.0
1439823,4,5.0
1439981,1,5.0
1440062,1,5.0
1440079,1,5.0
1440224,1,5.0
1440464,1,5.0
1440492,2,5.0
1440504,1,5.0
1440662,1,4.0
1440779,1,1.0
1440805,1,5.0
1440828,1,5.0
1440931,1,0.0
1441003,1,5.0
1441180,1,0.0
1441533,1,5.0
1441711,1,5.0
1441804,3,5.0
1441866,2,5.0
1441971,1,5.0
1442102,1,5.0
1442169,1,4.0
1442318,4,2.0
1442626,1,5.0
1442816,1,5.0
1442937,1,0.0
1442947,1,5.0
1443020,3,4.333333333333333
1443084,1,4.0
1443141,1,1.0
1443554,1,5.0
1444095,2,5.0
1444189,1,5.0
1444408,1,5.0
1444660,1,5.0
1444779,1,5.0
1444797,1,5.0
1444802,1,5.0
1444947,1,5.0
1444953,2,5.0
1445085,1,5.0
1445088,1,5.0
1445191,1,5.0
1445317,1,5.0
1445414,7,4.285714285714286
1445452,1,4.0
1445632,1,5.0
1445644,1,5.0
1445658,1,5.0
1445911,1,5.0
1446184,2,5.0
1446971,3,5.0
1447190,1,5.0
1447555,1,5.0
1447681,1,5.0
1447909,1,5.0
1448072,1,5.0
1448097,1,5.0
1448170,1,4.0
1448290,1,5.0
1448648,1,5.0
1449174,1,5.0
1449637,4,3.5
1449795,1,5.0
1450088,1,4.0
1450137,3,3.3333333333333335
1450171,1,5.0
1450361,1,5.0
1450545,1,5.0
1450566,1,5.0
1450612,6,4.166666666666667
1451572,1,5.0
1451896,1,5.0
1452001,1,5.0
1452069,1,4.0
1452138,1,5.0
1452253,1,5.0
1452442,3,5.0
1452737,1,5.0
1452742,2,5.0
1452748,2,5.0
1453057,2,5.0
1453429,1,5.0
1453534,1,5.0
1453566,1,2.0
1453987,1,1.0
1454042,1,5.0
1454129,3,3.3333333333333335
1454366,1,5.0
1454423,1,5.0
1454496,1,5.0
1454753,1,2.0
1454842,1,5.0
1455203,1,0.0
1455413,3,4.666666666666667
1455684,2,5.0
1455946,1,4.0
1456044,1,5.0
1456100,2,4.0
1456160,1,5.0
1456175,1,5.0
1456187,1,5.0
1456279,1,5.0
1456435,1,0.0
1456444,1,5.0
1456462,1,5.0
1457196,1,5.0
1457292,1,1.0
1457318,1,5.0
1457472,1,5.0
1457521,1,5.0
1457659,4,3.25
1457707,1,5.0
1457793,1,3.0
1457912,1,3.0
1458003,1,4.0
1458120,2,4.0
1458294,10,3.7
1458562,1,5.0
1458727,3,3.3333333333333335
1458822,1,5.0
1458862,1,4.0
1459114,1,5.0
1459123,1,0.0
1459329,1,5.0
1459358,1,5.0
1459379,1,5.0
1459680,1,5.0
1459707,1,0.0
1459720,1,5.0
1459874,1,5.0
1459995,1,5.0
1460013,1,5.0
1460111,2,3.5
1460135,1,5.0
1460316,1,5.0
1460559,1,5.0
1460950,1,4.0
1461219,1,5.0
1461508,1,0.0
1461569,1,5.0
1461581,1,5.0
1461592,1,5.0
1461779,1,5.0
1461806,1,4.0
1462240,1,5.0
1462252,1,5.0
1462679,1,4.0
1462855,1,5.0
1462915,1,5.0
1462970,5,3.6
1463003,1,5.0
1463213,1,5.0
1463287,1,5.0
1464497,1,5.0
1464675,1,0.0
1464904,1,5.0
1465412,1,5.0
1465545,1,2.0
1465648,1,0.0
1465696,1,5.0
1466118,1,4.0
1466218,1,5.0
1466276,1,5.0
1466337,3,4.0
1466361,2,5.0
1466388,1,5.0
1466624,1,5.0
1466768,1,5.0
1466834,1,4.0
1466926,1,5.0
1467108,1,5.0
1467302,1,4.0
1467321,1,5.0
1467665,1,5.0
1467728,1,5.0
1467763,1,5.0
1467899,1,0.0
1467966,2,5.0
1468273,1,5.0
1468552,1,5.0
1468561,1,5.0
1468692,1,5.0
1468772,2,0.0
1468866,2,5.0
1468949,1,4.0
1469057,1,5.0
1469106,1,3.0
1469505,1,5.0
1469613,1,5.0
1469777,1,1.0
1469830,1,5.0
1469923,1,5.0
1470189,1,5.0
1470392,4,3.75
1470474,1,0.0
1470521,1,1.0
1470725,1,5.0
1470783,1,0.0
1470841,1,2.0
1470899,1,4.0
1471096,1,0.0
1471133,1,0.0
1471421,1,5.0
1471487,3,5.0
1471567,1,5.0
1471631,1,5.0
1471704,1,5.0
1472291,1,5.0
1472760,1,4.0
1473174,1,5.0
1473404,1,5.0
1473532,1,5.0
1473718,1,5.0
1473764,1,5.0
1474152,2,5.0
1474453,1,5.0
1474644,1,4.0
1474920,1,5.0
1475052,1,5.0
1475135,2,4.5
1475176,1,4.0
1475840,1,5.0
1476478,1,4.0
1476926,1,5.0
1476999,2,5.0
1477212,1,4.0
1477540,1,5.0
1477907,1,5.0
1478239,1,4.0
1478243,1,5.0
1478624,1,5.0
1478685,7,4.857142857142857
1479011,1,5.0
1479219,1,5.0
1479319,2,5.0
1479525,1,3.0
1479664,1,4.0
1480360,1,5.0
1480551,6,5.0
1480553,1,4.0
1480573,1,5.0
1480651,1,5.0
1480656,1,3.0
1480711,1,5.0
1480817,1,5.0
1480904,1,5.0
1480961,1,5.0
1481018,1,4.0
1481081,2,5.0
1481172,1,5.0
1481382,1,1.0
1481874,1,5.0
1482233,1,5.0
1482275,1,5.0
1482427,1,5.0
1482726,1,5.0
1482739,1,5.0
1482967,4,5.0
1482980,1,5.0
1482983,1,5.0
1483520,1,0.0
1483612,1,0.0
1485145,1,5.0
1485433,3,4.666666666666667
1485440,1,4.0
1486000,1,4.0
1486042,1,4.0
1486075,1,5.0
1486159,1,5.0
1486527,1,5.0
1486664,1,0.0
1486990,1,5.0
1487221,1,4.0
1487345,2,5.0
1487382,1,0.0
1487449,1,0.0
1487621,1,5.0
1488291,1,4.0
1488322,1,2.0
1488406,1,0.0
1488517,2,2.5
1488647,1,5.0
1488881,1,5.0
1488930,1,5.0
1488995,1,4.0
1489103,1,5.0
1489145,1,5.0
1489463,1,5.0
1489711,1,5.0
1489864,1,0.0
1490003,1,0.0
1490055,1,5.0
1490088,1,5.0
1490107,1,4.0
1490330,1,0.0
1490331,1,4.0
1490382,1,0.0
1490521,1,5.0
1490530,1,1.0
1490637,1,0.0
1490865,1,5.0
1491292,1,5.0
1491438,1,2.0
1491454,1,5.0
1491471,1,5.0
1491505,1,5.0
1491677,1,2.0
1491752,1,4.0
1492454,2,4.0
1492906,1,5.0
1492957,1,5.0
1493029,1,5.0
1493924,1,5.0
1494555,1,1.0
1494593,5,5.0
1494595,1,5.0
1494876,1,5.0
1495362,1,5.0
1495408,1,5.0
1495606,1,5.0
1495749,1,5.0
1496010,1,4.0
1496753,1,4.0
1496787,1,5.0
1496936,1,5.0
1496945,3,5.0
1497120,3,4.666666666666667
1497197,1,5.0
1497252,1,5.0
1497651,1,5.0
1497871,1,5.0
1497901,1,5.0
1498031,1,0.0
1498170,1,5.0
1498199,1,0.0
1498649,1,5.0
1498651,1,5.0
1498919,2,4.5
1499059,1,5.0
1499298,1,5.0
1499433,1,5.0
1499528,1,1.0
1499650,1,5.0
1500043,1,5.0
1500065,1,5.0
1500146,1,5.0
1500162,1,5.0
1500265,1,5.0
1500418,2,5.0
1500463,1,5.0
1500557,1,5.0
1500636,1,5.0
1501170,1,4.0
1501284,1,5.0
1501503,1,4.0
1501547,1,5.0
1501695,1,5.0
1501872,1,4.0
1502024,1,5.0
1502040,1,5.0
1502190,1,5.0
1502356,1,5.0
1502431,1,5.0
1502519,2,2.5
1503044,1,5.0
1503153,1,5.0
1503257,1,5.0
1503794,1,5.0
1504069,1,4.0
1504099,1,5.0
1504489,1,5.0
1504797,1,5.0
1504997,1,5.0
1505069,1,5.0
1505201,1,5.0
1505721,1,5.0
1505838,1,4.0
1506604,9,3.888888888888889
1506786,1,0.0
1507408,1,5.0
1507691,1,4.0
1507817,2,4.0
1508090,1,5.0
1508279,1,5.0
1508712,1,5.0
1508744,1,0.0
1508754,1,5.0
1509258,2,0.0
1509264,1,0.0
1509517,1,5.0
1509557,1,5.0
1509561,1,5.0
1509919,1,0.0
1509957,1,1.0
1510016,2,5.0
1510020,1,5.0
1510046,2,4.5
1510097,1,4.0
1510227,1,5.0
1510244,1,5.0
1510301,1,4.0
1510427,1,5.0
1510644,4,3.5
1510829,1,5.0
1510921,1,4.0
1510949,1,5.0
1511083,1,5.0
1511234,1,5.0
1511723,1,5.0
1511756,1,5.0
1511769,1,5.0
1512195,1,0.0
1512382,1,5.0
1512672,2,5.0
1512740,1,5.0
1512888,1,4.0
1513099,1,4.0
1513286,1,5.0
1513367,1,5.0
1513480,4,5.0
1513629,1,4.0
1513857,1,5.0
1513899,1,5.0
1514554,1,5.0
1514657,1,5.0
1514717,1,3.0
1514802,1,4.0
1515107,1,4.0
1515302,1,5.0
1515356,1,5.0
1515478,1,5.0
1515639,1,5.0
1515878,1,5.0
1515882,1,4.0
1516123,1,5.0
1516179,1,5.0
1516310,1,5.0
1516722,5,4.6
1517288,2,5.0
1517522,1,5.0
1517611,1,5.0
1517621,1,3.0
1517744,2,4.5
1517847,2,4.5
1518037,2,0.0
1518068,1,4.0
1518272,1,5.0
1518683,2,4.5
1518864,1,5.0
1519452,1,5.0
1519470,1,5.0
1519474,1,5.0
1519902,1,0.0
1520267,1,3.0
1520455,1,4.0
1520721,2,5.0
1520883,1,5.0
1520979,3,4.333333333333333
1521000,1,4.0
1521411,1,4.0
1521882,2,2.5
1521916,1,5.0
1521991,1,5.0
1522053,1,5.0
1522315,2,5.0
1522331,1,2.0
1522339,1,5.0
1522415,1,5.0
1522439,1,5.0
1522546,1,4.0
1522579,1,4.0
1522598,11,4.909090909090909
1522847,1,5.0
1523091,4,5.0
1523132,1,5.0
1523252,1,5.0
1523491,2,5.0
1523799,1,0.0
1523810,1,5.0
1523814,1,4.0
1524034,1,1.0
1524432,6,5.0
1524445,1,5.0
1524529,1,4.0
1524538,1,5.0
1524572,1,5.0
1525035,1,5.0
1525071,2,5.0
1525575,1,5.0
1525581,1,5.0
1525975,1,5.0
1526284,2,4.5
1526295,1,4.0
1526343,1,5.0
1526422,1,4.0
1526450,2,5.0
1526590,2,4.5
1526647,1,5.0
1526852,1,0.0
1527034,1,0.0
1527105,1,5.0
1527137,1,5.0
1527346,1,5.0
1527367,1,3.0
1527382,1,5.0
1527450,1,5.0
1527940,2,2.5
1528241,1,5.0
1528243,2,5.0
1528273,1,4.0
1528292,1,5.0
1528759,1,5.0
1529208,2,3.5
1529609,1,5.0
1529630,1,1.0
1529685,1,5.0
1529885,1,5.0
1530080,1,5.0
1530145,1,0.0
1530174,1,5.0
1530179,7,4.714285714285714
1530414,1,5.0
1530426,1,5.0
1530565,1,5.0
1530570,1,5.0
1530657,1,5.0
1530705,2,5.0
1530745,1,4.0
1530765,2,2.5
1530924,1,5.0
1530933,1,5.0
1531249,18,4.777777777777778
1531318,1,0.0
1531390,1,5.0
1531474,1,5.0
1531743,3,5.0
1531779,1,5.0
1531945,1,4.0
1532049,1,1.0
1532115,1,5.0
1532430,1,5.0
1532576,1,4.0
1532752,1,5.0
1532785,1,5.0
1532881,2,4.5
1532937,1,4.0
1533681,1,5.0
1533864,1,5.0
1534103,1,5.0
1534619,1,4.0
1534722,2,5.0
1534983,1,5.0
1535014,1,5.0
1535192,1,5.0
1535284,1,5.0
1535318,1,5.0
1535375,1,5.0
1535404,1,5.0
1535575,1,5.0
1535658,1,5.0
1535689,2,2.0
1535799,1,5.0
1535969,1,1.0
1536522,1,4.0
1536765,1,5.0
1536840,1,5.0
1536911,3,4.666666666666667
1537236,1,5.0
1537356,1,5.0
1537420,1,5.0
1537521,1,4.0
1537761,1,5.0
1537835,1,5.0
1537841,1,5.0
1538105,1,5.0
1538214,1,0.0
1538346,1,0.0
1538814,1,1.0
1539330,1,5.0
1539557,2,4.0
1539571,2,4.5
1539711,1,1.0
1539806,1,5.0
1539816,1,5.0
1539915,1,5.0
1540037,1,0.0
1540127,1,5.0
1540334,2,5.0
1540845,1,5.0
1541074,3,5.0
1541104,1,5.0
1541360,2,5.0
1541754,1,1.0
1541772,1,5.0
1541809,2,4.5
1541820,1,5.0
1542029,1,5.0
1542048,3,4.666666666666667
1542072,1,0.0
1542076,1,5.0
1542110,1,5.0
1542255,1,4.0
1542289,1,4.0
1542311,1,5.0
1542355,1,5.0
1542421,1,5.0
1543334,1,5.0
1543451,1,5.0
1543574,1,0.0
1543594,1,5.0
1543619,1,5.0
1543634,1,5.0
1543752,1,3.0
1544208,1,5.0
1544288,1,5.0
1544303,1,5.0
1544656,1,4.0
1544901,1,5.0
1545525,1,5.0
1545538,2,3.5
1545777,1,5.0
1545854,1,3.0
1545857,1,5.0
1546279,1,5.0
1546311,1,5.0
1546342,1,5.0
1546574,3,1.3333333333333333
1546595,1,5.0
1546720,1,5.0
1546766,1,0.0
1546787,1,5.0
1546845,1,5.0
1546897,1,5.0
1547163,1,3.0
1547166,2,3.0
1547325,2,5.0
1547642,1,5.0
1547849,1,4.0
1548123,1,5.0
1548223,1,2.0
1548467,1,5.0
1548505,2,4.5
1548926,2,3.5
1549095,1,5.0
1549375,1,0.0
1549493,1,5.0
1549648,1,5.0
1550162,1,1.0
1550608,1,5.0
1550787,1,5.0
1550958,1,4.0
1551135,1,5.0
1551215,1,5.0
1551216,1,5.0
1551308,1,5.0
1551485,1,5.0
1551553,2,0.0
1552010,1,0.0
1552284,1,5.0
1552334,1,5.0
1552642,1,5.0
1552733,1,5.0
1552815,2,5.0
1552964,1,5.0
1552989,1,0.0
1553025,1,5.0
1553243,5,4.6
1553277,2,5.0
1553302,1,5.0
1553362,1,5.0
1553575,1,5.0
1553585,2,5.0
1553611,1,5.0
1553622,1,5.0
1553666,1,4.0
1553933,1,5.0
1554030,1,5.0
1554588,1,5.0
1554677,1,5.0
1554777,2,4.0
1555203,1,0.0
1555564,1,4.0
1555605,1,5.0
1555743,2,5.0
1555828,1,5.0
1555877,1,5.0
1556093,1,5.0
1556281,1,5.0
1556318,1,5.0
1556323,1,5.0
1556397,1,5.0
1557154,1,5.0
1557205,1,5.0
1557569,1,5.0
1557626,1,5.0
1558019,1,5.0
1558031,1,5.0
1558036,1,0.0
1558209,1,0.0
1558376,1,5.0
1558643,1,0.0
1558975,1,5.0
1559195,1,5.0
1559200,1,3.0
1559224,1,5.0
1559258,1,0.0
1559270,1,5.0
1559299,1,5.0
1559366,1,5.0
1559617,1,5.0
1559633,1,5.0
1559727,1,4.0
1559884,1,4.0
1560358,2,5.0
1560401,2,5.0
1560595,1,5.0
1560904,1,5.0
1561119,1,5.0
1561288,1,5.0
1561388,1,5.0
1561645,1,5.0
1561731,1,5.0
1561799,1,5.0
1561809,1,5.0
1561910,1,5.0
1561959,1,5.0
1562113,1,3.0
1562307,1,5.0
1562407,1,5.0
1562715,1,5.0
1562812,2,5.0
1562821,1,2.0
1562903,1,5.0
1563723,1,5.0
1563940,1,2.0
1564052,1,3.0
1564093,1,5.0
1564465,1,0.0
1564710,1,5.0
1565034,1,4.0
1565053,2,4.5
1565143,1,5.0
1565155,2,5.0
1565323,1,4.0
1565397,1,5.0
1565704,2,4.5
1565735,1,2.0
1565754,1,5.0
1565854,1,4.0
1565860,1,5.0
1565956,3,5.0
1566255,1,0.0
1566684,3,3.3333333333333335
1566744,1,5.0
1567004,1,5.0
1567104,1,5.0
1567248,1,0.0
1567457,1,5.0
1567488,1,4.0
1567826,1,5.0
1567845,2,5.0
1567897,4,5.0
1567900,1,5.0
1568184,1,5.0
1568332,1,5.0
1568523,1,5.0
1568640,1,5.0
1568756,1,5.0
1568872,1,5.0
1569012,1,5.0
1569072,1,5.0
1569178,1,4.0
1569894,1,0.0
1569934,1,5.0
1569951,1,3.0
1570221,1,5.0
1570270,1,5.0
1570466,2,5.0
1570482,1,5.0
1570515,1,5.0
1570920,1,5.0
1570981,1,5.0
1571216,1,5.0
1571237,2,2.5
1571500,1,5.0
1572053,1,5.0
1572111,1,4.0
1572415,1,5.0
1572451,1,5.0
1572939,1,5.0
1573054,1,5.0
1573569,1,5.0
1573709,1,5.0
1573756,1,5.0
1574039,1,4.0
1574169,1,5.0
1574210,1,5.0
1574222,1,5.0
1574290,1,5.0
1575159,1,5.0
1575252,1,5.0
1575323,1,5.0
1575360,2,5.0
1575370,1,5.0
1575444,1,5.0
1575492,1,5.0
1575889,2,5.0
1575904,2,5.0
1575942,1,4.0
1575974,2,2.5
1576122,1,5.0
1576301,3,1.6666666666666667
1576344,1,5.0
1576449,1,5.0
1576564,1,0.0
1576657,4,5.0
1576669,1,5.0
1576877,2,4.0
1577141,1,5.0
1577464,2,4.5
1577485,1,0.0
1577601,1,5.0
1577748,1,5.0
1577920,1,4.0
1577980,1,5.0
1578011,1,5.0
1578078,2,2.5
1578093,1,5.0
1578124,1,5.0
1578318,1,5.0
1578444,1,5.0
1578775,1,5.0
1578816,1,5.0
1578866,1,5.0
1578989,1,5.0
1579105,1,5.0
1579230,1,4.0
1579233,1,5.0
1579446,1,4.0
1579456,1,5.0
1579525,2,2.0
1579604,1,0.0
1579788,3,4.666666666666667
1579880,1,5.0
1579905,10,5.0
1580038,1,5.0
1580204,2,3.5
1580251,1,0.0
1580379,1,5.0
1580464,1,5.0
1580573,1,5.0
1580595,1,0.0
1580637,2,5.0
1581071,1,5.0
1581225,18,4.777777777777778
1581274,1,5.0
1581403,1,0.0
1581652,1,4.0
1581747,1,5.0
1581922,1,0.0
1582160,1,5.0
1582524,2,5.0
1582567,1,5.0
1582575,4,5.0
1582649,1,5.0
1582705,1,5.0
1582896,1,5.0
1583245,1,0.0
1583425,2,5.0
1583579,1,4.0
1583712,1,5.0
1583948,1,5.0
1584068,2,5.0
1584092,2,5.0
1584131,1,5.0
1584173,1,5.0
1584320,1,5.0
1584368,1,5.0
1584433,6,4.666666666666667
1584648,2,5.0
1584762,1,5.0
1584828,1,4.0
1584839,1,5.0
1584953,8,4.375
1585136,1,5.0
1585459,1,5.0
1585958,1,5.0
1586136,1,5.0
1586151,1,5.0
1586189,1,5.0
1586203,1,4.0
1586256,1,5.0
1586676,1,0.0
1586952,1,5.0
1587113,2,5.0
1587185,1,5.0
1587308,1,5.0
1587560,1,4.0
1587567,1,5.0
1587626,1,5.0
1587740,1,0.0
1587960,1,1.0
1588002,3,5.0
1588073,2,5.0
1588091,4,5.0
1588716,1,5.0
1589153,1,5.0
1589336,1,5.0
1589471,1,5.0
1589554,1,5.0
1589782,3,5.0
1589945,1,5.0
1590212,1,4.0
1590449,2,4.5
1590580,1,5.0
1590629,1,0.0
1590741,1,4.0
1590913,1,4.0
1591252,1,3.0
1591503,2,5.0
1591517,1,5.0
1591605,1,5.0
1591701,1,5.0
1591783,1,5.0
1592020,1,5.0
1592044,1,5.0
1592049,3,5.0
1592311,1,5.0
1592784,1,5.0
1592800,1,5.0
1592976,1,5.0
1593007,2,4.0
1593055,1,4.0
1593080,1,5.0
1593230,1,4.0
1593367,1,4.0
1593423,1,5.0
1593571,1,5.0
1593774,1,5.0
1593783,1,0.0
1593933,1,4.0
1594137,1,5.0
1594172,1,4.0
1594403,2,5.0
1594409,1,5.0
1595000,3,3.3333333333333335
1595143,1,5.0
1595295,1,5.0
1595350,1,5.0
1595581,1,5.0
1595619,4,4.25
1595620,1,0.0
1595733,1,0.0
1595919,1,1.0
1595951,1,5.0
1596048,1,5.0
1596334,1,5.0
1596477,1,5.0
1596554,1,5.0
1596621,1,5.0
1596631,3,4.666666666666667
1596800,1,4.0
1596993,1,1.0
1596997,1,5.0
1597051,1,5.0
1597075,1,5.0
1597120,1,5.0
1597124,1,0.0
1597291,1,5.0
1597357,2,4.0
1597556,1,5.0
1597622,1,5.0
1597704,2,1.0
1597720,3,5.0
1597847,1,5.0
1598111,1,5.0
1598157,1,5.0
1598244,2,5.0
1598337,1,5.0
1598524,1,5.0
1598527,1,4.0
1598591,1,5.0
1598796,1,4.0
1599004,2,5.0
1599007,1,5.0
1599089,1,4.0
1599095,1,4.0
1599199,1,5.0
1599304,1,5.0
1599491,1,5.0
1599576,1,3.0
1599661,1,0.0
1599784,1,5.0
1599919,3,5.0
1600168,1,5.0
1600302,1,5.0
1600488,1,5.0
1600566,1,4.0
1600650,1,0.0
1600888,1,5.0
1600909,1,5.0
1601457,2,2.5
1601544,1,5.0
1601627,1,5.0
1601875,1,5.0
1601953,1,4.0
1602010,1,4.0
1602043,1,5.0
1602056,1,0.0
1602092,1,1.0
1602359,1,5.0
1602399,1,5.0
1602437,1,5.0
1602555,2,5.0
1602708,2,0.5
1602992,1,5.0
1603064,1,2.0
1603132,1,5.0
1603166,1,5.0
1603293,1,5.0
1603410,1,5.0
1603429,1,5.0
1603528,1,2.0
1603535,1,5.0
1603886,1,1.0
1603923,2,5.0
1603963,1,5.0
1604079,1,4.0
1604084,1,4.0
1604278,1,5.0
1604547,1,5.0
1605071,1,4.0
1605256,1,5.0
1605513,1,5.0
1605619,1,5.0
1605636,1,5.0
1605862,1,5.0
1606122,1,5.0
1606404,1,5.0
1606535,1,4.0
1606619,1,5.0
1606688,1,5.0
1606766,1,5.0
1606864,1,5.0
1606951,1,5.0
1607291,1,5.0
1607470,1,5.0
1607568,1,5.0
1607646,1,5.0
1607893,5,4.2
1608009,1,5.0
1608029,1,5.0
1608048,2,5.0
1608237,1,4.0
1608462,1,0.0
1608676,1,5.0
1608793,1,4.0
1608949,1,4.0
1608984,1,5.0
1609093,1,5.0
1609098,1,5.0
1609160,1,5.0
1609258,1,4.0
1609322,1,5.0
1609335,1,5.0
1609420,1,5.0
1609858,22,3.772727272727273
1609959,1,5.0
1609982,1,5.0
1610088,1,3.0
1610117,1,5.0
1610182,1,4.0
1610433,1,5.0
1610546,1,5.0
1610738,1,5.0
1610991,1,5.0
1611021,1,5.0
1611104,1,5.0
1611532,1,4.0
1611540,1,5.0
1611681,1,5.0
1611782,1,5.0
1611866,1,0.0
1611975,1,3.0
1612088,2,3.5
1612170,1,2.0
1612293,1,5.0
1612393,1,0.0
1612420,1,0.0
1612775,1,5.0
1613073,1,5.0
1613146,1,5.0
1613267,1,5.0
1613349,2,4.5
1613358,1,5.0
1613452,1,3.0
1613534,1,5.0
1613613,1,0.0
1613654,1,0.0
1614147,1,5.0
1614150,1,5.0
1614184,1,5.0
1614275,1,5.0
1614363,1,5.0
1614502,1,4.0
1614742,1,5.0
1614872,1,5.0
1615404,1,5.0
1615458,1,5.0
1615854,1,5.0
1615861,3,5.0
1615891,1,5.0
1616063,1,5.0
1616282,2,4.0
1616302,1,5.0
1616375,1,0.0
1616548,1,4.0
1616580,2,4.0
1616592,2,4.5
1616597,2,5.0
1616713,1,5.0
1616904,1,5.0
1616963,4,4.0
1617100,1,4.0
1617389,1,5.0
1617537,6,4.166666666666667
1617570,1,0.0
1617668,2,5.0
1618045,1,3.0
1618051,1,0.0
1618076,1,4.0
1618114,1,5.0
1618552,1,5.0
1618574,1,4.0
1618606,2,5.0
1618750,1,0.0
1618822,3,4.333333333333333
1619087,1,0.0
1619362,1,0.0
1620125,1,5.0
1620137,1,5.0
1620147,1,5.0
1620171,21,4.476190476190476
1620222,1,3.0
1620301,1,5.0
1620334,1,5.0
1620346,1,0.0
1620400,1,4.0
1620742,1,5.0
1620896,2,5.0
1621003,1,5.0
1621101,1,5.0
1621197,1,5.0
1621206,1,5.0
1621292,1,5.0
1621453,1,1.0
1621663,1,5.0
1621833,1,5.0
1621841,1,3.0
1622046,2,4.0
1622197,1,5.0
1622480,1,5.0
1622564,1,3.0
1622603,1,3.0
1622788,1,5.0
1622810,1,4.0
1622897,1,5.0
1622913,1,2.0
1623265,10,3.5
1623620,2,4.5
1623693,2,5.0
1624109,1,5.0
1624127,2,5.0
1624151,1,5.0
1624208,1,5.0
1624210,1,5.0
1624252,1,5.0
1624278,1,5.0
1624308,1,5.0
1624417,1,0.0
1624566,2,5.0
1624583,1,5.0
1624841,1,5.0
1625574,1,5.0
1625700,1,0.0
1625704,2,4.5
1625892,1,4.0
1625916,1,0.0
1625919,1,5.0
1625948,1,5.0
1626007,1,5.0
1626255,1,4.0
1626672,1,4.0
1626705,1,5.0
1626820,1,5.0
1626889,1,5.0
1626948,1,4.0
1627175,1,0.0
1627352,1,5.0
1627389,2,5.0
1627618,1,5.0
1627880,1,5.0
1627888,1,4.0
1627976,1,0.0
1628093,1,5.0
1628095,1,5.0
1628122,1,5.0
1628152,2,5.0
1628308,1,5.0
1628343,1,5.0
1628373,3,5.0
1628380,1,5.0
1628410,1,5.0
1628462,1,2.0
1628469,1,5.0
1628676,2,5.0
1628888,1,5.0
1628941,1,5.0
1629058,1,5.0
1629061,1,5.0
1629780,1,5.0
1629827,1,2.0
1629953,1,5.0
1629974,6,3.8333333333333335
1629987,1,5.0
1630221,1,5.0
1630285,1,5.0
1630307,4,5.0
1630322,1,5.0
1630384,1,4.0
1630385,1,4.0
1630666,1,5.0
1630728,3,5.0
1630988,2,4.5
1630997,1,5.0
1631111,2,4.5
1631276,1,5.0
1631311,1,5.0
1631349,1,5.0
1631382,1,4.0
1631492,1,3.0
1631574,1,5.0
1631607,1,5.0
1631734,1,5.0
1631990,1,5.0
1632122,1,5.0
1632374,1,5.0
1632692,1,5.0
1632700,1,5.0
1632774,1,3.0
1632808,1,3.0
1633027,1,5.0
1633475,1,5.0
1633645,1,5.0
1634174,1,5.0
1634201,1,5.0
1634287,1,3.0
1634401,1,5.0
1634627,1,5.0
1634772,1,5.0
1635061,1,0.0
1635242,1,5.0
1635297,1,5.0
1635445,1,5.0
1635640,1,5.0
1635913,1,5.0
1636117,2,5.0
1636149,1,0.0
1636313,1,4.0
1636470,13,4.461538461538462
1636671,1,5.0
1637094,2,5.0
1637137,1,5.0
1637646,3,4.333333333333333
1637674,1,4.0
1637703,1,5.0
1637766,1,5.0
1637775,1,3.0
1637797,1,5.0
1637815,1,5.0
1638053,1,5.0
1638065,1,5.0
1638214,1,5.0
1639045,1,4.0
1639481,1,3.0
1639632,1,4.0
1639731,1,5.0
1639881,1,2.0
1639951,1,5.0
1639969,1,5.0
1639998,1,5.0
1640143,1,5.0
1640195,1,5.0
1640219,1,5.0
1640224,1,4.0
1640335,1,0.0
1640372,1,5.0
1640411,1,5.0
1640642,1,5.0
1640810,2,5.0
1640859,1,5.0
1640911,1,5.0
1640940,2,2.0
1641166,1,0.0
1641180,1,5.0
1641228,1,4.0
1641273,1,5.0
1641364,1,5.0
1641372,1,5.0
1641416,1,5.0
1641475,1,5.0
1641492,1,5.0
1641621,1,5.0
1641717,3,2.6666666666666665
1641892,3,3.3333333333333335
1642078,1,5.0
1642095,1,5.0
1642131,1,5.0
1642625,1,5.0
1642713,1,5.0
1642817,1,5.0
1643185,1,5.0
1643347,1,5.0
1643625,1,5.0
1643801,1,4.0
1643815,1,5.0
1643872,1,5.0
1643887,1,0.0
1644262,1,0.0
1644382,1,3.0
1644439,1,4.0
1644565,1,5.0
1644646,1,5.0
1644688,1,5.0
1644891,1,4.0
1644898,1,5.0
1644948,2,5.0
1645107,1,5.0
1645246,1,5.0
1645535,1,0.0
1645975,1,0.0
1646031,1,5.0
1646045,1,5.0
1646352,1,5.0
1646478,1,4.0
1646875,1,3.0
1646938,1,5.0
1647093,1,5.0
1647173,1,5.0
1647243,2,4.5
1647285,1,5.0
1647312,1,5.0
1647348,1,5.0
1647353,1,2.0
1647545,1,5.0
1647692,1,5.0
1647861,1,0.0
1647940,1,5.0
1648250,3,5.0
1648265,1,0.0
1648510,1,5.0
1648730,1,5.0
1648940,1,5.0
1649153,1,0.0
1649203,1,5.0
1649953,1,5.0
1650013,1,5.0
1650187,1,5.0
1650217,1,5.0
1650370,1,5.0
1650618,1,2.0
1650949,1,5.0
1651170,1,5.0
1651199,1,5.0
1651233,3,4.666666666666667
1651287,1,4.0
1651435,1,0.0
1651483,1,5.0
1651962,1,5.0
1651996,1,5.0
1652556,1,4.0
1653107,1,5.0
1653123,1,0.0
1653302,1,5.0
1653678,1,5.0
1653796,1,5.0
1653864,1,5.0
1654467,2,4.5
1654604,1,5.0
1654671,2,0.0
1654821,1,0.0
1654956,1,5.0
1654967,1,0.0
1655120,1,5.0
1655195,1,5.0
1655281,1,5.0
1655293,1,5.0
1655328,2,5.0
1655426,1,4.0
1655725,2,5.0
1655752,1,0.0
1656090,1,5.0
1656143,1,5.0
1656292,2,5.0
1656466,2,5.0
1656709,1,5.0
1656723,1,5.0
1656771,2,2.5
1656791,1,5.0
1657060,1,0.0
1657171,1,5.0
1657203,2,5.0
1657272,2,3.5
1657616,6,4.166666666666667
1657681,1,5.0
1657716,1,5.0
1657880,1,0.0
1658463,1,5.0
1658473,2,5.0
1658673,1,0.0
1658849,1,5.0
1658850,2,5.0
1658857,1,5.0
1658943,1,0.0
1659127,2,5.0
1659202,1,5.0
1659226,1,4.0
1659234,1,5.0
1659272,3,5.0
1659314,1,5.0
1659431,1,5.0
1659435,1,5.0
1659765,2,5.0
1659902,1,5.0
1659953,1,5.0
1660024,1,5.0
1660128,1,0.0
1660131,1,5.0
1660185,2,4.5
1660227,1,5.0
1660327,1,5.0
1660593,1,4.0
1660946,2,5.0
1660966,1,5.0
1661034,1,5.0
1661066,1,5.0
1661071,1,4.0
1661148,1,5.0
1661172,1,5.0
1661337,1,4.0
1661456,1,5.0
1661617,1,5.0
1661618,1,5.0
1661658,1,5.0
1661670,4,4.75
1661815,1,5.0
1661819,2,5.0
1661830,1,5.0
1661849,1,1.0
1661997,1,5.0
1662114,1,5.0
1662510,1,5.0
1662660,7,3.857142857142857
1662896,1,0.0
1662972,1,5.0
1663041,3,5.0
1663512,1,3.0
1663799,3,5.0
1663806,1,5.0
1663823,1,0.0
1664049,1,5.0
1664579,1,5.0
1664646,1,4.0
1664745,1,3.0
1665012,1,5.0
1665040,1,4.0
1665276,1,5.0
1665427,1,0.0
1665494,1,5.0
1665741,1,5.0
1665774,1,5.0
1665934,1,5.0
1665955,1,4.0
1666269,1,5.0
1666316,1,5.0
1666423,1,5.0
1666441,1,5.0
1666478,1,2.0
1666985,1,5.0
1667138,1,5.0
1667156,1,4.0
1667251,3,3.6666666666666665
1667327,1,5.0
1667846,1,5.0
1668087,1,5.0
1668373,1,5.0
1668487,1,5.0
1668664,1,5.0
1668810,1,5.0
1668881,1,5.0
1669327,1,5.0
1669604,5,4.8
1669745,1,5.0
1669810,1,5.0
1669919,1,4.0
1670583,2,5.0
1670669,1,4.0
1670691,1,5.0
1670817,1,5.0
1670859,1,5.0
1671023,1,3.0
1671283,2,5.0
1671598,1,5.0
1671711,1,4.0
1671718,4,3.75
1671727,1,5.0
1671845,1,5.0
1671989,1,5.0
1671995,1,4.0
1671996,1,5.0
1672052,1,5.0
1672069,1,4.0
1672186,1,4.0
1672282,1,4.0
1672366,1,5.0
1672382,1,5.0
1672475,1,5.0
1672582,1,2.0
1672589,1,5.0
1672888,1,5.0
1673115,1,5.0
1673140,1,5.0
1673412,1,5.0
1673573,1,0.0
1673838,1,5.0
1673999,1,5.0
1674021,1,0.0
1674316,1,5.0
1674534,1,5.0
1674752,1,5.0
1674837,1,0.0
1674956,1,0.0
1674983,3,5.0
1675147,1,0.0
1675225,3,2.6666666666666665
1675676,1,5.0
1675918,1,5.0
1676176,1,5.0
1676220,6,3.6666666666666665
1676435,1,5.0
1676641,1,0.0
1677099,28,4.357142857142857
1677154,3,4.666666666666667
1677498,1,5.0
1677582,1,5.0
1677606,1,5.0
1677734,2,2.5
1677862,1,3.0
1678027,1,5.0
1678087,1,5.0
1678509,1,5.0
1678694,3,3.3333333333333335
1679382,1,5.0
1679539,1,0.0
1679854,1,2.0
1679869,2,4.5
1679957,1,5.0
1680057,1,0.0
1680329,1,5.0
1680463,1,5.0
1680530,1,2.0
1680722,55,5.0
1680779,1,5.0
1680854,1,0.0
1681329,1,5.0
1681493,2,3.5
1681597,1,2.0
1681710,1,4.0
1681776,1,0.0
1682052,1,4.0
1682204,1,5.0
1682313,1,5.0
1682778,1,5.0
1682820,1,5.0
1682950,1,5.0
1683387,1,4.0
1683609,1,4.0
1683731,1,5.0
1683962,8,3.25
1684266,1,0.0
1684590,1,5.0
1684658,1,0.0
1684663,1,5.0
1684782,1,0.0
1685237,1,4.0
1685812,1,3.0
1685994,1,5.0
1686076,3,4.333333333333333
1686419,1,5.0
1686460,2,5.0
1686813,1,4.0
1686884,1,5.0
1686950,1,0.0
1687095,1,0.0
1687116,1,5.0
1687293,1,2.0
1687430,1,3.0
1687581,1,5.0
1687646,1,5.0
1687682,1,5.0
1687697,1,3.0
1687863,1,5.0
1688074,1,5.0
1688105,1,5.0
1688130,1,5.0
1688230,1,5.0
1688341,1,5.0
1688426,1,5.0
1688427,1,5.0
1688531,1,5.0
1688542,1,5.0
1688753,1,5.0
1688972,1,5.0
1689161,2,5.0
1689463,2,4.0
1689677,2,3.5
1689705,3,4.666666666666667
1689719,1,5.0
1689816,1,5.0
1689921,1,5.0
1689930,1,4.0
1689951,1,5.0
1690190,1,5.0
1690458,1,4.0
1690477,1,5.0
1690744,1,5.0
1690776,1,5.0
1690847,1,0.0
1691423,1,4.0
1691536,1,4.0
1691688,1,0.0
1691826,1,5.0
1691902,1,0.0
1692016,1,4.0
1692172,1,5.0
1692205,2,4.5
1692286,1,5.0
1692440,1,5.0
1692473,1,5.0
1692486,1,5.0
1692603,1,0.0
1692622,1,4.0
1692742,1,0.0
1693327,1,5.0
1693406,1,5.0
1693822,1,5.0
1693932,1,4.0
1694240,1,5.0
1694434,1,5.0
1694517,1,5.0
1694589,1,1.0
1694687,1,5.0
1694804,1,5.0
1694924,1,5.0
1695033,3,5.0
1695125,1,5.0
1695603,1,5.0
1695684,2,4.0
1695955,3,5.0
1695994,1,5.0
1696179,1,5.0
1696274,1,5.0
1696563,1,5.0
1696592,1,4.0
1696908,1,0.0
1697136,1,5.0
1697139,1,4.0
1698041,1,5.0
1698132,1,1.0
1698513,1,5.0
1698651,1,0.0
1698793,2,5.0
1698997,1,5.0
1699107,1,5.0
1699141,1,5.0
1699149,1,5.0
1699188,1,0.0
1699391,1,5.0
1699397,1,5.0
1699647,1,5.0
1699728,1,5.0
1699816,5,5.0
1700011,1,4.0
1700013,2,4.5
1700151,1,5.0
1700161,1,5.0
1700223,2,1.5
1700247,1,5.0
1700732,1,5.0
1700880,1,5.0
1701089,1,5.0
1701242,1,5.0
1701315,32,4.71875
1701377,1,5.0
1701534,1,5.0
1701543,1,5.0
1701658,1,5.0
1702196,1,5.0
1702365,1,5.0
1702375,1,5.0
1702522,1,5.0
1702561,1,5.0
1702611,1,4.0
1702635,1,5.0
1702683,1,5.0
1702915,4,4.5
1702917,1,4.0
1703153,1,4.0
1703157,1,5.0
1704649,1,5.0
1704786,3,5.0
1705025,1,5.0
1705078,2,5.0
1705090,1,5.0
1705101,1,0.0
1706410,1,4.0
1706426,36,4.5
1706500,1,5.0
1706516,1,5.0
1707771,1,5.0
1708518,1,0.0
1708579,1,0.0
1708738,3,3.6666666666666665
1708852,1,5.0
1708871,1,5.0
1709320,1,0.0
1709521,1,5.0
1710338,1,4.0
1710653,1,5.0
1710725,1,0.0
1711022,1,5.0
1711061,2,5.0
1711695,1,4.0
1711789,1,5.0
1711956,1,5.0
1711977,1,0.0
1712000,2,4.0
1712017,1,4.0
1712144,1,5.0
1712400,3,4.333333333333333
1712589,1,0.0
1712856,2,2.0
1713075,1,0.0
1713307,1,5.0
1713556,1,2.0
1713791,1,5.0
1714015,1,5.0
1714257,1,5.0
1714431,1,0.0
1714594,1,5.0
1714765,1,5.0
1714992,1,5.0
1715207,1,5.0
1715239,1,3.0
1715315,1,5.0
1715348,1,5.0
1715400,1,5.0
1715480,2,3.0
1716057,1,5.0
1716212,1,4.0
1716247,1,5.0
1716422,1,5.0
1717134,1,3.0
1717166,1,5.0
1717410,1,5.0
1717743,1,2.0
1717770,2,5.0
1717822,1,5.0
1717945,1,5.0
1718022,3,3.0
1718167,1,5.0
1718657,1,5.0
1719187,1,5.0
1719188,1,4.0
1719721,1,5.0
1719774,1,5.0
1719835,1,0.0
1720151,1,0.0
1720239,1,1.0
1720534,1,5.0
1720548,1,0.0
1720574,1,0.0
1721106,1,5.0
1721417,1,5.0
1721441,1,5.0
1721796,1,5.0
1721970,1,5.0
1722027,1,2.0
1722416,1,5.0
1722449,1,5.0
1722785,3,5.0
1722818,1,5.0
1723089,1,5.0
1723405,1,5.0
1723408,1,5.0
1723464,1,4.0
1723489,1,0.0
1723513,1,5.0
1723705,1,0.0
1723913,1,4.0
1724458,1,5.0
1724473,1,5.0
1724523,1,5.0
1724729,1,5.0
1724808,1,5.0
1725144,1,0.0
1725320,1,4.0
1725376,1,5.0
1725439,1,5.0
1725709,1,5.0
1725719,1,5.0
1725722,3,5.0
1726168,1,5.0
1726247,1,5.0
1726435,1,5.0
1726550,4,4.75
1726627,1,4.0
1726638,1,5.0
1726746,1,5.0
1726776,1,5.0
1727148,1,4.0
1727508,1,0.0
1728014,1,5.0
1728022,1,5.0
1728045,1,5.0
1728107,1,5.0
1728240,2,5.0
1728284,1,4.0
1728331,1,5.0
1728348,1,0.0
1728376,1,5.0
1728435,1,0.0
1728482,1,5.0
1728850,1,5.0
1728912,3,4.666666666666667
1728997,1,5.0
1729043,1,0.0
1729084,1,5.0
1729292,1,5.0
1729650,1,5.0
1729756,1,5.0
1730062,1,5.0
1730072,1,4.0
1730315,1,5.0
1731303,1,5.0
1731840,1,0.0
1731888,1,0.0
1732553,1,5.0
1732599,2,5.0
1732749,1,5.0
1732770,1,0.0
1733029,1,5.0
1733514,1,5.0
1733750,1,5.0
1734174,1,5.0
1734327,1,4.0
1734475,2,5.0
1734515,2,4.5
1734621,1,5.0
1734658,1,5.0
1734824,1,4.0
1735015,1,5.0
1735045,1,5.0
1735158,1,5.0
1735515,1,5.0
1735529,1,5.0
1735610,1,5.0
1736286,1,5.0
1736510,1,5.0
1736569,1,0.0
1736960,1,5.0
1736979,1,0.0
1737112,1,0.0
1737200,1,5.0
1738103,2,5.0
1738455,1,3.0
1739228,1,5.0
1739435,1,5.0
1739723,1,0.0
1740853,1,5.0
1741136,1,0.0
1741243,3,1.3333333333333333
1742170,1,5.0
1742291,1,5.0
1742679,1,5.0
1742738,13,4.230769230769231
1742886,1,5.0
1742909,1,5.0
1743096,1,4.0
1743245,1,5.0
1743422,2,5.0
1743880,1,5.0
1744163,1,2.0
1744293,1,5.0
1745283,1,4.0
1745420,2,2.0
1745502,6,4.333333333333333
1745545,1,4.0
1745636,1,5.0
1745680,1,0.0
1746949,1,5.0
1747104,1,5.0
1747458,1,5.0
1747572,1,5.0
1747642,1,3.0
1748588,1,5.0
1748717,1,5.0
1748815,1,5.0
1749042,1,0.0
1749053,1,4.0
1749059,1,0.0
1749086,2,5.0
1749443,1,5.0
1749591,1,5.0
1749803,1,5.0
1749954,1,1.0
1750135,1,5.0
1750258,1,5.0
1750305,2,4.5
1750337,1,4.0
1750458,1,5.0
1750630,1,0.0
1750648,1,5.0
1750709,1,5.0
1750892,1,0.0
1751197,1,5.0
1751748,1,5.0
1751843,1,5.0
1752134,1,5.0
1752188,2,4.0
1752321,1,5.0
1752495,1,5.0
1752739,1,5.0
1752760,1,0.0
1753296,1,0.0
1753657,1,5.0
1754130,1,2.0
1754334,1,2.0
1754898,2,5.0
1754909,1,5.0
1754916,1,4.0
1755201,1,0.0
1756084,1,5.0
1756250,1,4.0
1756699,1,0.0
1756958,1,5.0
1757309,1,0.0
1757560,1,5.0
1757913,1,5.0
1758370,1,5.0
1758395,1,0.0
1758710,1,0.0
1758804,1,5.0
1758881,1,0.0
1759319,1,5.0
1759365,1,4.0
1759547,1,4.0
1759749,1,0.0
1760165,1,0.0
1760215,1,5.0
1760412,1,3.0
1760423,1,5.0
1760543,1,0.0
1760760,1,4.0
1761112,1,5.0
1761123,2,4.5
1761252,1,5.0
1761363,1,5.0
1761559,1,5.0
1762143,1,5.0
1762248,5,3.4
1762446,1,5.0
1762637,2,5.0
1763227,1,5.0
1763340,1,4.0
1763398,1,5.0
1763789,1,5.0
1763862,1,5.0
1764006,1,4.0
1764476,1,3.0
1764568,1,4.0
1764587,1,5.0
1764844,2,5.0
1765221,1,2.0
1765256,1,4.0
1765526,1,5.0
1765906,1,5.0
1766057,1,5.0
1766298,1,5.0
1766489,1,5.0
1766614,1,5.0
1766718,1,5.0
1766943,1,0.0
1767107,1,5.0
1767153,1,5.0
1767188,2,5.0
1767296,1,0.0
1768148,1,5.0
1768178,1,0.0
1768301,1,5.0
1768334,1,0.0
1768674,1,1.0
1768803,1,5.0
1768845,1,5.0
1769124,1,5.0
1769482,1,5.0
1769795,1,5.0
1769862,1,5.0
1769917,1,4.0
1770112,1,5.0
1770404,1,5.0
1770465,1,0.0
1770640,1,2.0
1770751,1,0.0
1771055,1,5.0
1771166,1,5.0
1771212,1,4.0
1771936,1,5.0
1772032,1,5.0
1772274,1,0.0
1772280,1,5.0
1772406,1,4.0
1772643,2,5.0
1772767,1,0.0
1772861,1,4.0
1773355,1,0.0
1773579,1,0.0
1773580,2,4.5
1774247,1,0.0
1774270,1,5.0
1774448,1,5.0
1774480,1,5.0
1775035,1,0.0
1775953,2,5.0
1775983,1,5.0
1776075,1,5.0
1776291,1,5.0
1776563,1,5.0
1776639,1,5.0
1776859,1,0.0
1776867,1,5.0
1776953,1,3.0
1776964,1,5.0
1776982,1,5.0
1777005,1,4.0
1777258,1,3.0
1777314,2,5.0
1777330,1,5.0
1777631,1,5.0
1777762,1,5.0
1777808,1,4.0
1778342,1,5.0
1778691,1,5.0
1778926,1,5.0
1779076,1,0.0
1779173,1,5.0
1779197,1,0.0
1779328,1,5.0
1779840,1,3.0
1779913,1,1.0
1780100,1,5.0
1780320,1,0.0
1780659,1,4.0
1780756,1,0.0
1781480,1,0.0
1781618,1,3.0
1781699,1,5.0
1781977,1,4.0
1782253,1,5.0
1782528,1,5.0
1782537,1,0.0
1782539,1,5.0
1782633,1,5.0
1782773,1,5.0
1782991,1,4.0
1782994,1,5.0
1783106,1,5.0
1783373,6,4.833333333333333
1783460,1,5.0
1783552,2,5.0
1783820,1,4.0
1783977,1,5.0
1784145,1,5.0
1784223,1,0.0
1784631,1,2.0
1784769,1,4.0
1784948,1,4.0
1785097,1,4.0
1785190,1,0.0
1785250,1,0.0
1785577,1,2.0
1786169,1,2.0
1786621,3,4.333333333333333
1786716,1,5.0
1786735,1,3.0
1786757,1,5.0
1786759,1,1.0
1786836,1,4.0
1786911,3,5.0
1787146,1,5.0
1787649,1,5.0
1787668,1,5.0
1787791,1,0.0
1787795,1,0.0
1788164,1,5.0
1788169,1,5.0
1788254,2,4.0
1788469,1,5.0
1788653,1,5.0
1788837,1,2.0
1789080,1,5.0
1789369,1,4.0
1789549,1,0.0
1789591,1,5.0
1789595,1,5.0
1790066,1,0.0
1790070,1,5.0
1790209,1,5.0
1790290,1,0.0
1790432,1,5.0
1790538,1,0.0
1790549,1,1.0
1790872,1,0.0
1791024,1,5.0
1791046,1,5.0
1791135,1,5.0
1792181,1,5.0
1792278,1,5.0
1792406,1,4.0
1792590,1,1.0
1793066,1,5.0
1793489,1,5.0
1793556,1,5.0
1793690,1,5.0
1793721,1,5.0
1793937,1,5.0
1794395,1,5.0
1794456,1,5.0
1794555,1,5.0
1794630,1,2.0
1794859,1,4.0
1795021,1,5.0
1795184,1,5.0
1795256,1,5.0
1795274,1,0.0
1795721,1,0.0
1795748,2,5.0
1795791,1,5.0
1795898,1,0.0
1796052,1,5.0
1796134,1,4.0
1796187,1,5.0
1796190,1,5.0
1796294,1,4.0
1796312,1,5.0
1796578,1,5.0
1796953,1,4.0
1796976,1,5.0
1797076,1,5.0
1797315,2,5.0
1797678,1,0.0
1797817,1,5.0
1798070,1,5.0
1798139,1,0.0
1798234,1,4.0
1798426,1,4.0
1798875,1,0.0
1799105,1,5.0
1799245,1,3.0
1799591,1,5.0
1799643,1,5.0
1799668,4,5.0
1800068,1,5.0
1800151,1,5.0
1800348,1,3.0
1800921,2,5.0
1801062,1,5.0
1801840,1,5.0
1802115,1,0.0
1802198,1,5.0
1802289,1,5.0
1802546,1,5.0
1802643,1,0.0
1803549,1,3.0
1803613,3,3.0
1803720,1,5.0
1803789,1,5.0
1804196,2,2.0
1804264,1,4.0
1804273,1,3.0
1804472,1,5.0
1804690,1,0.0
1804748,1,4.0
1805030,1,5.0
1805142,3,4.666666666666667
1805273,1,0.0
1805277,1,5.0
1805343,1,4.0
1805504,1,5.0
1805545,2,4.0
1805934,1,5.0
1805973,1,5.0
1806126,1,0.0
1806233,1,5.0
1806417,1,5.0
1806667,6,4.5
1806839,1,5.0
1807042,1,5.0
1807170,1,4.0
1807264,1,5.0
1807467,1,5.0
1807643,1,0.0
1808377,2,5.0
1808639,1,1.0
1809158,1,3.0
1809193,1,5.0
1809479,1,5.0
1809597,1,5.0
1809651,1,5.0
1809677,1,2.0
1809849,1,5.0
1810689,1,5.0
1810746,1,4.0
1811517,1,0.0
1811626,1,2.0
1811967,2,5.0
1811984,2,5.0
1812707,1,5.0
1812955,1,3.0
1813203,1,3.0
1813229,1,2.0
1813358,1,0.0
1813857,1,5.0
1814152,1,0.0
1814424,1,5.0
1814432,1,5.0
1814491,1,5.0
1814493,1,5.0
1814934,1,0.0
1814950,1,5.0
1815024,1,5.0
1815206,1,5.0
1815247,1,1.0
1815304,1,0.0
1815332,1,5.0
1815562,1,5.0
1816086,1,5.0
1816216,1,5.0
1816353,1,4.0
1816504,1,5.0
1816796,1,0.0
1816872,1,5.0
1816970,1,5.0
1817080,1,5.0
1817358,1,0.0
1817511,1,5.0
1817842,1,5.0
1817941,1,5.0
1818127,1,5.0
1818136,1,5.0
1818825,1,0.0
1819225,1,5.0
1819259,1,0.0
1819271,1,5.0
1819349,1,1.0
1819573,1,5.0
1820471,1,0.0
1820706,1,2.0
1820947,1,4.0
1821463,1,5.0
1821579,1,5.0
1821624,1,5.0
1821643,2,5.0
1821704,2,3.0
1821813,1,5.0
1822172,1,5.0
1822196,2,5.0
1822338,1,0.0
1822367,1,0.0
1822373,1,5.0
1822574,1,0.0
1822905,1,5.0
1823125,1,5.0
1823526,3,4.0
1823799,1,5.0
1823907,3,5.0
1824559,1,5.0
1824625,1,5.0
1824859,1,4.0
1824868,1,5.0
1824901,1,5.0
1825011,1,5.0
1825415,1,0.0
1825707,1,5.0
1825794,1,2.0
1826420,1,5.0
1826552,1,5.0
1826594,1,0.0
1826706,2,3.0
1827439,1,0.0
1827575,1,5.0
1827699,1,5.0
1827868,2,2.5
1828163,1,5.0
1828331,1,0.0
1828504,1,0.0
1828522,1,0.0
1828627,1,5.0
1828796,1,5.0
1829090,2,4.0
1829123,1,5.0
1829291,2,5.0
1829918,2,4.5
1830302,1,5.0
1831558,1,5.0
1832464,1,5.0
1832475,1,5.0
1832505,1,5.0
1832710,2,4.5
1832942,1,5.0
1833541,1,0.0
1833965,2,3.5
1834378,1,0.0
1834416,1,5.0
1835069,1,5.0
1835274,2,5.0
1835418,1,5.0
1835812,2,5.0
1835874,1,5.0
1835914,1,0.0
1835997,1,5.0
1836048,1,5.0
1836134,1,4.0
1837312,4,2.5
1837448,1,5.0
1837662,1,5.0
1837797,1,5.0
1837925,1,0.0
1838354,1,0.0
1838484,1,5.0
1838604,1,4.0
1838885,3,4.666666666666667
1839012,1,5.0
1840057,1,0.0
1840476,1,4.0
1840647,1,0.0
1840822,1,0.0
1841032,1,5.0
1841574,1,1.0
1841624,1,5.0
1841864,1,1.0
1841968,1,5.0
1842352,1,5.0
1842622,1,5.0
1842664,2,4.5
1842899,1,5.0
1842978,1,5.0
1843322,1,4.0
1843474,2,4.5
1843497,2,5.0
1843550,1,4.0
1843695,1,5.0
1844301,1,0.0
1844303,1,0.0
1844337,4,4.25
1844457,1,4.0
1844852,1,4.0
1844896,1,5.0
1846364,1,5.0
1846574,1,5.0
1846821,1,0.0
1847050,1,5.0
1847614,1,5.0
1847700,1,5.0
1847972,1,5.0
1848060,1,5.0
1848192,1,5.0
1848584,1,4.0
1848722,1,5.0
1848805,1,5.0
1849008,1,5.0
1849154,2,3.5
1849160,1,4.0
1850001,1,5.0
1850046,1,5.0
1850119,1,4.0
1850176,1,0.0
1850606,1,5.0
1851601,1,0.0
1851894,1,5.0
1851966,1,0.0
1852034,1,5.0
1852223,1,4.0
1852604,1,5.0
1852642,2,2.5
1852777,2,5.0
1852805,1,5.0
1853082,1,2.0
1853093,1,4.0
1853612,1,5.0
1853636,1,5.0
1854057,1,5.0
1854222,1,5.0
1854363,1,0.0
1854416,1,5.0
1855010,1,5.0
1855075,1,0.0
1855237,1,5.0
1855543,1,5.0
1856438,1,5.0
1856447,1,5.0
1856505,1,4.0
1856536,1,5.0
1856659,3,5.0
1856666,3,3.3333333333333335
1856849,1,5.0
1857408,1,0.0
1857425,1,0.0
1857550,1,5.0
1857658,1,5.0
1857681,1,0.0
1857761,1,5.0
1857835,1,5.0
1857838,1,5.0
1857884,1,0.0
1858056,1,5.0
1858059,1,4.0
1858347,1,0.0
1858366,1,5.0
1859030,1,4.0
1859120,1,0.0
1859242,2,3.0
1860035,1,5.0
1860283,1,5.0
1860350,1,0.0
1860512,1,4.0
1860597,1,0.0
1860760,1,5.0
1861126,1,5.0
1861295,1,0.0
1861735,1,5.0
1862011,1,5.0
1862160,1,3.0
1862990,2,5.0
1863848,1,5.0
1864457,1,0.0
1864672,1,5.0
1865961,2,5.0
1866311,1,5.0
1867222,1,5.0
1867636,1,5.0
1867726,3,4.666666666666667
1868142,1,5.0
1868625,1,5.0
1869032,1,5.0
1869169,1,4.0
1869236,1,5.0
1869428,3,4.666666666666667
1869488,1,3.0
1869564,1,1.0
1869689,1,4.0
1869869,1,5.0
1869966,1,5.0
1870085,1,4.0
1870301,3,4.0
1870350,3,5.0
1870693,1,5.0
1870854,1,4.0
1871251,1,5.0
1871273,1,5.0
1871364,1,5.0
1871597,1,5.0
1871673,1,0.0
1872159,1,0.0
1872218,1,5.0
1872430,1,0.0
1872809,1,5.0
1872810,1,2.0
1873232,3,4.666666666666667
1873594,1,5.0
1873983,2,5.0
1874591,1,5.0
1874846,1,0.0
1875019,1,5.0
1875632,1,5.0
1875658,1,5.0
1875703,1,4.0
1875776,1,5.0
1875848,1,5.0
1876065,1,4.0
1876105,1,5.0
1876211,1,5.0
1876572,1,5.0
1876581,1,4.0
1877167,1,5.0
1877266,1,5.0
1877278,1,0.0
1877481,1,4.0
1877571,1,5.0
1877688,1,5.0
1877783,1,0.0
1877969,1,5.0
1878242,1,5.0
1878278,1,5.0
1878923,1,4.0
1879302,1,5.0
1879341,1,0.0
1879548,1,5.0
1879726,1,5.0
1880144,1,5.0
1880190,1,5.0
1881490,1,5.0
1881586,1,5.0
1881682,1,4.0
1882045,1,5.0
1882587,1,0.0
1882873,1,5.0
1883019,1,4.0
1883177,1,3.0
1883676,1,0.0
1884348,1,0.0
1884503,1,5.0
1885198,1,4.0
1885426,1,4.0
1885754,1,5.0
1886419,1,5.0
1886454,1,5.0
1886695,1,5.0
1886798,1,4.0
1886835,1,5.0
1887655,1,5.0
1888017,1,4.0
1888101,1,5.0
1888576,1,5.0
1889609,1,0.0
1890037,1,5.0
1890746,1,0.0
1891013,1,5.0
1891226,1,0.0
1891566,1,5.0
1891737,1,5.0
1893138,1,4.0
1893268,1,5.0
1893644,1,5.0
1893963,1,5.0
1894102,1,5.0
1894113,1,5.0
1894227,1,0.0
1894758,1,5.0
1894838,1,5.0
1895364,1,5.0
1895368,1,4.0
1895460,1,0.0
1895556,1,5.0
1895783,1,5.0
1896000,1,3.0
1896723,2,4.5
1896869,1,4.0
1897290,1,5.0
1897393,2,4.5
1898481,1,4.0
1898623,2,4.0
1898667,1,5.0
1898755,1,4.0
1899042,1,5.0
1899300,1,0.0
1900027,1,5.0
1900164,1,5.0
1900301,7,4.571428571428571
1900411,1,0.0
1900559,10,3.9
1900691,1,4.0
1900756,1,5.0
1900993,1,5.0
1901162,1,5.0
1901182,1,5.0
1901869,1,5.0
1902013,1,5.0
1902520,1,5.0
1902603,1,5.0
1902677,1,5.0
1902923,1,0.0
1903034,1,0.0
1903237,1,0.0
1903253,1,5.0
1903390,1,4.0
1903651,3,5.0
1903736,1,4.0
1903888,1,5.0
1903894,1,5.0
1904428,1,5.0
1904506,1,3.0
1904631,1,5.0
1904632,1,5.0
1904760,1,0.0
1905143,1,5.0
1905346,1,0.0
1905458,1,0.0
1905719,1,0.0
1906334,1,5.0
1906577,1,3.0
1907113,1,5.0
1907522,2,5.0
1907622,1,5.0
1908448,2,5.0
1908741,1,0.0
1909774,1,0.0
1909908,1,0.0
1910240,1,5.0
1910286,1,5.0
1910308,1,5.0
1910438,1,4.0
1910464,1,0.0
1910547,1,3.0
1910678,1,5.0
1910745,1,5.0
1910899,1,5.0
1911066,1,5.0
1911070,1,5.0
1911244,1,5.0
1911323,1,4.0
1911366,1,5.0
1911453,1,5.0
1911588,1,5.0
1911882,3,5.0
1912133,1,0.0
1912155,1,5.0
1912582,2,4.5
1913608,1,3.0
1913732,1,1.0
1913750,1,0.0
1913800,1,5.0
1914116,1,5.0
1914181,1,5.0
1914273,2,5.0
1914427,2,3.5
1914429,1,5.0
1914675,1,5.0
1914874,1,5.0
1914945,2,4.0
1914950,1,3.0
1915632,1,0.0
1915903,1,4.0
1916081,1,4.0
1916103,1,5.0
1916766,1,4.0
1917252,1,4.0
1917482,1,5.0
1917601,1,5.0
1917820,1,5.0
1918280,1,0.0
1918640,1,3.0
1918702,1,5.0
1918809,1,5.0
1919743,1,1.0
1920124,1,5.0
1920594,2,2.5
1920848,1,4.0
1920860,1,5.0
1921219,1,5.0
1921577,1,0.0
1921619,1,0.0
1921654,1,5.0
1921717,1,4.0
1921938,1,5.0
1922023,1,0.0
1922092,1,5.0
1922149,1,0.0
1923002,1,5.0
1923950,1,5.0
1924318,1,4.0
1924702,1,5.0
1925058,1,5.0
1925613,1,5.0
1925809,1,0.0
1925885,31,4.806451612903226
1926132,1,5.0
1926136,2,5.0
1926335,5,4.8
1926491,1,3.0
1926545,1,5.0
1926587,1,5.0
1926609,1,5.0
1926827,2,5.0
1926873,1,4.0
1926889,1,5.0
1926897,1,5.0
1927051,1,4.0
1927262,1,5.0
1927342,1,3.0
1927525,1,5.0
1927614,1,0.0
1927700,2,4.0
1927797,1,5.0
1927900,1,4.0
1928041,1,5.0
1928477,1,5.0
1928828,1,0.0
1928852,1,0.0
1929066,1,0.0
1929073,1,5.0
1929661,1,5.0
1929844,1,5.0
1929902,1,5.0
1929908,1,4.0
1930107,1,5.0
1930362,2,1.5
1930391,1,0.0
1930519,1,5.0
1930593,1,5.0
1930618,1,5.0
1930683,1,4.0
1931009,1,5.0
1931072,1,0.0
1931191,1,5.0
1931328,1,5.0
1931493,1,5.0
1931719,1,5.0
1931808,1,0.0
1932038,1,5.0
1932822,1,5.0
1932946,1,4.0
1933122,1,3.0
1933172,1,5.0
1933176,1,5.0
1933192,1,4.0
1933645,1,0.0
1933842,1,5.0
1933996,1,5.0
1934272,1,5.0
1934585,1,0.0
1934597,1,0.0
1934706,1,5.0
1934798,2,5.0
1934966,1,5.0
1935392,1,5.0
1935520,1,0.0
1935588,1,4.0
1935655,1,5.0
1936028,1,0.0
1936053,1,5.0
1936318,1,2.0
1936870,1,5.0
1937211,1,5.0
1937528,1,5.0
1937653,1,5.0
1937952,1,5.0
1938147,1,5.0
1938536,1,5.0
1938759,1,5.0
1939035,1,5.0
1939117,1,5.0
1939768,1,5.0
1939877,1,2.0
1940287,1,5.0
1940537,2,3.5
1940699,1,0.0
1940725,1,5.0
1940999,1,5.0
1941161,1,5.0
1941760,1,0.0
1941849,1,5.0
1942041,1,5.0
1942043,1,5.0
1942569,1,0.0
1942727,1,0.0
1942831,2,3.5
1942967,1,5.0
1942999,1,0.0
1943256,1,5.0
1943533,1,5.0
1943548,1,0.0
1943728,1,5.0
1943836,1,0.0
1944231,1,0.0
1944383,1,3.0
1944448,1,5.0
1944859,4,4.0
1945539,2,2.5
1945582,1,3.0
1945960,1,5.0
1946274,1,5.0
1946570,1,5.0
1946802,1,1.0
1947101,1,5.0
1947206,1,4.0
1948203,1,5.0
1948658,1,5.0
1948918,1,5.0
1949320,1,0.0
1949845,1,4.0
1949895,1,5.0
1950221,1,5.0
1950545,1,5.0
1950668,1,5.0
1950740,1,5.0
1950978,1,5.0
1951267,1,5.0
1951332,1,5.0
1952083,1,5.0
1952111,1,0.0
1952483,1,5.0
1952914,1,5.0
1953047,1,5.0
1953186,1,5.0
1953357,1,0.0
1953698,1,0.0
1953913,1,5.0
1954039,1,5.0
1954631,1,5.0
1954683,1,5.0
1954802,1,5.0
1955180,1,5.0
1955524,1,5.0
1955749,1,0.0
1955866,1,4.0
1956508,1,0.0
1956656,1,0.0
1956710,1,5.0
1956726,1,5.0
1957030,1,5.0
1957264,1,4.0
1957394,1,0.0
1957660,1,0.0
1957858,2,5.0
1958256,1,1.0
1958351,1,1.0
1958833,1,5.0
1958841,1,0.0
1959496,1,5.0
1959593,1,0.0
1959695,1,4.0
1959968,1,5.0
1960130,1,5.0
1960283,2,4.0
1960474,1,5.0
1960645,1,5.0
1961133,1,5.0
1962168,1,5.0
1962373,1,5.0
1963018,1,5.0
1963163,1,4.0
1963993,1,4.0
1964071,1,5.0
1964136,1,5.0
1964277,1,5.0
1964596,1,0.0
1964674,2,5.0
1965857,1,5.0
1966635,1,1.0
1966658,1,0.0
1966981,1,4.0
1967069,1,1.0
1967077,1,5.0
1967150,1,5.0
1967320,1,3.0
1967465,1,1.0
1967585,1,5.0
1967857,1,0.0
1967997,2,2.5
1968058,1,4.0
1968124,1,4.0
1968141,1,5.0
1968337,3,5.0
1969024,1,5.0
1969131,1,3.0
1969699,1,5.0
1969704,1,5.0
1969839,1,5.0
1969962,2,5.0
1970077,1,0.0
1970382,1,5.0
1970508,1,0.0
1970673,1,0.0
1970928,1,5.0
1971129,1,5.0
1971660,1,5.0
1971865,1,5.0
1972573,1,3.0
1973072,1,0.0
1973806,1,5.0
1974070,1,3.0
1974159,1,0.0
1974318,1,5.0
1974537,1,5.0
1974635,1,5.0
1974680,4,4.75
1974690,1,5.0
1975031,1,5.0
1975116,1,5.0
1975247,1,5.0
1975664,1,5.0
1976481,1,5.0
1976986,1,0.0
1977011,1,5.0
1977422,1,5.0
1978263,1,5.0
1978585,1,5.0
1978866,1,5.0
1979431,1,5.0
1979996,1,5.0
1980921,1,5.0
1981037,1,3.0
1981628,1,5.0
1981659,1,5.0
1981883,1,5.0
1981955,1,5.0
1982483,1,5.0
1982899,1,5.0
1983118,2,4.5
1983673,1,1.0
1984260,1,0.0
1984543,1,5.0
1984692,2,3.5
1985011,1,5.0
1985197,1,1.0
1985203,1,5.0
1985374,1,5.0
1985385,1,5.0
1985565,1,0.0
1985866,1,0.0
1985870,1,4.0
1986040,1,2.0
1986158,1,2.0
1986377,1,5.0
1987109,2,5.0
1987232,1,5.0
1987276,1,4.0
1987434,1,5.0
1987586,1,4.0
1987671,1,5.0
1987985,1,5.0
1988118,1,5.0
1988263,1,4.0
1988950,1,4.0
1989227,1,5.0
1989759,1,0.0
1989875,1,5.0
1990096,1,5.0
1990647,1,5.0
1990855,1,5.0
1991003,1,5.0
1991031,1,5.0
1991325,1,5.0
1991590,1,5.0
1991835,1,5.0
1991838,1,5.0
1991853,2,5.0
1992481,1,5.0
1992579,1,0.0
1992884,1,4.0
1992966,1,0.0
1993310,1,5.0
1993720,1,1.0
1993768,1,0.0
1993941,1,5.0
1994067,1,5.0
1994149,1,4.0
1994748,2,4.0
1995067,1,5.0
1995523,3,4.666666666666667
1995540,1,4.0
1995952,1,0.0
1996146,1,5.0
1996158,1,4.0
1996409,1,0.0
1996431,1,5.0
1996850,1,4.0
1997017,2,5.0
1997301,1,0.0
1997335,1,5.0
1997515,1,5.0
1997519,1,5.0
1997547,1,5.0
1997669,1,5.0
1998281,1,5.0
1998774,1,4.0
1998884,1,5.0
1998989,1,0.0
1999119,1,5.0
1999258,1,5.0
1999276,1,4.0
1999293,1,1.0
1999445,1,5.0
1999766,1,5.0
2000156,1,5.0
2000740,1,0.0
2000811,1,0.0
2001099,1,5.0
2001124,1,5.0
2001154,1,5.0
2001199,1,0.0
2001277,1,5.0
2001392,1,5.0
2002284,2,5.0
2002674,1,0.0
2002714,4,4.25
2003206,1,0.0
2003733,1,0.0
2003761,1,5.0
2003806,1,0.0
2003869,1,5.0
2004418,1,4.0
2004492,1,1.0
2005043,1,0.0
2005057,2,4.5
2005445,1,5.0
2005554,1,0.0
2005904,1,5.0
2006040,1,5.0
2006092,1,5.0
2006142,1,0.0
2006303,1,5.0
2006665,1,5.0
2007132,1,5.0
2007309,1,0.0
2007590,1,5.0
2007679,1,5.0
2007786,1,5.0
2008235,1,5.0
2008451,1,0.0
2009243,2,5.0
2009447,1,5.0
2009542,1,5.0
2009557,1,5.0
2010547,1,5.0
2010614,1,3.0
2011491,1,0.0
2011523,1,3.0
2011533,1,0.0
2011698,1,5.0
2012144,1,0.0
2012271,1,5.0
2012675,1,5.0
2012922,1,5.0
2013027,1,4.0
2013578,1,5.0
2014195,1,0.0
2014423,1,4.0
2014675,1,5.0
2014850,1,5.0
2014969,1,4.0
2015357,1,2.0
2015918,1,5.0
2015964,1,5.0
2016203,1,5.0
2016296,1,4.0
2016377,1,5.0
2016378,1,5.0
2016386,1,5.0
2017268,1,5.0
2018052,1,0.0
2018591,1,3.0
2018800,1,4.0
2019080,1,5.0
2019346,1,5.0
2019348,1,0.0
2020309,1,0.0
2020590,1,5.0
2020786,1,5.0
2021346,1,5.0
2021865,1,5.0
2021988,1,5.0
2022320,1,5.0
2022435,1,5.0
2022759,1,5.0
2022895,1,0.0
2022901,1,5.0
2023242,1,4.0
2023664,1,5.0
2023665,1,5.0
2024705,1,5.0
2024791,1,5.0
2024837,1,5.0
2025705,3,5.0
2025766,1,5.0
2025874,1,5.0
2025880,1,5.0
2027094,1,5.0
2027205,1,4.0
2027300,1,3.0
2027495,1,5.0
2028049,1,4.0
2028361,1,0.0
2028532,3,5.0
2028554,1,4.0
2028924,1,0.0
2029214,1,0.0
2029393,1,5.0
2030233,1,5.0
2030460,1,5.0
2030688,1,5.0
2030843,1,5.0
2031530,1,5.0
2032236,1,4.0
2032489,1,5.0
2032660,1,0.0
2032791,1,5.0
2033137,1,0.0
2033359,1,5.0
2033894,1,5.0
2034305,1,1.0
2034401,1,5.0
2034621,1,4.0
2034681,1,0.0
2034851,1,5.0
2035095,1,5.0
2035106,2,5.0
2035249,1,5.0
2035517,1,2.0
2035846,1,5.0
2035909,1,4.0
2035959,1,0.0
2036071,1,1.0
2037842,1,5.0
2038010,1,5.0
2038135,1,5.0
2038463,1,4.0
2038681,1,5.0
2039373,1,4.0
2039838,1,4.0
2040049,1,5.0
2040066,1,5.0
2040336,1,5.0
2040597,1,0.0
2041212,1,2.0
2041603,6,4.333333333333333
2041691,1,4.0
2041694,1,5.0
2041715,1,5.0
2041932,1,5.0
2041996,1,5.0
2042022,1,5.0
2042100,1,5.0
2042603,2,5.0
2043115,1,0.0
2043538,1,5.0
2043832,1,5.0
2043874,3,5.0
2044001,1,5.0
2044059,1,5.0
2044948,2,4.5
2044997,1,0.0
2045016,1,5.0
2045188,1,5.0
2045723,1,5.0
2045955,1,5.0
2046092,1,4.0
2046104,2,4.5
2046466,1,4.0
2046475,1,5.0
2046643,1,1.0
2046874,1,5.0
2046946,1,5.0
2047004,2,4.5
2047068,1,5.0
2047377,1,2.0
2047619,1,5.0
2048395,1,3.0
2048550,1,3.0
2048661,1,5.0
2048686,1,4.0
2048923,2,4.5
2048943,1,5.0
2049138,1,5.0
2049254,1,5.0
2049356,1,0.0
2051140,1,5.0
2051171,1,5.0
2051204,2,5.0
2051350,1,5.0
2051615,1,0.0
2051904,1,0.0
2052175,1,4.0
2052839,1,0.0
2052879,1,5.0
2052996,1,0.0
2053146,1,5.0
2053445,1,0.0
2053907,1,4.0
2053927,1,0.0
2054249,1,1.0
2054282,3,3.3333333333333335
2054466,1,5.0
2054625,1,5.0
2054781,1,0.0
2055191,1,5.0
2055714,1,5.0
2055735,1,0.0
2055816,1,0.0
2055928,1,3.0
2056603,1,5.0
2056649,1,5.0
2056850,1,0.0
2057093,1,5.0
2057163,1,0.0
2057200,3,4.0
2057364,1,5.0
2057440,1,5.0
2057789,1,4.0
2058344,1,5.0
2058683,1,5.0
2058723,1,5.0
2059226,1,5.0
2059720,1,5.0
2060185,1,0.0
2060282,1,5.0
2061009,1,5.0
2061170,1,5.0
2061209,1,5.0
2061305,1,5.0
2061935,1,5.0
2062263,1,4.0
2062302,1,5.0
2063326,1,0.0
2063441,1,5.0
2064352,1,5.0
2064516,1,5.0
2064913,1,5.0
2064915,1,5.0
2065470,1,5.0
2065524,1,5.0
2065533,1,5.0
2066263,6,4.0
2066332,1,4.0
2066487,1,5.0
2066573,1,5.0
2066643,1,0.0
2067009,1,5.0
2067186,1,0.0
2067637,1,0.0
2067724,1,5.0
2070385,1,5.0
2071102,1,5.0
2071414,1,5.0
2071419,1,5.0
2072483,1,1.0
2072841,1,5.0
2072858,1,0.0
2073316,1,2.0
2073770,1,0.0
2074121,1,0.0
2074905,1,5.0
2074931,1,5.0
2075338,1,5.0
2076712,1,5.0
2077764,1,5.0
2077978,1,0.0
2078288,1,4.0
2078394,1,5.0
2078681,2,5.0
2081028,1,0.0
2081117,1,4.0
2083483,1,4.0
2083567,1,5.0
2084081,1,5.0
2084436,1,1.0
2084888,1,0.0
2084941,1,5.0
2084981,1,5.0
2085064,1,0.0
2085309,1,2.0
2085400,1,5.0
2085848,1,5.0
2086138,1,5.0
2086269,1,5.0
2086282,1,2.0
2086371,1,5.0
2086552,1,5.0
2086585,1,0.0
2086708,1,0.0
2086710,1,5.0
2086927,1,5.0
2087541,1,0.0
2087557,1,5.0
2087569,1,5.0
2087777,1,5.0
2087857,1,0.0
2087895,1,4.0
2087971,1,5.0
2089455,1,5.0
2089562,1,5.0
2089668,1,0.0
2089687,1,5.0
2089747,1,0.0
2089883,1,5.0
2090056,1,5.0
2091024,1,5.0
2092716,1,4.0
2092900,1,4.0
2093393,1,5.0
2094459,1,0.0
2094626,1,5.0
2096044,1,5.0
2096631,1,1.0
2096720,1,4.0
2096723,1,5.0
2096784,1,5.0
2097544,1,0.0
2097673,1,0.0
2097681,1,0.0
2097728,1,0.0
2098959,1,5.0
2098980,1,2.0
2099638,1,0.0
2099998,1,5.0
2100189,1,5.0
2100354,1,5.0
2100816,1,0.0
2101964,1,0.0
2102164,1,0.0
2102425,1,5.0
2102769,1,5.0
2102971,1,5.0
2103237,1,5.0
2103597,1,5.0
2103598,1,5.0
2104421,1,1.0
2104708,1,4.0
2105386,1,5.0
2105658,1,5.0
2106071,1,0.0
2106746,1,5.0
2107332,1,5.0
2108334,1,5.0
2109017,1,4.0
2109063,1,5.0
2109420,1,4.0
2109669,1,5.0
2110968,1,0.0
2111438,1,0.0
2111901,1,5.0
2113762,1,5.0
2114486,1,3.0
2114562,2,5.0
2114781,1,5.0
2115693,1,5.0
2117239,1,5.0
2117550,1,5.0
2117877,1,3.0
2118207,1,5.0
2119102,1,2.0
2119285,1,0.0
2119960,1,0.0
2120999,1,5.0
2121004,1,5.0
2121146,1,5.0
2121355,1,5.0
2121639,1,5.0
2121739,1,5.0
2122053,1,5.0
2122154,1,5.0
2122944,1,5.0
2122962,1,0.0
2123070,1,0.0
2123208,1,4.0
2123287,1,5.0
2123344,1,5.0
2123551,1,5.0
2123645,43,4.511627906976744
2123675,2,5.0
2123838,1,4.0
2124019,1,5.0
2124042,1,5.0
2124148,1,0.0
2124476,1,5.0
2124770,1,4.0
2125014,1,5.0
2125249,1,5.0
2125295,1,0.0
2125415,1,5.0
2125435,1,4.0
2125794,1,5.0
2126211,1,5.0
2126733,1,5.0
2127223,1,5.0
2127500,1,0.0
2127694,1,5.0
2128654,1,5.0
2129334,1,5.0
2130510,1,5.0
2130593,1,0.0
2130596,1,4.0
2130684,1,5.0
2130933,1,4.0
2130957,1,5.0
2130993,1,0.0
2131368,1,5.0
2131510,1,5.0
2131675,1,4.0
2132030,1,5.0
2132065,1,5.0
2132213,1,4.0
2132224,1,5.0
2132419,1,4.0
2132676,1,5.0
2132736,1,0.0
2132804,1,0.0
2132978,1,0.0
2133604,1,0.0
2133630,1,5.0
2134287,1,4.0
2134791,1,4.0
2135919,1,5.0
2136092,1,5.0
2136162,1,5.0
2136419,1,5.0
2136788,1,0.0
2136802,1,5.0
2137000,1,4.0
2137269,1,4.0
2137537,1,5.0
2137570,1,5.0
2137635,1,0.0
2137921,1,0.0
2138404,1,0.0
2138677,1,5.0
2139358,1,5.0
2139854,1,5.0
2140675,1,0.0
2140938,1,0.0
2141396,1,4.0
2141420,1,0.0
2141815,1,0.0
2141870,1,5.0
2142116,1,5.0
2142501,1,3.0
2142673,1,5.0
2142715,1,0.0
2142876,1,3.0
2143261,1,0.0
2143847,1,4.0
2144332,1,5.0
2144411,1,1.0
2144786,1,5.0
2145407,1,5.0
2146343,1,5.0
2146492,1,5.0
2146540,1,4.0
2146993,1,5.0
2147183,1,4.0
2147337,1,5.0
2147919,1,5.0
2147978,1,5.0
2148148,1,5.0
2148404,1,4.0
2148601,1,4.0
2148620,1,0.0
2149133,1,5.0
2149178,1,3.0
2149267,1,0.0
2149818,1,5.0
2149976,1,5.0
2150045,1,0.0
2150048,1,5.0
2150060,1,2.0
2151032,1,5.0
2151112,1,5.0
2151624,1,5.0
2152895,1,5.0
2152937,1,5.0
2153170,1,5.0
2153196,1,4.0
2153211,1,5.0
2153320,1,5.0
2153965,1,5.0
2154242,1,5.0
2154781,1,5.0
2154857,1,2.0
2155157,1,5.0
2155500,1,5.0
2155855,1,5.0
2155970,1,4.0
2156544,1,5.0
2156634,3,3.6666666666666665
2156777,6,4.833333333333333
2157188,1,5.0
2157372,1,5.0
2157999,1,5.0
2158358,1,4.0
2158491,1,0.0
2158542,1,5.0
2159163,1,5.0
2159271,1,1.0
2159660,1,5.0
2159715,1,5.0
2160627,1,5.0
2160825,1,5.0
2161378,1,4.0
2161389,1,5.0
2161698,1,0.0
2161904,1,3.0
2162210,1,5.0
2162371,1,5.0
2163105,1,0.0
2163600,1,0.0
2164226,1,0.0
2164468,1,4.0
2164780,1,2.0
2165447,1,5.0
2166002,1,4.0
2166065,1,5.0
2166079,1,1.0
2166168,1,0.0
2166466,1,5.0
2166500,1,0.0
2167143,1,5.0
2167708,1,5.0
2168313,1,4.0
2168776,1,5.0
2168917,2,4.5
2169943,1,4.0
2170002,1,4.0
2170038,1,5.0
2170174,1,5.0
2170222,1,5.0
2170397,1,5.0
2171229,3,3.3333333333333335
2172141,1,2.0
2172608,1,5.0
2172879,1,5.0
2173148,1,5.0
2173159,1,5.0
2173203,1,5.0
2174397,1,1.0
2174542,1,5.0
2174551,1,1.0
2174567,1,4.0
2174827,1,5.0
2174995,1,5.0
2175011,1,4.0
2175236,1,5.0
2176807,1,5.0
2177143,1,5.0
2177320,1,5.0
2177396,1,5.0
2177426,3,5.0
2177678,1,0.0
2177850,1,0.0
2178004,1,5.0
2178023,1,0.0
2178211,1,5.0
2178227,1,5.0
2179227,1,0.0
2179284,1,0.0
2179839,1,5.0
2180068,1,5.0
2180340,2,5.0
2181366,1,5.0
2181379,1,0.0
2181389,1,5.0
2181501,1,4.0
2181696,1,5.0
2182336,1,5.0
2182727,1,5.0
2183494,1,5.0
2184172,1,5.0
2184347,1,5.0
2184553,1,5.0
2184841,2,4.5
2185034,1,5.0
2185079,2,5.0
2185478,1,5.0
2185553,1,5.0
2185662,1,5.0
2186048,1,5.0
2187042,1,5.0
2187098,1,0.0
2187221,1,5.0
2187241,1,5.0
2187586,1,5.0
2187636,1,5.0
2187896,1,5.0
2188018,1,5.0
2188041,1,5.0
2188258,1,5.0
2188279,1,4.0
2188425,1,5.0
2188630,1,5.0
2189000,1,4.0
2189190,1,0.0
2189403,3,4.666666666666667
2189532,1,0.0
2189565,1,5.0
2189587,1,5.0
2189668,1,5.0
2189735,1,4.0
2189849,3,5.0
2189958,1,5.0
2190033,1,5.0
2190094,1,5.0
2190117,1,5.0
2190306,1,5.0
2190437,1,5.0
2190449,1,0.0
2190526,1,5.0
2190568,1,5.0
2190971,1,5.0
2191049,1,5.0
2191353,1,5.0
2191528,1,4.0
2191529,1,0.0
2191705,1,5.0
2191718,1,5.0
2191721,1,4.0
2191728,1,5.0
2191733,1,5.0
2191735,1,5.0
2191802,1,5.0
2191937,1,5.0
2191945,1,5.0
2191974,1,5.0
2191983,1,5.0
2192074,1,5.0
2192199,1,5.0
2192340,1,0.0
2192493,1,5.0
2192609,3,5.0
2192683,1,5.0
2193425,1,5.0
2193533,1,5.0
2193579,1,5.0
2193604,1,5.0
2193767,4,5.0
2194278,1,5.0
2194499,1,5.0
2194902,1,5.0
2194917,2,5.0
2194994,1,5.0
2195015,1,5.0
2195416,1,5.0
2195717,1,5.0
2195728,1,5.0
2195814,1,5.0
2195883,1,5.0
2195904,1,5.0
2196103,1,5.0
2196413,1,0.0
2196942,1,5.0
2197312,1,5.0
2197365,1,5.0
2197400,1,0.0
2197663,1,5.0
2197717,1,5.0
2197723,1,0.0
2197942,1,0.0
2198007,1,5.0
2198132,5,5.0
2198323,1,5.0
2198326,1,5.0
2198337,1,5.0
2198342,1,5.0
2198343,5,4.2
2198426,1,5.0
2198451,1,5.0
2198468,1,5.0
2198494,1,5.0
2198522,1,5.0
2198649,1,5.0
2198659,1,0.0
2198741,1,5.0
2198995,1,5.0
2199573,1,5.0
2199952,2,4.5
2200124,4,5.0
2200160,1,5.0
2200500,1,5.0
2200623,1,3.0
2200666,1,0.0
2200921,4,3.75
2201408,1,0.0
2201427,6,5.0
2201842,1,5.0
2201870,3,3.3333333333333335
2202184,1,5.0
2202349,1,5.0
2202966,1,0.0
2203341,1,5.0
2203779,1,0.0
2203793,1,5.0
2203870,1,5.0
2203973,1,5.0
2203976,1,5.0
2204163,1,5.0
2204420,1,5.0
2204786,3,5.0
2205139,1,5.0
2205232,1,0.0
2205719,1,5.0
2205729,1,5.0
2205740,1,5.0
2205756,1,5.0
2205814,1,5.0
2205903,1,5.0
2205933,1,4.0
2206034,1,5.0
2206320,1,5.0
2206627,1,5.0
2206633,1,5.0
2206634,1,0.0
2206635,1,5.0
2206637,8,4.875
2206639,1,0.0
2206653,1,0.0
2206657,1,0.0
2206660,1,5.0
2206675,1,0.0
2206684,1,2.0
2206686,1,0.0
2206691,1,5.0
2206694,1,5.0
2206701,1,5.0
2206721,1,5.0
2206722,1,5.0
2206779,1,0.0
2206814,1,0.0
2206954,1,5.0
2207275,1,4.0
2207322,1,5.0
2207556,1,5.0
2207655,1,5.0
2207721,1,5.0
2207906,2,2.0
2208373,1,5.0
2208398,1,5.0
2208810,2,3.0
2208983,1,4.0
2209000,2,5.0
2209112,1,5.0
2209113,1,0.0
2209144,1,5.0
2209213,1,5.0
2209275,1,3.0
2209765,1,0.0
2209902,1,5.0
2210022,1,5.0
2210073,2,3.0
2210086,1,5.0
2210121,1,5.0
2210423,1,5.0
2210473,1,5.0
2211059,1,5.0
2211242,1,5.0
2211279,1,4.0
2212106,1,5.0
2212248,1,0.0
2212497,1,5.0
2212505,1,5.0
2212508,1,0.0
2212511,1,5.0
2212512,1,5.0
2212629,1,5.0
2212807,1,5.0
2212874,1,5.0
2212892,1,5.0
2213045,1,5.0
2213373,1,5.0
2213569,1,5.0
2213849,1,5.0
2214320,1,5.0
2214375,1,5.0
2214418,1,5.0
2214691,1,5.0
2214734,1,5.0
2214738,1,0.0
2214951,1,5.0
2215088,1,5.0
2215142,1,0.0
2215254,1,5.0
2215420,1,5.0
2215432,1,5.0
2215434,1,5.0
2215468,1,5.0
2215569,1,5.0
2215753,2,5.0
2215960,1,4.0
2216141,1,5.0
2216338,2,5.0
2216672,1,5.0
2216717,2,5.0
2216812,1,4.0
2216974,1,0.0
2217198,1,5.0
2217504,2,3.5
2217516,1,5.0
2218000,1,5.0
2218217,1,5.0
2218371,1,0.0
2218720,1,5.0
2218728,1,5.0
2218795,1,0.0
2219970,1,5.0
2221297,1,4.0
2221418,1,3.0
2221541,1,4.0
2221913,1,5.0
2221949,1,5.0
2222224,1,5.0
2222434,1,5.0
2223596,1,5.0
2224391,1,5.0
2224712,1,5.0
2224791,1,5.0
2225542,1,5.0
2226068,1,0.0
2226346,1,5.0
2227467,1,5.0
2227793,1,5.0
2227978,1,5.0
2228237,1,5.0
2228805,1,5.0
2229262,1,5.0
2229560,1,0.0
2231246,1,5.0
2232000,1,5.0
2232272,1,1.0
2232886,1,2.0
2233528,1,4.0
2233571,1,4.0
2234291,1,5.0
2234725,1,5.0
2235640,1,4.0
2236374,1,5.0
2236545,1,5.0
2237229,1,3.0
2237515,1,4.0
2237743,1,0.0
2238232,1,5.0
2238568,1,5.0
2239089,1,1.0
2239114,1,5.0
2239580,1,5.0
2240341,1,5.0
2240381,1,5.0
2240640,1,5.0
2240739,1,0.0
2240909,1,5.0
2241574,1,5.0
2241874,1,5.0
2241907,1,5.0
2242222,1,0.0
2242591,2,4.0
2242820,1,0.0
2242997,1,5.0
2243668,1,5.0
2244075,1,0.0
2244683,1,0.0
2244945,1,1.0
2246276,1,5.0
2246682,1,5.0
2246732,1,4.0
2247082,1,5.0
2247136,1,0.0
2247485,1,5.0
2247704,1,5.0
2247735,1,1.0
2247976,1,5.0
2248031,1,5.0
2248413,1,5.0
2248571,1,5.0
2249222,1,5.0
2250033,1,5.0
2250471,1,5.0
2250528,1,5.0
2250710,1,4.0
2251492,1,5.0
2251906,1,4.0
2251963,1,5.0
2252511,1,5.0
2252698,1,5.0
2252749,1,4.0
2253391,1,5.0
2253499,1,5.0
2254313,1,0.0
2254345,1,0.0
2254692,1,5.0
2254860,1,5.0
2255211,1,5.0
2255639,1,5.0
2256140,1,0.0
2257005,1,5.0
2258073,1,5.0
2258758,1,4.0
2258787,1,5.0
2259281,1,5.0
2259557,1,5.0
2261419,1,5.0
2261885,1,4.0
2261894,1,3.0
2262383,1,5.0
2262500,1,5.0
2262555,1,5.0
2262579,1,5.0
2266450,1,4.0
2266806,1,5.0
2266822,1,5.0
2267139,2,3.5
2267421,1,5.0
2267707,1,5.0
2267852,1,5.0
2267866,1,5.0
2267952,1,0.0
2268014,1,3.0
2268061,1,0.0
2268495,1,5.0
2268527,1,5.0
2268775,1,5.0
2268840,1,0.0
2268988,1,5.0
2269250,1,0.0
2269796,1,3.0
2270220,1,4.0
2270570,1,5.0
2270769,1,5.0
2271116,1,2.0
2271134,1,4.0
2271888,1,5.0
2272013,1,5.0
2272306,1,5.0
2272605,1,5.0
2272789,2,3.0
2273225,1,5.0
2273238,2,2.5
2273407,1,5.0
2273452,1,5.0
2274241,1,5.0
2274260,1,5.0
2274316,1,5.0
2274776,1,5.0
2275092,1,5.0
2275238,1,4.0
2275783,1,0.0
2276228,1,3.0
2277602,1,0.0
2277807,1,5.0
2278648,1,0.0
2279124,1,5.0
2279403,1,5.0
2280382,1,5.0
2280935,1,5.0
2281837,1,5.0
2282107,1,0.0
2282288,1,4.0
2282309,1,0.0
2282846,1,2.0
2283049,1,5.0
2283113,1,5.0
2283519,1,4.0
2283681,1,0.0
2283906,1,5.0
2284242,2,2.5
2284374,1,5.0
2284666,2,2.5
2284691,1,5.0
2284757,1,5.0
2284925,1,5.0
2285582,1,5.0
2285674,1,5.0
2286623,1,0.0
2286743,1,3.0
2286820,1,5.0
2287341,1,5.0
2287360,1,4.0
2287427,2,4.5
2287436,1,5.0
2287585,1,5.0
2287774,1,5.0
2288476,1,5.0
2288968,1,5.0
2289453,1,5.0
2289974,1,5.0
2290125,1,5.0
2290131,1,5.0
2290297,1,1.0
2290783,1,0.0
2291707,1,5.0
2291867,1,5.0
2292065,1,5.0
2292456,1,5.0
2292657,1,5.0
2292679,1,0.0
2293217,1,0.0
2293321,1,5.0
2293361,4,5.0
2293531,1,5.0
2293998,1,4.0
2294191,1,5.0
2294358,1,5.0
2294993,1,5.0
2295227,1,5.0
2295544,1,5.0
2295614,1,0.0
2295659,1,5.0
2295913,1,0.0
2296781,1,5.0
2296880,1,5.0
2297283,1,5.0
2297443,1,5.0
2297519,1,1.0
2297649,1,0.0
2297922,1,5.0
2297961,1,5.0
2298427,1,5.0
2298454,2,4.5
2298733,1,5.0
2298958,1,5.0
2299249,1,4.0
2299340,1,4.0
2299643,1,5.0
2299700,1,5.0
2299806,1,4.0
2299885,1,5.0
2300410,1,5.0
2300656,1,5.0
2300767,1,0.0
2300787,1,5.0
2301316,1,5.0
2301615,1,5.0
2301965,1,2.0
2302567,1,5.0
2302733,1,5.0
2302863,1,5.0
2303441,1,5.0
2303630,1,1.0
2304260,1,5.0
2304533,1,5.0
2304555,1,3.0
2305091,1,0.0
2305496,1,5.0
2305772,1,4.0
2307080,1,5.0
2307215,1,5.0
2308104,1,5.0
2308442,1,0.0
2308605,1,0.0
2309441,1,4.0
2309657,2,4.5
2309796,1,5.0
2310177,1,5.0
2310366,1,0.0
2310438,1,5.0
2310600,1,4.0
2310945,2,5.0
2311662,1,5.0
2313067,1,5.0
2313828,1,5.0
2313889,1,4.0
2314793,1,0.0
2315822,1,5.0
2316944,1,5.0
2317106,1,5.0
2317639,1,0.0
2319121,1,4.0
2319608,1,0.0
2319617,1,5.0
2319896,1,5.0
2319999,1,5.0
2320088,1,5.0
2320364,1,5.0
2321630,1,5.0
2322209,1,5.0
2323268,1,0.0
2323840,1,5.0
2323954,2,2.0
2324107,1,3.0
2324285,39,4.564102564102564
2324512,2,4.5
2325050,1,5.0
2325608,1,5.0
2325644,1,5.0
2325976,1,5.0
2326531,1,5.0
2328934,1,5.0
2328953,1,2.0
2329364,1,0.0
2329720,1,4.0
2330122,1,5.0
2330491,1,5.0
2330556,1,5.0
2330754,1,3.0
2331431,1,5.0
2331626,1,5.0
2331690,1,5.0
2331873,1,5.0
2331908,1,5.0
2332581,1,0.0
2332788,1,5.0
2332818,1,5.0
2334243,1,5.0
2334604,1,5.0
2335203,1,5.0
2335307,1,0.0
2335752,1,5.0
2335867,2,4.0
2336019,1,5.0
2336248,1,4.0
2336406,1,5.0
2337633,1,5.0
2337653,1,5.0
2338324,1,4.0
2338434,1,5.0
2338457,1,5.0
2339262,1,5.0
2339964,1,5.0
2341107,1,0.0
2342357,1,0.0
2343009,1,5.0
2343385,1,5.0
2343669,1,4.0
2344092,1,2.0
2344146,1,5.0
2344374,1,5.0
2344444,2,5.0
2344891,1,5.0
2344965,2,3.5
2345639,1,5.0
2345752,1,5.0
2346155,1,5.0
2346279,1,5.0
2346299,1,5.0
2346842,2,4.5
2346961,1,5.0
2347592,1,5.0
2347787,1,5.0
2347877,1,5.0
2347914,1,5.0
2348395,1,5.0
2348622,1,5.0
2348748,1,0.0
2348823,1,5.0
2348833,1,5.0
2348986,2,4.5
2349265,1,5.0
2349347,1,5.0
2349753,1,5.0
2350269,1,3.0
2350616,1,5.0
2350831,1,5.0
2351366,1,4.0
2351415,1,5.0
2351534,2,2.5
2352561,1,5.0
2352805,2,5.0
2352853,1,5.0
2352985,1,1.0
2353958,1,5.0
2354117,1,0.0
2354217,1,4.0
2354640,1,4.0
2354667,1,5.0
2354881,1,5.0
2355181,1,5.0
2355492,1,5.0
2355751,1,4.0
2355986,1,0.0
2356444,1,0.0
2356857,1,5.0
2357331,1,5.0
2357608,1,5.0
2358545,1,1.0
2358748,1,5.0
2359193,1,5.0
2359243,2,5.0
2359391,1,3.0
2359448,1,5.0
2359545,1,5.0
2359704,1,5.0
2360357,1,0.0
2360534,1,5.0
2360712,1,3.0
2361380,1,0.0
2361524,1,5.0
2361630,1,0.0
2362129,1,0.0
2363108,1,0.0
2363237,1,5.0
2364846,1,2.0
2365381,1,0.0
2366249,1,4.0
2367159,1,5.0
2367537,2,5.0
2367878,1,0.0
2368146,1,5.0
2368155,1,5.0
2368373,1,0.0
2368463,1,5.0
2368531,1,5.0
2368775,1,4.0
2368846,1,5.0
2369272,1,3.0
2369780,2,5.0
2369803,1,1.0
2369988,1,0.0
2370050,1,2.0
2371084,1,0.0
2371206,1,5.0
2371446,1,5.0
2371734,2,3.0
2371838,1,5.0
2372206,1,0.0
2372358,1,5.0
2372500,1,5.0
2373277,1,4.0
2374047,1,1.0
2374297,1,0.0
2374500,1,5.0
2374671,1,0.0
2374709,1,5.0
2374803,1,5.0
2374844,1,0.0
2374990,1,5.0
2375905,1,5.0
2376414,2,2.5
2376788,1,5.0
2377030,1,2.0
2377563,1,2.0
2377674,1,0.0
2378905,1,5.0
2378928,1,0.0
2380670,1,1.0
2380918,1,5.0
2381019,1,5.0
2382411,1,5.0
2382918,1,0.0
2383579,1,5.0
2383792,1,5.0
2383912,1,5.0
2384152,1,5.0
2384579,2,4.0
2385073,1,0.0
2385667,1,0.0
2385914,1,5.0
2386608,1,5.0
2387227,1,0.0
2387894,1,5.0
2388124,1,2.0
2388174,1,5.0
2388369,1,5.0
2390133,1,5.0
2390234,1,5.0
2390765,1,0.0
2390801,2,5.0
2390938,1,5.0
2391269,1,5.0
2391342,1,5.0
2391989,1,5.0
2392052,1,0.0
2392339,1,5.0
2392377,1,5.0
2392480,1,0.0
2392711,1,5.0
2392827,1,5.0
2393696,1,0.0
2394604,2,4.5
2394794,1,5.0
2394819,1,5.0
2394893,1,5.0
2395122,1,1.0
2395294,1,5.0
2395638,1,4.0
2396192,1,5.0
2396512,1,0.0
2396555,1,5.0
2397100,1,5.0
2397436,1,5.0
2398058,1,5.0
2398675,1,5.0
2398844,1,5.0
2398927,1,4.0
2399072,1,5.0
2399085,14,4.571428571428571
2399630,1,5.0
2399832,1,0.0
2399932,1,5.0
2400460,1,0.0
2401871,1,5.0
2402175,1,4.0
2403562,1,5.0
2403695,1,5.0
2404094,1,4.0
2404563,1,4.0
2405121,1,5.0
2405578,1,5.0
2405892,1,5.0
2406174,1,0.0
2406441,1,5.0
2407458,1,5.0
2407654,2,3.5
2407843,1,0.0
2407878,1,1.0
2407954,1,5.0
2407990,1,5.0
2408352,1,5.0
2408599,1,4.0
2408723,1,4.0
2409014,1,0.0
2409025,1,4.0
2409065,1,5.0
2409241,1,5.0
2409561,1,5.0
2409954,1,4.0
2410667,1,0.0
2410690,1,5.0
2410703,1,5.0
2411051,1,5.0
2411460,1,5.0
2411594,1,0.0
2412137,3,5.0
2412310,1,5.0
2412317,1,5.0
2412361,1,5.0
2412376,1,5.0
2412854,1,0.0
2412963,1,5.0
2413055,1,5.0
2413341,1,5.0
2413709,1,5.0
2413825,1,5.0
2414094,1,0.0
2414109,1,4.0
2414156,1,5.0
2414542,1,5.0
2414717,1,5.0
2414802,1,5.0
2414876,1,5.0
2415380,3,3.6666666666666665
2415384,1,5.0
2415492,1,0.0
2415708,1,3.0
2415810,1,0.0
2416244,1,0.0
2416434,1,4.0
2416538,2,5.0
2416562,1,5.0
2417125,1,5.0
2417507,2,5.0
2417893,1,5.0
2418452,1,4.0
2418671,1,5.0
2418940,1,5.0
2419044,1,5.0
2419164,1,5.0
2419255,1,5.0
2419731,1,5.0
2419742,1,0.0
2419811,1,5.0
2419942,1,0.0
2420448,1,5.0
2420522,1,4.0
2420655,2,5.0
2420780,1,0.0
2420819,1,5.0
2420967,1,5.0
2421041,1,5.0
2421172,1,0.0
2421253,1,5.0
2421381,1,5.0
2421388,1,0.0
2421568,1,5.0
2421703,1,5.0
2422002,1,0.0
2422054,1,4.0
2422262,1,5.0
2422567,1,5.0
2422603,1,0.0
2422692,1,5.0
2422729,1,5.0
2423055,2,5.0
2423064,1,0.0
2423190,1,5.0
2423302,1,5.0
2423325,1,5.0
2423444,1,5.0
2423451,1,5.0
2423525,1,5.0
2423777,1,5.0
2423812,1,5.0
2425289,1,1.0
2426209,1,0.0
2426298,1,0.0
2426491,8,4.75
2426680,1,0.0
2426713,1,4.0
2427515,1,5.0
2428393,4,3.25
2428992,1,0.0
2429093,1,4.0
2429202,1,5.0
2429718,1,1.0
2430064,2,5.0
2430234,1,5.0
2430576,1,5.0
2430883,1,5.0
2431444,1,4.0
2431495,1,5.0
2431971,1,2.0
2432231,1,4.0
2432311,1,0.0
2432313,1,5.0
2432342,1,5.0
2432769,1,0.0
2432906,1,0.0
2433234,1,5.0
2433275,1,0.0
2433488,1,5.0
2433550,1,5.0
2433698,1,5.0
2433711,1,3.0
2434387,1,5.0
2434855,1,5.0
2434940,1,5.0
2434949,1,5.0
2435637,1,5.0
2435850,1,5.0
2436012,1,5.0
2436128,1,5.0
2436202,1,5.0
2436291,3,5.0
2437861,1,0.0
2438036,1,0.0
2438348,1,4.0
2438479,1,5.0
2438622,1,5.0
2438828,1,5.0
2438994,1,5.0
2440362,1,5.0
2440460,1,2.0
2441261,1,4.0
2441586,1,4.0
2441656,2,5.0
2441925,1,5.0
2442329,1,4.0
2442417,1,5.0
2442576,1,5.0
2442722,1,3.0
2443297,1,0.0
2443319,1,5.0
2443542,1,5.0
2444069,1,5.0
2444082,1,4.0
2444227,1,5.0
2444273,1,5.0
2444307,1,0.0
2444338,1,5.0
2444540,1,5.0
2445013,1,5.0
2445469,1,3.0
2445483,1,5.0
2445606,1,5.0
2445642,1,0.0
2446499,1,5.0
2448190,1,5.0
2448202,1,0.0
2448404,1,0.0
2448672,1,5.0
2448799,1,5.0
2449823,1,5.0
2451395,1,0.0
2452533,1,0.0
2452788,1,5.0
2452880,1,5.0
2453327,1,5.0
2454797,1,5.0
2455197,1,0.0
2455423,1,5.0
2455466,1,1.0
2456783,1,0.0
2456824,1,5.0
2457451,1,1.0
2457670,1,0.0
2457922,1,5.0
2458005,1,4.0
2458270,1,1.0
2458381,1,5.0
2458578,1,4.0
2458800,1,5.0
2459061,1,4.0
2459131,1,5.0
2459805,1,5.0
2460076,1,5.0
2460127,1,4.0
2460248,1,5.0
2461235,1,4.0
2461412,1,0.0
2461763,1,5.0
2461974,1,5.0
2462118,1,4.0
2462143,1,5.0
2462324,1,0.0
2462749,2,2.5
2463183,1,5.0
2463300,1,0.0
2463399,1,5.0
2464438,1,5.0
2464844,1,5.0
2465202,1,5.0
2466144,1,5.0
2466289,1,5.0
2466381,1,0.0
2467333,1,5.0
2467732,1,5.0
2467863,1,4.0
2468523,1,4.0
2468633,1,5.0
2468842,1,5.0
2468974,1,5.0
2469418,1,5.0
2470494,1,1.0
2470851,1,5.0
2471137,1,4.0
2471403,1,1.0
2471472,1,5.0
2471651,1,0.0
2471738,1,2.0
2471780,1,5.0
2471961,1,5.0
2471975,1,5.0
2472040,1,1.0
2472074,1,5.0
2472426,1,5.0
2472606,1,5.0
2472908,1,5.0
2474565,1,5.0
2475003,1,5.0
2475579,1,4.0
2476154,1,5.0
2476219,1,5.0
2476243,1,5.0
2476384,1,0.0
2476717,1,5.0
2476736,2,5.0
2476854,1,0.0
2476993,1,0.0
2477394,1,5.0
2477403,1,0.0
2477638,1,5.0
2477652,1,5.0
2477736,1,5.0
2477927,1,5.0
2478251,1,5.0
2478798,1,5.0
2479166,1,0.0
2479369,1,5.0
2479504,1,5.0
2479533,1,0.0
2479559,1,5.0
2479921,1,5.0
2480068,1,3.0
2480403,1,5.0
2480421,1,5.0
2480434,1,0.0
2480786,1,5.0
2481450,1,5.0
2482389,1,5.0
2482478,3,5.0
2482499,1,5.0
2483253,1,0.0
2483281,1,5.0
2484028,1,5.0
2484229,1,0.0
2484974,1,5.0
2485441,2,5.0
2485456,1,4.0
2485692,1,5.0
2485821,1,5.0
2486098,1,5.0
2486406,1,5.0
2486783,1,5.0
2487011,1,0.0
2487317,1,4.0
2487388,1,5.0
2487466,1,5.0
2488848,1,3.0
2488987,1,5.0
2489032,1,0.0
2489602,1,0.0
2489704,1,0.0
2489924,1,5.0
2491826,1,5.0
2492638,1,5.0
2493478,1,0.0
2494365,1,5.0
2495491,1,5.0
2496727,1,5.0
2497750,1,5.0
2497901,1,0.0
2498447,1,4.0
2498569,1,4.0
2499188,1,5.0
2499608,1,5.0
2500900,1,5.0
2500924,1,5.0
2500933,1,4.0
2501452,1,4.0
2501673,1,5.0
2501777,1,5.0
2503372,1,5.0
2503446,1,5.0
2503669,1,5.0
2503874,1,4.0
2505357,1,5.0
2505529,1,3.0
2505814,1,4.0
2505914,1,5.0
2507323,1,5.0
2507528,1,4.0
2508012,1,5.0
2509268,1,5.0
2509449,1,5.0
2509874,1,5.0
2510228,1,0.0
2510251,1,5.0
2511076,1,0.0
2512403,1,0.0
2512893,2,5.0
2513662,1,1.0
2514028,1,0.0
2514978,1,5.0
2516701,1,5.0
2516991,1,5.0
2517215,1,5.0
2518106,1,0.0
2518413,1,0.0
2519424,1,0.0
2520054,1,5.0
2520196,1,4.0
2520706,1,5.0
2522603,1,5.0
2522908,1,4.0
2523463,1,5.0
2523484,1,5.0
2523489,1,5.0
2524480,1,5.0
2524629,1,0.0
2525750,1,5.0
2526442,1,4.0
2526573,1,0.0
2527512,1,4.0
2528151,1,5.0
2528236,1,0.0
2528850,1,4.0
2529413,1,5.0
2529671,1,4.0
2529880,1,0.0
2530018,1,5.0
2530780,1,0.0
2531684,1,5.0
2532724,1,5.0
2533143,2,2.5
2533243,1,3.0
2533711,1,5.0
2534288,1,5.0
2534937,1,0.0
2535042,1,5.0
2535178,1,5.0
2535287,1,5.0
2535494,1,0.0
2535939,1,5.0
2536375,2,4.5
2536543,1,5.0
2536689,1,0.0
2536775,1,5.0
2537441,1,5.0
2539099,1,5.0
2539824,1,5.0
2540317,1,0.0
2541170,1,5.0
2541324,1,5.0
2542021,1,5.0
2542269,1,0.0
2542287,1,5.0
2543598,1,4.0
2543955,1,5.0
2544017,1,5.0
2544099,1,5.0
2544237,1,3.0
2544496,1,5.0
2544880,1,5.0
2545566,1,0.0
2545728,1,5.0
2546217,1,5.0
2546439,1,5.0
2546751,1,0.0
2546895,1,5.0
2546910,1,2.0
2547480,1,0.0
2547780,2,5.0
2547984,1,5.0
2549237,16,4.4375
2549711,1,4.0
2550275,1,5.0
2550554,2,5.0
2551019,1,5.0
2551272,1,5.0
2551291,1,5.0
2551431,1,4.0
2552333,1,5.0
2552699,1,5.0
2552965,1,5.0
2553289,2,2.5
2553503,1,5.0
2554576,1,5.0
2555094,1,0.0
2555126,1,5.0
2555541,1,5.0
2555654,1,4.0
2555794,1,5.0
2556377,1,1.0
2556641,1,5.0
2556843,1,5.0
2557319,1,5.0
2557609,1,1.0
2559113,1,5.0
2560070,1,1.0
2560444,1,5.0
2561101,1,0.0
2561972,1,5.0
2562448,1,5.0
2563353,1,1.0
2563541,1,5.0
2564378,1,5.0
2564543,1,5.0
2564665,1,0.0
2564885,1,5.0
2565441,1,5.0
2566144,1,4.0
2566685,1,4.0
2567258,1,2.0
2567597,1,5.0
2567844,1,5.0
2571162,1,0.0
2571722,1,1.0
2571755,1,5.0
2572604,1,5.0
2572640,1,0.0
2573474,1,5.0
2573753,1,3.0
2574314,1,5.0
2574463,1,5.0
2574644,1,5.0
2574795,11,4.2727272727272725
2574887,1,5.0
2576370,1,5.0
2576701,1,4.0
2576759,1,4.0
2577134,1,5.0
2577297,1,5.0
2577790,1,4.0
2578655,1,5.0
2579303,1,0.0
2580239,1,5.0
2581537,1,5.0
2581708,1,1.0
2582178,1,2.0
2582283,1,4.0
2582363,1,5.0
2582899,1,4.0
2583020,1,0.0
2584272,1,5.0
2584658,1,4.0
2584912,1,5.0
2585084,9,4.222222222222222
2585466,1,5.0
2585547,1,0.0
2586011,1,5.0
2586482,1,5.0
2586658,1,5.0
2586740,1,0.0
2587066,2,2.5
2588687,1,5.0
2588794,1,0.0
2588802,1,0.0
2588901,1,4.0
2589291,1,5.0
2589546,1,5.0
2589571,1,0.0
2589829,1,0.0
2589997,1,5.0
2590005,1,5.0
2590313,1,5.0
2591132,1,0.0
2591365,1,5.0
2591681,1,5.0
2591761,2,2.5
2591900,1,5.0
2592144,1,5.0
2592808,1,5.0
2593317,1,5.0
2593381,2,5.0
2593674,1,5.0
2593844,2,5.0
2593917,1,4.0
2594485,1,2.0
2595056,1,5.0
2595890,1,5.0
2597098,1,5.0
2597397,1,5.0
2597518,1,5.0
2597787,2,5.0
2597801,1,5.0
2597804,1,5.0
2597942,27,4.888888888888889
2597981,1,0.0
2598213,1,5.0
2598317,1,5.0
2598449,1,0.0
2598603,1,5.0
2598751,1,5.0
2598753,1,5.0
2598853,3,3.6666666666666665
2599056,1,2.0
2600164,1,5.0
2600500,1,0.0
2600905,1,0.0
2601150,1,1.0
2601584,1,5.0
2602059,1,5.0
2602149,1,5.0
2602190,1,5.0
2603474,1,3.0
2604082,1,0.0
2604103,1,5.0
2604118,2,4.5
2604586,1,3.0
2604782,1,5.0
2605779,1,0.0
2605822,1,1.0
2606152,1,5.0
2606183,1,5.0
2606701,1,5.0
2606985,1,5.0
2607985,1,4.0
2608695,1,2.0
2608774,1,4.0
2608853,1,0.0
2609375,1,5.0
2609510,1,5.0
2609730,1,0.0
2609798,1,5.0
2609841,1,5.0
2611058,1,5.0
2611260,1,5.0
2611358,1,4.0
2611590,1,0.0
2611618,1,4.0
2612444,1,5.0
2612687,1,3.0
2613142,1,0.0
2613205,1,5.0
2613258,1,4.0
2613820,2,5.0
2614440,1,5.0
2614809,1,5.0
2615014,1,0.0
2615145,1,5.0
2615281,1,4.0
2615457,1,5.0
2615518,1,0.0
2615906,2,4.0
2616906,1,0.0
2617410,1,5.0
2618161,1,0.0
2618168,1,5.0
2618192,1,1.0
2618670,1,5.0
2618885,1,5.0
2619330,1,5.0
2619653,1,4.0
2621051,1,2.0
2621073,1,0.0
2621261,1,1.0
2621395,1,5.0
2622122,1,5.0
2622509,1,4.0
2622725,1,0.0
2622761,1,5.0
2622902,1,0.0
2623687,1,3.0
2623909,1,5.0
2624362,1,5.0
2624606,1,0.0
2624679,1,0.0
2624687,1,2.0
2624938,1,5.0
2625115,1,4.0
2625336,1,0.0
2625479,1,0.0
2625915,1,5.0
2626224,1,5.0
2626361,1,5.0
2627049,1,0.0
2627185,1,0.0
2627939,1,5.0
2628133,1,5.0
2628203,1,5.0
2628282,1,1.0
2628496,1,5.0
2629428,1,4.0
2629447,1,0.0
2629990,1,4.0
2630385,1,5.0
2630392,1,5.0
2630520,1,5.0
2631199,1,5.0
2631957,1,5.0
2632040,1,0.0
2632541,1,5.0
2633053,1,5.0
2633076,1,5.0
2633083,1,0.0
2633368,1,5.0
2633554,1,5.0
2633988,1,5.0
2634527,1,5.0
2634618,1,3.0
2635232,1,5.0
2635797,1,5.0
2636563,1,5.0
2636996,1,4.0
2637076,1,5.0
2637275,1,0.0
2637534,1,0.0
2637765,1,4.0
2637776,1,1.0
2638700,1,5.0
2639167,1,0.0
2640396,1,5.0
2640985,1,5.0
2641090,1,5.0
2641454,1,5.0
2642101,1,5.0
2642159,1,5.0
2642329,1,5.0
2642372,1,4.0
2642706,1,5.0
2642878,1,5.0
2643863,2,5.0
2643918,1,4.0
2644033,1,5.0
2645319,1,5.0
2647043,2,4.5
2647059,1,5.0
2647133,1,5.0
2647251,1,5.0
2647298,1,5.0
2647445,1,5.0
2647474,1,5.0
2648690,1,0.0
2649730,1,4.0
2649750,1,5.0
2649994,1,5.0
2650393,1,5.0
2651054,1,5.0
2651564,2,5.0
2652191,1,4.0
2652444,1,5.0
2653463,1,5.0
2653563,1,5.0
2653991,1,5.0
2654100,1,5.0
2654141,1,5.0
2654162,1,0.0
2654464,1,5.0
2654482,1,4.0
2654894,3,4.666666666666667
2655094,1,5.0
2655352,1,5.0
2655364,1,5.0
2655571,1,5.0
2656049,1,5.0
2656354,1,5.0
2656537,1,4.0
2656622,1,0.0
2657055,1,4.0
2657061,1,5.0
2657133,1,5.0
2657454,1,4.0
2657556,1,0.0
2657691,3,4.666666666666667
2657836,1,5.0
2658453,1,0.0
2658592,1,4.0
2658671,1,0.0
2658735,1,5.0
2659186,1,5.0
2659394,1,5.0
2659531,1,5.0
2659750,1,4.0
2660820,1,5.0
2661162,1,4.0
2662610,1,0.0
2663058,1,0.0
2663275,1,5.0
2664058,1,5.0
2664071,1,5.0
2664128,1,4.0
2664302,1,4.0
2664918,1,5.0
2665061,1,0.0
2665107,1,5.0
2665259,1,4.0
2665570,1,0.0
2665884,1,0.0
2665960,1,3.0
2666627,1,4.0
2666696,1,5.0
2666773,1,5.0
2666780,1,5.0
2667031,1,5.0
2667047,1,5.0
2667158,2,4.5
2667297,1,5.0
2667588,1,3.0
2667688,1,5.0
2667703,1,5.0
2667767,3,5.0
2667778,1,5.0
2667941,1,5.0
2668527,1,5.0
2668629,1,5.0
2668811,1,5.0
2669167,1,5.0
2669782,1,5.0
2670007,1,5.0
2671193,1,3.0
2671358,1,5.0
2671490,1,5.0
2671979,1,4.0
2672126,1,4.0
2672247,1,5.0
2672594,1,5.0
2672925,1,5.0
2673205,1,5.0
2673359,1,5.0
2673488,1,5.0
2674024,1,0.0
2674126,1,5.0
2674195,1,5.0
2674680,1,4.0
2675095,1,3.0
2675157,1,0.0
2675493,1,0.0
2675569,1,5.0
2676331,1,5.0
2676361,1,0.0
2676861,1,5.0
2676898,1,5.0
2676912,1,3.0
2677355,1,5.0
2677634,1,0.0
2677747,1,0.0
2677797,1,4.0
2678171,1,1.0
2678627,1,5.0
2678759,1,0.0
2678879,1,5.0
2678914,1,0.0
2679429,1,5.0
2680588,1,5.0
2680835,1,5.0
2681015,1,3.0
2682091,1,5.0
2682466,1,5.0
2682637,1,4.0
2683920,1,0.0
2684213,1,5.0
2684929,1,5.0
2685254,1,5.0
2685443,1,5.0
2685911,1,5.0
2686343,1,5.0
2686518,1,5.0
2686770,1,5.0
2687056,1,0.0
2687207,1,4.0
2687343,1,5.0
2687488,1,1.0
2687969,4,5.0
2688247,1,0.0
2688819,1,5.0
2689103,1,2.0
2689182,1,5.0
2689318,1,3.0
2690033,1,5.0
2691191,1,0.0
2691272,1,4.0
2691279,1,0.0
2691305,1,0.0
2691396,1,5.0
2692024,1,5.0
2692279,1,2.0
2692717,1,0.0
2692832,1,5.0
2692897,1,0.0
2693192,1,5.0
2693387,1,5.0
2694065,1,5.0
2694236,1,5.0
2694278,1,5.0
2694389,1,5.0
2694444,1,4.0
2694714,1,1.0
2695620,1,5.0
2695678,1,5.0
2695965,1,5.0
2696543,1,5.0
2696708,1,4.0
2697111,1,5.0
2697511,1,5.0
2697788,2,2.5
2697964,1,5.0
2698807,1,4.0
2699854,1,5.0
2700278,1,5.0
2700443,1,5.0
2700527,1,0.0
2700569,1,5.0
2701060,1,5.0
2701270,1,0.0
2701353,1,0.0
2702088,1,5.0
2702754,1,5.0
2702777,1,5.0
2703335,1,5.0
2703346,1,4.0
2704337,1,5.0
2704844,1,1.0
2704960,1,4.0
2705061,1,0.0
2705092,1,4.0
2706361,1,5.0
2706402,1,5.0
2706744,1,5.0
2707028,1,4.0
2707798,1,2.0
2707824,1,5.0
2707951,1,4.0
2708004,1,5.0
2708117,1,5.0
2708332,1,5.0
2708722,1,5.0
2708967,1,5.0
2709122,1,0.0
2709179,1,5.0
2709244,1,5.0
2709535,1,5.0
2709872,1,5.0
2710087,1,5.0
2710214,1,5.0
2710226,1,0.0
2710345,1,5.0
2711766,1,5.0
2711815,1,0.0
2712013,1,5.0
2712083,1,0.0
2712418,1,5.0
2712657,1,0.0
2712848,2,2.0
2713179,1,4.0
2713519,1,5.0
2713907,1,5.0
2713927,1,5.0
2714160,1,0.0
2714419,1,4.0
2714524,1,0.0
2714664,1,5.0
2717191,1,5.0
2717569,1,0.0
2717626,1,0.0
2719022,1,5.0
2719191,1,5.0
2719555,1,5.0
2720035,1,4.0
2720042,1,5.0
2720219,1,4.0
2720797,1,4.0
2720924,1,5.0
2722214,1,5.0
2722410,1,5.0
2722551,1,5.0
2722780,1,0.0
2723200,1,5.0
2723499,1,5.0
2723559,1,0.0
2723601,1,5.0
2724008,1,5.0
2724038,1,4.0
2724436,1,5.0
2724877,1,5.0
2725126,1,5.0
2725853,1,5.0
2725873,1,5.0
2726120,1,0.0
2726196,1,5.0
2726641,1,4.0
2727323,2,5.0
2727520,1,5.0
2728302,1,5.0
2730888,1,5.0
2732282,1,5.0
2732296,1,4.0
2732488,1,5.0
2733019,1,5.0
2734207,1,0.0
2734256,1,5.0
2734515,1,4.0
2734604,1,5.0
2734801,2,2.5
2735701,1,5.0
2735965,1,5.0
2736242,1,5.0
2736679,1,5.0
2736762,1,5.0
2736957,1,5.0
2737007,1,5.0
2737332,1,5.0
2737590,1,0.0
2737639,1,3.0
2737756,1,5.0
2738025,1,5.0
2738391,1,4.0
2739289,1,5.0
2739376,1,0.0
2739595,1,0.0
2739806,1,5.0
2739904,1,0.0
2740344,1,5.0
2740675,1,5.0
2740816,1,0.0
2741346,1,5.0
2741924,1,5.0
2743035,1,5.0
2743284,1,5.0
2743487,1,5.0
2743808,1,5.0
2743826,1,0.0
2744062,1,0.0
2744214,1,5.0
2744241,1,4.0
2744454,1,3.0
2745362,1,3.0
2745597,1,0.0
2745646,1,5.0
2745833,1,4.0
2746749,1,5.0
2747213,1,5.0
2747275,1,5.0
2747461,1,5.0
2747668,1,5.0
2747964,1,1.0
2748075,1,4.0
2748083,1,5.0
2749043,1,5.0
2749062,1,5.0
2749319,1,5.0
2749418,1,5.0
2749444,1,0.0
2750141,1,5.0
2750190,1,5.0
2750773,1,5.0
2751341,1,0.0
2751658,1,0.0
2752237,1,5.0
2752903,1,5.0
2753029,1,2.0
2753388,1,5.0
2753392,1,0.0
2753471,1,5.0
2753760,1,5.0
2754140,1,5.0
2754243,1,4.0
2754389,4,4.75
2756001,1,5.0
2756363,1,0.0
2757176,1,0.0
2757264,1,0.0
2757525,1,5.0
2758285,1,5.0
2758687,1,5.0
2758700,1,5.0
2758804,1,0.0
2758974,2,5.0
2759070,1,0.0
2759170,1,5.0
2759435,1,5.0
2759638,1,5.0
2760354,1,5.0
2760831,1,0.0
2761994,1,0.0
2762084,1,0.0
2762137,1,4.0
2762770,1,5.0
2762963,2,5.0
2762970,1,5.0
2763070,1,2.0
2763253,1,0.0
2763273,1,0.0
2763618,1,5.0
2763627,1,5.0
2763777,1,0.0
2763846,1,5.0
2764527,1,5.0
2764529,1,0.0
2764700,1,0.0
2764714,1,5.0
2764835,1,5.0
2765625,1,5.0
2765669,1,5.0
2765886,1,5.0
2766461,1,4.0
2767512,1,5.0
2767711,1,5.0
2767851,1,5.0
2768385,1,5.0
2768398,1,3.0
2768691,1,5.0
2770425,1,0.0
2771763,1,0.0
2772230,1,5.0
2772562,1,5.0
2772704,1,5.0
2773114,1,0.0
2773517,1,5.0
2773590,1,5.0
2774519,1,4.0
2774909,1,5.0
2775094,1,5.0
2775428,1,5.0
2775612,1,0.0
2775875,1,5.0
2776058,1,5.0
2776115,1,4.0
2776806,1,0.0
2777037,1,3.0
2778471,1,4.0
2778971,1,5.0
2779452,1,5.0
2779472,1,5.0
2779684,1,4.0
2780287,1,5.0
2780564,1,5.0
2780872,1,5.0
2780901,1,5.0
2781037,1,5.0
2781225,1,5.0
2781717,2,2.5
2782569,1,5.0
2782649,1,5.0
2783129,1,5.0
2783196,1,0.0
2783348,1,0.0
2784027,1,5.0
2784040,1,5.0
2784413,1,0.0
2784462,1,0.0
2784484,1,5.0
2784574,1,5.0
2784714,1,3.0
2785382,1,5.0
2785559,1,2.0
2786180,1,2.0
2786907,1,5.0
2786923,1,5.0
2787560,1,2.0
2788035,1,5.0
2788410,1,2.0
2789538,1,5.0
2789704,1,0.0
2790132,1,5.0
2790464,1,4.0
2790807,1,5.0
2791511,1,5.0
2791555,1,0.0
2792036,1,0.0
2792165,1,2.0
2792554,1,5.0
2793230,1,0.0
2793243,1,3.0
2793520,1,0.0
2793826,1,2.0
2794162,1,4.0
2794243,1,5.0
2794430,1,1.0
2795375,2,2.0
2796064,1,5.0
2796549,1,5.0
2796624,1,0.0
2796676,1,4.0
2796729,1,5.0
2796938,1,0.0
2797217,1,5.0
2797403,2,2.5
2797824,1,5.0
2797945,1,5.0
2798093,1,5.0
2798758,1,0.0
2798850,1,5.0
2798981,1,5.0
2799049,1,5.0
2799056,1,5.0
2799450,5,4.6
2799534,1,5.0
2799723,1,0.0
2799768,1,5.0
2800584,1,5.0
2801080,1,4.0
2801235,1,0.0
2801393,1,4.0
2801394,1,5.0
2801608,1,5.0
2802343,1,0.0
2802716,1,5.0
2802720,1,0.0
2802777,1,5.0
2803005,1,5.0
2803313,1,5.0
2803535,1,1.0
2804516,1,5.0
2804992,1,0.0
2805144,1,4.0
2805336,1,5.0
2806563,1,0.0
2806664,1,5.0
2806918,1,5.0
2807345,1,0.0
2807474,1,4.0
2808404,2,5.0
2809929,1,0.0
2809985,1,5.0
2810443,1,4.0
2810482,1,1.0
2810865,1,1.0
2811755,1,5.0
2811925,1,5.0
2811988,1,1.0
2812096,1,5.0
2812340,1,1.0
2813110,1,5.0
2813932,1,4.0
2814194,1,1.0
2814249,1,5.0
2815314,1,4.0
2815459,1,0.0
2815919,1,0.0
2816903,1,5.0
2817415,1,5.0
2817935,1,1.0
2818560,1,5.0
2818624,1,5.0
2818639,1,5.0
2818719,1,5.0
2820437,1,5.0
2820511,1,5.0
2821427,1,5.0
2821529,1,0.0
2822249,1,5.0
2822615,1,4.0
2822688,1,5.0
2823191,1,5.0
2823355,1,5.0
2823429,1,5.0
2824208,1,5.0
2824459,1,5.0
2825783,1,5.0
2825988,1,0.0
2826099,1,0.0
2826155,1,5.0
2827307,1,5.0
2827753,1,5.0
2828134,2,2.5
2828169,1,5.0
2829247,1,5.0
2829687,1,0.0
2830220,1,5.0
2830405,1,5.0
2832078,1,5.0
2832215,1,5.0
2832821,1,4.0
2832982,1,5.0
2833590,1,5.0
2833698,1,5.0
2834004,1,0.0
2834301,1,0.0
2834342,1,4.0
2834513,1,4.0
2834639,1,4.0
2834713,1,0.0
2834763,1,2.0
2835677,1,0.0
2835795,1,5.0
2835842,1,0.0
2836416,1,5.0
2836908,1,5.0
2837147,1,5.0
2837315,1,0.0
2838045,1,1.0
2838800,1,5.0
2838936,1,0.0
2839863,1,5.0
2839947,1,4.0
2840337,1,5.0
2840424,1,5.0
2840770,1,5.0
2840775,1,5.0
2840944,1,0.0
2841013,1,5.0
2841532,1,5.0
2841543,1,5.0
2841878,1,5.0
2841935,1,5.0
2842207,1,4.0
2842229,1,5.0
2843188,1,5.0
2843219,1,5.0
2843474,1,5.0
2843867,1,5.0
2844149,1,5.0
2844172,2,2.5
2844744,1,5.0
2845392,1,5.0
2845423,1,5.0
2845894,1,5.0
2846020,1,4.0
2846141,1,0.0
2846200,1,4.0
2847907,1,5.0
2848132,1,1.0
2848659,1,5.0
2849082,1,3.0
2849436,1,5.0
2850165,1,1.0
2850332,1,5.0
2851056,1,2.0
2851293,1,4.0
2851376,1,5.0
2852377,1,5.0
2853327,1,5.0
2853460,1,5.0
2853511,1,3.0
2853763,1,1.0
2853813,1,5.0
2854176,1,5.0
2854254,1,5.0
2854671,1,5.0
2855242,1,0.0
2855356,1,5.0
2855381,1,5.0
2855414,1,5.0
2855424,1,3.0
2855527,1,4.0
2855569,1,4.0
2856178,1,5.0
2856634,1,5.0
2857731,1,5.0
2857914,1,4.0
2858064,1,5.0
2858099,1,4.0
2858137,1,5.0
2858704,1,5.0
2858724,1,5.0
2858957,1,5.0
2859213,1,5.0
2859324,1,4.0
2859357,1,5.0
2859463,1,5.0
2859664,1,0.0
2859673,1,0.0
2859961,1,0.0
2860007,1,4.0
2860046,1,5.0
2860272,1,5.0
2861912,1,5.0
2862229,1,5.0
2862866,1,5.0
2863030,1,5.0
2863077,1,5.0
2863901,1,5.0
2864637,1,0.0
2864766,1,0.0
2864804,1,0.0
2865036,1,5.0
2865217,1,5.0
2865551,1,4.0
2865746,1,5.0
2866001,1,4.0
2866195,1,2.0
2866243,1,5.0
2866445,1,5.0
2866513,1,5.0
2866630,1,5.0
2867021,1,0.0
2867398,1,5.0
2867615,2,5.0
2868191,5,4.6
2868234,1,5.0
2868380,1,0.0
2868515,1,0.0
2868772,1,5.0
2870713,1,5.0
2871060,1,5.0
2871113,1,0.0
2871757,1,0.0
2872475,1,3.0
2873384,1,0.0
2873522,1,5.0
2873675,1,5.0
2873848,1,0.0
2874330,1,5.0
2874585,2,2.5
2875140,1,0.0
2875233,1,5.0
2876487,1,5.0
2876528,1,0.0
2876565,1,4.0
2876642,2,5.0
2877538,1,5.0
2877612,1,5.0
2878487,2,5.0
2878902,1,5.0
2879243,1,5.0
2879346,1,5.0
2879565,1,5.0
2879777,1,5.0
2880075,1,5.0
2881934,1,5.0
2882740,1,5.0
2882755,6,5.0
2883134,1,3.0
2883276,1,5.0
2883709,1,0.0
2885046,1,3.0
2885315,1,5.0
2885853,1,5.0
2886056,1,4.0
2886227,1,0.0
2886598,1,5.0
2887622,1,5.0
2887792,1,5.0
2889257,1,5.0
2889695,1,5.0
2889974,1,1.0
2890014,1,5.0
2890347,1,3.0
2890415,1,5.0
2890509,1,3.0
2890946,1,5.0
2891068,1,5.0
2891654,1,5.0
2891708,1,5.0
2892081,1,5.0
2892541,1,0.0
2892566,1,4.0
2892914,1,5.0
2893563,1,5.0
2894200,1,5.0
2894225,1,5.0
2894707,1,5.0
2894864,1,5.0
2895323,1,5.0
2895407,1,5.0
2895910,1,5.0
2895959,1,5.0
2896344,1,3.0
2896584,1,5.0
2896622,1,1.0
2896662,1,5.0
2897216,1,5.0
2897248,2,5.0
2897396,1,5.0
2897447,1,5.0
2897967,1,4.0
2898327,1,3.0
2899576,1,5.0
2899966,1,4.0
2901572,1,5.0
2901573,1,5.0
2901609,1,4.0
2901713,1,0.0
2901751,1,5.0
2901881,1,5.0
2902308,1,4.0
2902417,1,1.0
2902514,1,5.0
2902833,1,5.0
2903157,1,0.0
2903337,1,5.0
2903369,1,4.0
2903403,1,5.0
2903573,1,3.0
2904235,1,5.0
2904763,1,1.0
2904982,1,5.0
2905129,1,0.0
2905281,2,4.0
2905463,1,5.0
2905841,1,2.0
2905905,1,5.0
2906102,1,5.0
2906169,1,4.0
2907725,1,5.0
2908121,1,5.0
2908494,3,5.0
2908565,1,5.0
2908734,1,0.0
2909438,1,5.0
2909864,1,4.0
2910340,1,5.0
2910889,1,5.0
2911244,1,5.0
2912073,1,5.0
2912115,1,5.0
2912402,1,0.0
2913268,1,5.0
2913361,1,0.0
2913456,1,5.0
2913471,1,3.0
2913910,1,5.0
2914986,1,1.0
2915008,2,0.0
2915345,1,5.0
2915658,2,3.5
2915913,1,5.0
2915933,1,5.0
2916010,1,5.0
2917744,1,4.0
2918326,1,4.0
2918498,1,5.0
2918518,1,0.0
2918676,1,5.0
2920332,2,5.0
2920342,1,2.0
2920827,1,5.0
2920881,1,4.0
2921497,1,5.0
2921969,1,5.0
2922466,1,4.0
2922553,1,4.0
2922618,1,5.0
2923719,1,4.0
2924015,1,0.0
2924133,1,1.0
2924524,1,5.0
2924855,1,5.0
2925068,1,5.0
2925393,1,5.0
2926582,1,0.0
2926863,1,5.0
2927135,1,5.0
2927481,1,5.0
2927513,1,0.0
2927931,1,4.0
2928389,1,0.0
2928830,1,4.0
2929367,1,0.0
2929406,1,3.0
2930688,1,4.0
2930929,1,0.0
2931840,1,1.0
2931943,1,5.0
2932236,1,5.0
2932380,1,5.0
2932700,1,5.0
2933439,1,5.0
2933538,1,4.0
2933896,1,5.0
2934168,1,5.0
2935097,1,5.0
2935150,1,5.0
2935644,1,3.0
2935688,1,5.0
2936052,1,5.0
2936275,1,5.0
2936349,1,5.0
2936504,1,5.0
2936551,1,4.0
2936578,1,0.0
2937536,1,5.0
2937923,1,5.0
2939315,1,5.0
2940636,1,5.0
2940730,1,5.0
2940952,1,5.0
2941054,2,5.0
2941110,1,5.0
2941176,1,5.0
2941292,1,0.0
2941605,1,4.0
2941823,1,4.0
2942342,1,5.0
2942502,1,5.0
2942564,1,4.0
2942567,1,0.0
2942866,1,0.0
2943579,1,5.0
2943612,1,5.0
2944019,1,4.0
2944955,1,4.0
2945656,1,1.0
2946794,1,5.0
2947216,1,0.0
2947902,2,2.5
2949020,1,5.0
2949695,1,3.0
2950350,1,4.0
2950663,1,5.0
2950705,1,5.0
2950891,1,3.0
2951099,1,5.0
2951630,1,4.0
2951890,1,5.0
2952034,1,5.0
2952361,1,3.0
2952393,1,5.0
2952681,1,4.0
2953031,1,4.0
2953383,1,4.0
2954419,1,5.0
2954939,1,4.0
2956113,1,5.0
2956130,1,5.0
2956175,1,1.0
2956203,1,5.0
2956737,1,5.0
2957166,1,0.0
2957529,1,5.0
2958014,2,2.5
2958060,1,5.0
2959348,1,3.0
2959531,1,5.0
2959698,1,5.0
2959732,1,5.0
2960311,1,0.0
3340254,1,5.0
3490035,1,5.0
3965649,1,4.0
4420108,1,4.0
4510585,1,0.0
4651355,1,5.0
4854891,1,5.0
4894725,1,5.0
5034628,1,0.0
5133756,1,0.0
5204653,4,4.0
5210524,1,5.0
5306881,1,4.0
5441518,1,4.0
5490017,1,5.0
5498914,1,5.0
5518243,1,5.0
5669231,1,4.0
5688630,1,5.0
5702256,1,5.0
5890033,1,2.0
5911499,1,4.0
5925682,1,0.0
5947928,1,5.0
5975680,1,5.0
6095229,1,3.0
6240791,1,0.0
6320280,1,5.0
6721226,1,5.0
7012834,1,2.0
7073714,1,5.0
7148914,1,0.0
7173268,2,2.5
7211484,2,2.0
7240889,1,2.0
7248862,1,5.0
7393376,1,4.0
7407413,1,5.0
7474980,1,5.0
7501151,1,5.0
7518601,1,5.0
7563243,1,5.0
7578910,1,5.0
7591929,1,0.0
7733240,1,5.0
7792250,1,4.0
7809278,1,5.0
7828346,1,5.0
7861049,1,5.0
7884245,1,5.0
7918085,1,0.0
7919443,1,5.0
7947756,1,5.0
8084606,1,5.0
8155684,1,0.0
8218866,1,4.0
8255690,1,5.0
8292446,1,5.0
8344778,1,5.0
8553402,2,2.0
8578679,1,5.0
8637642,1,4.0
8713835,1,0.0
8901114,1,5.0
9018586,1,4.0
9115179,1,5.0
9121436,1,0.0
9156717,1,4.0
9199069,1,4.0
9222402,1,4.0
9238760,1,2.0
9336543,1,5.0
9509393,1,5.0
9628029,1,5.0
9691400,1,0.0
10235461,1,5.0
10323151,1,0.0
10365382,1,5.0
10375985,1,5.0
10442994,1,3.0
10518139,1,0.0
10623027,1,0.0
10686475,1,3.0
10702533,1,4.0
10769983,1,0.0
10845521,1,4.0
11038271,1,5.0
11045861,1,0.0
11165314,1,5.0
11196258,1,5.0
11204456,1,0.0
11254767,1,5.0
11280221,1,5.0
11293545,1,5.0
11337501,1,0.0
11344701,1,4.0
11415162,1,0.0
11455520,1,0.0
11460272,1,5.0
11493916,1,0.0
11531274,1,2.0
11599469,1,5.0
11634365,1,0.0
11660872,1,5.0
11673203,1,5.0
11690034,1,5.0
11710638,1,0.0
11739510,1,5.0
11750056,1,5.0
11794238,1,3.0
11799897,1,5.0
11844072,1,5.0
11902629,1,5.0
11916248,1,1.0
11933184,1,4.0
11948643,1,5.0
12021250,1,5.0
12041592,1,5.0
12068436,1,0.0
12105388,1,0.0
12179469,1,5.0
12182949,1,5.0
12193529,1,5.0
12221559,1,5.0
12235961,1,4.0
12237760,1,5.0
12343910,1,5.0
12354101,1,0.0
12399812,1,5.0
12438141,1,5.0
12467879,1,5.0
12555787,1,5.0
12570586,1,5.0
12576176,1,5.0
12581984,1,5.0
12657319,1,5.0
12722383,1,5.0
12740473,1,5.0
12765459,1,5.0
12770004,1,0.0
12836642,1,5.0
12866531,1,5.0
12867764,1,1.0
12962790,1,5.0
13005000,1,5.0
13114429,1,0.0
13131628,1,5.0
13176704,1,5.0
40228565,1,5.0
40378373,1,5.0
40568011,1,5.0
40636702,2,5.0
40804007,1,4.0
41302486,1,0.0
41351295,1,5.0
41528329,1,5.0
41617865,1,5.0
41666189,1,3.0
41693800,1,5.0
41704343,1,4.0
41708150,1,5.0
41727760,1,5.0
41797802,1,5.0
41871562,1,5.0
41883942,1,0.0
41909931,1,4.0
41919636,1,5.0
41932823,1,0.0
41956952,1,5.0
42080388,1,5.0
42150402,1,5.0
42222243,1,5.0
42243466,1,5.0
42268777,2,5.0
42288242,1,5.0
42300618,1,5.0
42307840,1,5.0
42309018,1,5.0
42393302,1,5.0
42396499,1,4.0
42407781,1,5.0
42457718,1,2.0
42459674,1,5.0
42483917,1,0.0
42504807,1,5.0
42505081,1,0.0
42560118,1,4.0
42614665,1,5.0
42624158,1,5.0
42629094,1,0.0
42767382,1,0.0
42778930,1,5.0
42902396,1,0.0
42904871,1,5.0
42961895,1,0.0
42962512,1,0.0
43028169,1,0.0
43031631,1,3.0
43161248,1,5.0
43222046,1,5.0
43263553,1,5.0
43300845,1,0.0
43352182,1,5.0
43360947,1,5.0
43499151,1,5.0
43523032,1,5.0
43548308,1,0.0
43554700,1,5.0
43576981,1,5.0
43580073,1,5.0
43600905,1,5.0
43635695,1,5.0
44108846,1,5.0
44311534,1,5.0
44754688,1,5.0
44758753,1,5.0
44767902,1,5.0
44773051,1,5.0
44815571,1,5.0
44822988,1,0.0
44878438,1,0.0
44904463,1,5.0
44907487,1,5.0
44941794,1,5.0
44951314,1,5.0
45001496,1,0.0
45040906,1,5.0
45044847,1,5.0
45142474,1,0.0
45207809,1,5.0
45208145,1,0.0
45239087,1,5.0
45244289,1,5.0
45272898,1,5.0
45276211,1,5.0
45283875,1,5.0
45310391,1,5.0
45362526,1,3.0
45455191,2,1.5
45463519,1,4.0
45506605,1,5.0
45545421,1,5.0
45602758,1,5.0
45617479,1,5.0
45619833,1,5.0
45628116,1,0.0
45632443,1,5.0
45634844,1,4.0
45636338,1,5.0
45699042,1,5.0
45707097,1,5.0
45720671,1,5.0
45733789,1,5.0
45777369,1,5.0
45856668,1,1.0
45916028,1,5.0
45944420,1,5.0
45955844,1,3.0
45960342,2,4.5
45972949,1,5.0
45990620,1,4.0
46035811,1,5.0
46048050,1,5.0
46062096,1,0.0
46080726,3,5.0
46084354,1,5.0
46086109,1,5.0
46112510,1,5.0
46176175,1,5.0
46190388,1,5.0
46196475,1,5.0
46232813,1,4.0
46241155,1,5.0
46248342,1,5.0
46249695,1,0.0
46256407,1,1.0
46263071,1,5.0
46265606,1,4.0
1800035540,1,0.0
1800036071,1,0.0
1800036218,1,5.0
1800036781,1,0.0
1800038653,1,5.0
1800038671,1,0.0
1800038737,1,5.0
1800038781,1,5.0
1800039535,1,0.0
1800039665,1,5.0
1800039992,1,5.0
1800040699,1,3.0
1800042015,1,0.0
1800042404,1,4.0
1800043275,1,4.0
1800043386,1,4.0
1800044965,1,5.0
1800045598,1,5.0
1800045611,1,5.0
1800046059,1,5.0
1800047249,1,5.0
1800047561,1,3.0
1800048447,1,0.0
1800048907,1,5.0
1800049380,1,3.0
1800049409,1,5.0
1800049621,1,5.0
1800050059,1,5.0
1800050891,1,5.0
1800051736,1,0.0
1800051954,1,5.0
1800052567,1,5.0
1800052976,1,5.0
1800052994,1,5.0
1800053187,1,5.0
1800053222,1,5.0
1800054678,30,4.866666666666666
1800055116,1,5.0
1800055504,1,0.0
1800056134,1,0.0
1800056844,1,5.0
1800057202,1,5.0
1800057970,1,5.0
1800058255,1,5.0
1800059670,1,3.0
1800060921,1,1.0
1800062824,1,3.0
1800063277,1,4.0
1800063750,2,5.0
1800064409,1,0.0
1800065809,1,0.0
1800065814,1,4.0
1800067111,1,5.0
1800067319,1,5.0
1800067732,1,0.0
1800068686,2,4.0
1800070099,1,5.0
1800070499,1,5.0
1800070936,1,5.0
1800071363,1,2.0
1800071475,1,5.0
1800071577,1,5.0
1800072135,1,5.0
1800072325,1,5.0
1800073293,1,1.0
1800075671,1,0.0
1800075681,1,5.0
1800076413,1,5.0
1800076544,1,5.0
1800077559,1,0.0
1800081434,1,0.0
1800081672,1,5.0
1800081962,1,5.0
1800083057,1,5.0
1800085972,1,3.0
1800088001,1,5.0
1800088027,1,0.0
1800089287,1,0.0
1800090141,1,0.0
1800092473,1,5.0
1800093616,1,5.0
1800093880,1,0.0
1800095597,1,5.0
1800096399,1,0.0
1800096666,1,5.0
1800097049,1,5.0
1800097342,1,5.0
1800097569,1,5.0
1800097950,1,5.0
1800099454,1,5.0
1800099849,1,0.0
1800100300,1,5.0
1800100847,1,4.0
1800101115,1,0.0
1800101503,1,0.0
1800101628,1,5.0
1800103922,1,3.0
1800104536,1,5.0
1800105527,1,0.0
1800108357,1,5.0
1800110974,1,5.0
1800115255,1,5.0
1800115330,1,5.0
1800115920,1,1.0
1800116055,1,5.0
1800116097,1,5.0
1800116533,1,1.0
1800116610,1,5.0
1800117145,1,5.0
1800117976,1,5.0
1800118106,1,0.0
1800120288,1,5.0
1800122896,1,5.0
1800122977,1,3.0
1800124049,1,4.0
1800125166,1,5.0
1800127508,1,5.0
1800127644,3,5.0
1800128321,1,5.0
1800128520,1,5.0
1800129668,1,2.0
1800132892,1,0.0
1800132989,1,5.0
1800134093,1,4.0
1800135669,1,5.0
1800136367,1,0.0
1800136844,1,5.0
1800137054,1,5.0
1800137542,1,4.0
1800138580,1,5.0
1800139492,1,5.0
1800139538,1,5.0
1800139562,1,5.0
1800144435,1,5.0
1800146039,1,3.0
1800146466,1,2.0
1800146985,1,5.0
1800147551,1,5.0
1800147658,1,4.0
1800148278,1,5.0
1800148850,1,5.0
1800148863,1,4.0
1800148895,1,5.0
1800150562,1,0.0
1800154750,1,5.0
1800155683,1,4.0
1800157803,1,4.0
1800158539,1,5.0
1800160282,1,5.0
1800160350,1,4.0
1800161710,1,4.0
1800161890,1,0.0
1800162237,1,5.0
1800163755,2,3.0
1800165363,1,4.0
1800166518,1,5.0
1800167311,1,5.0
1800169424,1,4.0
1800170829,1,5.0
1800170869,1,5.0
1800171086,1,5.0
1800171438,1,5.0
1800173022,1,5.0
1800173778,1,4.0
1800174616,1,5.0
1800175345,1,5.0
1800176824,1,5.0
1800177179,1,1.0
1800177712,1,5.0
1800177716,1,5.0
1800177830,1,4.0
1800178459,1,0.0
1800180273,1,5.0
1800191639,1,5.0
1800192265,1,1.0
1800193850,1,5.0
1800193927,1,5.0
1800194554,1,0.0
1800194753,1,5.0
1800195100,1,5.0
1800195892,1,0.0
1800197359,1,5.0
1800198411,1,4.0
1800199036,1,3.0
1800199313,2,5.0
1800199717,1,4.0
1800199753,1,5.0
1800199924,1,5.0
1800201091,1,5.0
1800204817,1,5.0
1800207582,1,5.0
1800209041,1,5.0
1800209130,1,5.0
1800215294,1,5.0
1800218815,1,2.0
1800220450,1,5.0
1800221252,1,0.0
1800221468,1,5.0
1800224896,1,4.0
1800226000,1,5.0
1800228103,1,5.0
1800230938,1,5.0
1800231985,1,4.0
1800232197,1,5.0
1800233041,1,1.0
1800237775,1,5.0
1800239224,1,5.0
1800239837,1,5.0
1800239859,1,5.0
1800243352,1,5.0
1800244285,1,5.0
1800247385,1,0.0
1800248525,1,4.0
1800249573,1,5.0
1800250172,1,4.0
1800252099,1,2.0
1800252324,1,5.0
1800252447,1,5.0
1800255397,1,5.0
1800255933,1,5.0
1800256216,1,5.0
1800257257,1,1.0
1800257716,1,5.0
1800257966,1,5.0
1800258356,1,5.0
1800258472,1,5.0
1800260091,1,5.0
1800261548,1,4.0
1800262126,1,0.0
1800263181,1,5.0
1800265579,1,5.0
1800266019,1,5.0
1800266608,1,5.0
1800268939,1,5.0
1800270687,1,5.0
1800271054,1,5.0
1800272514,1,3.0
1800278108,3,2.3333333333333335
1800278372,1,4.0
1800284589,1,5.0
1800284601,1,5.0
1800285370,1,5.0
1800286030,1,4.0
1800287433,1,5.0
1800290575,1,5.0
1800292167,4,5.0
1800293132,1,0.0
1800294305,1,5.0
1800295106,1,5.0
1800295498,1,5.0
1800295761,1,0.0
1800296559,1,5.0
1800297486,1,0.0
1800298810,1,0.0
1800302949,1,5.0
1800303042,1,5.0
1800305913,1,5.0
1800306071,1,5.0
1800307712,1,4.0
1800307772,1,0.0
1800315335,1,3.0
1800318767,1,5.0
1800322898,1,5.0
1800324476,1,5.0
1800327024,1,5.0
1800328001,1,0.0
1800328939,1,5.0
1800330438,1,5.0
1800330771,1,5.0
1800333697,1,0.0
1800333792,1,5.0
1800336594,1,5.0
1800340837,1,5.0
1800342194,1,1.0
1800344721,1,5.0
1800345229,1,2.0
1800345476,1,5.0
1800346017,1,5.0
1800348325,1,5.0
1800349144,1,5.0
1800349537,1,5.0
1800353907,1,0.0
1800355222,1,5.0
1800355482,1,5.0
1800357256,1,4.0
1800359452,1,1.0
1800364713,1,5.0
1800366475,1,4.0
1800367919,1,4.0
1800372525,1,1.0
1800376301,1,0.0
1800382744,1,4.0
1800386085,1,0.0
1800399629,1,1.0
1800432530,1,3.0
1800443165,1,5.0
1800444904,1,0.0
1800457685,1,5.0
1800479164,1,5.0
1800482186,1,5.0
1800495144,1,0.0
1800528992,1,5.0
1800533424,1,0.0
1800552070,1,5.0
1800556752,1,5.0
1800556771,1,0.0
1800558007,1,5.0
1800585544,1,0.0
1800586284,1,4.0
1800589584,1,5.0
1800590844,1,5.0
1800599522,1,5.0
1800599865,1,4.0
1800608876,1,3.0
1800610328,1,5.0
1800614564,1,5.0
1800617324,1,5.0
1800642424,1,5.0
1800647966,1,4.0
1800656985,1,0.0
1800657884,1,5.0
1800663545,1,5.0
1800672004,1,5.0
1800677024,1,0.0
1800729785,1,5.0
1800781706,1,4.0
1800822324,1,4.0
1800840285,1,5.0
1800844367,1,1.0
1800847804,1,2.0
1800855606,1,2.0
1800878704,1,1.0
1800893389,1,0.0
1800904244,1,5.0
1800916504,1,5.0
1800935466,1,4.0
1800967205,1,3.0
1801001164,1,5.0
1801001528,1,5.0
1801014847,1,5.0
1801054667,2,2.5
1801054704,1,5.0
1801106664,1,5.0
1801126064,1,4.0
1801139404,1,0.0
1801140578,1,5.0
1801146346,1,5.0
1801153488,1,1.0
1801158305,1,5.0
1801171524,1,2.0
1801172245,1,1.0
1801183225,1,5.0
1801195284,1,5.0
1801201524,3,4.666666666666667
1801229764,2,5.0
1801261044,1,5.0
1801268585,1,5.0
1801304324,1,5.0
1801354225,1,0.0
1801368304,1,5.0
1801369084,1,4.0
1801376231,1,0.0
1801381287,2,4.5
1801397764,1,5.0
1801461665,1,5.0
1801469204,1,4.0
1801471907,1,5.0
1801484264,1,4.0
1801486585,1,4.0
1801493245,1,5.0
1801520184,1,4.0
1801548244,1,5.0
1801584704,1,5.0
1801590564,1,5.0
1801598265,1,5.0
1801601104,1,5.0
1801601864,1,0.0
1801606444,1,5.0
1801607124,1,0.0
1801627924,1,5.0
1801655445,1,0.0
1801665125,1,5.0
1801690565,1,4.0
1801703906,1,5.0
1801708168,1,4.0
1801722224,1,4.0
1801724586,1,3.0
1801733905,1,0.0
1801764785,1,5.0
1801767566,1,0.0
1801827605,1,5.0
1801845704,1,5.0
1801865125,1,2.0
1801893144,1,5.0
1801921205,1,5.0
1801926907,1,5.0
1801928490,1,4.0
1801929884,1,5.0
1801962824,1,4.0
1801977865,1,5.0
1801994149,1,5.0
1802005284,1,5.0
1802015224,1,5.0
1802022924,1,4.0
1802028886,1,5.0
1802036386,1,5.0
1802044924,1,5.0
1802080805,1,0.0
1802082984,1,4.0
1802091324,1,2.0
1802111465,1,4.0
1802123825,1,5.0
1802126606,1,0.0
1802131864,1,0.0
1802164825,1,0.0
1802165344,1,5.0
1802165904,2,4.5
1802169525,1,5.0
1802175966,1,4.0
1802244784,1,5.0
1802294646,1,5.0
1802311364,1,0.0
1802341766,1,0.0
1802358596,1,5.0
1802362535,1,5.0
1802366751,1,5.0
1802367921,1,5.0
1802369823,1,5.0
1802377647,1,5.0
1802379596,1,3.0
1802379658,1,5.0
1802379769,1,5.0
1802380439,1,5.0
1802380788,1,5.0
1802381320,1,5.0
1802383036,1,0.0
1802389045,1,4.0
1802390516,1,5.0
1802390922,1,4.0
1802390946,1,5.0
1802396566,1,4.0
1802398873,1,5.0
1802402476,1,4.0
1802404717,1,0.0
1802406195,1,0.0
1802406495,1,0.0
1802407365,1,5.0
1802407475,1,5.0
1802407862,1,5.0
1802410232,1,1.0
1802412496,1,5.0
1802412753,1,4.0
1802414016,1,0.0
1802417082,1,5.0
1802417546,1,0.0
1802418767,1,5.0
1802421722,1,5.0
1802421864,1,5.0
1802422579,1,5.0
1802422731,1,5.0
1802422885,1,0.0
1802425003,1,5.0
1802425088,1,0.0
1802427220,1,4.0
1802427241,1,0.0
1802428607,1,0.0
1802429811,1,5.0
1802430869,1,4.0
1802432159,1,5.0
1802434193,1,5.0
1802434570,1,5.0
1802436486,1,1.0
1802437612,1,5.0
1802438587,1,5.0
1802440648,1,5.0
1802442592,1,5.0
1802443497,1,0.0
1802443794,1,4.0
1802444757,1,3.0
1802445167,1,3.0
1802446961,1,5.0
1802447792,1,4.0
1802448293,1,0.0
1802448540,1,5.0
1802450269,1,4.0
1802451523,1,5.0
1802451575,1,5.0
1802451960,1,5.0
1802452184,1,5.0
1802453452,1,5.0
1802453935,1,5.0
1802454449,1,5.0
1802454973,1,5.0
1802455738,1,0.0
1802456508,1,0.0
1802457414,1,5.0
1802457605,1,5.0
1802459110,1,1.0
1802460062,1,0.0
1802460873,1,0.0
1802461244,1,1.0
1802463222,1,5.0
1802463940,1,5.0
1802464013,1,5.0
1802468158,1,4.0
1802470564,1,0.0
1802471140,1,4.0
1802472659,1,5.0
1802473200,1,5.0
1802474398,1,0.0
1802475248,1,5.0
1802478249,1,5.0
1802478547,1,4.0
1802483878,1,5.0
1802485165,1,2.0
1802485794,1,5.0
1802490981,1,1.0
1802492282,1,5.0
1802492660,1,5.0
1802494611,1,5.0
1802499137,1,5.0
1802500633,1,5.0
1802504940,1,3.0
1802506305,1,5.0
1802507799,1,5.0
1802508781,1,1.0
1802510135,1,5.0
1802511157,1,5.0
1802514573,1,4.0
1802515300,1,5.0
1802518013,2,3.0
1802518583,1,5.0
1802519848,1,5.0
1802519875,1,5.0
1802521086,1,3.0
1802524754,1,5.0
1802529769,1,5.0
1802530651,1,5.0
1802531917,1,5.0
1802533168,1,5.0
1802533639,1,5.0
1802535016,1,5.0
1802535091,1,5.0
1802538568,1,1.0
1802540634,1,1.0
1802545116,1,5.0
1802547211,1,5.0
1802547495,1,5.0
1802548456,1,5.0
1802550428,1,5.0
1802551894,1,5.0
1802554925,1,0.0
1802557126,1,0.0
1802557743,1,5.0
1802562253,1,5.0
1802562986,1,5.0
1802563836,1,0.0
1802563900,1,0.0
1802563993,1,0.0
1802564438,1,1.0
1802565289,1,3.0
1802567617,1,5.0
1802569749,1,0.0
1802571740,1,3.0
1802572791,1,5.0
1802573583,1,2.0
1802574259,1,5.0
1802576252,1,0.0
1802576927,1,5.0
1802579575,1,5.0
1802581786,1,4.0
1802582540,1,5.0
1802585205,1,4.0
1802585331,1,0.0
1802585584,1,5.0
1802590319,1,5.0
1802592496,1,5.0
1802592852,1,5.0
1802593639,1,3.0
1802593955,1,4.0
1802594640,1,5.0
1802596873,1,5.0
1802604155,1,0.0
1802604772,1,0.0
1802605251,1,5.0
1802605395,1,4.0
1802607837,1,3.0
1802607866,1,0.0
1802608664,1,5.0
1802608922,1,5.0
1802609359,1,0.0
1802611463,1,5.0
1802612839,1,5.0
1802614768,2,2.5
1802616660,1,5.0
1802617570,1,0.0
1802618258,1,5.0
1802619554,1,4.0
1802621536,1,5.0
1802622956,1,0.0
1802624639,1,5.0
1802624940,1,5.0
1802625199,1,5.0
1802625829,1,5.0
1802625915,1,5.0
1802625937,1,5.0
1802630400,1,5.0
1802631609,1,4.0
1802632248,1,5.0
1802632464,1,5.0
1802633279,1,3.0
1802633766,2,5.0
1802634248,1,1.0
1802635187,2,4.0
1802635391,1,5.0
1802635765,1,0.0
1802635914,1,0.0
1802636110,1,5.0
1802636976,1,5.0
1802637100,1,5.0
1802637236,1,0.0
1802637368,1,4.0
1802637532,1,5.0
1802638493,1,5.0
1802639115,1,5.0
1802639291,1,5.0
1802639328,1,5.0
1802639331,1,5.0
1802639346,1,5.0
1802639348,1,5.0
1802639352,1,5.0
1802639355,1,5.0
1802639357,1,5.0
1802639358,1,5.0
1802639441,1,0.0
1802639878,1,5.0
1802640240,1,5.0
1802640266,1,5.0
1802640293,1,5.0
1802640303,1,5.0
1802640305,2,5.0
1802640317,1,5.0
1802640322,1,5.0
1802640735,1,5.0
1802641343,1,3.0
1802641357,1,5.0
1802641380,1,0.0
1802642523,1,5.0
1802642599,1,5.0
1802642721,1,5.0
1802643348,1,5.0
1802644692,1,5.0
1802644711,1,5.0
1802644757,1,5.0
1802645685,1,5.0
1802646004,1,0.0
1802646216,1,5.0
1802646278,1,5.0
1802646284,1,5.0
1802646299,1,5.0
1802646305,1,5.0
1802646308,1,5.0
1802647519,1,3.0
1802647601,1,5.0
1802647620,1,5.0
1802647699,1,5.0
1802648410,1,5.0
1802648925,1,5.0
1802648926,1,5.0
1802648998,1,5.0
1802649002,1,5.0
1802649060,1,5.0
1802649077,1,5.0
1802649091,1,5.0
1802649217,1,5.0
1802649423,1,5.0
1802649455,1,5.0
1802649480,1,5.0
1802649497,1,5.0
1802649498,1,5.0
1802649510,1,5.0
1802649569,1,5.0
1802649573,1,5.0
1802649653,1,5.0
1802649676,1,5.0
1802649701,1,5.0
1802649705,1,5.0
1802649708,1,5.0
1802649712,1,5.0
1802649713,1,5.0
1802649716,1,5.0
1802649720,1,5.0
1802649734,1,5.0
1802649741,1,5.0
1802649746,1,5.0
1802649756,1,5.0
1802649758,1,5.0
1802649773,1,5.0
1802649778,1,5.0
1802649783,1,5.0
1802649786,1,5.0
1802649787,1,5.0
1802649821,1,5.0
1802649827,1,5.0
1802649835,1,5.0
1802649846,1,5.0
1802649854,1,5.0
1802650202,1,5.0
1802650237,1,5.0
1802650292,1,5.0
1802650340,1,5.0
1802650342,1,5.0
1802650347,1,5.0
1802650403,1,5.0
1802650762,1,5.0
1802650776,1,5.0
1802650779,1,0.0
1802650852,1,5.0
1802650897,1,5.0
1802650909,1,5.0
1802650924,2,5.0
1802650948,1,5.0
1802651165,1,5.0
1802651220,2,5.0
1802651624,1,5.0
1802652142,1,5.0
1802652156,1,5.0
1802652179,1,5.0
1802652197,1,5.0
1802652215,1,5.0
1802652222,1,5.0
1802652228,1,5.0
1802652244,1,5.0
1802652256,1,5.0
1802652278,1,5.0
1802652318,1,5.0
1802652321,1,5.0
1802652474,1,5.0
1802652479,1,5.0
1802652662,1,5.0
1802652806,1,1.0
1802653456,1,5.0
1802654078,1,5.0
1802654245,1,0.0
1802655893,1,2.0
1802656331,1,5.0
1802656642,1,5.0
1802656716,1,0.0
1802656792,1,1.0
1802657021,1,5.0
1802660470,1,5.0
1802661049,1,2.0
1802663571,1,4.0
1802665066,1,5.0
1802665399,1,0.0
1802665564,1,4.0
1802667125,2,5.0
1802667824,1,5.0
1802667833,1,5.0
1802668312,1,5.0
1802669185,1,0.0
1802672190,1,3.0
1802676224,1,5.0
1802676284,1,5.0
1802677280,1,0.0
1802680355,1,5.0
1802680362,1,4.0
1802682762,1,5.0
1802682790,1,0.0
1802682866,1,0.0
1802683597,1,5.0
1802683802,1,5.0
1802683855,1,1.0
1802686069,1,5.0
1802686349,1,5.0
1802686496,1,5.0
1802690542,1,0.0
1802691269,1,1.0
1802694548,1,5.0
1802694935,3,4.333333333333333
1802695191,1,5.0
1802695266,1,5.0
1802697128,1,5.0
1802697165,1,0.0
1802697284,1,0.0
1802697809,1,5.0
1802697968,1,5.0
1802698818,1,0.0
1802698945,1,2.0
1802699551,1,0.0
1802700139,1,5.0
1802701212,1,0.0
1802701596,1,4.0
1802701970,1,5.0
1802702047,1,5.0
1802702248,1,5.0
1802709616,1,4.0
1802712257,1,0.0
1802713408,1,5.0
1802715304,1,5.0
1802717357,1,5.0
1802728782,1,5.0
1802729093,1,5.0
1802729882,1,4.0
1802733565,1,5.0
1802734451,1,5.0
1802735554,1,5.0
1802737240,2,4.5
1802738581,1,5.0
1802738659,1,0.0
1802738961,1,5.0
1802741760,1,5.0
1802742572,1,5.0
1802744214,1,5.0
1802745719,1,0.0
1802747034,1,5.0
1802747475,1,5.0
1802747822,1,5.0
1802748127,1,5.0
1802755756,1,0.0
1802756052,1,4.0
1802757009,1,3.0
1802759963,1,0.0
1802760037,1,5.0
1802763070,1,5.0
1802764884,1,5.0
1802767046,2,5.0
1802767860,1,0.0
1802769572,1,5.0
1802770623,1,5.0
1802771863,1,5.0
1802772108,1,5.0
1802775070,1,5.0
1802778489,1,5.0
1802779270,1,5.0
1802779761,1,5.0
1802783189,1,0.0
1802787275,1,0.0
1802789129,1,5.0
1802791010,1,0.0
1802792575,1,5.0
1802793382,1,5.0
1802793526,1,5.0
1802796166,1,4.0
1802796316,1,5.0
1802798944,1,5.0
1802799588,1,5.0
1802800483,1,4.0
1802801253,1,5.0
1802803032,1,5.0
1802803317,1,5.0
1802803573,1,0.0
1802803766,1,2.0
1802805103,1,5.0
1802808500,1,4.0
1802809622,1,5.0
1802810949,1,5.0
1802811100,1,5.0
1802812787,1,5.0
1802812903,1,4.0
1802815146,1,5.0
1802815401,1,5.0
1802815942,1,5.0
1802816297,1,5.0
1802821179,1,5.0
1802821513,1,1.0
1802824005,1,3.0
1802824720,1,5.0
1802826393,1,5.0
1802829436,1,5.0
1802829537,1,5.0
1802830336,3,5.0
1802833276,1,0.0
1802834210,1,1.0
1802835600,1,5.0
1802835990,1,0.0
1802837201,1,4.0
1802839126,1,5.0
1802840915,1,5.0
1802841450,1,0.0
1802845494,1,5.0
1802849661,42,4.738095238095238
1802851076,1,4.0
1802851564,1,5.0
1802855695,1,5.0
1802856594,1,5.0
1802860104,1,5.0
1802860515,1,0.0
1802860517,1,5.0
1802866371,1,5.0
1802866803,2,5.0
1802867703,1,5.0
1802867759,1,0.0
1802873004,1,5.0
1802874265,1,3.0
1802875507,1,3.0
1802875601,1,3.0
1802876770,1,5.0
1802877278,1,0.0
1802878046,1,5.0
1802878096,1,0.0
1802881529,1,5.0
1802882454,1,5.0
1802884114,1,5.0
1802892051,2,5.0
1802892495,1,1.0
1802892852,1,5.0
1802894425,2,0.0
1802898317,1,5.0
1802900684,1,1.0
1802905166,1,5.0
1802908216,1,5.0
1802908367,1,0.0
1802908928,1,5.0
1802910314,1,1.0
1802911673,1,5.0
1802912058,1,5.0
1802912072,1,0.0
1802912380,1,5.0
1802912401,1,5.0
1802913930,1,0.0
1802917693,1,5.0
1802918120,1,5.0
1802921187,1,5.0
1802922213,1,4.0
1802922656,1,5.0
1802923231,1,2.0
1802926567,1,0.0
1802930835,1,5.0
1802930953,1,5.0
1802931742,1,5.0
1802934737,1,5.0
1802934748,1,5.0
1802935813,1,5.0
1802936674,1,0.0
1802936715,2,5.0
1802937203,1,5.0
1802938614,1,1.0
1802940343,1,5.0
1802940935,1,5.0
1802943153,1,5.0
1802945333,1,2.0
1802950398,1,5.0
1802951101,1,0.0
1802951615,1,4.0
1802953193,1,4.0
1802957532,1,5.0
1802958753,1,5.0
1802959782,1,5.0
1802960615,1,5.0
1802960715,1,4.0
1802962360,1,5.0
1802962494,1,5.0
1802964648,1,4.0
1802965531,3,3.3333333333333335
1802967870,1,5.0
1802968100,1,4.0
1802968828,1,5.0
1802968939,1,0.0
1802969434,1,5.0
1802971080,1,4.0
1802971470,1,5.0
1802974001,1,5.0
1802974349,1,5.0
1802975353,2,5.0
1802975876,1,5.0
1802976822,1,5.0
1802978484,1,5.0
1802981931,1,1.0
1802981995,1,0.0
1802984408,1,4.0
1802984933,1,4.0
1802985254,1,5.0
1802985847,1,5.0
1802989504,1,5.0
1802990410,1,4.0
1802992871,1,0.0
1802993024,1,0.0
1802994954,1,4.0
1802995102,1,0.0
1802995302,1,5.0
1802995375,1,5.0
1802998196,1,5.0
1802998801,1,0.0
1802999449,1,5.0
1802999567,1,5.0
1802999580,1,5.0
1803000209,1,4.0
1803002650,1,5.0
1803004676,1,4.0
1803005318,6,4.5
1803006315,1,5.0
1803007662,1,5.0
1803007868,1,5.0
1803007872,1,5.0
1803012398,1,4.0
1803016167,1,5.0
1803018654,3,1.6666666666666667
1803019290,1,0.0
1803019339,1,5.0
1803019357,1,5.0
1803019366,1,5.0
1803019382,1,5.0
1803019640,1,5.0
1803019749,1,5.0
1803020042,3,2.3333333333333335
1803020753,1,5.0
1803021095,1,0.0
1803021487,1,5.0
1803022026,1,5.0
1803022419,1,0.0
1803024121,1,5.0
1803024479,1,0.0
1803024532,1,0.0
1803026281,1,5.0
1803028336,1,5.0
1803033287,1,3.0
1803033446,1,5.0
1803037996,1,5.0
1803038109,1,5.0
1803039150,1,0.0
1803039543,1,0.0
1803039657,1,5.0
1803041994,1,5.0
1803043184,1,5.0
1803046032,1,0.0
1803050408,1,5.0
1803050779,1,5.0
1803051069,1,5.0
1803053761,1,4.0
1803055453,1,5.0
1803055517,1,5.0
1803056088,1,5.0
1803058513,1,5.0
1803058579,1,5.0
1803060179,1,1.0
1803061344,1,0.0
1803062017,1,5.0
1803063825,1,5.0
1803064459,1,5.0
1803064949,1,4.0
1803067484,1,5.0
1803067659,1,1.0
1803068109,1,5.0
1803070407,1,5.0
1803070855,1,5.0
1803071639,2,5.0
1803072039,1,5.0
1803072398,1,5.0
1803073392,1,0.0
1803074027,1,5.0
1803074400,1,5.0
1803074590,1,5.0
1803075803,2,2.5
1803075870,2,5.0
1803076548,1,5.0
1803076811,1,5.0
1803077446,2,5.0
1803079373,1,0.0
1803080521,1,0.0
1803080660,1,5.0
1803081474,1,0.0
1803081888,1,0.0
1803082605,1,0.0
1803086971,1,5.0
1803088363,1,5.0
1803088788,1,0.0
1803088847,1,0.0
1803094083,1,0.0
1803094629,1,5.0
1803097378,1,0.0
1803097414,1,5.0
1803099400,1,5.0
1803101057,1,5.0
1803101652,1,5.0
1803102342,1,0.0
1803103387,1,4.0
1803105439,1,4.0
1803106140,1,5.0
1803108520,1,5.0
1803109045,1,5.0
1803109127,1,5.0
1803109443,1,5.0
1803115158,1,5.0
1803116783,5,1.6
1803118247,1,4.0
1803118525,2,5.0
1803121217,1,0.0
1803121615,1,5.0
1803121686,1,2.0
1803123488,1,0.0
1803123745,4,3.75
1803124827,1,4.0
1803124937,1,5.0
1803125151,1,4.0
1803125222,1,5.0
1803126469,1,4.0
1803126988,1,0.0
1803127436,1,4.0
1803129261,1,5.0
1803130693,1,0.0
1803131704,1,1.0
1803132204,1,5.0
1803132215,1,5.0
1803136297,2,5.0
1803136688,1,1.0
1803139210,1,5.0
1803140026,1,5.0
1803140082,1,5.0
1803141336,1,5.0
1803141358,1,5.0
1803142801,1,4.0
1803145935,1,4.0
1803148582,1,0.0
1803148977,1,5.0
1803152032,1,0.0
1803153338,1,4.0
1803157521,1,5.0
1803161372,1,3.0
1803162263,1,5.0
1803164709,1,4.0
1803167512,1,3.0
1803167621,1,0.0
1803167875,1,0.0
1803169127,1,5.0
1803169145,1,3.0
1803171265,1,3.0
1803171327,1,5.0
1803173435,1,5.0
1803174127,1,4.0
1803178701,1,0.0
1803180454,1,5.0
1803180944,1,2.0
1803183533,1,5.0
1803183558,1,4.0
1803184578,1,5.0
1803187859,2,5.0
1803189087,1,0.0
1803193778,1,1.0
1803194620,1,5.0
1803194698,1,5.0
1803194768,1,5.0
1803197970,1,5.0
1803197988,1,5.0
1803201102,1,5.0
1803212001,1,5.0
1803212389,1,0.0
1803214440,1,5.0
1803218650,1,0.0
1803218994,1,4.0
1803219121,1,3.0
1803219453,1,5.0
1803223445,1,4.0
1803225780,1,5.0
1803237930,1,5.0
1803239320,1,5.0
1803241098,1,0.0
1803242787,1,5.0
1803243910,1,5.0
1803248212,1,4.0
1803250257,1,5.0
1803250989,1,3.0
1803252990,1,5.0
1803253182,1,5.0
1803259070,1,0.0
1803259209,1,3.0
1803261965,1,0.0
1803263149,1,5.0
1803265804,1,5.0
1803266070,1,5.0
1803267942,1,0.0
1803268379,1,4.0
1803268433,1,0.0
1803270188,1,5.0
1803272666,1,5.0
1803274433,1,5.0
1803275487,1,5.0
1803279459,1,2.0
1803279981,1,5.0
1803286410,1,1.0
1803289547,2,5.0
1803290850,1,5.0
1803291035,1,5.0
1803294161,1,5.0
1803294492,1,0.0
1803294671,1,5.0
1803295335,1,5.0
1803297185,1,5.0
1803299785,1,1.0
1803303832,1,5.0
1803305353,1,5.0
1803309408,1,5.0
1803313073,1,0.0
1803313263,1,5.0
1803317855,1,5.0
1803319918,1,4.0
1803322077,3,4.666666666666667
1803322671,1,0.0
1803323903,1,5.0
1803324349,1,5.0
1803325370,1,5.0
1803327524,1,1.0
1803329687,1,5.0
1803331152,1,4.0
1803331520,1,2.0
1803333172,1,0.0
1803333842,1,5.0
1803335048,1,5.0
1803339372,1,5.0
1803339498,1,4.0
1803339687,1,2.0
1803347961,1,4.0
1803349743,1,0.0
1803356286,1,5.0
1803358871,1,0.0
1803364740,1,5.0
1803366182,1,5.0
1803370399,1,3.0
1803371029,1,5.0
1803374921,1,5.0
1803375522,1,1.0
1803377794,1,0.0
1803380634,1,5.0
1803381176,1,0.0
1803381702,1,3.0
1803384077,1,5.0
1803384245,1,0.0
1803388485,1,3.0
1803389628,1,0.0
1803390340,1,5.0
1803391010,1,5.0
1803393888,1,5.0
1803396035,1,5.0
1803400594,1,0.0
1803401159,1,2.0
1803405871,1,5.0
1803408149,1,5.0
1803408456,1,3.0
1803415622,1,5.0
1803418011,1,5.0
1803419292,1,4.0
1803419303,1,5.0
1803419404,1,5.0
1803425111,1,5.0
1803427390,1,5.0
1803428117,1,5.0
1803430506,1,5.0
1803430512,1,5.0
1803434027,3,4.666666666666667
1803437313,1,5.0
1803437361,1,5.0
1803438568,1,0.0
1803444349,1,0.0
1803446867,1,5.0
1803450590,1,0.0
1803450937,1,0.0
1803451450,1,5.0
1803451744,1,5.0
1803453130,1,5.0
1803453188,1,5.0
1803454696,1,2.0
1803455953,1,5.0
1803456179,1,5.0
1803458781,1,0.0
1803461650,1,5.0
1803465101,1,4.0
1803466492,1,5.0
1803467166,1,5.0
1803467512,1,5.0
1803468164,1,5.0
1803468814,1,0.0
1803469260,1,5.0
1803474092,1,5.0
1803475484,1,5.0
1803476208,1,5.0
1803476836,1,5.0
1803478058,1,1.0
1803483758,1,5.0
1803485691,1,5.0
1803487457,1,5.0
1803488102,2,2.5
1803488809,1,5.0
1803489341,1,5.0
1803489426,1,5.0
1803490092,1,5.0
1803494055,1,0.0
1803494137,1,0.0
1803496194,1,5.0
1803500674,1,5.0
1803502885,1,5.0
1803503061,1,1.0
1803503752,1,4.0
1803507673,1,3.0
1803508850,1,5.0
1803509672,1,5.0
1803511715,1,5.0
1803513304,1,4.0
1803516329,1,5.0
1803518334,1,5.0
1803520168,1,0.0
1803520306,1,1.0
1803520656,1,3.0
1803523470,1,4.0
1803525660,1,4.0
1803526264,1,0.0
1803530526,1,4.0
1803530851,1,5.0
1803530927,1,5.0
1803531387,1,1.0
1803533361,1,5.0
1803534164,1,5.0
1803534682,1,0.0
1803536228,1,5.0
1803537748,1,3.0
1803538571,1,5.0
1803539050,1,5.0
1803540584,1,5.0
1803542639,1,5.0
1803543118,1,1.0
1803543449,1,5.0
1803545265,1,5.0
1803546111,1,5.0
1803548589,1,5.0
1803551615,2,2.5
1803553059,1,5.0
1803553640,1,5.0
1803554949,1,5.0
1803556002,1,5.0
1803558022,1,5.0
1803559183,1,5.0
1803560746,1,5.0
1803562600,1,1.0
1803564243,1,0.0
1803565128,1,4.0
1803569929,1,5.0
1803571965,1,0.0
1803577774,1,5.0
1803578612,1,5.0
1803579813,1,5.0
1803580801,1,5.0
1803580927,1,4.0
1803581295,1,1.0
1803582492,1,5.0
1803582967,1,5.0
1803585327,1,3.0
1803586262,1,4.0
1803587822,1,0.0
1803587929,1,5.0
1803589532,1,4.0
1803591456,1,0.0
1803593023,1,5.0
1803593798,1,5.0
1803596801,1,5.0
1803598119,1,5.0
1803598514,1,5.0
1803599097,1,5.0
1803599478,1,5.0
1803602387,1,2.0
1803602625,1,5.0
1803603182,1,0.0
1803604329,1,5.0
1803604761,1,0.0
1803605182,1,5.0
1803605727,1,1.0
1803606009,1,5.0
1803607410,1,5.0
1803607509,1,5.0
1803608838,1,5.0
1803612078,1,5.0
1803615407,1,5.0
1803617788,1,4.0
1803620891,1,5.0
1803620910,1,5.0
1803624792,1,5.0
1803626039,1,4.0
1803626701,1,5.0
1803630522,1,5.0
1803631571,1,5.0
1803632268,1,5.0
1803634489,1,4.0
1803635581,1,5.0
1803635728,1,4.0
1803637492,1,0.0
1803638808,1,5.0
1803641520,1,5.0
1803644660,1,0.0
1803648324,1,5.0
1803650091,1,0.0
1803650388,1,5.0
1803652223,1,0.0
1803657311,1,5.0
1803658217,1,1.0
1803660641,1,5.0
1803660691,1,5.0
1803662118,1,5.0
1803663651,1,1.0
1803666492,1,4.0
1803668238,1,2.0
1803668649,1,5.0
1803673066,1,5.0
1803674617,1,3.0
1803677434,1,5.0
1803680470,1,5.0
1803682844,1,3.0
1803683129,1,5.0
1803683374,1,5.0
1803683420,1,5.0
1803684107,1,0.0
1803684149,1,3.0
1803684521,2,5.0
1803685808,1,1.0
1803687678,1,0.0
1803688272,1,5.0
1803696139,1,0.0
1803696445,1,5.0
1803698133,1,0.0
1803701766,1,5.0
1803702197,1,5.0
1803706112,1,0.0
1803708203,1,5.0
1803709601,1,3.0
1803712257,1,5.0
1803712405,1,5.0
1803719199,1,5.0
1803719438,1,5.0
1803720561,1,4.0
1803722579,1,5.0
1803723062,1,5.0
1803724458,1,5.0
1803731873,1,4.0
1803732796,1,1.0
1803736692,1,0.0
1803738089,1,5.0
1803738233,1,5.0
1803740540,1,5.0
1803744000,1,1.0
1803744381,1,5.0
1803745345,1,0.0
1803746866,1,5.0
1803746940,1,5.0
1803753065,1,5.0
1803755151,1,5.0
1803755426,1,5.0
1803757007,1,5.0
1803757636,1,5.0
1803758463,1,5.0
1803759017,1,5.0
1803759087,1,0.0
1803769491,1,5.0
1803772037,1,5.0
1803772234,1,4.0
1803774044,1,3.0
1803775937,1,0.0
1803776781,1,5.0
1803783495,1,5.0
1803786474,3,5.0
1803786490,1,1.0
2000000081,1,5.0
2000001267,1,4.0
2000001929,1,5.0
2000003653,1,5.0
2000003797,1,1.0
2000006177,1,5.0
2000006326,3,5.0
2000006433,1,4.0
2000008069,1,5.0
2000008659,1,0.0
2000008784,1,5.0
2000009028,1,1.0
2000009491,3,5.0
2000013746,2,2.5
2000014291,1,5.0
2000014475,1,5.0
2000014543,1,3.0
2000017577,1,4.0
2000020446,1,5.0
2000021570,3,4.666666666666667
2000021774,1,0.0
2000022528,1,5.0
2000022748,1,5.0
2000024420,1,5.0
2000027890,1,0.0
2000028103,1,5.0
2000028208,1,5.0
2000028599,1,0.0
2000028604,1,5.0
2000028732,1,1.0
2000030912,1,5.0
2000032973,1,0.0
2000033586,1,3.0
2000034854,1,5.0
2000035345,1,5.0
2000035599,1,5.0
2000037585,1,5.0
2000038279,1,2.0
2000039665,1,0.0
2000041666,1,5.0
2000044401,1,4.0
2000044911,1,5.0
2000045046,1,2.0
2000045281,1,2.0
2000045332,1,0.0
2000045388,1,5.0
2000045537,2,5.0
2000045606,1,5.0
2000045607,1,0.0
2000046733,1,5.0
2000046810,1,5.0
2000047319,2,1.5
2000047630,1,0.0
2000047735,1,5.0
2000048014,1,5.0
2000048083,1,5.0
2000049093,1,5.0
2000049306,1,0.0
2000049328,1,5.0
2000051164,1,4.0
2000051489,1,5.0
2000051851,1,4.0
2000052004,1,5.0
2000052136,1,0.0
2000052250,1,5.0
2000052484,1,5.0
2000052665,1,5.0
2000053500,1,4.0
2000053572,1,0.0
2000053941,1,4.0
2000055672,1,5.0
2000057277,1,1.0
2000058082,1,3.0
2000058227,1,2.0
2000059312,2,4.5
2000060315,1,3.0
2000060833,2,5.0
2000061669,1,5.0
2000061678,1,5.0
2000062920,1,4.0
2000063305,1,2.0
2000063557,1,5.0
2000065188,1,5.0
2000065460,1,4.0
2000065728,1,1.0
2000069104,1,5.0
2000070094,1,3.0
2000070585,1,5.0
2000071039,1,5.0
2000071855,1,5.0
2000072087,1,5.0
2000072145,1,5.0
2000072415,1,5.0
2000074819,1,5.0
2000074905,1,5.0
2000075949,1,5.0
2000076089,1,5.0
2000076530,1,0.0
2000076952,1,5.0
2000077148,1,0.0
2000077241,1,0.0
2000078087,1,5.0
2000079186,1,3.0
2000079321,1,5.0
2000079505,1,0.0
2000079643,1,0.0
2000080668,1,3.0
2000081367,1,4.0
2000081683,1,5.0
2000083925,1,1.0
2000084194,1,5.0
2000084236,1,5.0
2000084505,1,5.0
2000084652,1,5.0
2000085043,1,0.0
2000085992,1,5.0
2000088140,1,5.0
2000089072,1,0.0
2000089598,1,5.0
2000089623,1,5.0
2000090973,1,3.0
2000091068,1,0.0
2000092052,1,5.0
2000093407,1,5.0
2000093890,1,3.0
2000094247,3,5.0
2000095047,1,5.0
2000095922,1,4.0
2000096006,1,5.0
2000096247,1,0.0
2000096643,1,5.0
2000096887,1,5.0
2000096976,1,5.0
2000097181,1,5.0
2000097499,1,5.0
2000099062,1,5.0
2000099573,1,5.0
2000100864,1,0.0
2000101321,1,5.0
2000101628,1,0.0
2000103899,1,1.0
2000104813,1,3.0
2000104865,1,5.0
2000104984,1,5.0
2000105365,1,5.0
2000105466,1,5.0
2000107026,1,2.0
2000107223,1,5.0
2000107315,1,5.0
2000107400,1,5.0
2000107596,1,5.0
2000107718,1,5.0
2000107733,1,3.0
2000108120,1,3.0
2000109616,2,4.0
2000110438,1,5.0
2000110672,1,5.0
2000112093,1,5.0
2000113788,1,3.0
2000114089,1,4.0
2000115178,1,4.0
2000116397,1,4.0
2000116642,1,0.0
2000117616,1,5.0
2000117867,1,3.0
2000118123,1,5.0
2000118734,1,5.0
2000119635,1,4.0
2000120251,1,5.0
2000120614,1,4.0
2000120720,1,5.0
2000120852,1,5.0
2000121174,1,0.0
2000121253,1,5.0
2000121267,1,0.0
2000121372,1,5.0
2000122152,1,5.0
2000123076,1,5.0
2000123303,1,5.0
2000124779,1,5.0
2000124832,1,5.0
2000124994,1,5.0
2000126449,1,5.0
2000126561,1,0.0
2000127526,1,5.0
2000128074,1,5.0
2000129204,1,5.0
2000131679,1,5.0
2000131865,1,5.0
2000132222,1,5.0
2000132290,1,5.0
2000133433,1,5.0
2000133673,1,4.0
2000134400,1,5.0
2000135467,1,5.0
2000135757,1,0.0
2000136370,1,0.0
2000136761,1,5.0
2000137115,2,5.0
2000138136,1,3.0
2000138326,1,0.0
2000139172,1,4.0
2000139203,1,4.0
2000139224,1,5.0
2000139320,1,5.0
2000139798,1,4.0
2000140354,1,0.0
2000141709,1,5.0
2000142137,1,4.0
2000142853,1,5.0
2000143277,1,5.0
2000143593,1,4.0
2000143827,1,5.0
2000144664,1,0.0
2000145766,2,3.0
2000146527,1,3.0
2000146853,1,5.0
2000147508,1,5.0
2000147573,1,0.0
2000148333,1,5.0
2000148756,1,5.0
2000148961,1,5.0
2000149100,1,2.0
2000149231,1,5.0
2000149881,1,5.0
2000150990,1,5.0
2000151138,1,5.0
2000152567,1,5.0
2000152719,1,1.0
2000152853,1,5.0
2000153007,1,2.0
2000153955,1,0.0
2000154857,1,5.0
2000155515,1,5.0
2000155597,1,4.0
2000155909,1,0.0
2000156768,1,1.0
2000157096,1,5.0
2000157218,1,5.0
2000157543,1,0.0
2000159559,1,0.0
2000160065,1,5.0
2000160632,1,4.0
2000160673,1,0.0
2000161049,1,5.0
2000161053,1,3.0
2000161238,1,5.0
2000161241,1,4.0
2000161509,1,4.0
2000161637,1,3.0
2000161939,1,2.0
2000162245,3,4.0
2000162927,1,5.0
2000162942,1,0.0
2000163412,1,0.0
2000163466,1,4.0
2000164920,1,5.0
2000164972,1,2.0
2000165869,1,5.0
2000166234,1,5.0
2000166431,1,5.0
2000167033,1,4.0
2000167211,1,5.0
2000168011,1,5.0
2000168226,1,5.0
2000169121,1,5.0
2000169364,1,5.0
2000169652,1,4.0
2000169775,1,5.0
2000170041,1,5.0
2000171157,1,5.0
2000172125,2,5.0
2000172247,1,5.0
2000172498,1,0.0
2000173571,1,0.0
2000174591,1,3.0
2000175829,1,3.0
2000175976,1,5.0
2000176656,1,5.0
2000178688,1,0.0
2000178902,1,5.0
2000178961,8,3.75
2000180169,1,5.0
2000181530,1,0.0
2000181915,1,0.0
2000181927,1,1.0
2000184213,1,4.0
2000184261,1,5.0
2000184335,1,5.0
2000184757,1,5.0
2000185036,1,5.0
2000185257,1,5.0
2000185509,1,5.0
2000186415,1,5.0
2000187106,1,4.0
2000187629,1,5.0
2000188409,1,0.0
2000189146,1,5.0
2000190765,1,0.0
2000190911,1,4.0
2000190977,1,0.0
2000191819,1,5.0
2000192077,1,3.0
2000192337,1,5.0
2000192946,1,2.0
2000193415,1,5.0
2000193603,1,0.0
2000194008,1,5.0
2000194383,1,0.0
2000194615,1,5.0
2000195051,1,5.0
2000195168,1,5.0
2000195676,1,4.0
2000196107,1,5.0
2000196505,1,5.0
2000196606,1,5.0
2000196891,1,5.0
2000197469,1,5.0
2000200735,1,4.0
2000200911,1,5.0
2000200988,1,5.0
2000201092,1,5.0
2000201304,1,1.0
2000201349,1,5.0
2000202321,1,5.0
2000204007,1,5.0
2000204580,1,5.0
2000204687,1,1.0
2000205648,1,5.0
2000206087,1,0.0
2000206708,1,5.0
2000207532,1,5.0
2000207841,1,1.0
2000207989,1,5.0
2000208240,1,5.0
2000208385,1,2.0
2000208758,1,5.0
2000209375,1,5.0
2000209406,1,5.0
2000209838,1,5.0
2000210102,1,5.0
2000210714,1,5.0
2000210817,1,5.0
2000211459,1,5.0
2000211886,1,1.0
2000211921,1,0.0
2000212714,1,5.0
2000213087,1,5.0
2000213228,1,5.0
2000213528,1,5.0
2000213572,1,0.0
2000213666,1,5.0
2000214566,1,5.0
2000216075,1,5.0
2000216581,1,5.0
2000217779,1,5.0
2000217886,1,5.0
2000218192,1,5.0
2000218271,1,5.0
2000218738,1,5.0
2000218912,1,5.0
2000220213,1,5.0
2000221157,1,0.0
2000221401,1,5.0
2000221926,1,5.0
2000222030,1,3.0
2000223136,1,5.0
2000223253,1,5.0
2000223571,1,4.0
2000223716,1,5.0
2000224233,1,5.0
2000224242,1,5.0
2000224465,1,4.0
2000224948,1,4.0
2000225666,1,5.0
2000225708,1,5.0
2000225933,2,5.0
2000226298,1,5.0
2000227739,1,5.0
2000229705,1,5.0
2000230375,1,5.0
2000230555,1,5.0
2000230665,1,0.0
2000231549,1,5.0
2000231729,1,5.0
2000231823,1,0.0
2000231838,1,5.0
2000231914,1,0.0
2000234641,1,5.0
2000236403,1,5.0
2000236465,1,5.0
2000236904,1,5.0
2000238009,1,5.0
2000238469,1,5.0
2000238883,1,5.0
2000239230,1,5.0
2000240513,1,4.0
2000240515,1,5.0
2000241173,1,5.0
2000241296,1,0.0
2000241625,1,2.0
2000241679,1,5.0
2000241849,1,4.0
2000242425,1,5.0
2000242447,1,1.0
2000242629,1,5.0
2000243366,1,2.0
2000244659,1,0.0
2000244736,1,5.0
2000244895,1,4.0
2000245024,1,5.0
2000246241,1,4.0
2000247086,1,5.0
2000248107,1,5.0
2000248893,1,5.0
2000249754,1,5.0
2000250077,1,4.0
2000250313,1,5.0
2000250513,1,4.0
2000250804,1,3.0
2000251451,1,5.0
2000251469,1,0.0
2000251736,1,5.0
2000252292,1,5.0
2000253516,1,0.0
2000253997,1,5.0
2000254131,1,5.0
2000254617,1,5.0
2000254857,1,5.0
2000255226,1,5.0
2000256284,1,5.0
2000256769,1,5.0
2000257612,1,4.0
2000257725,1,5.0
2000257764,1,5.0
2000258824,1,5.0
2000259068,1,5.0
2000259309,1,5.0
2000259893,1,5.0
2000259900,1,5.0
2000259958,1,5.0
2000260625,1,1.0
2000260788,1,4.0
2000261250,1,5.0
2000261999,1,0.0
2000262334,1,4.0
2000262995,1,5.0
2000263049,1,5.0
2000263555,1,5.0
2000263697,1,5.0
2000263778,1,5.0
2000263932,1,4.0
2000264253,1,5.0
2000264530,1,0.0
2000266101,1,5.0
2000266341,1,5.0
2000266436,1,0.0
2000266450,1,2.0
2000266597,1,0.0
2000266620,1,5.0
2000266930,1,3.0
2000267373,1,5.0
2000268111,1,5.0
2000268337,1,5.0
2000268999,1,5.0
2000269605,1,5.0
2000269988,1,5.0
2000270491,1,5.0
2000270541,1,0.0
2000270596,1,5.0
2000270946,1,5.0
2000271039,1,0.0
2000271070,1,5.0
2000271443,1,0.0
2000271856,1,0.0
2000271877,1,5.0
2000272533,2,0.0
2000272557,1,5.0
2000273382,1,5.0
2000273589,1,0.0
2000273615,1,5.0
2000275830,1,0.0
2000275884,1,4.0
2000276918,1,5.0
2000280167,1,1.0
2000280324,1,5.0
2000280619,2,5.0
2000280635,1,5.0
2000281788,1,3.0
2000281934,1,5.0
2000282206,1,5.0
2000283045,1,5.0
2000283837,1,5.0
2000284155,1,5.0
2000284415,1,5.0
2000284498,1,5.0
2000284522,1,5.0
2000285451,1,0.0
2000285550,1,5.0
2000285892,1,5.0
2000286011,1,1.0
2000286374,1,4.0
2000286468,1,4.0
2000286705,1,5.0
2000287053,1,5.0
2000287754,1,4.0
2000289125,1,4.0
2000289936,1,5.0
2000290086,1,4.0
2000291000,1,5.0
2000291442,1,5.0
2000291775,1,3.0
2000292079,1,0.0
2000292208,1,0.0
2000292502,1,5.0
2000293071,1,1.0
2000293141,1,0.0
2000293527,1,5.0
2000293738,1,5.0
2000294663,1,0.0
2000295113,1,0.0
2000295593,1,5.0
2000295693,1,5.0
2000295889,1,1.0
2000296536,1,5.0
2000297168,1,5.0
2000297339,1,2.0
2000297659,1,5.0
2000297811,1,5.0
2000297852,1,3.0
2000297925,1,3.0
2000298176,1,4.0
2000298265,1,0.0
2000298732,1,5.0
2000299279,1,5.0
2000299980,1,5.0
2000300176,1,2.0
2000300208,1,0.0
2000301357,1,4.0
2000301702,1,5.0
2000301851,1,0.0
2000302041,1,5.0
2000302480,1,5.0
2000302682,1,0.0
2000302870,1,5.0
2000303663,1,5.0
2000303922,1,5.0
2000304954,1,0.0
2000304975,1,0.0
2000305046,1,5.0
2000305190,1,5.0
2000305865,1,5.0
2000306099,1,5.0
2000306284,1,5.0
2000306288,1,5.0
2000306563,1,4.0
2000306782,1,0.0
2000306940,1,5.0
2000306956,1,5.0
2000307619,1,5.0
2000307931,1,5.0
2000308543,1,5.0
2000309570,1,1.0
2000309726,1,0.0
2000310340,1,0.0
2000310365,1,5.0
2000310599,1,5.0
2000310727,1,5.0
2000310743,1,0.0
2000311066,1,5.0
2000311176,1,5.0
2000311398,1,5.0
2000311517,1,5.0
2000311771,1,0.0
2000313248,1,4.0
2000313574,1,4.0
2000314639,1,5.0
2000315208,1,5.0
2000316408,1,5.0
2000317170,1,5.0
2000317223,1,5.0
2000317315,1,5.0
2000317570,1,3.0
2000318242,1,0.0
2000318608,1,5.0
2000318845,1,5.0
2000319042,1,5.0
2000319065,1,5.0
2000319410,1,5.0
2000319582,1,5.0
2000319903,1,5.0
2000320118,1,5.0
2000320126,1,5.0
2000320662,1,5.0
2000320777,1,5.0
2000321229,1,4.0
2000321475,1,5.0
2000322257,1,5.0
2000322528,1,5.0
2000322630,3,4.333333333333333
2000324706,1,5.0
2000325274,1,5.0
2000325416,1,5.0
2000325465,1,5.0
2000325518,1,0.0
2000325701,1,5.0
2000326132,1,5.0
2000326154,1,5.0
2000326902,1,5.0
2000328373,1,5.0
2000328898,1,0.0
2000329100,1,1.0
2000329139,1,5.0
2000329797,1,5.0
2000329955,1,5.0
2000330550,1,5.0
2000330573,1,4.0
2000331508,1,4.0
2000331850,1,4.0
2000332566,1,4.0
2000332577,1,5.0
2000333071,1,5.0
2000333572,1,3.0
2000333591,1,5.0
2000334241,1,3.0
2000334511,1,4.0
2000334513,1,5.0
2000334692,1,5.0
2000334759,1,5.0
2000334956,1,5.0
2000335016,1,5.0
2000335099,1,5.0
2000336581,1,5.0
2000336977,1,4.0
2000337060,1,0.0
2000337569,1,5.0
2000337576,1,5.0
2000338217,1,4.0
2000338328,1,5.0
2000338400,1,0.0
2000338887,1,5.0
2000339669,1,5.0
2000339939,1,4.0
2000341305,1,5.0
2000341962,1,5.0
2000342045,1,5.0
2000342932,2,4.5
2000342970,1,0.0
2000343412,1,0.0
2000344108,1,4.0
2000344329,1,5.0
2000344687,1,1.0
2000345047,1,5.0
2000345558,1,5.0
2000345604,1,5.0
2000345608,1,4.0
2000345779,1,5.0
2000345791,1,5.0
2000345841,1,5.0
2000345909,1,5.0
2000346018,1,4.0
2000347599,1,5.0
2000347603,1,5.0
2000347660,1,1.0
2000348241,1,5.0
2000349146,1,2.0
2000349644,2,5.0
2000349890,1,5.0
2000349997,1,5.0
2000350502,1,5.0
2000350798,1,3.0
2000351071,1,5.0
2000351176,1,5.0
2000351190,1,5.0
2000351757,1,5.0
2000351941,1,5.0
2000352256,1,5.0
2000352812,1,5.0
2000352962,1,5.0
2000353246,1,5.0
2000353624,1,4.0
2000353728,1,1.0
2000353821,1,5.0
2000355038,1,5.0
2000355073,1,5.0
2000355251,1,5.0
2000355415,1,5.0
2000355431,1,3.0
2000356110,1,5.0
2000356250,1,5.0
2000356623,1,5.0
2000356937,1,1.0
2000356990,1,2.0
2000357065,1,5.0
2000358085,1,5.0
2000358108,1,5.0
2000359038,1,0.0
2000359869,1,1.0
2000360130,1,5.0
2000360273,1,5.0
2000360335,1,4.0
2000360578,1,5.0
2000361357,1,5.0
2000362168,1,5.0
2000362394,1,5.0
2000363203,1,5.0
2000363328,1,3.0
2000363704,1,1.0
2000363713,1,5.0
2000363722,1,5.0
2000364670,1,5.0
2000365192,1,5.0
2000365358,1,5.0
2000365387,1,5.0
2000365395,1,2.0
2000365846,1,5.0
2000366297,1,5.0
2000366301,1,0.0
2000366379,1,0.0
2000366820,1,5.0
2000367243,1,3.0
2000367353,1,4.0
2000368460,1,0.0
2000368583,1,5.0
2000368595,1,5.0
2000369940,1,5.0
2000370089,1,5.0
2000370378,1,5.0
2000370442,1,5.0
2000370814,1,4.0
2000371505,1,3.0
2000371731,1,4.0
2000372257,1,5.0
2000372503,1,5.0
2000372916,1,5.0
2000373981,1,5.0
2000375016,1,0.0
2000375811,1,4.0
2000376014,1,5.0
2000376924,1,4.0
2000376954,1,0.0
2000377467,1,5.0
2000377475,2,5.0
2000377661,1,5.0
2000379064,1,5.0
2000380961,1,4.0
2000380965,1,5.0
2000381839,1,2.0
2000382010,2,5.0
2000382204,1,5.0
2000382402,1,5.0
2000382590,1,0.0
2000382876,1,4.0
2000383495,1,5.0
2000384925,1,5.0
2000385779,1,5.0
2000386082,1,5.0
2000386747,1,4.0
2000387596,1,0.0
2000387738,1,5.0
2000388037,1,5.0
2000389057,1,5.0
2000389212,1,1.0
2000389459,1,5.0
2000389513,1,0.0
2000390557,1,1.0
2000390639,1,5.0
2000391183,1,5.0
2000391262,1,4.0
2000391370,1,4.0
2000391889,4,3.75
2000392189,1,0.0
2000393202,1,0.0
2000393221,1,4.0
2000393229,1,5.0
2000393805,1,5.0
2000394061,1,3.0
2000394406,1,4.0
2000394506,1,1.0
2000395428,1,0.0
2000396308,1,1.0
2000396822,1,5.0
2000397053,1,5.0
2000397769,1,5.0
2000398101,1,5.0
2000398613,1,4.0
2000398830,1,5.0
2000398865,1,3.0
2000399107,1,5.0
2000399378,1,5.0
2000399537,1,5.0
2000399683,1,0.0
2000400060,1,5.0
2000400617,1,5.0
2000400832,1,5.0
2000401746,1,5.0
2000401883,1,5.0
2000402456,1,5.0
2000402466,1,4.0
2000402512,1,5.0
2000403662,1,5.0
2000403912,1,4.0
2000404007,1,5.0
2000404938,1,0.0
2000405375,1,4.0
2000406496,1,1.0
2000408367,1,0.0
2000408946,1,1.0
2000409378,1,5.0
2000410057,1,0.0
2000410142,1,2.0
2000410270,1,2.0
2000410984,1,0.0
2000411112,1,4.0
2000411303,1,1.0
2000411587,1,5.0
2000411956,1,0.0
2000412058,1,5.0
2000412376,1,4.0
2000412987,1,5.0
2000414219,1,5.0
2000414590,1,5.0
2000415742,1,5.0
2000415943,1,0.0
2000415997,1,5.0
2000416408,1,5.0
2000416426,1,4.0
2000417600,2,5.0
2000417721,1,5.0
2000417953,1,4.0
2000417965,1,5.0
2000418089,1,5.0
2000418902,1,5.0
2000419554,1,5.0
2000419687,1,5.0
2000419713,1,0.0
2000419720,1,5.0
2000420014,1,0.0
2000420187,1,5.0
2000420975,1,5.0
2000421029,1,5.0
2000422020,3,4.666666666666667
2000422034,1,0.0
2000422443,1,0.0
2000423520,1,5.0
2000424720,1,0.0
2000424783,1,4.0
2000424907,1,5.0
2000424936,1,4.0
2000425481,1,5.0
2000426508,1,0.0
2000427243,1,5.0
2000427299,1,4.0
2000427675,1,4.0
2000428119,1,5.0
2000428149,1,0.0
2000428189,1,5.0
2000428962,1,0.0
2000429250,1,0.0
2000430194,1,0.0
2000430219,1,5.0
2000430311,1,5.0
2000430939,1,5.0
2000431004,1,5.0
2000431022,1,0.0
2000431480,1,4.0
2000431901,36,3.9722222222222223
2000432647,1,5.0
2000432985,1,5.0
2000433332,1,0.0
2000433530,1,5.0
2000433787,1,5.0
2000434134,1,5.0
2000434454,1,5.0
2000435418,1,3.0
2000435554,1,0.0
2000435651,1,5.0
2000436557,1,5.0
2000436671,1,5.0
2000439447,1,5.0
2000439503,1,4.0
2000439705,1,5.0
2000440040,1,5.0
2000440145,1,5.0
2000440778,2,5.0
2000442827,1,5.0
2000443191,1,5.0
2000444908,1,4.0
2000444943,1,4.0
2000445710,1,5.0
2000446500,1,5.0
2000446915,1,5.0
2000447011,1,5.0
2000447331,1,5.0
2000447627,1,5.0
2000447868,1,5.0
2000447961,1,5.0
2000448442,1,0.0
2000448505,1,3.0
2000450649,1,5.0
2000451355,1,5.0
2000451649,1,5.0
2000451819,1,4.0
2000452142,1,0.0
2000452251,1,4.0
2000452290,1,5.0
2000452390,1,5.0
2000452430,1,5.0
2000453431,1,0.0
2000453644,1,5.0
2000453926,1,5.0
2000454301,1,3.0
2000454414,1,5.0
2000454692,1,1.0
2000454726,1,3.0
2000455974,1,5.0
2000456139,1,5.0
2000456202,1,5.0
2000457187,1,2.0
2000457740,1,5.0
2000458487,2,1.0
2000460360,1,5.0
2000460552,2,4.0
2000461546,1,5.0
2000461568,1,3.0
2000461577,1,5.0
2000462154,1,5.0
2000462417,1,0.0
2000462950,1,5.0
2000463599,1,5.0
2000464854,1,2.0
2000465010,1,4.0
2000465031,1,5.0
2000465283,1,5.0
2000467035,1,3.0
2000467054,1,4.0
2000467143,1,5.0
2000467153,1,4.0
2000467512,1,5.0
2000468164,1,5.0
2000469634,1,4.0
2000469732,1,5.0
2000469815,1,5.0
2000470173,1,5.0
2000470292,1,5.0
2000472154,1,0.0
2000472757,1,0.0
2000473387,1,5.0
2000473713,1,0.0
2000474486,1,5.0
2000474820,1,3.0
2000475326,1,5.0
2000475533,1,5.0
2000476596,1,4.0
2000477033,1,0.0
2000477828,1,0.0
2000478647,1,4.0
2000479113,1,4.0
2000479353,1,5.0
2000480359,1,0.0
2000480987,1,3.0
2000482433,1,5.0
2000482838,1,5.0
2000483432,1,5.0
2000484313,1,5.0
2000484880,1,5.0
2000485118,1,3.0
2000486439,1,0.0
2000486641,1,0.0
2000486761,1,5.0
2000487181,1,5.0
2000487462,1,5.0
2000488101,1,0.0
2000488330,1,5.0
2000488423,1,5.0
2000488445,1,4.0
2000488526,1,3.0
2000489333,1,5.0
2000489359,1,5.0
2000490177,1,5.0
2000490416,1,5.0
2000490943,1,4.0
2000491250,1,4.0
2000492050,1,2.0
2000492563,1,5.0
2000492992,1,0.0
2000493208,1,5.0
2000493474,1,4.0
2000493575,1,5.0
2000493708,1,5.0
2000494080,1,4.0
2000494308,1,5.0
2000494592,1,5.0
2000496082,1,4.0
2000496795,1,0.0
2000497252,1,1.0
2000497815,1,0.0
2000497900,1,5.0
2000498071,1,5.0
2000498192,1,1.0
2000498210,1,4.0
2000498330,19,4.631578947368421
2000498435,1,3.0
2000498467,1,5.0
2000499457,1,1.0
2000499746,1,5.0
2000500469,1,0.0
2000501148,1,5.0
2000501189,1,3.0
2000501461,1,5.0
2000502007,1,1.0
2000502639,1,5.0
2000502740,1,5.0
2000502969,1,5.0
2000503260,1,5.0
2000503478,1,0.0
2000504433,1,5.0
2000504895,1,0.0
2000506459,1,1.0
2000506692,1,4.0
2000507475,1,0.0
2000507637,1,5.0
2000508199,1,0.0
2000508733,1,5.0
2000509443,1,1.0
2000510154,1,5.0
2000515090,1,5.0
2000515319,1,5.0
2000515510,1,1.0
2000515976,1,4.0
2000516288,1,5.0
2000516545,1,0.0
2000516731,1,1.0
2000519559,2,5.0
2000519713,1,2.0
2000519892,1,1.0
2000522348,1,5.0
2000523328,1,5.0
2000524833,1,0.0
2000525178,1,0.0
2000526800,1,5.0
2000526979,3,5.0
2000527520,1,3.0
2000529038,1,4.0
2000529503,1,0.0
2000530134,1,5.0
2000530280,1,5.0
2000531710,1,5.0
2000532506,1,5.0
2000532874,1,5.0
2000533288,1,0.0
2000533380,1,5.0
2000533388,1,4.0
2000533648,1,5.0
2000534437,1,5.0
2000535048,1,5.0
2000535571,1,5.0
2000535743,1,5.0
2000535853,1,5.0
2000536381,1,5.0
2000536493,1,5.0
2000537456,1,5.0
2000537512,1,1.0
2000537688,1,0.0
2000538774,1,5.0
2000539380,1,5.0
2000539410,1,5.0
2000539634,1,1.0
2000540147,1,5.0
2000540587,1,5.0
2000542887,1,5.0
2000543412,1,5.0
2000543713,1,5.0
2000544165,1,5.0
2000547257,1,0.0
2000548498,1,0.0
2000550015,1,0.0
2000550710,1,4.0
2000550940,1,0.0
2000551249,1,5.0
2000551676,1,4.0
2000552348,1,5.0
2000553034,1,5.0
2000554349,1,5.0
2000555886,1,5.0
2000556181,1,5.0
2000556715,1,5.0
2000558056,1,5.0
2000558519,1,0.0
2000558811,1,1.0
2000558979,1,5.0
2000560403,1,5.0
2000560943,1,5.0
2000561332,1,5.0
2000561582,1,0.0
2000562881,1,5.0
2000562966,1,5.0
2000563299,1,5.0
2000563847,1,5.0
2000565022,1,5.0
2000566801,1,5.0
2000566836,1,5.0
2000566869,1,5.0
2000566953,1,5.0
2000566998,1,0.0
2000567218,1,5.0
2000567415,1,5.0
2000569647,1,5.0
2000572930,1,1.0
2000573316,1,5.0
2000574427,1,5.0
2000574879,1,4.0
2000575380,1,4.0
2000575547,1,0.0
2000576432,1,4.0
2000576480,1,1.0
2000576998,1,5.0
2000577802,1,2.0
2000578603,1,5.0
2000578813,1,0.0
2000579050,1,5.0
2000579732,1,5.0
2000580537,1,5.0
2000581649,1,5.0
2000581817,2,5.0
2000582450,1,0.0
2000582931,1,5.0
2000583549,1,5.0
2000583843,1,1.0
2000584807,1,5.0
2000586176,1,5.0
2000586543,1,4.0
2000586919,1,0.0
2000587055,1,5.0
2000589313,1,5.0
2000590116,1,5.0
2000592169,1,0.0
2000592453,1,5.0
2000593981,1,0.0
2000594316,1,5.0
2000594508,2,5.0
2000596652,1,5.0
2000596919,1,0.0
2000597237,1,4.0
2000599377,1,5.0
2000599444,1,3.0
2000600542,1,5.0
2000600745,1,0.0
2000601668,1,5.0
2000602226,1,5.0
2000604934,2,5.0
2000605320,1,3.0
2000605499,1,5.0
2000605626,1,5.0
2000606582,1,5.0
2000607292,1,5.0
2000607685,2,4.5
2000609881,1,5.0
2000610387,1,5.0
2000610606,1,5.0
2000612776,1,1.0
2000613008,1,5.0
2000613365,1,1.0
2000614161,1,1.0
2000614170,1,5.0
2000614417,1,5.0
2000614740,1,0.0
2000615248,1,4.0
2000615973,1,4.0
2000615992,1,3.0
2000616092,1,4.0
2000617631,1,5.0
2000617713,1,5.0
2000617786,1,2.0
2000617987,1,0.0
2000618519,1,4.0
2000618681,1,5.0
2000619159,1,5.0
2000619491,1,4.0
2000620163,1,4.0
2000620244,1,4.0
2000620827,1,5.0
2000620903,1,0.0
2000624456,1,5.0
2000626331,1,5.0
2000626598,1,5.0
2000627811,1,5.0
2000628266,1,0.0
2000631314,1,5.0
2000631836,1,5.0
2000631953,1,5.0
2000632687,1,1.0
2000632901,1,5.0
2000633058,1,5.0
2000633074,1,5.0
2000633668,1,5.0
2000633799,1,0.0
2000634617,1,4.0
2000634671,1,5.0
2000634891,1,5.0
2000634920,1,3.0
2000635610,1,1.0
2000637378,1,0.0
2000638073,1,5.0
2000639673,1,0.0
2000640842,1,5.0
2000641851,1,0.0
2000642158,1,4.0
2000643802,1,0.0
2000644522,1,5.0
2000645147,1,5.0
2000646783,1,5.0
2000647589,1,5.0
2000647832,1,5.0
2000647993,1,5.0
2000650587,1,5.0
2000650711,1,0.0
2000650929,1,1.0
2000651950,1,5.0
2000652191,1,5.0
2000652193,1,5.0
2000652423,1,2.0
2000652627,1,5.0
2000652669,1,5.0
2000653380,1,5.0
2000654286,1,5.0
2000655120,1,5.0
2000656523,1,5.0
2000656589,1,5.0
2000658444,1,5.0
2000658543,1,0.0
2000658940,1,5.0
2000660674,1,5.0
2000660748,1,5.0
2000662903,1,4.0
2000666125,1,5.0
2000667426,1,4.0
2000668994,1,2.0
2000669279,1,5.0
2000669467,1,5.0
2000669928,1,2.0
2000669982,1,2.0
2000670317,1,1.0
2000670853,1,5.0
2000671137,1,0.0
2000671481,1,5.0
2000672180,1,5.0
2000672336,1,5.0
2000672497,1,5.0
2000672524,1,0.0
2000672606,1,5.0
2000672928,1,5.0
2000673324,1,5.0
2000674792,1,0.0
2000675081,1,5.0
2000675841,1,5.0
2000676599,1,5.0
2000677047,1,0.0
2000677292,1,5.0
2000678317,1,0.0
2000678575,1,1.0
2000678973,1,5.0
2000679198,1,3.0
2000679736,1,1.0
2000680629,1,4.0
2000681575,1,2.0
2000681753,1,1.0
2000682732,1,5.0
2000683162,1,1.0
2000685089,1,5.0
2000685785,1,5.0
2000686438,1,1.0
2000686527,1,5.0
2000686541,1,0.0
2000686705,1,5.0
2000688819,1,5.0
2000688850,1,5.0
2000690009,1,3.0
2000690244,1,5.0
2000690739,1,5.0
2000692021,1,5.0
2000693086,1,5.0
2000694654,1,5.0
2000695422,1,5.0
2000695489,3,4.666666666666667
2000695572,1,0.0
2000696595,1,5.0
2000696829,1,5.0
2000696922,1,3.0
2000697038,1,5.0
2000697153,1,5.0
2000697751,1,0.0
2000698871,1,4.0
2000699358,1,5.0
2000699621,1,0.0
2000700962,1,0.0
2000701422,1,5.0
2000703225,1,5.0
2000703652,1,5.0
2000705001,1,5.0
2000705795,1,5.0
2000707446,1,0.0
2000708066,1,5.0
2000708324,1,5.0
2000709121,1,5.0
2000709783,1,3.0
2000710124,1,4.0
2000712337,1,0.0
2000712671,1,5.0
2000712788,1,5.0
2000713329,1,5.0
2000713804,1,5.0
2000715361,1,5.0
2000716064,1,5.0
2000716103,1,5.0
2000716581,1,4.0
2000716801,1,5.0
2000716877,1,3.0
2000717741,1,4.0
2000717757,1,0.0
2000718138,1,5.0
2000718562,1,0.0
2000718613,1,5.0
2000719148,1,5.0
2000719677,1,4.0
2000719865,1,0.0
2000720245,1,5.0
2000721616,1,5.0
2000722116,1,5.0
2000722671,1,5.0
2000722725,1,5.0
2000723202,1,5.0
2000723242,1,1.0
2000724537,1,5.0
2000725340,1,5.0
2000726300,1,5.0
2000726341,1,5.0
2000726555,1,5.0
2000726567,1,5.0
2000726579,1,5.0
2000726585,1,5.0
2000726597,1,5.0
2000726601,1,5.0
2000726622,1,5.0
2000726683,1,5.0
2000726733,1,5.0
2000726747,1,5.0
2000726750,1,5.0
2000726751,1,5.0
2000726939,1,5.0
2000726955,1,5.0
2000727086,1,0.0
2000727127,1,5.0
2000727128,1,5.0
2000727136,1,5.0
2000727181,1,5.0
2000727227,1,5.0
2000727263,1,5.0
2000727322,1,0.0
2000727389,1,5.0
2000727400,1,5.0
2000727501,1,5.0
2000727642,1,5.0
2000727920,1,5.0
2000727950,1,5.0
2000728017,1,5.0
2000728090,1,0.0
2000728345,1,5.0
2000728564,1,5.0
2000728761,3,4.666666666666667
2000728780,1,5.0
2000728801,1,5.0
2000729009,1,5.0
2000729085,1,5.0
2000729859,1,5.0
2000729932,1,5.0
2000730112,1,5.0
2000730398,1,5.0
2000730421,1,1.0
2000730651,1,0.0
2000730991,1,0.0
2000732145,1,0.0
2000732250,1,5.0
2000732685,1,5.0
2000733298,1,5.0
2000733308,1,5.0
2000733373,1,5.0
2000733631,1,5.0
2000734176,1,5.0
2000734550,1,5.0
2000734553,1,2.0
2000734647,1,5.0
2000734879,1,5.0
2000735638,1,5.0
2000735693,1,0.0
2000737890,1,5.0
2000738557,1,4.0
2000738785,1,5.0
2000739824,1,5.0
2000740004,1,0.0
2000740607,1,1.0
2000740702,1,5.0
2000741256,1,5.0
2000741553,1,4.0
2000742312,1,5.0
2000742947,1,4.0
2000744382,1,5.0
2000744546,1,5.0
2000744868,1,5.0
2000747025,1,5.0
2000747298,1,5.0
2000749892,1,5.0
2000751514,1,5.0
2000752037,1,5.0
2000753414,1,5.0
2000753619,1,0.0
2000755621,2,5.0
2000755736,1,5.0
2000756728,1,5.0
2000758272,1,5.0
2000759250,1,5.0
2000759302,1,1.0
2000761397,1,5.0
2000762529,1,4.0
2000764670,1,5.0
2000765971,1,5.0
2000766161,1,5.0
2000770105,1,5.0
2000770327,1,1.0
2000770764,1,4.0
2000771940,1,4.0
2000772162,1,5.0
2000773416,1,5.0
2000773814,1,5.0
2000775991,1,4.0
2000776717,1,3.0
2000776883,1,5.0
2000777578,1,4.0
2000777996,1,5.0
2000778394,1,5.0
2000779473,1,5.0
2000780180,1,5.0
2000780246,1,5.0
2000780659,1,5.0
2000781561,1,0.0
2000784403,1,4.0
2000784489,1,4.0
2000784689,1,5.0
2000785825,1,1.0
2000786760,1,1.0
2000789254,1,0.0
2000789283,1,5.0
2000790206,1,0.0
2000790622,1,0.0
2000792108,1,5.0
2000792665,1,5.0
2000793302,1,5.0
2000794075,1,5.0
2000794193,1,0.0
2000794613,1,5.0
2000794756,1,5.0
2000796353,1,5.0
2000796766,1,3.0
2000796789,1,1.0
2000798101,1,5.0
2000798695,1,5.0
2000798866,1,4.0
2000799863,1,0.0
2000800723,1,5.0
2000801130,1,5.0
2000801136,1,1.0
2000801814,1,2.0
2000802708,1,5.0
2000802800,1,5.0
2000804198,1,0.0
2000804382,1,5.0
2000804396,1,5.0
2000804655,1,5.0
2000804666,1,5.0
2000804868,1,1.0
2000805160,1,5.0
2000805503,1,5.0
2000805754,1,5.0
2000806437,1,0.0
2000806954,1,0.0
2000807285,1,4.0
2000809271,1,5.0
2000810288,1,5.0
2000810496,1,5.0
2000810575,1,5.0
2000810950,1,4.0
2000811716,1,5.0
2000811883,1,3.0
2000812588,1,1.0
2000812651,1,5.0
2000812947,1,5.0
2000813391,1,0.0
2000814466,1,5.0
2000814644,1,5.0
2000815051,1,0.0
2000815191,1,0.0
2000815434,1,0.0
2000815521,1,5.0
2000818693,1,5.0
2000819091,1,5.0
2000819670,1,0.0
2000820981,1,5.0
2000821028,1,0.0
2000821141,1,1.0
2000822634,1,3.0
2000822800,1,5.0
2000823009,1,0.0
2000824557,1,5.0
2000824756,1,5.0
2000824834,1,5.0
2000825427,1,0.0
2000825478,1,3.0
2000825549,1,5.0
2000826242,1,5.0
2000828035,1,5.0
2000828199,1,1.0
2000828709,1,5.0
2000828824,1,5.0
2000829235,1,2.0
2000830333,1,5.0
2000831045,1,0.0
2000831231,1,0.0
2000831520,1,0.0
2000831935,2,5.0
2000831983,2,0.5
2000831994,1,5.0
2000832616,1,1.0
2000832977,1,0.0
2000833694,1,5.0
2000835097,1,0.0
2000835388,1,5.0
2000835645,1,5.0
2000837459,1,5.0
2000837503,1,5.0
2000837768,1,5.0
2000838092,1,0.0
2000838126,1,5.0
2000838168,1,4.0
2000838937,1,5.0
2000838964,1,4.0
2000840182,1,5.0
2000840355,1,5.0
2000840399,1,0.0
2000841859,1,5.0
2000841983,1,5.0
2000842687,1,1.0
2000845307,1,5.0
2000845456,1,5.0
2000847269,1,5.0
2000849420,1,4.0
2000849905,1,5.0
2000850526,1,5.0
2000852943,1,5.0
2000853540,1,5.0
2000853579,1,1.0
2000854766,1,5.0
2000855837,1,3.0
2000856690,1,0.0
2000856793,1,5.0
2000857279,1,1.0
2000859716,1,5.0
2000860799,1,4.0
2000861137,1,5.0
2000862922,1,5.0
2000865380,1,5.0
2000865922,1,4.0
2000866880,1,5.0
2000867021,1,3.0
2000868478,1,5.0
2000868781,1,5.0
2000869963,1,5.0
2000870186,1,5.0
2000870276,1,0.0
2000870573,1,5.0
2000871640,1,5.0
2000873119,1,5.0
2000873463,1,0.0
2000874581,1,0.0
2000875371,1,5.0
2000875710,1,5.0
2000876397,1,4.0
2000877280,1,5.0
2000877336,1,5.0
2000877690,1,1.0
2000878576,1,0.0
2000880156,1,5.0
2000882720,1,5.0
2000883738,1,5.0
2000883763,2,5.0
2000884247,1,1.0
2000884895,1,1.0
2000885288,1,4.0
2000885474,1,5.0
2000887138,1,5.0
2000888542,1,5.0
2000888570,1,5.0
2000888587,1,4.0
2000890675,1,0.0
2000891352,1,0.0
2000892210,1,5.0
2000892575,1,0.0
2000892695,1,5.0
2000893147,1,5.0
2000893318,1,5.0
2000893657,2,4.0
2000893816,1,5.0
2000894643,1,5.0
2000896319,1,5.0
2000897439,1,5.0
2000897559,1,0.0
2000898114,1,5.0
2000898438,1,2.0
2000898691,1,5.0
2000898907,1,5.0
2000898953,1,5.0
2000900067,1,5.0
2000900163,1,1.0
2000900485,1,5.0
2000900645,1,2.0
2000901225,1,5.0
2000901263,1,0.0
2000901844,1,0.0
2000903616,1,5.0
2000904320,1,5.0
2000904463,1,5.0
2000904805,1,5.0
2000904911,1,2.0
2000905036,1,5.0
2000905890,1,5.0
2000906567,1,4.0
2000906999,1,5.0
2000907494,1,0.0
2000908976,1,5.0
2000909024,2,5.0
2000909487,1,5.0
2000912558,1,5.0
2000912998,1,1.0
2000914809,1,5.0
2000915599,1,5.0
2000917756,1,5.0
2000918863,1,4.0
2000920644,1,5.0
2000921739,1,2.0
2000922449,1,4.0
2000923907,1,5.0
2000924124,1,5.0
2000925166,1,3.0
2000925735,1,5.0
2000925988,1,0.0
2000927001,1,0.0
2000927928,1,5.0
2000929024,1,4.0
2000929061,1,5.0
2000930784,1,5.0
2000930903,1,5.0
2000931068,1,5.0
2000931983,1,2.0
2000932121,1,5.0
2000932792,1,5.0
2000932888,1,5.0
2000933760,1,4.0
2000934046,1,4.0
2000935768,1,5.0
2000935889,1,5.0
2000937076,1,5.0
2000937475,1,5.0
2000937753,1,5.0
2000939565,1,5.0
2000940242,1,5.0
2000940769,1,1.0
2000941301,1,5.0
2000942541,1,5.0
2000943461,1,0.0
2000943630,1,5.0
2000943999,6,2.6666666666666665
2000944247,1,5.0
2000944332,1,5.0
2000945434,1,4.0
2000945479,1,5.0
2000946803,1,0.0
2000948477,1,5.0
2000951715,1,1.0
2000951834,1,0.0
2000952676,1,0.0
2000955601,1,5.0
2000956780,1,5.0
2000957718,1,0.0
2000958697,1,5.0
2000959030,3,5.0
2000959057,1,2.0
2000959675,1,5.0
2000959757,1,5.0
2000960817,1,5.0
2000961094,1,2.0
2000961910,1,5.0
2000962562,1,4.0
2000962594,1,5.0
2000962616,1,5.0
2000962632,1,5.0
2000963074,1,0.0
2000964698,1,4.0
2000965029,1,5.0
2000965756,1,5.0
2000966338,1,5.0
2000966417,1,5.0
2000967195,1,4.0
2000967510,1,1.0
2000967703,1,5.0
2000968353,1,5.0
2000969087,1,5.0
2000969095,1,5.0
2000969345,1,5.0
2000969967,1,5.0
2000970833,1,5.0
2000971390,1,1.0
2000971998,1,5.0
2000972243,1,1.0
2000972271,1,4.0
2000972704,1,4.0
2000973371,1,3.0
2000975403,1,5.0
2000976621,1,5.0
2000976703,2,5.0
2000977303,1,5.0
2000978611,1,5.0
2000980217,1,4.0
2000981616,1,4.0
2000982945,1,5.0
2000982973,1,5.0
2000983785,1,4.0
2000983788,1,5.0
2000984176,1,5.0
2000984626,1,5.0
2000985182,1,5.0
2000985539,1,5.0
2000985680,1,4.0
2000986538,1,4.0
2000986975,1,5.0
2000987426,1,4.0
2000987621,1,4.0
2000987876,1,3.0
2000988064,1,5.0
2000990730,1,2.0
2000991001,1,0.0
2000992191,1,5.0
2000992207,3,5.0
2000992635,1,0.0
2000993319,1,4.0
2000996593,1,0.0
2000997000,1,5.0
2000997451,1,4.0
2000999387,1,5.0
2000999513,1,5.0
2001000003,1,5.0
2001000047,1,3.0
2001000769,1,5.0
2001001673,1,4.0
2001001688,1,4.0
2001001968,1,5.0
2001002722,1,5.0
2001002847,1,5.0
2001002866,1,5.0
2001003602,1,0.0
2001003673,1,0.0
2001003720,1,5.0
2001003885,1,5.0
2001004571,1,1.0
2001004972,1,5.0
2001005136,1,5.0
2001005582,1,3.0
2001005949,1,5.0
2001006253,2,5.0
2001006940,1,2.0
2001007248,1,5.0
2001007378,1,0.0
2001007515,1,5.0
2001007770,1,5.0
2001008322,1,4.0
2001009112,1,0.0
2001009727,1,2.0
2001010400,1,4.0
2001010543,1,4.0
2001012622,1,2.0
2001012667,1,5.0
2001013241,1,3.0
2001013585,1,5.0
2001014042,1,4.0
2001014753,1,5.0
2001014911,1,4.0
2001015054,1,5.0
2001015076,1,4.0
2001015503,1,5.0
2001016301,1,0.0
2001016558,3,5.0
2001017894,1,5.0
2001018185,1,5.0
2001018960,1,0.0
2001020059,1,0.0
2001020412,1,5.0
2001020955,1,5.0
2001021216,1,5.0
2001022199,2,5.0
2001022297,1,5.0
2001023153,1,5.0
2001023356,1,5.0
2001023380,1,3.0
2001023492,1,5.0
2001023813,1,5.0
2001025110,1,4.0
2001027046,1,5.0
2001027344,1,2.0
2001028303,1,5.0
2001028411,1,5.0
2001028651,1,0.0
2001029259,1,5.0
2001029606,1,5.0
2001029713,1,4.0
2001030301,1,5.0
2001030910,1,4.0
2001031603,1,5.0
2001032329,1,5.0
2001032479,1,4.0
2001032578,1,4.0
2001034101,1,2.0
2001034842,1,0.0
2001034953,1,5.0
2001035101,1,0.0
2001035295,1,5.0
2001036374,1,5.0
2001036766,1,0.0
2001037306,1,5.0
2001038255,1,5.0
2001039494,1,5.0
2001039551,1,5.0
2001039822,1,5.0
2001039973,1,4.0
2001039990,1,5.0
2001040295,1,3.0
2001041433,1,5.0
2001041650,1,5.0
2001041739,1,0.0
2001041748,1,1.0
2001042263,1,5.0
2001044071,1,0.0
2001045131,1,0.0
2001045166,1,5.0
2001045314,1,3.0
2001045347,1,5.0
2001045719,1,5.0
2001046033,1,5.0
2001046197,1,2.0
2001046734,1,5.0
2001047423,4,3.75
2001047620,1,5.0
2001047645,1,5.0
2001048411,1,5.0
2001049189,1,5.0
2001049547,1,5.0
2001050443,1,4.0
2001050813,1,0.0
2001051420,1,5.0
2001051615,1,5.0
2001051831,1,5.0
2001052097,1,0.0
2001052153,1,5.0
2001052678,1,5.0
2001052747,1,5.0
2001052887,1,5.0
2001053494,1,5.0
2001053789,1,0.0
2001055401,1,5.0
2001055839,1,3.0
2001055891,1,5.0
2001056409,1,5.0
2001056810,1,5.0
2001057727,1,5.0
2001058264,1,5.0
2001058714,1,2.0
2001059580,1,5.0
2001059680,1,3.0
2001059706,1,4.0
2001059950,1,4.0
2001060825,1,5.0
2001061108,1,5.0
2001062051,1,5.0
2001062421,1,2.0
2001062673,1,5.0
2001063201,1,5.0
2001064697,1,0.0
2001064846,1,1.0
2001064989,1,1.0
2001065759,1,5.0
2001066060,1,5.0
2001066495,1,5.0
2001067313,1,0.0
2001067420,1,0.0
2001067964,1,5.0
2001068220,1,5.0
2001069033,1,5.0
2001069468,1,0.0
2001069597,1,1.0
2001070004,1,5.0
2001070969,1,3.0
2001072155,1,5.0
2001073530,1,5.0
2001074310,1,5.0
2001074858,1,5.0
2001075288,1,5.0
2001075290,1,5.0
2001075451,1,5.0
2001075702,1,5.0
2001076089,1,1.0
2001076339,1,5.0
2001076341,1,5.0
2001077197,1,5.0
2001077429,1,5.0
2001077728,1,5.0
2001078458,1,5.0
2001078459,1,5.0
2001078505,1,5.0
2001079130,1,1.0
2001079703,1,3.0
2001080141,1,0.0
2001080258,1,0.0
2001081517,1,5.0
2001081574,1,3.0
2001081653,1,4.0
2001081813,1,0.0
2001082102,1,5.0
2001082112,1,5.0
2001082337,1,5.0
2001082385,1,5.0
2001082426,1,2.0
2001082571,1,5.0
2001083420,1,4.0
2001083778,1,5.0
2001083793,1,3.0
2001083848,1,5.0
2001085715,1,3.0
2001085744,1,5.0
2001085906,1,5.0
2001086114,1,5.0
2001086343,1,5.0
2001086961,1,4.0
2001087053,1,5.0
2001087439,1,0.0
2001087891,1,5.0
2001088514,1,5.0
2001088947,1,5.0
2001089005,1,0.0
2001089012,1,1.0
2001089154,1,0.0
2001089666,1,5.0
2001090064,1,5.0
2001090272,1,5.0
2001090686,1,5.0
2001090748,1,1.0
2001091451,1,1.0
2001091458,1,4.0
2001091657,1,4.0
2001091670,1,5.0
2001091677,1,0.0
2001091909,1,5.0
2001092868,1,0.0
2001093098,1,1.0
2001094216,1,0.0
2001094306,1,5.0
2001094729,1,5.0
2001096058,1,0.0
2001097444,1,0.0
2001099088,2,5.0
2001099160,1,5.0
2001099294,1,5.0
2001100440,1,5.0
2001101233,1,3.0
2001102035,1,4.0
2001102036,1,5.0
2001102182,1,0.0
2001102267,1,5.0
2001102590,1,5.0
2001102678,15,4.666666666666667
2001102865,1,5.0
2001103553,1,5.0
2001104181,1,2.0
2001104202,1,5.0
2001104801,1,5.0
2001105234,1,4.0
2001105487,1,0.0
2001106597,1,4.0
2001107161,1,0.0
2001107811,1,5.0
2001108579,1,0.0
2001108895,1,5.0
2001109148,1,4.0
2001109372,1,5.0
2001109426,1,5.0
2001109444,1,5.0
2001110421,1,5.0
2001110586,1,5.0
2001111442,1,2.0
2001111987,1,5.0
2001113228,1,2.0
2001113462,1,4.0
2001113812,1,0.0
2001113876,1,5.0
2001113983,1,5.0
2001114449,1,5.0
2001114566,1,0.0
2001114845,1,5.0
2001115277,1,5.0
2001116026,1,0.0
2001116027,1,5.0
2001116107,1,5.0
2001116375,1,3.0
2001116607,1,5.0
2001116679,1,0.0
2001116820,1,5.0
2001117238,1,5.0
2001118632,1,3.0
2001119803,1,5.0
2001119919,1,5.0
2001120745,1,5.0
2001120820,1,0.0
2001121532,1,0.0
2001123022,1,5.0
2001123415,1,5.0
2001123701,1,5.0
2001123810,1,5.0
2001123892,1,5.0
2001124549,1,5.0
2001124776,1,5.0
2001125308,1,3.0
2001125748,1,5.0
2001125768,1,5.0
2001125885,1,5.0
2001126828,1,4.0
2001127164,1,1.0
2001127172,1,1.0
2001128717,1,5.0
2001129311,1,4.0
2001129844,1,5.0
2001130379,1,3.0
2001131174,1,1.0
2001131362,1,5.0
2001131395,1,5.0
2001131440,1,0.0
2001131865,1,5.0
2001132605,1,5.0
2001132656,1,5.0
2001132682,1,5.0
2001133366,1,0.0
2001134836,1,5.0
2001135241,1,5.0
2001137488,1,3.0
2001137645,1,5.0
2001139370,1,1.0
2001140185,1,3.0
2001141824,1,5.0
2001141920,1,5.0
2001142888,1,3.0
2001142904,1,0.0
2001143232,1,5.0
2001143571,1,5.0
2001143591,1,4.0
2001143973,1,1.0
2001144690,1,0.0
2001144756,1,2.0
2001144808,1,5.0
2001144841,1,5.0
2001145492,1,5.0
2001145739,1,0.0
2001146048,1,0.0
2001146311,1,0.0
2001146498,1,5.0
2001146514,1,5.0
2001146626,1,3.0
2001147313,1,5.0
2001147844,1,3.0
2001147909,1,5.0
2001149114,1,3.0
2001149603,1,5.0
2001150774,1,5.0
2001151434,1,5.0
2001151665,1,5.0
2001151826,1,5.0
2001153332,2,5.0
2001153846,1,5.0
2001155413,1,5.0
2001155880,1,5.0
2001157099,1,1.0
2001157216,1,5.0
2001157533,1,5.0
2001158027,1,5.0
2001159962,1,5.0
2001160006,1,5.0
2001160057,1,5.0
2001160216,1,4.0
2001160301,1,5.0
2001160547,1,5.0
2001161065,1,4.0
2001161771,1,0.0
2001163085,1,4.0
2001163935,1,5.0
2001164213,1,4.0
2001164727,1,5.0
2001165005,1,4.0
2001165454,1,5.0
2001165502,1,5.0
2001165537,1,5.0
2001165878,1,4.0
2001165984,1,5.0
2001167084,1,5.0
2001167184,1,5.0
2001167678,1,5.0
2001168634,1,5.0
2001168861,1,5.0
2001169078,1,0.0
2001169093,1,4.0
2001169500,1,3.0
2001170168,3,4.333333333333333
2001170316,1,5.0
2001170474,1,4.0
2001170628,1,5.0
2001170977,3,4.666666666666667
2001171605,1,5.0
2001171880,1,0.0
2001172310,1,5.0
2001172622,1,1.0
2001172699,1,4.0
2001172787,1,4.0
2001173194,2,2.0
2001174159,1,5.0
2001174515,1,0.0
2001174522,1,5.0
2001174704,1,5.0
2001174795,1,5.0
2001174932,1,5.0
2001175794,1,4.0
2001176101,1,5.0
2001177226,1,0.0
2001177358,1,4.0
2001177456,1,0.0
2001177629,1,4.0
2001178196,1,5.0
2001179282,1,5.0
2001179285,1,5.0
2001179892,1,3.0
2001179950,1,5.0
2001180205,1,5.0
2001180353,1,0.0
2001180976,1,5.0
2001181013,1,5.0
2001181247,1,5.0
2001181722,1,3.0
2001181842,1,3.0
2001182097,1,5.0
2001183637,1,5.0
2001183932,1,5.0
2001184099,1,4.0
2001184113,1,5.0
2001184441,3,5.0
2001184454,1,0.0
2001184688,1,0.0
2001185036,1,5.0
2001185874,1,5.0
2001185916,1,5.0
2001186150,1,2.0
2001187474,1,4.0
2001187654,1,1.0
2001188513,1,5.0
2001189255,1,5.0
2001189533,1,3.0
2001189763,1,1.0
2001189875,1,5.0
2001189961,1,4.0
2001190191,1,5.0
2001191162,1,5.0
2001191228,1,5.0
2001191734,1,5.0
2001191881,1,4.0
2001192179,1,4.0
2001192615,1,5.0
2001192661,1,5.0
2001192812,1,5.0
2001193002,1,5.0
2001193574,1,5.0
2001193693,1,5.0
2001193999,1,5.0
2001194721,1,1.0
2001194824,1,5.0
2001194896,1,5.0
2001194995,1,5.0
2001195693,2,0.0
2001196726,1,5.0
2001196744,1,5.0
2001197145,1,5.0
2001197221,1,4.0
2001197226,1,3.0
2001197385,1,5.0
2001197740,1,0.0
2001198317,1,2.0
2001199319,1,3.0
2001199983,1,5.0
2001201006,1,5.0
2001201474,1,5.0
2001201801,1,5.0
2001201865,1,5.0
2001202137,1,5.0
2001202190,1,4.0
2001202773,1,3.0
2001202942,1,5.0
2001203053,1,5.0
2001203149,1,5.0
2001204415,1,5.0
2001204560,1,5.0
2001204571,1,0.0
2001204596,1,5.0
2001204845,1,5.0
2001205226,1,5.0
2001206004,1,4.0
2001206298,1,4.0
2001206481,1,2.0
2001207353,1,5.0
2001207845,1,4.0
2001208226,1,5.0
2001208319,1,5.0
2001208366,1,5.0
2001208734,1,0.0
2001209058,1,5.0
2001209535,1,0.0
2001209676,1,5.0
2001209767,1,5.0
2001210263,1,5.0
2001210328,1,5.0
2001210927,1,2.0
2001212014,1,5.0
2001212062,1,5.0
2001212339,1,4.0
2001212497,1,5.0
2001212610,1,5.0
2001213758,1,5.0
2001214618,1,4.0
2001215159,1,5.0
2001216032,1,2.0
2001216124,1,5.0
2001216730,1,5.0
2001216842,1,5.0
2001217682,1,5.0
2001219633,1,5.0
2001219687,1,5.0
2001219749,1,2.0
2001221601,1,0.0
2001222061,1,5.0
2001222467,1,0.0
2001223154,1,4.0
2001223190,1,4.0
2001223291,1,5.0
2001223338,1,4.0
2001224073,1,4.0
2001224246,1,5.0
2001224504,1,1.0
2001224701,1,0.0
2001224911,1,5.0
2001225024,1,0.0
2001225709,1,0.0
2001225770,1,0.0
2001226108,1,5.0
2001226548,1,0.0
2001227155,1,5.0
2001227715,1,0.0
2001227993,1,1.0
2001228867,1,4.0
2001228957,1,5.0
2001229116,1,0.0
2001229159,1,5.0
2001229215,1,5.0
2001229574,1,2.0
2001229599,1,5.0
2001230393,1,0.0
2001230682,1,5.0
2001230688,1,1.0
2001230745,1,1.0
2001230850,1,5.0
2001230861,1,0.0
2001232076,1,5.0
2001232307,1,0.0
2001233104,1,5.0
2001233816,1,0.0
2001233907,1,5.0
2001234883,1,0.0
2001235230,1,5.0
2001235450,1,5.0
2001235984,1,0.0
2001236042,1,0.0
2001236318,1,0.0
2001236401,2,2.5
2001236518,1,5.0
2001237068,1,5.0
2001237079,1,4.0
2001237369,1,4.0
2001237514,1,4.0
2001238380,1,5.0
2001238684,1,4.0
2001238801,1,5.0
2001239018,1,2.0
2001239804,1,4.0
2001239913,1,2.0
2001240007,1,3.0
2001240397,1,1.0
2001240623,1,5.0
2001240836,1,0.0
2001241140,1,0.0
2001241652,1,5.0
2001242289,1,5.0
2001242365,1,2.0
2001242740,1,2.0
2001242963,1,3.0
2001243303,1,0.0
2001243956,1,4.0
2001244468,1,0.0
2001244721,1,0.0
2001244873,1,5.0
2001244894,1,4.0
2001244974,1,0.0
2001245070,1,4.0
2001245936,1,5.0
2001245941,1,0.0
2001246055,1,5.0
2001246067,1,0.0
2001246372,1,5.0
2001246429,1,4.0
2001246436,1,0.0
2001246569,1,5.0
2001246831,1,0.0
2001246861,1,1.0
2001246970,1,5.0
2001247509,1,0.0
2001247868,1,5.0
2001248138,1,4.0
2001248365,1,0.0
2001248699,1,5.0
2001248861,1,5.0
2001248869,1,5.0
2001248876,1,0.0
2001248923,1,3.0
2001249331,1,5.0
2001249449,1,4.0
2001249769,1,1.0
2001249793,1,5.0
2001249838,2,5.0
2001250020,1,5.0
2001251113,1,5.0
2001251341,1,5.0
2001251684,1,5.0
2001252618,1,5.0
2001252838,1,5.0
2001253391,1,4.0
2001253591,1,0.0
2001254061,1,1.0
2001254415,1,0.0
2001254468,1,5.0
2001255912,1,5.0
2001256906,1,4.0
2001256929,1,5.0
2001257139,1,4.0
2001257453,1,0.0
2001257540,1,0.0
2001257608,1,2.0
2001257612,1,4.0
2001257757,1,5.0
2001257870,1,1.0
2001258076,1,0.0
2001258091,1,5.0
2001260086,1,1.0
2001260162,1,5.0
2001260173,1,0.0
2001260303,1,4.0
2001260520,1,0.0
2001260688,1,0.0
2001260788,1,5.0
2001261881,1,5.0
2001263040,1,0.0
2001263904,1,5.0
2001264177,1,4.0
2001264456,1,5.0
2001265155,1,5.0
2001265861,1,0.0
2001266770,1,5.0
2001267004,1,0.0
2001267354,1,5.0
2001267391,1,0.0
2001269529,1,0.0
2001269578,1,5.0
2001269587,1,1.0
2001269687,1,4.0
2001270491,1,5.0
2001270626,1,5.0
2001270627,1,0.0
2001271235,1,5.0
2001271827,1,0.0
2001272111,1,0.0
2001272576,1,0.0
2001272784,1,5.0
2001272924,1,0.0
2001273008,1,4.0
2001273364,1,0.0
2001273522,1,5.0
2001273667,1,5.0
2001273697,1,5.0
2001273770,1,0.0
2001273785,1,5.0
2001273862,1,5.0
2001274501,1,0.0
2001274805,1,1.0
2001275072,1,5.0
2001275492,1,5.0
2001275591,1,0.0
2001276829,1,0.0
2001277370,1,0.0
2001277427,1,5.0
2001278358,3,4.0
2001279442,1,5.0
2001279544,1,5.0
2001280038,1,0.0
2001280354,1,0.0
2001280507,1,0.0
2001280597,1,0.0
2001281449,1,0.0
2001281609,1,5.0
2001282095,1,0.0
2001282228,1,5.0
2001282560,1,5.0
2001282764,1,0.0
2001282785,1,1.0
2001282875,1,0.0
2001282881,1,5.0
2001283009,1,1.0
2001283151,1,5.0
2001283266,1,0.0
2001284250,1,1.0
2001284563,1,5.0
2001284676,1,5.0
2001284862,1,1.0
2001284990,1,0.0
2001285322,1,0.0
2001285846,1,5.0
2001285873,1,0.0
2001286049,1,5.0
2001287353,1,5.0
2001287494,1,5.0
2001287621,1,4.0
2001288755,1,5.0
2001288875,1,5.0
2001288979,1,0.0
2001289013,1,5.0
2001289409,1,5.0
2001290047,1,0.0
2001290369,1,5.0
2001290557,1,3.0
2001290767,1,5.0
2001290914,1,0.0
2001290915,1,1.0
2001291241,1,5.0
2001292339,1,1.0
2001292604,1,5.0
2001292800,1,5.0
2001292894,1,5.0
2001293070,1,4.0
2001293201,1,0.0
2001293437,1,5.0
2001293694,1,5.0
2001293926,1,0.0
2001294417,1,4.0
2001294418,1,4.0
2001294530,1,0.0
2001295527,1,0.0
2001295626,1,5.0
2001296363,1,4.0
2001296386,1,5.0
2001296889,1,5.0
2001297310,1,0.0
2001297380,1,0.0
2001297534,11,4.818181818181818
2001297598,1,5.0
2001297722,1,0.0
2001297977,1,4.0
2001298186,1,0.0
2001298283,1,5.0
2001298324,1,5.0
2001298620,1,5.0
2001298704,1,5.0
2001299333,1,0.0
2001299716,1,5.0
2001300313,1,5.0
2001300422,1,0.0
2001300436,1,0.0
2001300443,1,5.0
2001301427,1,5.0
2001301702,1,5.0
2001301844,1,4.0
2001301885,1,0.0
2001302022,1,4.0
2001302983,1,5.0
2001303066,1,5.0
2001303830,1,0.0
2001303947,1,5.0
2001304050,1,5.0
2001304079,1,4.0
2001304205,1,1.0
2001304643,1,5.0
2001305428,1,5.0
2001305476,1,5.0
2001305861,1,5.0
2001306093,1,3.0
2001306305,1,5.0
2001306582,1,0.0
2001307192,1,5.0
2001308293,1,5.0
2001308303,1,0.0
2001308340,1,5.0
2001310403,1,0.0
2001310736,1,3.0
2001310940,1,5.0
2001311243,1,5.0
2001312159,1,2.0
2001312177,1,0.0
2001312238,1,4.0
2001312921,1,5.0
2001313096,1,5.0
2001313352,1,0.0
2001313392,1,4.0
2001314517,1,5.0
2001315362,1,5.0
2001315650,1,5.0
2001316186,1,5.0
2001316358,1,0.0
2001316904,1,0.0
2001316909,1,0.0
2001316984,1,0.0
2001317077,1,5.0
2001317187,1,5.0
2001318250,1,0.0
2001318940,1,0.0
2001319257,1,5.0
2001319561,1,5.0
2001319609,1,5.0
2001319715,1,5.0
2001319773,1,5.0
2001320410,1,5.0
2001320859,1,5.0
2001320964,1,2.0
2001321056,1,5.0
2001321112,1,5.0
2001321652,1,1.0
2001321731,1,0.0
2001321734,1,5.0
2001321757,1,5.0
2001322193,1,5.0
2001322549,1,0.0
2001322989,1,0.0
2001323303,1,5.0
2001323847,1,4.0
2001323880,1,5.0
2001323962,1,0.0
2001324168,1,5.0
2001324500,1,5.0
2001324568,1,0.0
2001325823,1,5.0
2001325832,1,5.0
2001325884,1,3.0
2001326325,1,0.0
2001326346,1,5.0
2001326413,1,5.0
2001326527,1,0.0
2001326548,1,5.0
2001326575,1,4.0
2001326823,1,5.0
2001326840,1,5.0
2001327157,1,5.0
2001328539,1,0.0
2001328724,1,5.0
2001329133,1,5.0
2001329146,1,5.0
2001329213,1,5.0
2001330613,3,4.666666666666667
2001330797,1,1.0
2001330825,1,1.0
2001331318,1,0.0
2001331851,1,5.0
2001332078,1,5.0
2001332339,1,5.0
2001332396,1,4.0
2001332622,1,5.0
2001332679,1,5.0
2001333045,1,5.0
2001333199,1,0.0
2001333213,1,5.0
2001333634,1,5.0
2001334229,1,5.0
2001334238,1,1.0
2001334349,1,5.0
2001334727,1,5.0
2001334978,1,5.0
2001335076,1,5.0
2001335416,1,4.0
2001335668,1,5.0
2001335755,1,5.0
2001336207,1,5.0
2001336338,1,0.0
2001336418,1,5.0
2001336840,1,5.0
2001337722,1,1.0
2001338551,1,0.0
2001338851,1,0.0
2001338895,1,0.0
2001338938,1,5.0
2001338944,1,4.0
2001339164,1,5.0
2001339410,1,5.0
2001340050,1,4.0
2001340191,1,0.0
2001340302,1,5.0
2001340891,1,5.0
2001341119,1,5.0
2001341488,1,5.0
2001341560,1,5.0
2001341861,1,5.0
2001341923,1,3.0
2001341998,1,5.0
2001342226,1,0.0
2001342651,1,5.0
2001342743,1,3.0
2001343066,1,0.0
2001343889,1,0.0
2001344027,1,5.0
2001344585,1,5.0
2001344890,1,5.0
2001345092,1,5.0
2001345179,1,5.0
2001345290,1,5.0
2001345423,1,0.0
2001345885,1,0.0
2001345889,1,5.0
2001346577,2,5.0
2001346646,1,0.0
2001346717,1,0.0
2001346763,1,5.0
2001346860,1,0.0
2001346873,1,5.0
2001347322,1,5.0
2001347642,1,5.0
2001347791,1,5.0
2001347862,1,3.0
2001348097,1,5.0
2001348166,1,5.0
2001348474,1,3.0
2001348976,1,5.0
2001349186,1,5.0
2001349696,1,5.0
2001350456,1,5.0
2001350491,1,5.0
2001351165,1,5.0
2001351261,1,5.0
2001351732,1,5.0
2001352945,1,5.0
2001353672,1,4.0
2001353795,1,5.0
2001354271,1,3.0
2001355047,1,4.0
2001355271,1,5.0
2001355663,1,0.0
2001355800,1,1.0
2001356157,1,5.0
2001356191,1,4.0
2001356544,1,5.0
2001356653,1,0.0
2001356926,6,4.0
2001357118,1,0.0
2001357137,1,5.0
2001357138,1,5.0
2001357893,1,5.0
2001358386,1,4.0
2001359051,1,5.0
2001359098,1,0.0
2001359614,2,5.0
2001360071,1,0.0
2001361208,1,2.0
2001361374,1,0.0
2001361403,1,5.0
2001362148,1,0.0
2001362355,5,4.8
2001363566,1,5.0
2001363736,1,0.0
2001363816,1,0.0
2001364171,1,4.0
2001364476,1,5.0
2001364483,1,5.0
2001364593,1,5.0
2001364727,1,0.0
2001364818,1,3.0
2001365259,1,0.0
2001365395,1,5.0
2001365799,1,5.0
2001365899,1,0.0
2001366235,1,0.0
2001366291,1,0.0
2001366566,1,5.0
2001366610,1,0.0
2001366986,1,0.0
2001367354,1,5.0
2001368528,1,0.0
2001368540,1,0.0
2001368880,1,5.0
2001369261,1,0.0
2001369324,1,5.0
2001369594,1,5.0
2001369655,2,3.0
2001369801,1,4.0
2001369910,1,5.0
2001370064,1,2.0
2001370672,1,0.0
2001371132,1,4.0
2001371951,1,5.0
2001372984,1,5.0
2001374029,1,5.0
2001375350,1,5.0
2001375403,1,4.0
2001376010,1,4.0
2001376584,1,5.0
2001376599,1,5.0
2001376684,1,5.0
2001377985,1,5.0
2001379182,1,2.0
2001379526,1,0.0
2001379929,1,2.0
2001380026,1,0.0
2001380446,1,5.0
2001380534,1,0.0
2001380892,1,5.0
2001381199,1,5.0
2001381294,1,5.0
2001381306,1,5.0
2001381308,1,0.0
2001381325,1,5.0
2001381675,1,5.0
2001381848,1,5.0
2001382107,1,4.0
2001382137,1,1.0
2001382345,1,4.0
2001382541,1,0.0
2001382895,1,5.0
2001382931,1,5.0
2001382976,1,5.0
2001383059,1,0.0
2001383335,1,5.0
2001383927,1,0.0
2001384234,1,4.0
2001384683,1,3.0
2001385030,1,0.0
2001386050,1,5.0
2001386276,1,2.0
2001386579,1,0.0
2001386698,1,5.0
2001387053,1,5.0
2001387699,2,5.0
2001388977,1,5.0
2001389594,1,5.0
2001389744,1,0.0
2001389814,1,5.0
2001389906,1,1.0
2001389924,1,5.0
2001390089,1,5.0
2001390204,1,0.0
2001390570,1,1.0
2001390586,1,1.0
2001390612,1,5.0
2001390809,1,0.0
2001390897,1,0.0
2001390962,1,5.0
2001391473,1,0.0
2001392037,1,0.0
2001392055,1,0.0
2001392530,1,0.0
2001392772,1,0.0
2001392943,1,5.0
2001393312,1,5.0
2001393412,1,5.0
2001393644,1,5.0
2001393822,1,5.0
2001393980,1,5.0
2001394013,1,5.0
2001394524,1,5.0
2001394706,1,0.0
2001394767,1,0.0
2001394836,1,5.0
2001395716,1,5.0
2001395731,1,0.0
2001396916,1,5.0
2001397155,1,4.0
2001397361,1,5.0
2001397505,1,2.0
2001397594,1,0.0
2001397609,1,1.0
2001397639,1,5.0
2001397865,1,5.0
2001398227,1,5.0
2001398452,1,5.0
2001398665,1,0.0
2001398738,1,1.0
2001398858,1,0.0
2001399116,1,5.0
2001399188,1,5.0
2001399995,1,3.0
2001400067,1,0.0
2001400091,1,5.0
2001400748,1,5.0
2001400823,1,0.0
2001400890,1,0.0
2001400992,1,4.0
2001400996,1,5.0
2001401289,1,5.0
2001401542,1,0.0
2001402076,1,5.0
2001402443,2,4.5
2001402457,1,4.0
2001402628,1,5.0
2001403089,1,5.0
2001403242,1,0.0
2001403726,1,5.0
2001404449,1,0.0
2001404862,1,5.0
2001404969,1,5.0
2001405005,1,2.0
2001405285,1,5.0
2001405287,1,0.0
2001405305,1,0.0
2001405796,1,3.0
2001405918,1,0.0
2001406222,1,5.0
2001406354,1,5.0
2001406461,1,5.0
2001406558,1,4.0
2001406675,1,5.0
2001407359,1,4.0
2001407510,1,0.0
2001407528,1,5.0
2001407535,1,0.0
2001408063,1,4.0
2001408072,1,5.0
2001408866,1,5.0
2001408940,1,0.0
2001409025,1,5.0
2001409066,1,0.0
2001409089,1,5.0
2001409520,1,0.0
2001410294,1,0.0
2001410401,1,0.0
2001410487,1,5.0
2001410597,1,1.0
2001410644,1,5.0
2001411241,1,5.0
2001411387,1,0.0
2001411698,1,5.0
2001412498,1,0.0
2001412817,1,5.0
2001413060,1,5.0
2001413126,1,0.0
2001413313,1,5.0
2001415106,1,0.0
2001415211,1,5.0
2001415344,1,5.0
2001415962,1,4.0
2001416050,1,5.0
2001416252,1,4.0
2001416290,1,5.0
2001416636,1,4.0
2001416972,1,5.0
2001417659,1,5.0
2001418324,1,5.0
2001419106,1,0.0
2001419455,1,5.0
2001419488,1,3.0
2001419803,1,0.0
2001419905,1,5.0
2001420244,1,0.0
2001420296,1,5.0
2001420393,1,5.0
2001420856,1,5.0
2001420895,1,5.0
2001420907,1,0.0
2001422126,1,1.0
2001422804,1,0.0
2001423093,1,5.0
2001423119,1,0.0
2001423506,1,0.0
2001424658,1,4.0
2001424855,1,4.0
2001424875,1,0.0
2001425425,1,2.0
2001425464,1,5.0
2001425510,1,5.0
2001426126,1,0.0
2001426746,1,0.0
2001427675,1,5.0
2001427876,1,0.0
2001428197,1,5.0
2001428757,1,5.0
2001428889,1,5.0
2001429201,1,5.0
2001429565,1,5.0
2001429606,1,4.0
2001429837,1,0.0
2001430703,1,0.0
2001431700,1,1.0
2001431935,1,5.0
2001432321,1,5.0
2001433065,1,0.0
2001433684,1,0.0
2001434155,1,5.0
2001434346,1,5.0
2001434428,1,5.0
2001434440,1,5.0
2001434458,1,5.0
2001435049,1,5.0
2001435477,1,0.0
2001435577,1,0.0
2001435893,1,0.0
2001436152,1,5.0
2001436428,1,5.0
2001436530,3,5.0
2001436813,1,0.0
2001436864,1,0.0
2001437291,1,0.0
2001437701,1,0.0
2001438552,1,0.0
2001438555,1,0.0
2001438763,1,0.0
2001438880,1,0.0
2001438923,1,0.0
2001438987,1,0.0
2001439003,1,0.0
2001439085,1,0.0
2001439733,1,5.0
2001440785,1,5.0
2001440992,1,5.0
2001441005,1,5.0
2001441081,1,5.0
2001441088,1,0.0
2001441540,1,5.0
2001441752,1,5.0
2001441839,1,5.0
2001441972,1,1.0
2001442082,1,5.0
2001442191,1,5.0
2001443101,1,5.0
2001443117,1,0.0
2001443497,1,5.0
2001443604,2,0.0
2001443841,1,0.0
2001444112,1,5.0
2001444182,1,5.0
2001444256,1,1.0
2001445011,1,0.0
2001445193,1,5.0
2001445301,1,5.0
2001445411,1,5.0
2001445890,1,5.0
2001445931,1,0.0
2001445943,1,5.0
2001446075,1,5.0
2001446127,1,1.0
2001446302,1,0.0
2001446407,1,5.0
2001446999,1,5.0
2001447286,1,1.0
2001447357,1,5.0
2001447417,1,5.0
2001447734,1,0.0
2001447989,1,5.0
2001449019,1,5.0
2001449459,1,0.0
2001449481,1,0.0
2001449771,1,0.0
2001449971,1,3.0
2001450158,1,5.0
2001450282,1,0.0
2001451063,1,0.0
2001451670,1,5.0
2001452752,1,5.0
2001452899,1,0.0
2001453193,8,0.75
2001453752,1,1.0
2001454015,1,5.0
2001454217,1,4.0
2001454271,1,1.0
2001455222,1,0.0
2001455329,1,0.0
2001455760,1,4.0
2001455782,1,5.0
2001455984,1,5.0
2001456464,1,5.0
2001456967,1,5.0
2001457564,1,5.0
2001457611,1,0.0
2001457796,1,5.0
2001458035,1,4.0
2001458292,1,0.0
2001458320,1,5.0
2001458572,1,5.0
2001458655,1,5.0
2001459173,1,5.0
2001459338,1,0.0
2001459488,1,3.0
2001460536,1,5.0
2001461041,1,0.0
2001461276,1,0.0
2001461345,1,0.0
2001461697,1,0.0
2001462155,1,0.0
2001462195,1,0.0
2001462233,1,5.0
2001462951,1,1.0
2001463093,1,5.0
2001463104,1,5.0
2001463345,1,0.0
2001463512,1,5.0
2001464246,1,0.0
2001464807,1,5.0
2001464867,1,2.0
2001464955,1,5.0
2001464971,2,4.0
2001466487,1,3.0
2001466491,1,5.0
2001467418,1,5.0
2001467496,1,4.0
2001467838,1,5.0
2001468129,1,5.0
2001468341,1,5.0
2001468496,1,4.0
2001469158,1,5.0
2001469170,1,5.0
2001469482,1,5.0
2001469715,1,1.0
2001469944,1,5.0
2001470055,1,4.0
2001471053,1,5.0
2001471139,1,0.0
2001471770,1,0.0
2001472033,1,0.0
2001472396,1,5.0
2001473707,1,5.0
2001473747,1,0.0
2001474945,1,0.0
2001475794,1,0.0
2001476038,1,4.0
2001476167,1,5.0
2001476433,1,5.0
2001476932,1,5.0
2001477218,1,5.0
2001477259,1,3.0
2001477580,1,5.0
2001477838,1,5.0
2001478080,1,0.0
2001478902,1,0.0
2001479236,1,5.0
2001480127,1,2.0
2001480369,1,2.0
2001480688,1,4.0
2001480689,1,5.0
2001480719,1,0.0
2001480748,1,4.0
2001480980,1,5.0
2001481005,1,5.0
2001481716,1,5.0
2001482613,1,5.0
2001483033,1,5.0
2001483309,1,5.0
2001483378,1,5.0
2001483818,1,5.0
2001484161,2,5.0
2001484178,1,5.0
2001484634,1,5.0
2001485021,1,5.0
2001485022,1,5.0
2001485282,1,4.0
2001485661,1,5.0
2001486814,1,0.0
2001487430,1,5.0
2001487475,1,3.0
2001487681,1,5.0
2001487751,1,0.0
2001487870,1,5.0
2001488570,1,5.0
2001488792,1,0.0
2001489046,2,0.0
2001489158,1,0.0
2001489274,1,5.0
2001489384,1,5.0
2001489386,1,1.0
2001491054,1,4.0
2001491284,1,2.0
2001492126,1,5.0
2001492451,1,0.0
2001492976,1,5.0
2001493742,1,0.0
2001494017,1,5.0
2001494060,1,5.0
2001494245,1,0.0
2001495047,1,4.0
2001495084,1,5.0
2001495244,1,5.0
2001495257,1,0.0
2001495438,1,0.0
2001495579,1,4.0
2001495852,1,0.0
2001496630,1,5.0
2001496700,1,5.0
2001497311,2,0.0
2001497509,1,3.0
2001498166,1,5.0
2001498168,1,0.0
2001498340,1,5.0
2001498668,1,0.0
2001499115,1,0.0
2001499816,1,5.0
2001500484,1,0.0
2001500490,1,5.0
2001500552,1,1.0
2001501762,1,5.0
2001501999,1,5.0
2001502809,1,5.0
2001503237,1,5.0
2001503582,1,5.0
2001503665,1,5.0
2001503674,1,5.0
2001503747,1,5.0
2001504528,1,5.0
2001504557,1,5.0
2001504560,1,5.0
2001504695,1,5.0
2001504913,1,5.0
2001505175,1,5.0
2001505814,1,1.0
2001505898,1,5.0
2001506627,1,5.0
2001506732,1,0.0
2001506785,1,0.0
2001506833,1,5.0
2001506874,1,0.0
2001506926,1,5.0
2001507477,1,0.0
2001507851,1,0.0
2001508337,1,0.0
2001508397,1,0.0
2001508703,1,5.0
2001508809,1,5.0
2001510195,1,5.0
2001510212,1,5.0
2001510594,1,0.0
2001510691,1,5.0
2001511236,1,5.0
2001511315,1,0.0
2001511780,1,5.0
2001511874,1,5.0
2001511883,1,5.0
2001511988,1,5.0
2001511996,1,5.0
2001512143,1,4.0
2001512192,1,5.0
2001512346,1,5.0
2001513060,3,3.6666666666666665
2001513726,1,0.0
2001513962,1,0.0
2001513970,1,3.0
2001514004,1,5.0
2001514489,1,5.0
2001515095,1,5.0
2001515610,1,0.0
2001515921,1,5.0
2001516209,1,0.0
2001516705,1,0.0
2001517095,1,0.0
2001517119,1,4.0
2001517358,1,5.0
2001517774,1,0.0
2001518153,1,5.0
2001518404,1,1.0
2001518559,1,5.0
2001518837,1,0.0
2001519062,1,0.0
2001519084,1,5.0
2001519227,1,0.0
2001519849,1,5.0
2001520132,1,5.0
2001520190,1,5.0
2001520345,1,5.0
2001520435,1,5.0
2001521816,1,4.0
2001521835,1,1.0
2001521984,1,5.0
2001522292,1,0.0
2001522944,1,1.0
2001523021,1,0.0
2001523138,1,1.0
2001523162,1,5.0
2001523355,1,5.0
2001524114,1,5.0
2001524128,1,0.0
2001524348,1,5.0
2001524532,1,5.0
2001525258,1,5.0
2001525528,1,0.0
2001525541,1,5.0
2001525812,1,5.0
2001527095,1,4.0
2001527223,1,0.0
2001527640,1,5.0
2001527715,1,4.0
2001527947,1,4.0
2001528373,1,5.0
2001528561,1,5.0
2001529029,1,5.0
2001529776,1,5.0
2001529850,1,0.0
2001529919,1,5.0
2001529981,1,0.0
2001530033,1,5.0
2001530230,1,3.0
2001530884,1,1.0
2001531958,1,5.0
2001532298,1,5.0
2001532401,1,0.0
2001532566,1,3.0
2001532683,1,4.0
2001532840,1,0.0
2001533206,1,5.0
2001533432,1,0.0
2001534274,1,5.0
2001534559,1,0.0
2001534957,1,0.0
2001535356,1,0.0
2001535552,1,5.0
2001535987,1,5.0
2001536067,1,2.0
2001536293,1,5.0
2001536393,1,5.0
2001536441,1,0.0
2001537673,1,5.0
2001537787,1,5.0
2001537825,1,1.0
2001538057,1,5.0
2001538101,1,5.0
2001538448,1,0.0
2001538536,1,0.0
2001539013,1,5.0
2001539668,1,0.0
2001540202,1,5.0
2001540341,1,0.0
2001540574,1,5.0
2001540902,1,5.0
2001540988,1,0.0
2001541623,1,5.0
2001541927,1,5.0
2001542174,1,5.0
2001542490,1,0.0
2001542574,1,5.0
2001542646,1,5.0
2001542720,1,3.0
2001543280,1,1.0
2001543445,1,5.0
2001543700,1,0.0
2001544043,1,5.0
2001544222,1,0.0
2001544445,1,5.0
2001544502,1,0.0
2001545044,1,0.0
2001545129,1,5.0
2001545375,1,5.0
2001545505,1,5.0
2001545657,1,4.0
2001545723,1,0.0
2001545883,1,5.0
2001546013,1,5.0
2001546340,1,0.0
2001546774,1,4.0
2001548086,1,0.0
2001548447,1,0.0
2001549544,1,5.0
2001549939,1,5.0
2001550129,2,5.0
2001550810,4,0.25
2001550974,1,0.0
2001551422,1,0.0
2001551535,1,0.0
2001551579,1,5.0
2001551745,1,5.0
2001552011,1,5.0
2001552027,1,5.0
2001552759,1,1.0
2001553772,1,5.0
2001554349,1,5.0
2001555598,1,5.0
2001555881,1,0.0
2001557050,1,4.0
2001557579,1,0.0
2001558246,1,5.0
2001558281,1,5.0
2001558825,1,5.0
2001558898,1,1.0
2001558974,1,5.0
2001559223,1,2.0
2001560241,1,5.0
2001560388,1,5.0
2001560453,1,0.0
2001560916,1,0.0
2001560946,1,4.0
2001561200,1,0.0
2001561264,1,2.0
2001561667,1,0.0
2001562099,1,1.0
2001562129,1,5.0
2001562234,1,5.0
2001562295,1,5.0
2001563047,1,0.0
2001563466,1,0.0
2001564863,1,0.0
2001565167,1,5.0
2001565350,1,5.0
2001565916,1,4.0
2001566366,1,0.0
2001566424,1,4.0
2001566684,1,0.0
2001566845,1,5.0
2001566935,1,5.0
2001567132,1,5.0
2001567544,1,5.0
2001568791,1,0.0
2001568814,1,5.0
2001569128,1,5.0
2001569857,1,0.0
2001569986,1,5.0
2001570696,1,5.0
2001570864,1,5.0
2001570946,1,5.0
2001571093,1,5.0
2001571187,1,5.0
2001571225,1,0.0
2001571706,1,2.0
2001571898,1,3.0
2001573232,1,0.0
2001573411,1,4.0
2001573771,1,5.0
2001573929,1,0.0
2001574201,1,5.0
2001574271,1,5.0
2001574914,1,0.0
2001574977,1,5.0
2001575571,1,4.0
2001575770,1,0.0
2001575829,1,5.0
2001575944,1,4.0
2001576559,1,0.0
2001576805,1,5.0
2001576815,1,5.0
2001577361,1,5.0
2001577422,1,5.0
2001577881,1,5.0
2001577924,1,5.0
2001578554,1,0.0
2001579523,1,0.0
2001580167,1,0.0
2001580348,1,5.0
2001581139,1,5.0
2001581180,1,5.0
2001581353,1,5.0
2001581808,1,5.0
2001582190,1,3.0
2001582269,1,0.0
2001582482,1,5.0
2001582514,1,5.0
2001582987,1,5.0
2001583139,1,5.0
2001583308,1,5.0
2001583453,1,5.0
2001583547,1,4.0
2001583599,1,5.0
2001583729,1,0.0
2001583769,1,0.0
2001585157,1,4.0
2001585415,1,0.0
2001585715,1,0.0
2001585871,1,5.0
2001586011,1,5.0
2001586091,1,0.0
2001586118,1,4.0
2001586155,1,5.0
2001587026,1,5.0
2001587195,1,5.0
2001587324,1,5.0
2001588568,1,2.0
2001588824,1,5.0
2001589027,1,4.0
2001589069,1,5.0
2001589165,1,0.0
2001589447,1,5.0
2001589568,1,5.0
2001589893,1,4.0
2001590162,1,0.0
2001590175,1,0.0
2001590466,1,5.0
2001590626,1,4.0
2001590761,1,5.0
2001591582,1,0.0
2001591688,1,0.0
2001591764,1,0.0
2001591888,1,4.0
2001592031,1,0.0
2001592055,1,5.0
2001592205,1,4.0
2001592532,1,5.0
2001592600,1,0.0
2001593093,1,1.0
2001593246,1,5.0
2001593273,1,5.0
2001593485,1,0.0
2001593704,1,5.0
2001595599,1,5.0
2001596244,1,5.0
2001596725,1,5.0
2001596925,1,5.0
2001596933,1,0.0
2001596994,1,5.0
2001597112,1,1.0
2001597164,1,5.0
2001597168,1,5.0
2001597234,1,0.0
2001597665,1,5.0
2001597749,1,5.0
2001597759,1,0.0
2001598026,1,5.0
2001598318,1,5.0
2001598516,1,5.0
2001598542,1,5.0
2001598754,1,5.0
2001598755,1,3.0
2001598827,1,5.0
2001598846,1,5.0
2001599081,1,5.0
2001599616,1,0.0
2001599744,1,5.0
2001600077,1,0.0
2001600444,1,0.0
2001600463,1,0.0
2001600787,1,0.0
2001601815,2,5.0
2001602042,1,0.0
2001602135,1,0.0
2001602464,1,5.0
2001602523,1,4.0
2001602999,1,5.0
2001603682,1,5.0
2001603977,1,3.0
2001604159,1,5.0
2001604332,1,0.0
2001604593,1,0.0
2001606597,1,0.0
2001606941,1,5.0
2001607094,1,5.0
2001607292,1,4.0
2001608433,1,5.0
2001608600,1,1.0
2001608911,1,0.0
2001609403,1,5.0
2001610640,1,5.0
2001610686,1,5.0
2001610966,1,5.0
2001611812,1,0.0
2001612325,1,0.0
2001612454,1,5.0
2001613138,1,5.0
2001613470,1,5.0
2001614052,1,1.0
2001614298,1,3.0
2001614629,1,1.0
2001615623,1,5.0
2001615771,1,5.0
2001616585,1,5.0
2001616890,1,0.0
2001617200,1,3.0
2001617239,1,0.0
2001617354,1,0.0
2001617415,1,1.0
2001617452,1,0.0
2001618124,3,5.0
2001618263,1,0.0
2001618660,1,5.0
2001619079,1,5.0
2001619454,1,0.0
2001619576,1,5.0
2001619678,1,5.0
2001619729,1,0.0
2001619815,1,5.0
2001620506,1,0.0
2001621342,1,0.0
2001621597,1,5.0
2001621602,1,5.0
2001621687,1,5.0
2001621713,1,4.0
2001622726,1,0.0
2001623281,1,5.0
2001623949,1,0.0
2001624097,1,5.0
2001624473,1,0.0
2001624648,1,5.0
2001625016,1,1.0
2001625379,1,5.0
2001626726,1,0.0
2001626790,1,5.0
2001627200,1,0.0
2001627485,1,5.0
2001627691,1,0.0
2001627817,1,0.0
2001627873,1,1.0
2001629211,1,0.0
2001629243,1,5.0
2001629398,1,5.0
2001629515,1,4.0
2001629782,1,5.0
2001629787,1,5.0
2001630278,1,5.0
2001630370,1,0.0
2001630614,1,0.0
2001631055,1,5.0
2001631611,1,5.0
2001631636,1,5.0
2001631759,1,5.0
2001631893,1,5.0
2001632127,1,0.0
2001632690,1,0.0
2001633027,1,3.0
2001633287,1,5.0
2001633358,1,5.0
2001633482,1,5.0
2001634314,1,4.0
2001634937,1,0.0
2001635187,1,4.0
2001635444,1,5.0
2001635824,1,5.0
2001636049,1,5.0
2001636117,1,0.0
2001636631,1,0.0
2001637487,1,0.0
2001638044,1,5.0
2001638063,1,3.0
2001638326,1,5.0
2001638861,1,5.0
2001639100,1,5.0
2001639151,1,5.0
2001639807,1,5.0
2001639844,1,0.0
2001640012,1,5.0
2001640278,1,5.0
2001640378,1,5.0
2001640429,1,5.0
2001640564,1,5.0
2001640614,1,5.0
2001640694,1,0.0
2001641204,1,5.0
2001641441,1,5.0
2001641453,1,5.0
2001642110,1,5.0
2001643561,1,0.0
2001643816,1,5.0
2001644853,1,5.0
2001644919,1,0.0
2001645733,1,0.0
2001646713,1,5.0
2001647020,1,5.0
2001647846,1,5.0
2001647989,1,0.0
2001648269,1,4.0
2001648314,1,5.0
2001649031,1,5.0
2001649681,1,0.0
2001650496,1,1.0
2001650656,1,5.0
2001650688,1,5.0
2001650701,1,5.0
2001650813,1,5.0
2001651208,1,0.0
2001651792,1,0.0
2001652178,1,5.0
2001653259,1,5.0
2001653719,1,0.0
2001654421,1,0.0
2001654837,1,4.0
2001654934,1,1.0
2001655019,1,5.0
2001655266,1,1.0
2001655651,1,0.0
2001657030,1,5.0
2001657313,1,0.0
2001658400,1,5.0
2001658900,1,5.0
2001659091,1,5.0
2001659381,1,5.0
2001659582,1,0.0
2001659820,1,0.0
2001660134,1,5.0
2001660452,1,5.0
2001660675,1,5.0
2001660994,1,5.0
2001661081,1,5.0
2001661220,1,5.0
2001661814,1,0.0
2001662035,1,1.0
2001662166,1,5.0
2001662231,1,5.0
2001662293,1,5.0
2001662467,1,5.0
2001662914,1,5.0
2001663162,1,0.0
2001663487,1,5.0
2001663702,1,0.0
2001664043,1,5.0
2001664614,1,0.0
2001664969,1,5.0
2001665242,1,5.0
2001665720,1,4.0
2001666642,1,5.0
2001666783,1,5.0
2001666877,1,0.0
2001666927,1,5.0
2001667029,1,0.0
2001667210,1,0.0
2001667827,1,4.0
2001668279,2,5.0
2001669071,1,0.0
2001669289,1,4.0
2001669415,1,0.0
2001669708,1,3.0
2001669763,1,0.0
2001669802,1,5.0
2001670547,1,5.0
2001671402,1,0.0
2001671815,1,0.0
2001671957,1,5.0
2001672182,1,5.0
2001673367,1,4.0
2001674170,1,0.0
2001674245,1,5.0
2001674413,1,0.0
2001674536,1,5.0
2001674849,1,0.0
2001674994,1,0.0
2001675152,1,0.0
2001675217,1,5.0
2001675620,1,5.0
2001675648,1,2.0
2001675926,1,0.0
2001676281,1,5.0
2001676327,1,0.0
2001676638,1,1.0
2001676697,1,1.0
2001676733,1,5.0
2001676910,1,5.0
2001676940,1,5.0
2001676998,1,5.0
2001677227,1,0.0
2001677279,1,5.0
2001677655,1,4.0
2001678255,1,0.0
2001678502,1,5.0
2001678737,1,0.0
2001679080,1,0.0
2001679684,1,5.0
2001679722,1,5.0
2001680076,1,5.0
2001680828,1,5.0
2001682385,1,0.0
2001682396,1,5.0
2001682808,1,5.0
2001683718,2,5.0
2001684117,1,0.0
2001684128,1,5.0
2001684270,1,5.0
2001685306,1,0.0
2001685835,1,0.0
2001686167,1,5.0
2001686641,1,5.0
2001686985,1,0.0
2001687159,1,4.0
2001687624,1,5.0
2001687675,1,5.0
2001687699,1,0.0
2001687975,1,0.0
2001687989,1,5.0
2001688000,1,5.0
2001688824,1,5.0
2001688873,1,0.0
2001689825,1,5.0
2001690068,1,5.0
2001690447,1,0.0
2001690764,1,3.0
2001690856,1,5.0
2001692012,1,5.0
2001692389,1,5.0
2001692869,1,5.0
2001693019,1,0.0
2001693206,1,5.0
2001693784,1,1.0
2001694113,1,0.0
2001694243,1,3.0
2001694545,1,0.0
2001695503,1,5.0
2001695846,1,5.0
2001696048,1,5.0
2001696850,1,0.0
2001697238,1,5.0
2001697382,1,0.0
2001697486,1,4.0
2001697523,1,5.0
2001697713,1,4.0
2001697839,1,0.0
2001698020,1,0.0
2001698208,1,0.0
2001698658,1,5.0
2001698855,1,0.0
2001699183,1,5.0
2001700939,1,5.0
2001701101,1,4.0
2001701267,1,5.0
2001701386,1,5.0
2001701486,1,4.0
2001701531,1,5.0
2001702039,1,5.0
2001703794,1,1.0
2001703848,1,0.0
2001704911,2,5.0
2001705190,1,5.0
2001706031,1,5.0
2001706435,1,5.0
2001706606,1,4.0
2001706693,1,5.0
2001706759,1,5.0
2001706831,1,5.0
2001707046,1,2.0
2001707576,1,0.0
2001707773,1,5.0
2001707961,1,0.0
2001708302,1,5.0
2001708540,1,4.0
2001709039,1,5.0
2001709467,1,5.0
2001709886,1,0.0
2001710119,1,0.0
2001710204,1,0.0
2001710796,1,5.0
2001711286,1,4.0
2001712242,1,4.0
2001712286,1,0.0
2001713584,1,5.0
2001713653,1,5.0
2001714919,1,5.0
2001715263,1,5.0
2001715590,1,4.0
2001715974,1,5.0
2001716807,1,5.0
2001717463,1,2.0
2001717681,1,0.0
2001717727,1,0.0
2001717963,1,5.0
2001718000,1,1.0
2001718068,1,0.0
2001718674,1,5.0
2001719206,1,1.0
2001719271,1,5.0
2001719805,1,5.0
2001719894,1,0.0
2001719907,1,0.0
2001719980,1,5.0
2001720049,1,1.0
2001720927,1,5.0
2001721472,1,0.0
2001721550,1,5.0
2001721729,1,5.0
2001722231,1,5.0
2001722346,1,5.0
2001722458,1,5.0
2001722857,1,5.0
2001723712,1,5.0
2001723724,1,5.0
2001723886,1,5.0
2001724001,1,5.0
2001725191,1,5.0
2001725341,1,0.0
2001725726,1,4.0
2001726058,1,0.0
2001726285,1,5.0
2001726764,1,0.0
2001726892,1,3.0
2001727524,1,0.0
2001728203,1,0.0
2001728716,1,4.0
2001729627,1,5.0
2001729718,1,5.0
2001730059,1,0.0
2001730263,1,5.0
2001730264,1,5.0
2001731401,1,2.0
2001731606,1,4.0
2001732094,1,5.0
2001732397,1,3.0
2001732934,1,5.0
2001733024,1,5.0
2001733334,1,4.0
2001734842,1,5.0
2001734951,1,5.0
2001735237,1,5.0
2001735302,1,4.0
2001735588,1,3.0
2001735590,1,4.0
2001736064,1,5.0
2001736196,1,5.0
2001736440,1,5.0
2001736873,1,5.0
2001737156,1,5.0
2001737414,1,5.0
2001737740,1,4.0
2001738516,1,5.0
2001739148,1,5.0
2001739726,1,5.0
2001739728,1,5.0
2001740009,1,5.0
2001740071,1,0.0
2001740162,1,0.0
2001740399,1,5.0
2001740503,1,5.0
2001740668,1,5.0
2001741724,1,5.0
2001742373,1,1.0
2001742379,1,0.0
2001743138,1,5.0
2001744067,1,5.0
2001744159,1,0.0
2001744223,1,0.0
2001744388,1,5.0
2001744700,1,2.0
2001745412,1,5.0
2001745571,1,0.0
2001745832,1,5.0
2001746962,1,5.0
2001746993,1,5.0
2001747785,1,5.0
2001748550,1,0.0
2001748959,1,5.0
2001749100,1,4.0
2001749364,1,0.0
2001749662,1,0.0
2001750133,1,5.0
2001750164,1,5.0
2001750766,1,0.0
2001751290,1,0.0
2001752465,1,0.0
2001752701,1,5.0
2001752779,1,0.0
2001753434,1,0.0
2001754145,1,5.0
2001754523,1,0.0
2001754561,1,0.0
2001754728,1,0.0
2001755664,1,0.0
2001755758,1,5.0
2001756565,1,5.0
2001756960,1,0.0
2001757001,1,5.0
2001757094,1,5.0
2001757228,1,4.0
2001757414,1,5.0
2001758341,1,5.0
2001759062,1,0.0
2001759076,1,0.0
2001760049,1,0.0
2001760121,1,5.0
2001760184,1,0.0
2001761574,1,4.0
2001761852,1,5.0
2001762585,1,4.0
2001762675,1,5.0
2001762829,1,5.0
2001762968,1,5.0
2001763118,1,5.0
2001763240,1,4.0
2001763242,1,5.0
2001764171,1,5.0
2001764234,1,2.0
2001764398,1,5.0
2001764438,1,5.0
2001764750,1,5.0
2001765068,1,0.0
2001765439,1,5.0
2001765609,1,5.0
2001766311,1,5.0
2001766839,1,5.0
2001766885,1,0.0
2001768630,1,5.0
2001769803,1,3.0
2001770003,1,5.0
2001770390,1,0.0
2001770624,1,5.0
2001770814,1,0.0
2001770912,1,1.0
2001771006,1,5.0
2001771100,1,5.0
2001771224,1,0.0
2001771281,1,5.0
2001771755,1,4.0
2001772492,1,5.0
2001773389,1,5.0
2001773586,1,0.0
2001773718,1,0.0
2001773947,1,5.0
2001774212,1,5.0
2001774287,1,5.0
2001775316,1,0.0
2001775317,1,5.0
2001775362,1,5.0
2001775731,1,5.0
2001776070,1,5.0
2001776234,1,0.0
2001776805,1,3.0
2001776862,1,0.0
2001777046,1,5.0
2001777081,1,5.0
2001777315,1,5.0
2001777470,1,0.0
2001777722,1,0.0
2001778325,1,5.0
2001778558,1,5.0
2001778822,1,5.0
2001778905,1,4.0
2001778914,1,5.0
2001779573,1,5.0
2001779770,1,5.0
2001780164,1,5.0
2001780700,1,0.0
2001780820,1,5.0
2001780975,1,0.0
2001781116,1,0.0
2001781407,1,5.0
2001781588,1,0.0
2001781743,1,5.0
2001782085,1,5.0
2001782143,1,5.0
2001782226,1,0.0
2001782387,1,0.0
2001782591,1,5.0
2001782839,1,0.0
2001782909,1,5.0
2001783124,1,0.0
2001783153,1,5.0
2001783480,1,5.0
2001783674,1,0.0
2001784068,1,0.0
2001784473,1,4.0
2001784488,1,0.0
2001784526,1,0.0
2001784816,1,5.0
2001784987,1,5.0
2001785397,1,5.0
2001786305,1,0.0
2001787098,1,0.0
2001787664,1,4.0
2001787762,1,2.0
2001787774,1,5.0
2001788296,1,1.0
2001788601,1,0.0
2001788900,1,5.0
2001788905,1,5.0
2001789981,1,5.0
2001789993,1,5.0
2001790373,1,0.0
2001790480,1,5.0
2001790682,1,5.0
2001791137,1,0.0
2001791235,1,0.0
2001791274,1,0.0
2001791498,1,4.0
2001792239,1,5.0
2001792640,1,0.0
2001792947,1,4.0
2001793568,1,5.0
2001794774,1,1.0
2001794858,1,4.0
2001794952,1,5.0
2001795092,1,0.0
2001795312,1,0.0
2001795629,1,5.0
2001795835,1,5.0
2001795961,1,5.0
2001796084,1,0.0
2001796186,1,5.0
2001796360,1,0.0
2001796381,1,5.0
2001796762,1,0.0
2001797342,1,0.0
2001797431,1,2.0
2001797630,1,5.0
2001797847,1,0.0
2001798254,1,5.0
2001798299,1,1.0
2001798478,1,0.0
2001798849,1,0.0
2001799006,1,5.0
2001799627,1,5.0
2001800532,1,0.0
2001801122,1,0.0
2001801200,1,0.0
2001801282,1,5.0
2001802742,1,5.0
2001803713,3,3.6666666666666665
2001804074,1,5.0
2001804594,1,5.0
2001804686,1,5.0
2001804764,1,0.0
2001804808,1,5.0
2001804887,1,4.0
2001805056,1,5.0
2001805186,2,5.0
2001805474,1,5.0
2001805752,1,5.0
2001806171,1,5.0
2001806481,1,5.0
2001806964,1,5.0
2001807917,1,4.0
2001808848,1,5.0
2001809627,1,5.0
2001810541,1,0.0
2001811403,1,4.0
2001813666,1,5.0
2001813727,1,0.0
2001814038,1,5.0
2001814152,1,5.0
2001814360,1,0.0
2001815025,1,5.0
2001815355,1,0.0
2001817212,1,5.0
2001817268,1,5.0
2001817902,1,5.0
2001818573,1,0.0
2001819027,1,0.0
2001820460,1,5.0
2001821608,1,0.0
2001822240,1,5.0
2001822887,1,5.0
2001823970,1,0.0
2001824485,1,2.0
2001824978,1,5.0
2001825135,1,4.0
2001825226,1,0.0
2001825309,1,5.0
2001825731,1,5.0
2001825930,1,5.0
2001826174,1,5.0
2001826405,1,5.0
2001826433,1,1.0
2001826550,1,5.0
2001826943,1,1.0
2001827052,1,3.0
2001827069,1,1.0
2001827433,1,5.0
2001827675,1,5.0
2001828137,1,5.0
2001828293,1,5.0
2001828582,1,4.0
2001828787,1,5.0
2001829342,1,5.0
2001829777,1,1.0
2001831450,1,5.0
2001831580,1,5.0
2001831591,1,3.0
2001831742,1,5.0
2001832067,1,0.0
2001833357,1,0.0
2001833654,1,0.0
2001834140,1,5.0
2001834433,1,3.0
2001835402,1,4.0
2001835836,1,0.0
2001835916,2,2.5
2001836029,1,5.0
2001836474,1,5.0
2001836683,2,4.5
2001836687,1,5.0
2001837413,1,0.0
2001837766,1,0.0
2001837930,1,5.0
2001837962,1,5.0
2001838032,1,0.0
2001838304,1,3.0
2001838809,1,0.0
2001838832,1,4.0
2001839641,1,0.0
2001839766,1,5.0
2001840502,1,0.0
2001840850,1,0.0
2001840862,1,0.0
2001840899,1,0.0
2001841171,1,5.0
2001841534,1,5.0
2001841852,2,2.0
2001842026,1,5.0
2001842210,1,5.0
2001842589,1,4.0
2001842763,1,5.0
2001842816,1,5.0
2001843614,1,0.0
2001843699,1,0.0
2001844025,1,1.0
2001844681,1,5.0
2001844921,1,0.0
2001845178,1,5.0
2001845454,1,0.0
2001845455,1,3.0
2001845741,1,5.0
2001845972,1,0.0
2001846677,1,0.0
2001846807,1,4.0
2001846861,1,0.0
2001847564,1,1.0
2001847749,1,5.0
2001848120,1,0.0
2001848156,1,0.0
2001848516,1,5.0
2001848714,1,2.0
2001848839,1,0.0
2001848931,1,5.0
2001849065,1,0.0
2001849687,1,5.0
2001850266,1,3.0
2001850426,1,0.0
2001850953,1,5.0
2001851046,1,0.0
2001851386,1,4.0
2001851423,1,2.0
2001851719,1,4.0
2001851959,1,5.0
2001852029,1,5.0
2001852149,1,0.0
2001852588,1,0.0
2001853029,2,2.5
2001853324,1,1.0
2001853389,1,5.0
2001853923,1,5.0
2001854402,1,1.0
2001855702,1,0.0
2001856588,1,5.0
2001856802,1,5.0
2001857597,1,2.0
2001857945,1,0.0
2001858284,1,0.0
2001858622,1,0.0
2001858823,1,3.0
2001860056,1,0.0
2001861106,1,5.0
2001861252,1,0.0
2001861510,1,5.0
2001861859,1,5.0
2001862185,1,5.0
2001862267,1,5.0
2001863516,1,5.0
2001864066,1,0.0
2001864151,1,5.0
2001865205,1,5.0
2001865747,1,0.0
2001866382,1,0.0
2001866607,1,5.0
2001866897,1,5.0
2001867082,1,5.0
2001867089,1,5.0
2001867282,1,5.0
2001867347,1,5.0
2001867428,1,0.0
2001868398,1,0.0
2001868827,1,0.0
2001868894,1,5.0
2001869277,1,0.0
2001869564,1,5.0
2001869650,1,5.0
2001869822,1,0.0
2001869973,1,5.0
2001870560,1,3.0
2001870856,1,0.0
2001871535,1,0.0
2001871644,1,5.0
2001871671,1,4.0
2001872028,1,5.0
2001873150,1,5.0
2001873424,1,5.0
2001874149,1,5.0
2001874174,1,0.0
2001874401,1,4.0
2001874736,1,0.0
2001875148,1,0.0
2001877351,1,5.0
2001877997,1,1.0
2001878039,1,0.0
2001878048,1,5.0
2001878734,1,1.0
2001879698,1,0.0
2001880521,1,0.0
2001884249,1,0.0
2001884567,1,5.0
2001884585,1,5.0
2001884740,1,0.0
2001886258,1,5.0
2001886292,1,5.0
2001886772,1,5.0
2001886838,1,5.0
2001886985,1,5.0
2001887945,1,5.0
2001888043,1,0.0
2001889177,1,5.0
2001889361,1,5.0
2001889429,1,0.0
2001889520,1,0.0
2001889549,1,3.0
2001889622,1,5.0
2001891281,1,5.0
2001891441,1,4.0
2001891755,1,5.0
2001891831,1,5.0
2001891832,1,0.0
2001892059,1,0.0
2001892079,1,5.0
2001892100,1,0.0
2001892171,1,0.0
2001892569,1,5.0
2001892784,1,0.0
2001892793,1,5.0
2001893191,1,0.0
2001893193,1,5.0
2001893617,1,5.0
2001894064,1,0.0
2001894280,1,5.0
2001894539,1,5.0
2001894851,1,5.0
2001894861,1,5.0
2001895357,1,5.0
2001896130,1,5.0
2001896185,1,5.0
2001896433,1,5.0
2001896570,1,0.0
2001896796,1,1.0
2001897047,1,5.0
2001897650,1,5.0
2001897830,1,5.0
2001897849,1,5.0
2001898023,1,5.0
2001898377,1,4.0
2001898473,1,0.0
2001898882,1,5.0
2001898905,1,5.0
2001899741,1,5.0
2001899921,1,5.0
2001900449,1,5.0
2001900498,1,5.0
2001900727,1,0.0
2001901016,1,5.0
2001901384,1,5.0
2001901559,1,5.0
2001902417,1,5.0
2001903082,1,0.0
2001903725,1,5.0
2001904371,1,5.0
2001904397,1,1.0
2001904713,1,5.0
2001905376,1,5.0
2001905513,1,5.0
2001906435,1,3.0
2001906542,1,5.0
2001906991,2,4.5
2001907331,1,0.0
2001907483,1,5.0
2001908209,1,0.0
2001908317,1,5.0
2001908677,1,1.0
2001909035,1,0.0
2001909288,1,5.0
2001909722,1,5.0
2001910310,1,5.0
2001910516,1,5.0
2001910906,1,5.0
2001911082,1,0.0
2001911246,1,5.0
2001911291,1,1.0
2001911375,1,1.0
2001912409,1,5.0
2001913082,1,4.0
2001913208,1,5.0
2001913349,1,4.0
2001913572,1,1.0
2001913830,1,5.0
2001914468,1,4.0
2001915122,1,5.0
2001915374,1,5.0
2001915525,1,5.0
2001916295,1,5.0
2001916495,1,5.0
2001916824,1,5.0
2001916830,1,1.0
2001917035,1,0.0
2001917170,1,5.0
2001917748,1,0.0
2001918898,1,4.0
2001919174,1,5.0
2001919195,1,3.0
2001919269,1,5.0
2001919461,1,5.0
2001920828,1,0.0
2001921046,1,0.0
2001921107,1,5.0
2001921182,1,5.0
2001921512,1,1.0
2001921801,1,0.0
2001922458,1,0.0
2001922505,1,5.0
2001922644,1,5.0
2001922656,1,5.0
2001922705,1,5.0
2001923686,1,1.0
2001923739,1,0.0
2001924026,1,4.0
2001924222,1,5.0
2001924668,1,5.0
2001924836,1,0.0
2001925491,1,3.0
2001925984,1,5.0
2001926575,1,1.0
2001926856,1,5.0
2001928554,1,5.0
2001928722,1,4.0
2001928915,1,4.0
2001928989,1,5.0
2001929566,1,0.0
2001929906,1,2.0
2001930013,1,5.0
2001930164,1,0.0
2001930577,1,5.0
2001930966,1,5.0
2001931465,1,0.0
2001932308,1,5.0
2001934880,1,4.0
2001935021,1,5.0
2001935129,1,1.0
2001935738,1,5.0
2001935821,2,5.0
2001936310,1,0.0
2001936444,1,2.0
2001936654,1,5.0
2001936658,1,5.0
2001936710,1,4.0
2001936835,1,5.0
2001937082,1,5.0
2001937445,1,5.0
2001938521,1,1.0
2001938920,1,0.0
2001939265,1,5.0
2001939614,1,5.0
2001939761,1,5.0
2001939819,1,5.0
2001940095,1,5.0
2001940258,1,4.0
2001940262,1,5.0
2001940326,1,5.0
2001940802,1,4.0
2001940907,1,0.0
2001941247,1,5.0
2001941662,1,5.0
2001942000,1,3.0
2001942020,1,5.0
2001942465,1,4.0
2001942952,1,5.0
2001943009,1,1.0
2001943610,1,5.0
2001943969,1,5.0
2001944397,1,5.0
2001944484,1,5.0
2001944496,1,5.0
2001944581,1,5.0
2001945563,1,5.0
2001945753,1,0.0
2001945952,1,5.0
2001946428,1,4.0
2001946495,1,5.0
2001946911,1,5.0
2001947026,1,1.0
2001947445,1,5.0
2001947629,1,0.0
2001947663,1,5.0
2001947672,1,5.0
2001948974,1,5.0
2001949982,1,5.0
2001950344,1,5.0
2001950742,1,5.0
2001950785,1,0.0
2001951138,1,5.0
2001951629,1,0.0
2001951883,1,5.0
2001952095,1,4.0
2001952252,1,0.0
2001952410,1,5.0
2001952991,1,5.0
2001953513,1,0.0
2001953725,1,2.0
2001953888,1,5.0
2001954500,1,2.0
2001954885,1,0.0
2001955103,1,5.0
2001955177,1,0.0
2001955326,1,0.0
2001955392,1,0.0
2001955630,1,5.0
2001957706,1,5.0
2001957855,1,5.0
2001958383,1,0.0
2001959551,1,0.0
2001960556,1,4.0
2001960722,1,0.0
2001961179,1,5.0
2001961655,1,5.0
2001961681,1,5.0
2001962200,1,2.0
2001962507,1,4.0
2001962547,1,4.0
2001964376,1,3.0
2001964422,1,4.0
2001964712,1,0.0
2001964947,1,4.0
2001964994,1,0.0
2001965474,1,5.0
2001965699,1,4.0
2001965974,1,5.0
2001966180,1,5.0
2001966242,1,5.0
2001966252,1,5.0
2001966361,1,5.0
2001966436,1,5.0
2001967508,1,4.0
2001967599,1,1.0
2001967725,1,0.0
2001967979,1,5.0
2001967991,1,5.0
2001968655,1,5.0
2001969141,1,0.0
2001969683,1,0.0
2001969738,1,0.0
2001969762,1,0.0
2001969808,1,4.0
2001971053,1,5.0
2001971575,1,5.0
2001972150,1,0.0
2001972306,1,5.0
2001972536,1,4.0
2001972604,1,0.0
2001972684,1,5.0
2001974063,1,5.0
2001974080,1,4.0
2001974536,1,5.0
2001975187,1,5.0
2001975255,1,5.0
2001975776,1,5.0
2001976432,1,4.0
2001976826,1,5.0
2001977750,1,5.0
2001977923,1,5.0
2001978273,1,5.0
2001978558,1,5.0
2001979427,1,5.0
2001979525,1,5.0
2001979898,1,5.0
2001980002,1,2.0
2001980236,1,0.0
2001980517,1,5.0
2001980714,1,5.0
2001981013,1,5.0
2001981259,1,0.0
2001981316,1,0.0
2001982541,1,1.0
2001982744,1,0.0
2001983432,1,5.0
2001983976,1,4.0
2001984991,1,5.0
2001985294,1,5.0
2001985449,1,1.0
2001985450,1,1.0
2001986088,1,5.0
2001986235,1,0.0
2001986547,1,1.0
2001987106,1,5.0
2001987114,1,5.0
2001987556,1,5.0
2001987664,1,0.0
2001987955,1,5.0
2001988206,1,5.0
2001988683,1,1.0
2001988796,1,0.0
2001988913,1,5.0
2001989153,1,2.0
2001989488,1,5.0
2001989803,1,5.0
2001989919,1,0.0
2001989974,1,4.0
2001990255,1,0.0
2001990955,1,5.0
2001992252,1,5.0
2001992772,1,0.0
2001992833,1,5.0
2001992865,1,0.0
2001993247,1,3.0
2001993570,1,1.0
2001994042,1,0.0
2001994129,1,0.0
2001994309,1,5.0
2001994334,1,0.0
2001994587,1,0.0
2001994836,1,5.0
2001995047,1,5.0
2001996003,1,5.0
2001996550,1,2.0
2001996586,1,5.0
2001997077,1,5.0
2001997201,1,5.0
2001997525,1,5.0
2001997564,1,5.0
2001997924,1,4.0
2001997977,1,4.0
2001998401,1,5.0
2001998874,1,5.0
2001999019,1,0.0
2001999110,1,4.0
2001999265,1,3.0
2001999456,1,5.0
2001999473,1,5.0
2001999983,1,4.0
2002000150,1,4.0
2002000303,1,5.0
2002000331,1,5.0
2002001563,1,2.0
2002002895,1,5.0
2002003346,1,5.0
2002003983,1,5.0
2002005281,1,0.0
2002005689,1,3.0
2002006062,1,0.0
2002006230,1,5.0
2002006243,1,1.0
2002006783,1,0.0
2002007738,1,5.0
2002008026,1,5.0
2002008302,1,4.0
2002009537,1,5.0
2002010235,1,5.0
2002010360,1,0.0
2002010986,1,5.0
2002011398,1,5.0
2002011607,1,5.0
2002011974,1,0.0
2002012055,1,5.0
2002012519,1,0.0
2002012541,1,0.0
2002012680,1,5.0
2002012917,1,5.0
2002013201,1,5.0
2002013239,1,5.0
2002013656,1,5.0
2002015205,1,5.0
2002015968,1,0.0
2002016058,1,0.0
2002016610,1,5.0
2002016619,1,5.0
2002017278,1,4.0
2002017519,1,5.0
2002017900,1,5.0
2002018400,1,4.0
2002019794,1,5.0
2002019965,1,0.0
2002020087,1,0.0
2002020116,1,0.0
2002020414,1,5.0
2002021348,1,0.0
2002021467,1,5.0
2002021830,1,3.0
2002022708,1,2.0
2002022807,1,5.0
2002022954,1,3.0
2002024231,1,5.0
2002025577,1,4.0
2002026001,1,0.0
2002026086,1,5.0
2002026314,1,0.0
2002027329,1,1.0
2002028058,1,5.0
2002029764,1,5.0
2002030611,1,5.0
2002030874,1,5.0
2002030933,1,5.0
2002031618,1,5.0
2002033511,1,5.0
2002034633,1,5.0
2002034990,1,5.0
2002035300,1,5.0
2002035484,1,5.0
2002035525,1,1.0
2002035679,1,5.0
2002036048,1,5.0
2002036849,1,5.0
2002037064,1,3.0
2002037283,1,0.0
2002037367,1,0.0
2002037485,1,4.0
2002038450,1,5.0
2002039119,1,5.0
2002039419,1,0.0
2002039821,1,5.0
2002039950,1,0.0
2002040328,1,0.0
2002040797,1,5.0
2002041231,1,5.0
2002041648,1,0.0
2002041697,1,0.0
2002041843,1,5.0
2002042656,1,5.0
2002042770,1,4.0
2002043502,1,0.0
2002043876,1,0.0
2002045655,1,5.0
2002045948,1,5.0
2002046340,1,5.0
2002046383,1,5.0
2002046570,1,5.0
2002047091,1,5.0
2002048009,1,0.0
2002048097,1,5.0
2002048219,1,5.0
2002048331,1,5.0
2002049226,1,0.0
2002049464,1,5.0
2002049556,1,4.0
2002049841,1,0.0
2002050275,1,4.0
2002050568,1,5.0
2002051024,1,5.0
2002051455,1,5.0
2002051491,1,0.0
2002051634,1,5.0
2002052213,1,2.0
2002053110,1,0.0
2002053137,1,2.0
2002053553,1,0.0
2002053555,1,5.0
2002053564,1,5.0
2002053945,1,5.0
2002054096,1,0.0
2002054804,1,5.0
2002054921,1,5.0
2002054986,1,5.0
2002055368,1,5.0
2002055576,1,5.0
2002056902,1,5.0
2002057190,1,5.0
2002057199,1,0.0
2002058724,1,1.0
2002058869,1,0.0
2002058971,1,0.0
2002059235,1,3.0
2002059259,1,5.0
2002059308,1,5.0
2002059355,1,4.0
2002059426,1,4.0
2002059611,1,0.0
2002061478,1,5.0
2002061516,1,5.0
2002061564,1,5.0
2002061745,1,2.0
2002061921,1,2.0
2002061971,1,5.0
2002062695,1,5.0
2002063286,1,5.0
2002063678,1,5.0
2002063707,1,0.0
2002064436,1,5.0
2002064591,1,0.0
2002064796,1,1.0
2002065471,1,0.0
2002065730,1,0.0
2002065883,1,1.0
2002066120,1,1.0
2002066613,1,5.0
2002066945,1,0.0
2002068267,1,5.0
2002068522,1,0.0
2002068836,1,5.0
2002069289,1,0.0
2002069450,1,4.0
2002069574,1,0.0
2002071326,1,4.0
2002071450,1,0.0
2002071734,1,4.0
2002072623,1,5.0
2002072746,1,5.0
2002072989,1,0.0
2002073076,1,5.0
2002073262,1,5.0
2002073655,1,5.0
2002073731,1,5.0
2002074057,1,4.0
2002074708,1,5.0
2002075013,1,0.0
2002075169,1,0.0
2002075295,1,5.0
2002075442,1,5.0
2002075503,1,5.0
2002075801,1,5.0
2002076349,1,5.0
2002076455,1,0.0
2002078685,1,0.0
2002078753,1,5.0
2002079271,1,5.0
2002079318,1,5.0
2002079372,1,5.0
2002080778,1,5.0
2002081119,1,0.0
2002081688,1,5.0
2002081911,1,5.0
2002082399,1,5.0
2002082817,1,0.0
2002083107,1,5.0
2002083382,1,0.0
2002084345,1,1.0
2002084518,1,5.0
2002086010,1,5.0
2002086163,1,5.0
2002086291,1,5.0
2002086316,1,5.0
2002086455,1,0.0
2002086536,1,5.0
2002087289,1,5.0
2002088453,1,5.0
2002089196,1,5.0
2002089364,1,5.0
2002089685,1,0.0
2002090050,1,0.0
2002090251,1,3.0
2002091243,1,2.0
2002091713,1,5.0
2002091969,1,5.0
2002092011,1,5.0
2002092044,1,5.0
2002092126,1,0.0
2002092253,1,5.0
2002092648,1,5.0
2002092950,1,4.0
2002093077,1,0.0
2002093274,1,5.0
2002093470,1,5.0
2002094039,1,5.0
2002094418,1,0.0
2002094486,1,5.0
2002094773,1,5.0
2002095097,1,5.0
2002095573,1,0.0
2002096188,1,1.0
2002096230,1,0.0
2002096453,1,5.0
2002096497,1,5.0
2002097164,1,5.0
2002097392,1,5.0
2002097406,1,5.0
2002097693,1,0.0
2002098083,1,5.0
2002098459,1,5.0
2002098567,1,0.0
2002098906,1,3.0
2002098988,1,4.0
2002099122,1,0.0
2002099701,1,5.0
2002100683,1,5.0
2002100759,1,1.0
2002100763,1,4.0
2002101463,1,0.0
2002101490,1,4.0
2002101577,2,5.0
2002101962,1,5.0
2002102403,1,4.0
2002102645,1,5.0
2002102920,1,5.0
2002103112,1,4.0
2002103391,1,0.0
2002103450,1,5.0
2002103494,1,5.0
2002103979,1,0.0
2002104068,1,5.0
2002104590,1,5.0
2002105151,1,0.0
2002105200,1,5.0
2002105704,1,4.0
2002105894,1,5.0
2002106019,1,5.0
2002106560,1,5.0
2002106634,1,0.0
2002107224,1,0.0
2002107618,1,4.0
2002108725,1,5.0
2002109973,1,5.0
2002110893,1,5.0
2002111341,1,4.0
2002111545,1,5.0
2002112126,1,5.0
2002112582,1,5.0
2002112597,1,1.0
2002113036,1,1.0
2002113295,1,5.0
2002114131,1,5.0
2002115572,1,1.0
2002115650,1,0.0
2002115729,1,5.0
2002115867,1,2.0
2002116872,1,5.0
2002117473,1,1.0
2002117591,1,3.0
2002117889,1,4.0
2002119722,1,0.0
2002119981,1,5.0
2002120223,1,0.0
2002120958,1,4.0
2002121100,1,5.0
2002122165,1,5.0
2002122516,1,4.0
2002122878,1,0.0
2002122946,1,4.0
2002124154,1,0.0
2002124176,1,5.0
2002124642,1,4.0
2002124869,1,5.0
2002124906,1,0.0
2002125253,1,0.0
2002126117,1,0.0
2002126271,1,5.0
2002127601,1,5.0
2002128226,1,4.0
2002128304,1,0.0
2002128565,1,5.0
2002130353,1,1.0
2002130414,1,0.0
2002130491,1,5.0
2002130595,1,3.0
2002130781,1,5.0
2002131069,1,5.0
2002131740,1,5.0
2002132676,1,5.0
2002132736,1,1.0
2002133271,1,5.0
2002134268,1,1.0
2002135119,1,5.0
2002135405,1,5.0
2002136595,1,5.0
2002137143,1,4.0
2002137760,1,5.0
2002138213,1,5.0
2002138361,1,5.0
2002139146,1,4.0
2002139960,1,0.0
2002140367,1,5.0
2002141089,1,5.0
2002142028,1,3.0
2002142379,1,5.0
2002142414,1,0.0
2002142441,1,5.0
2002142684,1,5.0
2002143052,1,5.0
2002143606,1,5.0
2002143765,1,5.0
2002144214,1,5.0
2002144223,1,0.0
2002144249,2,5.0
2002145122,1,3.0
2002145760,1,0.0
2002146020,1,0.0
2002146207,1,3.0
2002146261,1,4.0
2002147708,1,5.0
2002147974,1,0.0
2002148671,1,5.0
2002149385,1,5.0
2002149602,1,5.0
2002149604,1,5.0
2002150141,1,0.0
2002150318,1,0.0
2002150345,1,0.0
2002151127,1,5.0
2002151330,1,5.0
2002151393,1,5.0
2002151809,1,5.0
2002151910,1,5.0
2002152271,1,5.0
2002152825,1,5.0
2002153294,1,5.0
2002153717,1,0.0
2002154546,1,5.0
2002154964,1,4.0
2002155260,1,0.0
2002155500,1,4.0
2002155884,1,5.0
2002155931,1,5.0
2002156638,1,1.0
2002156688,1,1.0
2002156768,1,0.0
2002156787,1,5.0
2002158589,1,0.0
2002158749,1,4.0
2002160855,1,5.0
2002161378,1,5.0
2002161469,1,5.0
2002162457,1,0.0
2002162713,1,4.0
2002162891,1,5.0
2002162894,1,0.0
2002163112,1,4.0
2002163442,1,0.0
2002163506,1,0.0
2002163750,1,5.0
2002163934,1,5.0
2002164581,1,0.0
2002165025,1,5.0
2002165345,1,5.0
2002165887,1,5.0
2002165926,1,0.0
2002166274,1,5.0
2002166413,1,5.0
2002166463,1,4.0
2002167474,1,5.0
2002167514,1,4.0
2002168293,1,5.0
2002168361,1,0.0
2002168663,1,5.0
2002169224,1,5.0
2002169292,1,0.0
2002170763,1,2.0
2002171802,1,5.0
2002171816,1,5.0
2002172414,1,5.0
2002172815,1,5.0
2002173387,1,5.0
2002173895,1,5.0
2002174100,1,5.0
2002174453,1,4.0
2002175376,1,5.0
2002175477,1,5.0
2002175687,1,4.0
2002176557,1,0.0
2002178475,1,5.0
2002178828,1,0.0
2002178971,1,5.0
2002179144,1,4.0
2002179452,1,0.0
2002179498,1,5.0
2002179594,1,5.0
2002179770,1,5.0
2002179903,1,5.0
2002180773,1,5.0
2002180927,1,5.0
2002181102,1,0.0
2002181181,1,1.0
2002181477,1,5.0
2002181810,1,5.0
2002181828,1,1.0
2002182060,1,5.0
2002182126,1,5.0
2002182358,1,5.0
2002182456,1,3.0
2002182812,1,0.0
2002183715,1,0.0
2002185772,1,5.0
2002186776,1,5.0
2002186997,1,0.0
2002187419,2,2.5
2002188241,1,5.0
2002188457,1,5.0
2002188458,1,5.0
2002188628,1,0.0
2002188752,1,5.0
2002189286,1,5.0
2002189339,1,5.0
2002189350,1,5.0
2002189553,1,5.0
2002189945,1,5.0
2002189961,1,5.0
2002190044,1,5.0
2002190486,1,5.0
2002190841,1,5.0
2002190893,1,4.0
2002192418,1,0.0
2002192794,1,5.0
2002193491,1,0.0
2002193784,1,5.0
2002194288,1,5.0
2002194605,1,0.0
2002194856,1,5.0
2002194880,1,0.0
2002195176,1,0.0
2002195500,1,5.0
2002195734,1,5.0
2002196004,1,0.0
2002196953,1,0.0
2002197232,1,5.0
2002198137,1,0.0
2002198502,1,5.0
2002199529,1,5.0
2002199700,1,1.0
2002200313,1,5.0
2002200322,1,5.0
2002200382,1,5.0
2002201157,1,4.0
2002201267,1,5.0
2002201295,1,5.0
2002202224,1,5.0
2002202513,1,1.0
2002203445,1,5.0
2002203950,1,1.0
2002204415,1,5.0
2002204484,1,5.0
2002204560,1,5.0
2002204575,1,5.0
2002204609,1,5.0
2002204828,1,4.0
2002204972,1,1.0
2002205107,1,3.0
2002205148,1,0.0
2002205149,1,5.0
2002206530,1,2.0
2002206773,1,5.0
2002209227,1,1.0
2002209959,1,5.0
2002211145,1,5.0
2002211190,1,0.0
2002211311,1,0.0
2002211716,1,5.0
2002212288,1,1.0
2002212653,1,4.0
2002212787,1,5.0
2002212799,1,5.0
2002212968,1,2.0
2002213766,1,2.0
2002213989,1,4.0
2002214128,1,5.0
2002214212,1,5.0
2002214504,1,5.0
2002215150,1,5.0
2002215339,1,5.0
2002215452,1,5.0
2002216358,1,4.0
2002216395,1,5.0
2002217059,1,5.0
2002217311,1,4.0
2002217618,1,5.0
2002217830,1,4.0
2002217893,1,0.0
2002218246,1,0.0
2002218421,1,5.0
2002218519,1,0.0
2002218543,1,5.0
2002218706,1,5.0
2002218896,1,5.0
2002219665,1,5.0
2002219859,1,0.0
2002220423,1,5.0
2002220642,1,5.0
2002220916,1,0.0
2002221814,1,0.0
2002221961,1,5.0
2002222675,1,5.0
2002222826,1,5.0
2002223242,1,5.0
2002223297,1,0.0
2002223636,1,0.0
2002223759,1,5.0
2002224031,1,5.0
2002224037,1,5.0
2002224180,1,5.0
2002224468,1,0.0
2002224654,1,5.0
2002224707,1,4.0
2002225516,1,5.0
2002226408,1,0.0
2002226612,1,5.0
2002226732,1,5.0
2002227034,1,0.0
2002227784,1,5.0
2002227842,1,5.0
2002228233,1,5.0
2002228253,1,4.0
2002228287,1,1.0
2002228979,1,5.0
2002229195,1,5.0
2002229242,1,5.0
2002231194,1,5.0
2002231212,1,5.0
2002231432,1,5.0
2002231543,1,5.0
2002231758,1,0.0
2002232610,1,5.0
2002232760,1,5.0
2002233054,1,5.0
2002233621,1,5.0
2002234024,1,5.0
2002234217,1,0.0
2002234962,1,5.0
2002235407,1,5.0
2002236797,1,5.0
2002236931,1,5.0
2002236977,1,5.0
2002237259,1,5.0
2002237348,1,2.0
2002237443,1,5.0
2002237674,1,5.0
2002238111,1,0.0
2002238367,1,0.0
2002238605,1,0.0
2002238663,1,5.0
2002238832,1,5.0
2002239187,1,5.0
2002239461,1,0.0
2002239480,1,5.0
2002239607,1,5.0
2002239615,1,5.0
2002239669,1,2.0
2002239735,1,5.0
2002239789,1,5.0
2002240058,1,4.0
2002240205,1,5.0
2002240317,1,5.0
2002240386,1,3.0
2002240429,1,5.0
2002240626,1,5.0
2002241000,1,0.0
2002241285,1,0.0
2002241840,1,4.0
2002242228,1,0.0
2002242308,1,5.0
2002242881,1,5.0
2002243872,1,5.0
2002244498,1,3.0
2002244630,1,2.0
2002245189,1,0.0
2002245360,1,4.0
2002245801,1,5.0
2002245832,1,4.0
2002245928,1,0.0
2002246494,1,5.0
2002246505,1,5.0
2002246933,1,1.0
2002247383,1,4.0
2002247790,1,5.0
2002247831,1,0.0
2002248351,1,5.0
2002248608,1,5.0
2002248641,1,5.0
2002248853,1,0.0
2002249010,1,5.0
2002249098,1,0.0
2002249194,1,0.0
2002249602,1,5.0
2002249761,1,3.0
2002249815,1,0.0
2002249924,1,5.0
2002251155,1,0.0
2002251356,1,5.0
2002251730,1,0.0
2002252027,1,5.0
2002252427,1,5.0
2002252428,1,5.0
2002252901,1,5.0
2002253384,1,5.0
2002253788,1,5.0
2002254185,1,0.0
2002254286,1,1.0
2002254503,1,5.0
2002254525,1,5.0
2002254752,1,5.0
2002254807,1,5.0
2002254889,1,4.0
2002254971,1,5.0
2002255022,1,0.0
2002255243,1,5.0
2002255624,1,5.0
2002256663,1,5.0
2002257231,1,5.0
2002257332,1,0.0
2002257366,1,0.0
2002257832,1,5.0
2002258074,1,0.0
2002258165,1,5.0
2002258541,1,0.0
2002258652,1,4.0
2002258714,1,0.0
2002258769,1,0.0
2002259221,1,5.0
2002259245,1,5.0
2002259303,1,5.0
2002259320,1,5.0
2002259407,1,4.0
2002259910,1,5.0
2002259965,1,0.0
2002260161,1,5.0
2002261394,1,0.0
2002261536,1,5.0
2002261701,1,0.0
2002261826,1,5.0
2002261939,1,1.0
2002262574,1,5.0
2002262604,1,5.0
2002262873,1,5.0
2002263416,1,5.0
2002264176,1,5.0
2002264249,1,5.0
2002264292,1,5.0
2002264769,1,5.0
2002265232,1,5.0
2002265388,1,4.0
2002265401,1,2.0
2002265738,1,5.0
2002266021,1,4.0
2002266065,1,5.0
2002266220,1,5.0
2002266267,1,5.0
2002266568,1,2.0
2002266702,1,5.0
2002267861,1,4.0
2002268029,1,0.0
2002268331,1,5.0
2002269393,1,5.0
2002269427,1,5.0
2002269955,1,5.0
2002270079,1,5.0
2002270671,1,5.0
2002270735,1,5.0
2002271833,1,5.0
2002275641,1,5.0
2002275911,1,0.0
2002276062,1,5.0
2002276278,1,5.0
2002276630,1,5.0
2002276766,1,0.0
2002276855,1,5.0
2002277764,1,5.0
2002278088,1,0.0
2002278200,1,5.0
2002278236,1,1.0
2002278248,1,0.0
2002278490,1,5.0
2002279496,1,5.0
2002279930,1,0.0
2002281071,1,0.0
2002281442,1,0.0
2002281506,1,5.0
2002281591,1,0.0
2002282088,1,5.0
2002283025,1,5.0
2002283538,1,5.0
2002284593,1,1.0
2002284783,1,5.0
2002285688,1,4.0
2002285749,1,0.0
2002286721,1,5.0
2002286963,1,5.0
2002287534,1,5.0
2002288398,1,0.0
2002288714,1,5.0
2002288758,1,0.0
2002288869,1,4.0
2002289618,1,0.0
2002289917,1,5.0
2002290080,1,5.0
2002290154,1,0.0
2002290281,1,5.0
2002291211,1,4.0
2002291352,1,5.0
2002291563,1,0.0
2002292140,1,5.0
2002292826,1,4.0
2002293362,1,4.0
2002293812,1,1.0
2002294053,1,5.0
2002294057,1,5.0
2002294342,1,5.0
2002294362,1,4.0
2002294602,1,3.0
2002295706,1,5.0
2002296041,1,0.0
2002296053,1,5.0
2002297120,1,5.0
2002297842,1,5.0
2002298554,1,4.0
2002299380,1,5.0
2002299391,1,5.0
2002299729,1,5.0
2002301544,1,4.0
2002302676,1,5.0
2002302691,1,5.0
2002302697,1,5.0
2002303474,1,5.0
2002303484,1,5.0
2002303498,1,4.0
2002303895,1,1.0
2002304440,1,4.0
2002305142,1,0.0
2002305233,1,5.0
2002305235,1,5.0
2002305288,1,1.0
2002305435,1,5.0
2002305562,1,0.0
2002305699,1,1.0
2002307075,1,5.0
2002307199,1,5.0
2002307420,1,0.0
2002307523,1,4.0
2002307795,1,5.0
2002308118,1,5.0
2002308152,1,5.0
2002309004,1,5.0
2002309505,1,5.0
2002310353,1,5.0
2002310455,1,5.0
2002310467,1,5.0
2002311793,1,4.0
2002312290,1,5.0
2002312365,1,5.0
2002312797,1,2.0
2002313164,1,5.0
2002313556,1,3.0
2002313708,1,0.0
2002314116,1,4.0
2002314247,1,5.0
2002314551,1,5.0
2002314967,1,5.0
2002316770,1,5.0
2002317250,1,5.0
2002317782,1,5.0
2002319508,1,5.0
2002319529,1,5.0
2002320668,1,3.0
2002320865,1,0.0
2002320938,1,5.0
2002321540,1,5.0
2002322407,1,0.0
2002322480,1,5.0
2002323000,1,5.0
2002323257,1,5.0
2002323635,1,5.0
2002324085,1,5.0
2002324758,1,5.0
2002324871,1,5.0
2002325683,1,5.0
2002326111,1,4.0
2002326573,1,5.0
2002326632,1,5.0
2002327855,1,5.0
2002329075,1,5.0
2002329238,1,0.0
2002329763,1,5.0
2002329856,1,5.0
2002330544,1,4.0
2002332576,1,3.0
2002333894,1,5.0
2002333914,1,5.0
2002334744,1,1.0
2002335061,1,5.0
2002336244,1,5.0
2002336592,1,0.0
2002338994,1,5.0
2002341551,1,4.0
2002341559,1,5.0
2002343646,1,5.0
2002345511,1,5.0
2002346306,1,5.0
2002346833,1,5.0
2002346918,1,5.0
2002348138,1,5.0
2002349861,1,0.0
2002349864,1,5.0
2002350446,1,5.0
2002350586,1,2.0
2002350600,1,0.0
2002351773,1,0.0
2002355244,1,5.0
2002355582,1,0.0
2002355792,1,4.0
2002356120,1,5.0
2002356640,1,0.0
2002356883,1,5.0
2002359242,1,5.0
2002359363,1,1.0
2002361401,1,4.0
2002361612,1,4.0
2002361928,1,4.0
2002365044,1,5.0
2002365515,1,5.0
2002365579,1,5.0
2002365627,1,4.0
2002366660,1,1.0
2002368192,1,5.0
2002369208,1,4.0
2002370192,1,0.0
2002370541,1,3.0
