exercise_id,name,category,muscle_groups,equipment,difficulty,description,calories_per_minute,calories_per_rep,met_value
0,Partner plank band row,strength,Abdominals,bands,intermediate,The partner plank band row is an abdominal exercise where two partners perform single-arm planks while pulling on the opposite ends of an exercise band. This technique can be done for time or reps in any ab-focused workout.,3.5135660030107974,14,6.31665993563624
1,Banded crunch isometric hold,strength,Abdominals,bands,intermediate,"The banded crunch isometric hold is an exercise targeting the abdominal muscles, particularly the rectus abdominis or ""six-pack"" muscles. The band adds resistance and continuous tension to this popular exercise.",8.111130679912847,7,7.404734572317108
2,FYR Banded Plank Jack,strength,Abdominals,bands,intermediate,"The banded plank jack is a variation on the plank that involves moving the legs in and out for repetitions. Having a band around the thighs forces the lower body to work harder, particularly the hips and glutes. The plank jack is commonly performed as part of a bodyweight circuit, or as part of a dynamic warm-up.",9.160686237833408,3,6.094789724180709
3,Banded crunch,strength,Abdominals,bands,intermediate,"The banded crunch is an exercise targeting the abdominal muscles, particularly the rectus abdominis or ""six-pack"" muscles. The band adds resistance and continuous tension to this popular exercise.",7.7141383417705445,3,6.397526979267831
4,Crunch,strength,Abdominals,bands,intermediate,"The crunch is a popular core exercise targeting the rectus abdominis, or ""six-pack"" muscles, as well as the obliques. It has been the centerpiece of many ab-focused workouts, due to both its simplicity and the intense burn and mind-muscle connection it produces. It can be performed for time or reps as part of the ab-focused portion of any workout.",7.528834417967479,11,4.676412663939714
5,Decline band press sit-up,strength,Abdominals,bands,intermediate,"The decline band press sit-up is a weighted core exercise that works the rectus abdominis or ""six pack"" muscles, as well as the deep core muscles. It also taxes the muscles of the shoulders and upper back. Sit-up variations with added resistance are usually performed for moderate to high reps, such as 8-12 reps per set or more, as part of the core-focused portion of a workout.",9.873711884956215,3,9.225218980235162
6,FYR2 Banded Frog Pump,strength,Abdominals,bands,intermediate,,4.905575535943827,5,7.1894803057123795
7,Band low-to-high twist,strength,Abdominals,bands,intermediate,"The band low-to-high twist is a core exercise targeting the upper abdominals and the obliques. Take care to perform it with control, as rapid, uncontrolled twisting can injure the spine. It is usually performed for moderate to high reps, at least 8-15 per side, as part of the core-focused portion of a workout.",6.657500691725448,10,9.78588247688358
8,Barbell roll-out,strength,Abdominals,barbell,intermediate,"The barbell roll-out is an abdominal exercise that utilizes a barbell in the place of an ab roller. It is best performed with a barbell that has rotating collars, and is considered more difficult than other ab roller variations. Many lifters may not be able to perform a single rep at first, but once they can perform these for reps, they'll be rewarded with a seriously strong core.",6.366309549082386,5,5.362914672187237
9,Barbell Ab Rollout - On Knees,strength,Abdominals,barbell,intermediate,"The barbell roll-out is an abdominal exercise that utilizes a barbell in the place of an ab roller. It is best performed with a barbell that has rotating collars, and is considered more difficult than other ab roller variations. Many lifters may not be able to perform a single rep at first, but once they can perform these for reps, they'll be rewarded with a seriously strong core.",9.706001993423431,10,5.003152932172156
10,Decline bar press sit-up,strength,Abdominals,barbell,intermediate,"The decline bar press sit-up is a weighted core exercise targeting the abdominal muscles, particularly the lower abs. It also challenges the shoulders and upper back to move the weight. Weighted sit-up variations are usually performed for moderate to high reps, such as 8-12 reps per set or more, as part of the core-focused portion of a workout.",4.404410691003535,6,6.177284497921384
11,Bench barbell roll-out,strength,Abdominals,barbell,beginner,"The bench barbell roll-out is a challenging exercise targeting the abdominals. It is similar to using an ab roller, but using a barbell allows for a wider grip. Placing the knees on a bench rather than the floor makes the move more difficult by increasing the challenge to the upper body.",6.346640575383078,13,6.323592675382942
12,Barbell Side Bend,strength,Abdominals,barbell,beginner,,3.56830648040959,13,3.6074972802188405
13,Seated bar twist,strength,Abdominals,barbell,intermediate,"The seated bar twist is a core exercise meant to strengthen the obliques. It is often performed for high reps with relatively light weight, such as an empty barbell, a lightweight fixed-weight bar, or even a PVC pipe. It can be performed during a workout, at the end of a workout, or outside of the gym to build core strength and resiliency.",5.657645525594222,7,4.078822195214963
14,Single-arm landmine pull and press,strength,Abdominals,barbell,intermediate,"The single-arm landmine pull and press is an explosive rotational movement using a barbell anchored in a landmine device. It combines a pull off the floor with rotation and finishes with a press. It is usually performed for low reps per set with an emphasis on speed and form, not moving heavy weight.",6.563233231915894,14,5.27567486941771
15,Barbell Ab Roll Out - Gethin Variation,strength,Abdominals,barbell,intermediate,"The barbell roll-out is an abdominal exercise that utilizes a barbell in the place of an ab roller. It is best performed with a barbell that has rotating collars, and is considered more difficult than other ab roller variations. Many lifters may not be able to perform a single rep at first, but once they can perform these for reps, they'll be rewarded with a seriously strong core.",5.515333797829968,14,8.065870011202176
16,30 Barbell Floor Wiper,strength,Abdominals,barbell,intermediate,"The barbell floor wiper is a core exercise in which the barbell is held in the locked-out position of a floor press, and the hips and legs are rotated side to side. It targets the oblique muscles of the lateral abdomen, but is also seriously challenging to the deep core and rectus abdominis or ""six-pack"" muscles.",4.936071069266466,10,7.737979080264312
17,30 Barbell Roll-Out,strength,Abdominals,barbell,intermediate,"The barbell roll-out is an abdominal exercise that utilizes a barbell in the place of an ab roller. It is best performed with a barbell that has rotating collars, and is considered more difficult than other ab roller variations. Many lifters may not be able to perform a single rep at first, but once they can perform these for reps, they'll be rewarded with a seriously strong core.",7.490454981957266,14,7.642232258010022
18,Decline plate sit-up,strength,Abdominals,barbell,intermediate,"The decline plate sit-up is a weighted core exercise that works the rectus abdominis or ""six pack"" muscles, as well as the deep core muscles. Weighted sit-up variations are usually performed for moderate to high reps, such as 8-12 reps per set or more, as part of the core-focused portion of a workout.",4.117897888404606,9,5.869468916496542
19,KV Barbell Hip Thrust,strength,Abdominals,barbell,intermediate,,7.130955117706526,14,8.793715935377623
20,Advanced Kettlebell Windmill,strength,Abdominals,kettlebells,beginner,,8.723811056181301,6,8.236311460321266
21,Kettlebell Windmill,strength,Abdominals,kettlebells,intermediate,"The single-kettlebell windmill is a dynamic kettlebell exercise emphasizing core strength and shoulder and hip mobility and stability. It is often used as a functional warm-up or for multi-directional strength work. It doesn't work as well in a metcon or conditioning setting, and shouldn't be performed under intense fatigue.",3.932092281934106,14,6.97853254769206
22,Kettlebell Pass Between The Legs,strength,Abdominals,kettlebells,beginner,,7.382852247168502,6,9.035683518163502
23,Kettlebell 3-point leg extension,strength,Abdominals,kettlebells,intermediate,"The kettlebell 3-point leg extension is a dynamic core exercise performed around and over a kettlebell or other short, stationary object. It is similar in some ways to a V-up or reverse crunch, but targets both the obliques and the rectus abdominis or ""six-pack"" muscles. It can be performed for reps or for time, usually in dedicated ab training or as part of a kettlebell and bodyweight circuit workout.",5.369209851526696,5,7.251164310460238
24,Double Kettlebell Swing,strength,Abdominals,kettlebells,intermediate,,3.2423769266680096,7,6.773806834546727
25,Burpee over kettlebell,strength,Abdominals,kettlebells,intermediate,"The burpee over kettlebell is a more advanced version of a popular conditioning exercise. If you're performing a circuit that already has both burpees and kettlebell movements, it's a simple way to provide a novel stimulus to the muscles of the lower body and create a more athletic style of training.",8.42056191578953,3,3.476249570017682
26,Kettlebell toe-touch,strength,Abdominals,kettlebells,intermediate,"The kettlebell toe-touch is a more difficult version of a highly popular abdominal movement usually done for high reps. The simple addition of a weight makes the toe-touch far more difficult, providing a different stimulus to the core during training.",7.043933998839738,7,4.465896784307608
27,Kettlebell swing,strength,Abdominals,kettlebells,intermediate,"The kettlebell swing is a popular lower-body exercise emphasizing the hamstrings, glutes, and back muscles. It is often used to train explosive power, for aerobic or cardiovascular conditioning, in circuit training, or as an accessory movement for the deadlift.",5.010919221185602,9,8.661037109990962
28,Two-way swing,strength,Abdominals,kettlebells,intermediate,"The two-way kettlebell swing is an exercise that alternates a chest-height kettlebell swing (sometimes called a ""Russian"" or ""hardstyle"" swing) with an overhead kettlebell swing (sometimes called an ""American"" swing). Both swing variations work many of the same muscles, such as the hamstrings, glutes, and core, but because the weight must travel farther in the overhead swing, it's slightly more metabolically demanding and works the upper back and shoulders more. This combo can be performed for time or reps and works especially well in circuit-style or full-body training. If you can't perform the overhead swing without lower back or shoulder pain, just perform the chest-height swing.",6.425831816301054,12,4.385418673439471
29,Kettlebell crab reach,strength,Abdominals,kettlebells,intermediate,"The kettlebell crab reach is a kettlebell pressing exercise in which the lifter presses a kettlebell overhead while in a modified single-arm bridge position. The simple addition of a weight makes the reach far more difficult, challenging the muscles of the back, shoulders, glutes, and core.",4.417342103214653,3,8.49680915549602
30,Taylor Single-Arm Kettlebell Swing,strength,Abdominals,kettlebells,intermediate,,5.626324168669094,7,9.03278657377961
31,Holman Kettlebell Up to Elbow Down,strength,Abdominals,kettlebells,intermediate,,7.026918077397306,4,3.870917023784073
32,FYR2 Double-Kettlebell Ski,strength,Abdominals,kettlebells,intermediate,,4.174908564080567,6,4.446308196763857
33,FYR2 Kettlebell Hike,strength,Abdominals,kettlebells,intermediate,,5.486907957666416,12,6.997534518600603
34,FYR2 Kettlebell Cross-Body Catch,strength,Abdominals,kettlebells,intermediate,,7.9859854529983165,9,9.949440895012245
35,FYR2 Kettlebell Duck Walk,strength,Abdominals,kettlebells,intermediate,,3.8162821702330065,6,7.709087963035358
36,FYR2 Kettlebell Get-Up Reach,strength,Abdominals,kettlebells,intermediate,,8.510314966416056,4,5.179656662729857
37,FYR2 Kettlebell Juggle,strength,Abdominals,kettlebells,intermediate,,6.534802406129924,14,4.2042660760402715
38,FYR2 Squat-Clean-Alternating-Press Complex,strength,Abdominals,kettlebells,intermediate,,7.357764803314213,10,6.655317713055757
39,Dumbbell V-Sit Cross Jab,strength,Abdominals,dumbbell,intermediate,"The dumbbell V-sit cross jab is a hybrid movement that trains the abdominal and shoulder muscles simultaneously. It can address multiple muscle groups in a time-efficient muscle-building or circuit-style workout, while also providing a cardiovascular challenge.",9.010422758825626,11,8.461493041700486
40,Dumbbell spell caster,strength,Abdominals,dumbbell,beginner,"The dumbbell spell caster is an exercise that primarily targets the abdominal muscles such as the obliques. However, it also works shoulders, back, hips, and legs, and demands all of those muscles work together in a coordinated motion. It is usually performed with relatively light weights for moderate to high reps, at least 8-12 reps per side. Make sure to only use a weight you can control.",8.559899181037466,7,7.388948512565515
41,Dumbbell side bend,strength,Abdominals,dumbbell,intermediate,"The dumbbell side bend is a popular exercise for targeting the oblique muscles of the abdomen. It is usually performed for relatively high reps, at least 8-12 reps per set or more. It can be performed one side at a time or alternating sides.",9.381515228562549,13,9.670110293332936
42,Dumbbell crunch,strength,Abdominals,dumbbell,intermediate,"The dumbbell crunch is a more difficult version of a highly popular abdominal movement. The simple addition of a weight makes the crunch far more difficult, providing a different stimulus to the core during training.",4.280847044306247,3,6.164126082209702
43,Dumbbell Fix Dumbbell Sprawl,strength,Abdominals,dumbbell,intermediate,,6.3228005554920905,5,3.3845654731142103
44,Dumbbell Fix Alternating Renegade Row,strength,Abdominals,dumbbell,intermediate,,9.266297785543621,7,8.679573844603276
45,Dumbbell Fix Dumbbell Mountain Climber,strength,Abdominals,dumbbell,intermediate,,3.8200251384867494,4,6.222382915308923
46,Dumbbell Fix Dumbbell Russian Twist,strength,Abdominals,dumbbell,intermediate,,6.814731001853051,14,4.916203340411948
47,Dumbbell Fix Dumbbell Pull-Over,strength,Abdominals,dumbbell,intermediate,,8.284420525578545,8,9.448735191106799
48,Dumbbell Fix Dumbbell Sit-Up,strength,Abdominals,dumbbell,intermediate,,6.2662098977714535,8,8.102897241850428
49,Dumbbell Fix Dumbbell Front Squat,strength,Abdominals,dumbbell,intermediate,,8.157754737194137,8,9.147639150653966
50,Dumbbell Fix Full Man Maker,strength,Abdominals,dumbbell,intermediate,,6.443345467687513,9,3.3357158272267218
51,Dumbbell T-hold,strength,Abdominals,dumbbell,intermediate,"The dumbbell T-hold is a static exercise that primarily targets the obliques, although it also works the shoulders and upper back. It involves holding a dumbbell in the air while in a side plank position. It is usually performed for timed holds, although it can be performed dynamically for reps as a plank with dumbbell rotation.",6.520123376804326,6,8.022732742411916
52,Dumbbell hollow-body floor press,strength,Abdominals,dumbbell,intermediate,The dumbbell hollow-body floor press combines upper-body strength and core work in one move.,9.430294465990833,11,9.459401621993141
53,Dumbbell crusher,strength,Abdominals,dumbbell,intermediate,"The dumbbell crusher is a dumbbell complex that combines a squat with a dumbbell curl, followed by a triceps press. It targets the legs, glutes, biceps, shoulders, and triceps in a single sequence, making it a great way to burn serious calories and hit a lot of muscles in a short period of time. The upper-body movements will determine the amount of weight you can effectively use.",6.290763066083859,11,3.486123553909766
54,Dumbbell Crunch - Gethin Variation,strength,Abdominals,dumbbell,intermediate,"The dumbbell crunch is a more difficult version of a highly popular abdominal movement. The simple addition of a weight makes the crunch far more difficult, providing a different stimulus to the core during training.",5.07517495885942,14,9.593051586866894
55,Single-arm dumbbell crunch,strength,Abdominals,dumbbell,intermediate,"The single-arm dumbbell crunch is a more difficult version of a highly popular abdominal movement. Adding a weight to one side makes the crunch far more difficult to your rectus abdominis or ""six-pack"" muscles, as well as the obliques and deep core muscles.",9.246248587109317,9,3.590049418565038
56,HM Alternating Dumbbell Plank Row,strength,Abdominals,dumbbell,intermediate,,8.467559727809592,3,9.220799691328136
57,Dumbbell straight-legged hip raise,strength,Abdominals,dumbbell,intermediate,The dumbbell straight-legged hip raise works the hips and glutes. It requires and teaches body control and coordination.,5.311476440978822,7,4.169620279605477
58,Seated leg tuck with dumbbell,strength,Abdominals,dumbbell,intermediate,The seated leg tuck with dumbbell is an ab exercise requiring only a bench and a dumbbell. It's commonly performed for high reps as a burnout at the end of a core workout.,6.943891728195554,5,8.903930113402966
59,Dumbbell V-sit cross jab-,strength,Abdominals,dumbbell,intermediate,"The dumbbell V-sit cross jab is a hybrid movement that trains the abdominal and shoulder muscles simultaneously. It can address multiple muscle groups in a time-efficient muscle-building or circuit-style workout, while also providing a cardiovascular challenge.",8.095656762990975,11,9.583669779118688
60,30 Hanging Leg Raise With Dumbbell,strength,Abdominals,dumbbell,intermediate,,5.999039472534434,11,4.695244251331274
61,Dumbbell Get-Up Sit-Up,strength,Abdominals,dumbbell,advanced,,3.0597332791381096,14,7.558112004425002
62,Holman Right Side Plank with Left Triceps Press,strength,Abdominals,dumbbell,intermediate,,7.7112934725693405,14,7.519862169478239
63,Holman Left Side Plank with Right Triceps Press,strength,Abdominals,dumbbell,intermediate,,5.108337504766463,8,4.0111093441569645
64,Holman Boat with Feet Push-Out and Overhead Press,strength,Abdominals,dumbbell,intermediate,,8.53412232737761,5,8.150042224935493
65,Holman Hovering Plank Row,strength,Abdominals,dumbbell,intermediate,,4.35517916845807,5,6.063445068981816
66,Holman Weighted Seated Killer Abs to Russian Twist,strength,Abdominals,dumbbell,intermediate,,9.349173561417299,5,6.791571016469579
67,Holman Straight Plank Dumbbell Reach-Under,strength,Abdominals,dumbbell,intermediate,,8.436873497840159,9,5.109987837944649
68,Holman Straight-Arm Side Plank Overhead Press to Chest Press,strength,Abdominals,dumbbell,intermediate,,4.971882536166206,13,6.160721960221069
69,Holman Weighted Burpee to Pike,strength,Abdominals,dumbbell,intermediate,,8.453649346629867,4,6.147199780874066
70,Holman Straight-Legged Boat Chest Press,strength,Abdominals,dumbbell,intermediate,,7.541697400583678,5,6.396302969153331
71,Holman Weighted Burpee to Side Delt Raise,strength,Abdominals,dumbbell,intermediate,,6.428038526942962,8,8.918475526067443
72,Holman Heavy Double Pike,strength,Abdominals,dumbbell,intermediate,,7.3749033070635805,3,8.87578670016541
73,Holman Heavy Double Split Pike,strength,Abdominals,dumbbell,intermediate,,3.2546622805540006,5,7.886370141612304
74,MetaBurn Alternating Dumbbell Sit-Through,strength,Abdominals,dumbbell,intermediate,,4.47284165129086,12,7.090868430863976
75,MetaBurn Alternating Plank Row With Dumbbell Pull-Through,strength,Abdominals,dumbbell,intermediate,,8.127058353686884,4,5.415796195979518
76,MetaBurn Alternating Plank Row With Push-Up,strength,Abdominals,dumbbell,intermediate,,3.8342251983386975,5,7.090206780174722
77,MetaBurn Dumbbell Russian Twist,strength,Abdominals,dumbbell,intermediate,,3.6906278845291154,3,4.692444737113485
78,MetaBurn Dumbbell Toe-Touch,strength,Abdominals,dumbbell,intermediate,,5.597489836572686,11,4.880837413300652
79,MetaBurn Plank To Alternating Row,strength,Abdominals,dumbbell,intermediate,,7.252390722014574,10,5.529416335015052
80,Standing dumbbell knee crunch-,strength,Abdominals,dumbbell,intermediate,"The standing dumbbell knee crunch is a great way to train the abs while standing up. Additionally, the deltoids are worked because the lifter holds a pair of dumbbells overhead throughout.",6.912608013521931,8,3.5526929341934306
81,MetaBurn Plank With Dumbbell Rotation,strength,Abdominals,dumbbell,intermediate,,8.100138271362773,4,7.360572866877251
82,FYR2 Dumbbell Crab Reach,strength,Abdominals,dumbbell,intermediate,,3.964839208390819,7,3.958184542509397
83,FYR2 Dumbbell Man-Maker,strength,Abdominals,dumbbell,intermediate,,6.524574602183336,6,9.922473112616364
84,FYR2 Dumbbell Sit-Up Reach,strength,Abdominals,dumbbell,intermediate,,6.248767142998175,9,8.952251868891913
85,FYR2 Loaded Beast Sprawl,strength,Abdominals,dumbbell,intermediate,,7.126370897933835,13,6.739741989068367
86,FYR2 Loaded to Unloaded Beast,strength,Abdominals,dumbbell,intermediate,,4.241144268438388,3,4.152630650448341
87,Lying Leg Pullover,strength,Abdominals,dumbbell,intermediate,,8.280797317206787,14,6.1119959404042525
88,Landmine twist,strength,Abdominals,other,intermediate,"The landmine twist is a rotational abdominal movement performed using an angled barbell anchored at floor level in a landmine device. It can also be performed by sticking a barbell in the corner of a room, preferably in a towel to protect the walls. It targets the deep muscles of the core, including both the obliques and the transversus abdominis. It can be done fast or slow, for time or reps, either in traditional muscle-focused rep ranges such as 8-12 reps per side or for higher rep ranges.",7.180827516306009,12,6.673558471145116
89,Suspended ab fall-out,strength,Abdominals,other,intermediate,"The suspended ab fall-out is a dynamic abdominal exercise utilizing a suspension strap system or gymnastic rings. It is similar in form to an ab roller, but can more easily be scaled to be more or less difficult. It targets the muscles of the rectus abdominis or ""six-pack"" muscles, as well as the deep core muscles. It can be trained for low reps for strength or higher reps for muscle definition.",7.691803649034553,6,6.7667997964925055
90,Decline reverse crunch,strength,Abdominals,other,intermediate,"The decline reverse crunch is a popular bodyweight exercise targeting the abdominal muscles, particularly the lower abs. It is usually performed for high reps, such as 10-15 reps per set or more, as part of the ab-focused portion of a workout.",3.3090882324758826,12,5.7136864866759405
91,Plate Twist,strength,Abdominals,other,beginner,,4.834352802563462,7,5.618905354180265
92,Weighted Crunches,strength,Abdominals,other,intermediate,"The weighted suitcase crunch is a weighted version of a popular abdominal training exercise. The simple addition of a weight makes the suitcase crunch far more difficult, helping build the ""six pack"" muscles and providing a different stimulus to the core during training.",3.0717004958908394,7,5.791139185225834
93,Ab Roller,strength,Abdominals,other,intermediate,"The ab wheel roll-out is an exercise targeting the abdominals, often with an inexpensive wheel device with a handle on either side. Many trainers and strength coaches claim it's one of, if no the best exercise for developing strength in the midsection. Beginners may have to start with a limited range of motion or just wheel planks.",4.611308235534029,8,4.545983783231228
94,Otis-Up,strength,Abdominals,other,intermediate,"The Otis-up is a weighted exercise focusing on the abdominal muscles, as well as the shoulders to a lesser degree. It primarily targets the rectus abdominus or “six-pack” muscles, but also involves the obliques and deep core muscles. It is normally performed on a decline bench holding a weight plate, but can also be performed with a dumbbell, kettlebell, or other weight.",3.3026452989022577,4,8.112232049703213
95,Captain's chair knee raise,strength,Abdominals,other,intermediate,"The captain's chair knee raise is a bodyweight exercise that targets the abs. It is performed on an apparatus that allows the forearms to rest on pads and the upright torso to hang freely. Knee raises are often performed for moderate to high reps, such as 8-12 reps or more, as part of ab-focused training.",9.57622053712744,13,3.1237309740477364
96,Sledgehammer swing,cardio,Abdominals,other,intermediate,The sledgehammer swing is an exercise working the abdominals and numerous other muscles. The sledgehammer is slammed from overhead onto a tire which absorbs the impact and causes the hammer to bounce back up. It can be performed for time or reps as part of a functional fitness or athleticism-focused workout.,9.456599605162594,12,7.298439668557795
97,Decline bar press sit-up,strength,Abdominals,barbell,intermediate,"The decline bar press sit-up is a weighted core exercise targeting the abdominal muscles, particularly the lower abs. It also challenges the shoulders and upper back to move the weight. Weighted sit-up variations are usually performed for moderate to high reps, such as 8-12 reps per set or more, as part of the core-focused portion of a workout.",3.046075529278881,5,8.206868716094936
98,Pallof press,strength,Abdominals,other,intermediate,"The Pallof press is an isometric exercise that trains core stability. It involves resisting rotation from a cable or band, developing what is sometimes called ""anti-rotation"" core strength. It is most often seen in programs for athletes who compete in sports that test strength, power, and functional movements. It can be trained in timed holds or for reps by pressing the cable or band away from the body.",7.989120639573918,5,8.029504923417282
99,Weighted Sit-Ups - With Bands,strength,Abdominals,other,intermediate,"The weighted sit-up is a more difficult version of a highly popular abdominal movement. The simple addition of a weight makes the sit-up far more difficult, providing a different stimulus to the core during training and helping build strong abs.",4.198725699365195,14,8.06377030144652
100,Suitcase crunch,strength,Abdominals,other,intermediate,"The suitcase crunch is a bodyweight movement that targets the muscles of the abs, the rectus abdominis or ""six-pack"" muscles in particular. It is similar to a V-up, but the lower back stays flat against the ground. It can be performed for time or reps in the ab-focused portion of any workout.",6.595646348195297,11,4.40394697371106
101,FYR Rope Jumping,strength,Abdominals,other,intermediate,"Jumping rope is classic conditioning exercise that is popular with everyone from children to boxers to CrossFit athletes. It targets many different muscles, including the calves, glutes, shoulders, and upper back, and is great for everything from fat loss to improving overall athletic performance.",7.321068615463538,12,9.904307355543656
102,Barbell press sit-up,strength,Abdominals,other,intermediate,"The barbell press sit-up is a weighted exercise focusing on the abdominal muscles, as well as the shoulders to a lesser degree. It primarily targets the rectus abdominis or ""six-pack"" muscles, but also involves the obliques and deep core muscles. It can be performed on the floor with the feet anchored or unanchored, or on a decline or other bench. It is similar to the Otis-up, which is performed with a weight plate.",4.828239003387796,7,8.306286217215249
103,Single-arm bent-over rear delt fly,strength,Abdominals,other,intermediate,"The single-arm bent-over rear delt fly is a popular upper-body exercise that targets the muscles on the back of the shoulder joint, specifically the rear head of the deltoid. Since pressing movements build the front and (to a lesser degree) side deltoid heads, this move is often done to promote balanced shoulder development. It is usually performed for high reps, such as 10-15 reps per set or more, as part of a shoulder or upper-body workout.",8.66490257695226,14,8.612405936474568
104,Captain's chair leg raise,strength,Abdominals,other,intermediate,"The captain's chair leg raise is a bodyweight exercise that targets the abs. It is performed on an apparatus that allows the forearms to rest on pads and the upright torso to hang freely. Leg raise variations are often performed for moderate to high reps, such as 8-12 reps or more, as part of ab-focused training.",4.838943201846334,13,7.598353415835128
105,Shoulder-Elevated One-Leg Hip Thrusts,strength,Abdominals,other,intermediate,,4.956943243885601,10,3.829248072459443
106,Ab Twist - Gethin Variation,strength,Abdominals,other,intermediate,"The cross-body sit-up is a bodyweight exercise targeting the ab muscles, the obliques and rectus abdominis or ""six-pack"" muscles in particular. It involves bringing the opposite-side knee and elbow together, usually alternating sides with each rep. It can be performed for time or reps as part of the ab-focused portion of any workout.",8.702000079501593,10,8.452019921849057
107,Weighted Crunch - Gethin Variation,strength,Abdominals,other,intermediate,"The weighted sit-up is a more difficult version of a highly popular abdominal movement. The simple addition of a weight makes the sit-up far more difficult, providing a different stimulus to the core during training and helping build strong abs.",7.311691368465907,14,6.353778726017106
108,Ab Wheel Roll-Out - Gethin Variation,strength,Abdominals,other,intermediate,"The ab wheel roll-out is an exercise targeting the abdominals, often with an inexpensive wheel device with a handle on either side. Many trainers and strength coaches claim it's one of, if no the best exercise for developing strength in the midsection. Beginners may have to start with a limited range of motion or just wheel planks.",9.637516659994976,6,3.814812598776271
109,Bench crunch,strength,Abdominals,other,intermediate,"The bench crunch is a popular ab exercise performed lying on a bench. It is largely similar to the same exercise performed on the floor, but being able to press the lower back into the bench pad can help reinforce proper form and increase the burn in the abs. Like most crunch variations, it is usually performed for moderate to high reps, such as 8-12 reps per set or more.",3.0011778154564657,9,6.782197357137905
110,Decline plate sit-up twist,strength,Abdominals,other,intermediate,"The decline plate sit-up twist is a weighted core exercise that works the obliques and rectus abdominis or ""six pack"" muscles, as well as the deep core muscles. Weighted sit-up variations are usually performed for moderate to high reps, such as 8-12 reps per set or more, as part of the core-focused portion of a workout.",9.2414696254461,13,8.611086204647371
111,Reverse ab roll-out,strength,Abdominals,other,intermediate,"The reverse ab roll-out is an exercise targeting the abdominals. It's a twist on the ab wheel roll-out, and is similar to a body saw exercise, only performed on a foam roller. Instead of your arms moving and your lower body remaining stationary, your lower body moves and your arms remain stationary. Beginners may need to use a limited range of motion.",8.305228321305863,6,8.116040012262335
112,30 Seated Twist With PVC Pipe,strength,Abdominals,other,intermediate,The seated bar twist is a core exercise aiming to strengthen the obliques.,8.163839282046341,5,9.342116418062968
113,Suspended crunch-,strength,Abdominals,other,intermediate,"The suspended crunch is an abdominal exercise performed with the feet in the stirrups of a suspension strap system. It targets the muscles of the core, most prominently the rectus abdominis or ""six-pack"" muscles, but also taxes the shoulders and deep core muscles.",3.7912068170219495,6,4.990461970501549
114,Suspended oblique crunch,strength,Abdominals,other,intermediate,"The suspended oblique crunch is an abdominal exercise performed with the feet in the stirrups of a suspension strap system. It targets the muscles of the core, most prominently the obliques, but also the rectus abdominis or ""six-pack"" muscles, the shoulders, and deep core muscles.",5.482751881885175,10,5.982201795505532
115,Weighted sit-up,strength,Abdominals,other,intermediate,"The weighted sit-up is a more difficult version of a highly popular abdominal movement. The simple addition of a weight makes the sit-up far more difficult, providing a different stimulus to the core during training and helping build strong abs.",9.17716265127929,10,5.554470751783262
116,30 Decline Press Sit-Up,strength,Abdominals,other,intermediate,The decline bar press sit-up is a core and upper body exercise targeting the lower abdominals and shoulders.,4.5456218328114,9,7.154261928813067
117,Holman Towel Reverse Plank Alternating Heel Pull-in,strength,Abdominals,other,intermediate,,6.262717982088791,14,3.935745517537721
118,Holman Boat with Weighted Cross Punch,strength,Abdominals,other,intermediate,,9.58587402324872,11,5.678093179877871
119,Holman Weighted Hook Punch,strength,Abdominals,other,intermediate,,9.238571461762525,11,3.9063398507368103
120,Holman Weighted Traveling Punch,strength,Abdominals,other,intermediate,,8.05672690061373,13,4.6010623277158675
121,Holman Weighted Uppercut Punch,strength,Abdominals,other,intermediate,,4.503312386657155,6,8.417867101829101
122,Holman Slow Weighted Double Pike,strength,Abdominals,other,intermediate,,5.795214098700351,5,7.28487230208056
123,Holman Plate Straight Plank Reach,strength,Abdominals,other,intermediate,,4.239200167834342,9,5.058498315089938
124,Holman Plate Elbow Plank Jack to Straight Plank Jack,strength,Abdominals,other,intermediate,,6.948375548842447,7,8.487526546843803
125,Holman Plate Hill Climber,strength,Abdominals,other,intermediate,,4.11127527220359,5,5.217186062618515
126,Holman Plate Reverse Plank Hill Climber,strength,Abdominals,other,intermediate,,3.7941158762196823,13,4.802971409451709
127,Holman Plate Straight Plank Pike to Jack,strength,Abdominals,other,intermediate,,8.167455970673892,6,8.050916234044957
128,Holman Plate In-and-Out Push-Up,strength,Abdominals,other,intermediate,,7.095105746445378,9,9.505598868733573
129,Holman Plate Burpee,strength,Abdominals,other,intermediate,,3.3554637492543797,11,9.621997952649753
130,Holman Plate Elbow Plank Reach,strength,Abdominals,other,intermediate,,3.3958350549920753,5,3.367500622392903
131,Holman Elbow Plank to Renegade Row,strength,Abdominals,other,intermediate,,3.309464915844005,12,7.629408830377859
132,Holman Straight Plank Weighted Hand Hill Climber,strength,Abdominals,other,intermediate,,7.241515404842151,5,6.182469865758377
133,Holman Weighted Left Side Diagonal Pike,strength,Abdominals,other,intermediate,,6.44637151473664,3,9.226445699621621
134,Holman Weighted Right Side Diagonal Pike,strength,Abdominals,other,intermediate,,6.787598551135811,10,6.950401735629095
135,Holman Weighted W-Boat to Overhead Press,strength,Abdominals,other,intermediate,,3.4266605162727233,6,3.6806939661704554
136,Holman Weighted Kneeling Lift,strength,Abdominals,other,intermediate,,8.019582175485304,14,5.434813540909489
137,Holman Hips-Up Weighted Pull-Over,strength,Abdominals,other,intermediate,,6.991398083786932,14,5.793251422124245
138,Holman Weighted Cross Punch,strength,Abdominals,other,intermediate,,7.442159892755159,6,4.152180516829716
139,Holman Straight-Leg Boat Hover Chest Press,strength,Abdominals,other,intermediate,,3.9467499499165686,13,5.721163497621212
140,Holman Weighted Pike,strength,Abdominals,other,intermediate,,9.804929086598953,5,9.175614493075738
141,Holman Feet-Elevated Wax-On Wax-Off,strength,Abdominals,other,intermediate,,6.600417552603599,13,8.894754846040957
142,Holman Elbow Plank to Towel Pike,strength,Abdominals,other,intermediate,,5.007572891386005,11,9.300505441751408
143,Holman Seated Killer Abs Overhead Press,strength,Abdominals,other,intermediate,,9.55206082034977,11,7.627737011726253
144,Holman Straight Plank Alternating Weighted Open,strength,Abdominals,other,intermediate,,8.614339719568838,13,3.4298796202034
145,Holman Weighted Killer Abs with Overhead Press,strength,Abdominals,other,intermediate,,3.0095279632615384,8,6.626482098113515
146,Holman Weighted Split-Leg Pike,strength,Abdominals,other,intermediate,,9.288923610247188,5,4.260162408733242
147,Holman Towel Reverse Plank Heel Pull-in,strength,Abdominals,other,intermediate,,3.7125813394208196,6,7.536609714032812
148,Stick Twist,strength,Abdominals,other,intermediate,,4.99286597690422,12,4.2273112875767485
149,Roc Everest,cardio,Abdominals,other,intermediate,,9.655837613765089,14,9.340992235661528
150,Standing cable low-to-high twist,strength,Abdominals,cable,intermediate,"The standing cable low-to-high twist is a core exercise targeting the upper abdominals and the obliques. Take care to perform it with control, as opposed to violent twisting which can injure the back. It is usually performed for moderate to high reps, at least 8-15 per side, as part of the core-focused portion of a workout.",3.2729760687080804,9,9.481901416993413
151,Single-arm high-cable side bend,strength,Abdominals,cable,intermediate,The single-arm high-cable side bend is an exercise targeting the obliques using a cable stack machine.,4.535372250340508,13,7.5099564349686245
152,Kneeling cable oblique crunch,strength,Abdominals,cable,intermediate,"The kneeling cable oblique crunch is a popular core isolation exercise using a rope attachment and cable stack while kneeling on the floor. It primarily targets the obliques and rectus abdominis or ""six-pack"" muscles, but also strengthens the deep core muscles. It is most commonly performed for moderate to high reps, such as 8-12 reps per set or higher.",7.927614262425373,12,3.373767276414111
153,Kneeling cable crunch,strength,Abdominals,cable,intermediate,"The kneeling cable crunch is a popular core isolation exercise using a rope attachment and cable stack while kneeling on the floor. It primarily targets the rectus abdominis or ""six-pack"" muscles, but also strengthens the deep core muscles. It is most commonly performed early in an ab workout, usually in moderate to high reps, such as 8-12 reps per set or higher.",7.579176383424009,12,7.034887851201198
154,Rope Crunch,strength,Abdominals,cable,intermediate,"The kneeling cable crunch is a popular core isolation exercise using a rope attachment and cable stack while kneeling on the floor. It primarily targets the rectus abdominus or ""six-pack"" muscles, but also strengthens the deep core muscles. It is most commonly performed early in an ab workout, usually in moderate to high reps like 8-12 reps per set or higher.",4.674209734955131,12,9.26235858205995
155,Standing cable crunch,strength,Abdominals,cable,intermediate,"The standing cable crunch is a popular core isolation exercise using a rope attachment. It primarily targets the rectus abdominis or ""six-pack"" muscles, but also strengthens the deep core muscles. It is most commonly performed early in an ab workout, usually in moderate to high reps, such as 8-12 reps per set or higher.",9.405788194732015,8,3.643677490596715
156,Bosu Ball Cable Crunch With Side Bends,strength,Abdominals,cable,beginner,,3.124029162511463,10,8.416514727623868
157,Standing Cable Wood Chop,strength,Abdominals,cable,intermediate,The standing cable high-to-low twist is a core exercise targeting the lower abdominals and the obliques.,7.306762116161712,8,7.424381412373554
158,Cable reverse crunch,strength,Abdominals,cable,beginner,"The cable reverse crunch is performed on the ground facing away from a high pulley, which helps target the lower abdominals specifically.",6.21247466799557,6,8.746574800569299
159,Cable Russian Twists,strength,Abdominals,cable,beginner,,7.885093718062373,12,6.200127860989679
160,Pallof press with rotation,strength,Abdominals,cable,intermediate,The Pallof press with rotation is a dynamic variation of the Pallof press that incorporates weighted rotation away from the torso using resistance from a cable pulley. It is intended to build abdominal strength and teach proper bracing. It can be performed for time or for reps in the core-focused portion of any workout.,9.344133209398516,3,8.986311892480536
161,Cable Seated Crunch,strength,Abdominals,cable,beginner,,6.539172255923383,10,7.943929707011432
162,Cable Judo Flip,strength,Abdominals,cable,beginner,,3.3718575993980378,7,5.184592367285106
163,Exercise Ball Cable Crunch - Gethin Variation,strength,Abdominals,cable,intermediate,"The exercise ball crunch is a popular gym exercise targeting the abdominals. Unlike crunches on the floor or a bench, by using a ball, you can increase the range of motion and both stretch and contract the abs on every rep. The ball crunch can be performed for low reps with a slower tempo, focusing on a hard contraction, or for higher reps.",6.615690012558354,8,8.530242033202596
164,Standing cable high-to-low twist,strength,Abdominals,cable,intermediate,"The standing cable high-to-low twist is a core exercise targeting the lower abdominals and the obliques. Take care to perform it with control, as opposed to violent twisting which can injure the back. It is usually performed for moderate to high reps, at least 8-15 per side, as part of the core-focused portion of a workout.",8.724641507549524,9,9.786438968757254
165,Bent-Over Reverse Cable Fly,strength,Abdominals,cable,intermediate,,8.013738471011045,10,3.2195935736667463
166,Standing Cable Crunch - Gethin Variation,strength,Abdominals,cable,intermediate,"The standing cable crunch is a popular core isolation exercise using a rope attachment. It primarily targets the rectus abdominus or ""six-pack"" muscles, but also strengthens the deep core muscles. It is most commonly performed early in an ab workout, usually in moderate to high reps like 8-12 reps per set or higher.",5.354196611358768,10,4.825996113240548
167,AM Cable Crunch,strength,Abdominals,cable,intermediate,"The kneeling cable crunch is a popular core isolation exercise using a rope attachment and cable stack while kneeling on the floor. It primarily targets the rectus abdominus or ""six-pack"" muscles, but also strengthens the deep core muscles. It is most commonly performed early in an ab workout, usually in moderate to high reps like 8-12 reps per set or higher.",9.29469168155687,6,5.785811683408516
168,Tyler Holt Weighted Knee-To-Chest Crunch,strength,Abdominals,cable,intermediate,,5.584611054671505,5,7.664115962032079
169,Standing cable twist,strength,Abdominals,cable,intermediate,"The standing cable twist is a core exercise that targets the abdominals, particularly the obliques. Take care to perform it with control, as opposed to violent twisting which can injure the back. It is usually performed for moderate to high reps, at least 8-15 per side, as part of the core-focused portion of a workout.",4.5423988677041525,11,7.956117362791079
170,30 Cable Rope Crunch,strength,Abdominals,cable,intermediate,"The kneeling cable crunch is a popular core isolation exercise using a rope attachment and cable stack while kneeling on the floor. It primarily targets the rectus abdominus or ""six-pack"" muscles, but also strengthens the deep core muscles. It is most commonly performed early in an ab workout, usually in moderate to high reps like 8-12 reps per set or higher.",3.143785489544257,7,5.984967635605228
171,30 Cable Rope Oblique Crunch,strength,Abdominals,cable,intermediate,"The kneeling cable oblique crunch is a popular core isolation exercise using a rope attachment and cable stack while kneeling on the floor. It primarily targets the obliques and rectus abdominus or ""six-pack"" muscles, but also strengthens the deep core muscles. It is most commonly performed for moderate to high reps like 8-12 reps per set or higher.",4.5681835669927375,6,3.3610547501908825
172,Cable lying twist on ball,strength,Abdominals,cable,intermediate,The cable lying twist on ball is an exercise targeting the core and obliques with the added challenge of stability to keep from losing position on the unstable surface.,6.560762002128337,3,9.924406130640126
173,30 Cable Pallof Press,strength,Abdominals,cable,intermediate,"The pallof press is an anti-rotation, isometric exercise that trains core stability. It is most often seen in programs for athletes who compete in sports that test strength, power, and functional movements.",7.906873470931495,11,8.282292402326695
174,30 Cable Reverse Crunch On Ball,strength,Abdominals,cable,intermediate,"The cable reverse crunch on a BOSU is performed on top of a BOSU ball between two cable pulleys, which helps target the lower abdominals specifically and is more proprioceptively challenging than a cable reverse crunch on the floor.",4.536687030374061,5,4.409183441800151
175,30 Cable Reverse Crunch,strength,Abdominals,cable,intermediate,"The cable reverse crunch is performed on the ground facing away from a high pulley, which helps target the lower abdominals specifically.",6.805360698511082,11,3.1136925701758367
176,Tyler Holt Cable Torso Twist,strength,Abdominals,cable,intermediate,,4.043813285422376,10,8.4009142535861
177,Single-Arm Cable Outward-Facing Biceps Curl,strength,Abdominals,cable,intermediate,The single-arm cable outward-facing biceps curl is a cable exercise that targets the biceps. It is performed standing in front of a cable machine facing away from the cable stack to increase the range of motion by fully extending the elbows. This movement is usually performed for moderate to high reps for a burn and pump as part of an arm-focused workout.,7.502147937140555,5,7.451269661256766
178,Biceps Rope Curl,strength,Abdominals,cable,intermediate,,3.4876661201010895,11,5.058546078925144
179,Kneeling Cable Crunches,strength,Abdominals,cable,intermediate,,3.4203234739594706,10,5.995290649114418
180,Ab Crunch Machine,strength,Abdominals,machine,intermediate,"The machine crunch is a machine-based exercise targeting the abdominal muscles. It involves sitting upright in the machine and curling the torso down toward the chest against some pre-set level of resistance. On some machines, the knees also curl up torward the torso. Crunch machines usually use extra resistance in the form of selectorized weight stacks or plate loading, and are often performed for moderate to high reps, like 8-12 reps per set or higher, as part of the ab-focused portion of a workout.",3.46435885416981,13,5.116838402203775
181,Smith machine straight-legged hip raise,strength,Abdominals,machine,intermediate,"The Smith machine straight-legged hip raise is an exercise targeting the abdominal muscles. Because of the potential awkwardness of getting into position, it is usually performed for moderate to high reps, such as 8-12 reps per set or more. If your Smith machine has safety bars, set them at a height that allows you a full range of motion while giving adequate protection from the weight potentially falling.",3.6475621706611885,14,5.908854713253614
182,Machine crunch,strength,Abdominals,machine,intermediate,"The machine crunch is a machine-based exercise targeting the abdominal muscles. It involves sitting upright in the machine and curling the torso down against a pre-set level of resistance. On some machines, the knees also curl up toward the torso. Crunch machines usually use extra resistance in the form of selectorized weight stacks or plate loading, and are often performed for moderate to high reps, such as 8-12 reps per set or more, as part of the ab-focused portion of a workout.",3.3264961822344614,11,6.484074320358267
183,AM Ab Machine,strength,Abdominals,machine,intermediate,,9.51647993393872,12,7.805259810418887
184,Smith machine V-up,strength,Abdominals,machine,intermediate,The smith machine V-up is a weighted abdominal exercise that involves pressing a weighted bar upward while performing a V-up. Performing it in a Smith machine eliminates the balance challenge of a free weight. It is usually performed for moderate to high reps in the ab-focused portion of a workout.,7.122195356951882,7,8.067625920787904
185,Elbow plank,strength,Abdominals,none,intermediate,"The elbow plank is a popular isometric abdominal exercise. It is common in all types of exercise programs, as well as in group fitness and yoga classes. It targets the muscles of the core, the deep core or transversus abdominis in particular. It is also often prescribed for time to help back pain or to teach proper bracing.",9.602714732905344,13,4.903461058498899
186,Bottoms Up,strength,Abdominals,none,intermediate,"The lying leg lift is a popular bodyweight exercise targeting the muscles of the abs, the rectus abdominis or “six-pack” muscles in particular. It can be performed for time or reps in the core-focused portion of any workout.",3.5198126107862726,10,6.4934472065438875
187,Spider crawl,strength,Abdominals,none,intermediate,"The spider crawl is a bodyweight exercise that involves crawling on the floor with the knees outside of the elbows. It is different from a leopard crawl in that the hips are higher, and it's different from a bear crawl because the knees are wider. It can be done as a full-body warm-up, in short bursts for power or circuit training, or for longer durations as cardiovascular conditioning.",3.1833699771982458,14,7.518402586522335
188,Cocoons,strength,Abdominals,none,intermediate,"The cocoon crunch is a bodyweight exercise targeting the ab muscles, the rectus abdominis or ""six-pack"" muscles in particular. It involves bringing your knees to your chest and your arms from overhead to center. It can be performed for time or reps as part of the ab-focused portion of any workout.",8.640684160100358,12,5.56476783334607
189,Cross-Body Crunch,strength,Abdominals,none,intermediate,"The elbow-to-knee crunch is a bodyweight exercise targeting the ab muscles, the obliques and rectus abdominis or ""six-pack"" muscles in particular. It can be performed for time or reps as part of the ab-focused portion of any workout.",9.430965128876874,3,4.506668587692426
190,Elbow-to-knee crunch,strength,Abdominals,none,intermediate,"The elbow-to-knee crunch is a bodyweight exercise targeting the ab muscles, the obliques and rectus abdominis or ""six-pack"" muscles in particular. It can be performed for time or reps as part of the ab-focused portion of any workout.",5.268911421521864,3,4.999618265618506
191,Decline Crunch,strength,Abdominals,none,intermediate,The decline crunch is an effective core exercise targeting the rectus abdominis.,3.748077783778913,13,9.923037047816683
192,Hanging toes-to-bar,strength,Abdominals,none,intermediate,"The hanging toes-to-bar is an advanced abdominal exercise in which the lifter touches their feet to a pull-up bar. There are many ways to perform this movement (strict or swinging, arms completely straight or slightly bent, legs straight or bent) each providing unique benefits and challenges. Initially, it may be a difficult move to do for a single rep, but once you build the requisite core, lat, and shoulder strength, it can be performed for higher reps.",8.245379586910488,13,6.330878354808614
193,Hanging Oblique Knee Raise,strength,Abdominals,none,intermediate,"The hanging oblique crunch an abdominal exercise that targets both the rectus abdominus or “six-pack” muscles, and the oblique muscles. It can be performed hanging from a bar, or if grip strength is a limitation, by placing the elbows in ab straps. If hanging from a straight bar is uncomfortable to the wrists or shoulder, you can also perform them hanging with a neutral grip (palms facing one another)",7.817979611224061,12,8.708146245538625
194,Gorilla Chin/Crunch,strength,Abdominals,none,beginner,,5.158473708677301,9,7.120719453192924
195,Hanging leg raise,strength,Abdominals,none,intermediate,"The hanging leg raise is an exercise targeting the abs, but which also works the lats and hip flexors. Instead of resting your forearms on the pads of a captain's chair, you perform these hanging from a bar. Experienced lifters make these look easy, but beginners may need time to build up to sets of 8-12 reps.",5.651887899933541,10,9.837990509161418
196,Mountain climber,cardio,Abdominals,none,intermediate,"The mountain climber is a popular bodyweight exercise targeting the muscles of the core, as well as the shoulders, hips, and cardiovascular system. It involves lifting one knee to the chest at a time from a straight-arm plank position. It can be performed for time or reps as part of a dynamic warm-up, for bodyweight cardio or conditioning, or as no-equipment dynamic core training.",9.40564605690512,13,5.9143489611282085
197,Ab bicycle,strength,Abdominals,none,intermediate,"The ab bicycle is a bodyweight movement that targets the muscles of the abs, the obliques and rectus abdominis or ""six-pack"" muscles in particular. It can be performed for time or reps in the ab-focused portion of any workout.",6.557639415474489,14,3.445510124044139
198,3/4 sit-up,strength,Abdominals,none,intermediate,"The 3/4 sit-up is a bodyweight exercise focused on the muscles of the core. It is similar to a sit-up, but stops short of the top position. This keeps constant tension on the abs, making it more difficult than traditional sit-ups. It can be performed for time or for reps, with the feet anchored or free, as part of the ab-focused portion of any workout.",8.665132356169078,14,8.18827115375003
199,Reverse crunch,strength,Abdominals,none,intermediate,"The reverse crunch is a popular exercise targeting the abdominals, particularly the lower half. It’s easy to perform on either the floor or a flat bench. Many lifters think of this as a companion to the crunch, which targets the upper abdominals more than the lower.",3.675385457583691,10,4.22146308265335
200,Crunches,strength,Abdominals,none,intermediate,"The crunch is a popular core exercise targeting the rectus abdominis, or ""six-pack"" muscles, as well as the obliques. It has been the centerpiece of many ab-focused workouts, due to both its simplicity and the intense burn and mind-muscle connection it produces. It can be performed for time or reps as part of the ab-focused portion of any workout.",4.04061576125982,12,3.6375067754746846
201,Dead bug reach,strength,Abdominals,none,intermediate,"The dead bug reach is an exercise for strengthening the core in which you alternate lowering your opposing arm and leg simultaneously, controlling the movement with the abdominal muscles. It can be part of a dynamic warm-up to activate the core for other athletics or lifting, or be performed in a circuit or on its own in the ab-focused portion of any workout.",8.942848543164786,7,9.913773896019118
202,Crunch - Hands Overhead,strength,Abdominals,none,beginner,,7.989447982070484,9,8.12474473901344
203,V-up,strength,Abdominals,none,intermediate,"The V-up is a bodyweight movement that targets the muscles of the abs, the rectus abdominis or ""six-pack"" muscles in particular. It is similar to a suitcase crunch, but the lower back lifts off the ground at the top of each rep. It can be performed for time or reps in the ab-focused portion of any workout.",4.058340935948214,11,6.574509907338185
204,Stomach Vacuum,flexibility,Abdominals,none,beginner,,4.342479677969088,12,7.5390000545883415
205,Russian twist,strength,Abdominals,none,intermediate,"The Russian twist is an exercise targeting the abdominals and the obliques. Beginning from a position that resembles stopping midway through a sit-up, it involves twisting side to side. It can be performed with body weight alone or while holding a weight plate or other object. It is performed by alternating sides with each rep and can be done for time or for a specific number of reps as part of the ab-focused portion of any workout.",8.322745740525924,10,3.9299958032503164
206,Flat Bench Lying Leg Raise,strength,Abdominals,none,intermediate,"The lying leg lift is a popular bodyweight exercise targeting the muscles of the abs, the rectus abdominis or “six-pack” muscles in particular. It can be performed for time or reps in the core-focused portion of any workout.",3.4900032045381018,13,8.685643580880175
207,Knees tucked crunch,strength,Abdominals,none,intermediate,"The knees tucked crunch is a core exercise that involves performing a crunch while keeping the knees bent in a 90-degree position. It primarily targets the rectus abdominis or ""six-pack"" muscles. It can be performed for time or reps as part of any abs-focused circuit or workout.",6.519749514476752,10,6.618703894409974
208,Butt-Ups,strength,Abdominals,none,beginner,,8.005384434529297,9,7.568186955445578
209,Feet-elevated oblique crunch,strength,Abdominals,none,intermediate,"The feet-elevated oblique crunch is a variation on the crunch exercise that targets the obliques as well as the rectus abdominis or ""six-pack"" muscles. Resting the feet on a bench takes some of the hip flexor activation out of the movement, focusing the stress more on the abs.",7.6818617587352405,14,9.403030583952686
210,Bent-knee reverse crunch,strength,Abdominals,none,intermediate,"The bent-knee reverse crunch is a popular bodyweight core exercise. It targets the lower portion of the rectus abdominis or ""six-pack"" muscles. It can be performed for time or reps as part of any ab-focused workout.",4.431540927959573,7,6.582437844449184
211,Alternating heel-touch,strength,Abdominals,none,intermediate,"The alternating heel-touch is a popular bodyweight exercise that targets the obliques, as well as the rectus abdominis, or ""six-pack"" muscles. It can be performed for time or reps as part of any abs-focused circuit or workout.",8.509075791540369,8,7.627165225396901
212,Suspended Reverse Crunch,strength,Abdominals,none,intermediate,,3.993272438538153,11,9.993881209984647
213,Lying bench reverse crunch,strength,Abdominals,none,intermediate,"The lying bench reverse crunch is a popular ab exercise performed by bringing the knees toward the chest while lying on a bench. It is largely similar to the same exercise performed on the floor, but being able to press the lower back into the bench pad can help reinforce proper form and increase the burn in the abs. Like most crunch variations, it is usually performed for moderate to high reps, such as 8-12 reps per set or more.",3.4135217034458916,4,5.690119835125156
214,Sit-up,strength,Abdominals,none,intermediate,"The sit-up is a popular bodyweight exercise focused on the abdominal muscles. It has also been used as part of military, tactical, and scholastic fitness tests for many years. It can be performed for time or reps, with the feet anchored or free, on flat ground or a bench.",5.052965094121513,5,4.607911355105889
215,Side Bridge,strength,Abdominals,none,intermediate,"The side plank is a popular isometric abdominal exercise focusing on the oblique muscles, as well as the transversus abdominis or deep core muscles. It is sometimes paired with the curl up and bird dog as the “McGill big three” for core strength and stability. It is performed for time and can work in a warm-up or in the core-focused portion of any workout.",4.460517464302119,9,6.109550562988518
216,Lying oblique crunch,strength,Abdominals,none,intermediate,The lying oblique crunch is a bodyweight exercise targeting the oblique muscles. It can be performed for a specific number of reps or to fatigue or failure as part of the ab-focused portion of any workout.,6.956044436091937,13,8.021851835669505
217,Janda Sit-Up,strength,Abdominals,none,beginner,,9.911640132673497,3,7.979247026771719
218,Leg Pull-In,strength,Abdominals,none,beginner,"The reverse crunch is a popular exercise targeting the abdominals, particularly the lower half. It’s easy to perform on either the floor or a flat bench. Many lifters think of this as a companion to the crunch, which targets the upper abdominals more than the lower.",4.8273942747099134,5,7.972529569042592
219,Side Jackknife,strength,Abdominals,none,intermediate,,8.571504149470456,3,8.844983412474683
220,Scissor Kick,flexibility,Abdominals,none,intermediate,,9.706135821154357,10,3.984944001368291
221,Toe Touchers,flexibility,Abdominals,none,intermediate,"The toe-touch is a bodyweight movement that targets the muscles of the abs, the rectus abdominis or ""six-pack"" muscles in particular. It can be performed for time or reps in the ab-focused portion of any workout.",3.5113092159942507,5,7.646551646711309
222,Lower Back Curl,flexibility,Abdominals,none,intermediate,,8.76471199372478,13,7.76620313352967
223,Exercise ball torso rotation,flexibility,Abdominals,none,intermediate,"The exercise ball torso rotation is a rotational abdominal exercise performed while holding a yoga or exercise ball between the hands. It focuses on the rotational muscles of the core, including the obliques, glutes, and hip muscles. It can be performed one side at a time or alternating, either for time or reps. To make it more difficult, wrap a light exercise band around the ball and anchor it to a solid object.",3.931791511746815,14,4.273248739523813
224,Seated Overhead Stretch,flexibility,Abdominals,none,intermediate,,4.1305601452465535,13,6.733132738424156
225,Overhead Stretch,flexibility,Abdominals,none,intermediate,,7.144350276032494,11,5.952325887738812
226,Seated Scissor Kick,strength,Abdominals,none,intermediate,,3.81111520712061,12,9.026786757975074
227,Partner resistance standing twist,strength,Abdominals,none,intermediate,"The partner resistance standing twist is a bodyweight exercise in which one partner performs bodyweight twists while the other provides manual resistance. It targets the muscles of the core, and the obliques in particular. It can be performed in the core-focused part of any workout.",8.7029214824056,14,3.820802470624706
228,Cross Crunch,strength,Abdominals,none,beginner,,9.126088524370227,6,7.17879702086431
229,Full Moon,strength,Abdominals,none,beginner,,6.425944449311303,6,6.472895093608595
230,Hanging knee raise with manual resistance,strength,Abdominals,none,beginner,"The hanging knee raise with manual resistance is a more advanced version of the hanging knee raise that utilizes a partner. The partner applies enough resistance to make the movement more difficult, while still allowing the lifter to perform multiple reps.",6.203974993948662,5,8.306320623507897
231,Straight-Legged Hip Raise,strength,Abdominals,none,intermediate,,5.880431693742027,7,6.4162909434496935
232,Wall mountain climber,cardio,Abdominals,none,intermediate,The wall mountain climber is a challenging exercise targeting the shoulders and abdominals. It's most common in bodyweight circuit training because it targets a lot of muscles as well as the cardiovascular system all at once. It can be performed for time or reps.,6.862072140052958,7,5.5615382170210355
233,Skin The Cat To Push-Up,strength,Abdominals,none,intermediate,,4.803750205278931,5,6.147491233590522
234,Partner lying leg raise with lateral throw down,strength,Abdominals,none,beginner,The partner lying leg raise with lateral throw down is a core exercise in which one partner performs a leg raise while the other partner pushes their legs back down at a lateral angle. The partner performing the exercise has to use core strength and stability to keep their legs from falling to the ground.,8.574669491431901,13,5.991143646439227
235,Hanging leg raise with throw down,strength,Abdominals,none,beginner,"The hanging leg raise with throw down is a more advanced version of the hanging knee raise that utilizes a partner to make the movement more difficult. The partner pushes down at the top of each rep, forcing the lifter to ""fight back"" with their abs.",8.011343971511614,11,8.82897693611484
236,Partner sit-up with high-five,strength,Abdominals,none,beginner,The partner sit-up with high-five is a full-body exercise targeting the core. Partners each perform a sit-up and high-five each other mid rep.,9.0291961401734,10,9.874983761327588
237,Exercise ball knee roll-in,strength,Abdominals,none,intermediate,The exercise ball knee roll-in is an abdominal exercise that involves supporting yourself with your hands in a plank or push-up position and drawing the knees in toward the chest. This is a fairly advanced abdominal move requiring a fair amount of core strength.,3.891341254168822,9,8.004417086469106
238,Partner lying leg raise with throw down,strength,Abdominals,none,beginner,The partner lying leg raise with throw down is a core exercise in which one partner performs a leg raise while the other partner pushes their legs back down. The partner performing the exercise has to use core strength and stability to keep their legs from falling to the ground.,4.150688154208053,4,9.497691686664513
239,Crab toe-touch,strength,Abdominals,none,intermediate,"The crab toe-touch is a full-body exercise targeting the glutes, hamstrings, quads, and core. It is a challenging move that trains balance, core strength, and many muscle groups, making it work well in a time-efficient bodyweight circuit workout.",9.271110633675361,3,3.0345848466939946
240,Side kick-through,strength,Abdominals,none,intermediate,"The side kick-through is a full-body movement that involves isometric holds and moving the body through different ranges of motion, beginning in a bear crawl position. The difference between a side kick-through and a sit-through is that your butt stays off the ground throughout the entire rep. It is commonly performed in bodyweight circuits and animal-style flows, but can also work for reps on its own or as part of a dynamic warm-up or mobility sequence.",9.609739669624584,4,5.108504182484179
241,Partner target sit-up,strength,Abdominals,none,beginner,"The partner target sit-up is a core exercise where one partner performs sit-ups, while the other uses his or her hands to create a target for them to reach for. This increases the challenge of each rep. It can be performed for time or reps in the ab-focused portion of any workout.",7.6972512210761135,4,3.155563178873033
242,Suspended Crunch,strength,Abdominals,none,beginner,,3.1942584128426974,12,8.312726305161018
243,Jump Lunge,strength,Abdominals,none,intermediate,"The alternating lunge jump is an explosive bodyweight exercise that targets the lower-body muscles, including the quads, glutes, and hamstrings. It can be performed for time or reps in power training, and is also effective in any fat-loss or athleticism-focused workout.",8.734845202321837,6,3.0899269867665087
244,Side plank hip dip,strength,Abdominals,none,intermediate,"The side plank hip dip is a dynamic version of the side plank exercise focusing on the oblique muscles, as well as the transversus abdominis or deep core muscles. It can be performed for time or reps and can work in a warm-up or in the core-focused portion of any workout.",9.853237853638625,11,4.689845340582746
245,Elbow plank jack,strength,Abdominals,none,intermediate,"The elbow plank jack is an isometric abdominal exercise with a dynamic lower-body component. It targets the muscles of the core, the deep core or transversus abdominis in particular. It can be performed for time or reps in the ab-focused portion of any workout.",9.48618852237161,6,5.6382937334166225
246,Exercise ball V-up,strength,Abdominals,none,intermediate,"The exercise ball V-up is a popular movement to target the abdominal muscles, particularly the rectus abdominis or ""six-pack"" muscles. It involves passing an exercise ball or yoga ball back and forth between the hands and feet while performing V-ups. It can be performed for reps or time as part of any ab-focused workout or bodyweight circuit.",5.502248197802626,7,7.957423272683768
247,Standing torso twist stretch,strength,Abdominals,none,intermediate,"The standing torso twist stretch is a stretching exercise targeting the lats and core, particularly the obliques. It’s great before a workout or any sporting event that involves a lot of twisting of the upper body.",5.572953749303055,14,7.510198553239495
248,Slalom jumps,cardio,Abdominals,none,intermediate,"The slalom jump is an explosive bodyweight exercise that targets the lower body, including the quads, glutes, and hamstrings. Performed for reps, it also provides a serious cardiovascular challenge. It can be performed for time or reps and is especially effective in a fat-loss or athleticism-focused circuit or workout.",7.263183861734906,5,7.726416322786781
249,Bear crawl,strength,Abdominals,none,intermediate,"The bear crawl is a popular bodyweight crawling exercise. While it looks simple, the bear crawl is an intense full-body movement that targets the cardiovascular system as well as a wide range of muscle groups, the shoulders, core, and legs in particular. It can be done as a full-body warm-up, in short bursts for power or circuit training, or for longer durations as cardiovascular conditioning.",6.139544566465107,10,3.9895180790627727
250,Crab single-arm reach,flexibility,Abdominals,none,intermediate,"The crab single-arm reach is a full-body exercise that requires maintaining a tabletop position while alternating arm raises. It is an excellent movement to include in a dynamic warm-up, a bodyweight circuit, or for muscle activation or mobility anytime.",9.505873178403746,6,7.270301918083112
251,Side lunge cross-body heel-touch,strength,Abdominals,none,intermediate,"The side lunge cross-body heel-touch is a lower-body exercise targeting the quads, glutes, and hamstrings. The heel-touch adds a slight rotational challenge.",6.691902487260099,8,6.941333159883838
252,Alligator Crawl,strength,Abdominals,none,intermediate,"The spider crawl is a bodyweight exercise that involves crawling on the floor with the knees outside of the elbows. It is different from a leopard crawl in that the hips are higher, and it's different from a bear crawl because the knees are wider. It can be done as a full-body warm-up, in short bursts for power or circuit training, or for longer durations as cardiovascular conditioning.",5.586091804376023,13,9.198744872869362
253,Lying cross-over lower back stretch,strength,Abdominals,none,intermediate,"The lying cross-over lower back stretch is a simple bodyweight stretch targeting the lower back, hips, and torso. It involves rotating the legs while lying flat on the back. It is commonly included in dynamic warm-ups, but can also be performed as full-body mobility work anytime.",8.486346296715169,12,4.844955262534857
254,Half bird dog,flexibility,Abdominals,none,intermediate,"The half bird dog is a core exercise designed to strengthen the posterior chain. In the half bird dog, you will raise one arm or one leg at a time, rather than both at once as you would for a regular bird dog.",7.036804032110162,7,6.9910872928106444
255,Shoulder tap,strength,Abdominals,none,intermediate,"The shoulder tap is an exercise targeting the abdominals and core. The basic stance matches the top of a push-up position. From there, one hand is raised to tap its opposing shoulder. A tap with each hand to each opposing shoulder equals one rep.",7.619361965002499,4,8.896780390779274
256,Double crunch,strength,Abdominals,none,intermediate,"The double crunch is a bodyweight exercise focused on the muscles of the core, the rectus abdominis or ""six-pack"" muscles in particular. It's a very simple exercise that involves ""crunching"" the knees and elbows toward each other using the abdominal muscles, while keeping the back flat against the ground.",9.044099342679248,11,4.130746706170125
257,Flutter kick,strength,Abdominals,none,intermediate,"The flutter kick is a core exercise where the legs are held off the ground as you flutter your feet over and under each other in small motions. It targets multiple muscles of the core, but particularly the rectus abdominis or ""six-pack"" muscles. It can be performed for time or reps in the ab-focused portion of any workout.",4.078870976631321,3,6.692013138990309
258,Sprawl,strength,Abdominals,none,intermediate,"The sprawl is an explosive bodyweight exercise that targets the core, upper body, and lower body. It is similar to a burpee, but without a jump at the top and with a plank instead of a push-up at the bottom. It can be performed for time or reps in any fat-loss or athleticism-focused circuit or workout.",8.919791496169172,8,9.01427249223366
259,Spider plank jack,strength,Abdominals,none,intermediate,"The spider plank jack is a bodyweight core exercise that begins in a straight-arm plank, then combines a spider crunch and a plank jack into a single sequence. It can be performed as bodyweight core training or for conditioning in a fat-loss or athleticism-focused circuit.",3.322245328999308,14,3.5559303084141876
260,Pillar-To-Plank,strength,Abdominals,none,intermediate,,9.749796665974099,3,3.1960129906246797
261,Alternating High Knee Raise,strength,Abdominals,none,intermediate,,6.320047472188087,14,3.9838672519121006
262,Sumo Squat Pulse,strength,Abdominals,none,intermediate,,5.510933960069547,3,6.764052637688223
263,Line-Drill Foot Work,strength,Abdominals,none,intermediate,,6.516445666994177,13,4.937997976573843
264,Plank Fire Hydrants,strength,Abdominals,none,intermediate,,5.086411160299907,14,5.668487712118955
265,Banded jumping jack,strength,Abdominals,none,intermediate,"The banded jumping jack takes a classic plyometric exercise and adds an extra degree of difficulty in the form of a band surrounding the thighs, just above the knees. It can be performed for time or reps and is a great way to warm up for athletics or lower-body lifting.",9.274853422079982,5,5.584542959150927
266,Shin hug,strength,Abdominals,none,intermediate,"The shin hug is a bodyweight exercise focused on the muscles of the core. It shares characteristics with V-ups and crunches, but finishes with the ribs touching the thighs. It can be performed for time or for reps as part of the ab-focused portion of any workout.",8.915023869789245,4,6.843034674764806
267,FYR Bear Crawl Fire Feet,strength,Abdominals,none,intermediate,"Bear crawl fire feet is a variation of the bear crawl that involves running in place while in a static bear crawl hold. It adds an extra coordination and full-body challenge to an already intense full-body movement that targets the cardiovascular system as well as a wide range of muscle groups. It can be done as a full-body warm-up, or as part of a bodyweight circuit or flow.",9.46100751751931,14,5.43878160474203
268,Bear crawl up-down,strength,Abdominals,none,intermediate,"The bear crawl up-down is a variation of the bear crawl that involves lowering the forearms to the ground in an alternating rhythm while in a static bear crawl hold. It adds an extra coordination and upper-body challenge to an already intense full-body movement that targets the cardiovascular system as well as a wide range of muscle groups. It can be done as a full-body warm-up, or as part of a bodyweight circuit or flow.",4.203636790279889,12,5.484722832479504
269,FYR Crab Kick,strength,Abdominals,none,intermediate,"The crab toe-touch is a full-body exercise targeting the glutes, hamstrings, quads, and core.",7.4669938068613435,7,5.34020736801153
270,Bear crawl hold,strength,Abdominals,none,intermediate,"The bear crawl hold is a static variation of the bear crawl exercise performed for time. It looks simple, but it demands full-body tension and is taxing to the shoulders, core, and legs. It can be done as a full-body warm-up, as part of a bodyweight circuit or flow, or as a build-up to the traditional bear crawl.",5.3877459793936175,5,7.313084892688817
271,Traveling bear crawl,strength,Abdominals,none,intermediate,"The traveling bear crawl is a more advanced version of the bear crawl exercise that moves side to side rather than front to back. While it looks simple, the traveling bear crawl is an intense full-body movement that targets the cardiovascular system as well as a wide range of muscle groups, the shoulders, core, and legs in particular. It can be done as a full-body warm-up, in short bursts for power or circuit training, or for longer durations as cardiovascular conditioning.",9.370460500471037,13,5.079194499527113
272,Single-leg V-up,strength,Abdominals,none,intermediate,"The single-leg V-up is a bodyweight exercise that targets the abdominals and the hip flexors, working one side of the body at a time. It can be performed for time or reps in the ab-focused portion of any workout.",3.9923649693377783,14,8.544651410660013
273,FYR Bear Crawl Shoulder Tap,strength,Abdominals,none,intermediate,"The bear crawl shoulder tap is a variation of the bear crawl that involves touching the opposing shoulder while in a static bear crawl hold. It adds an extra coordination and core challenge to an already intense full-body movement that targets the cardiovascular system as well as a wide range of muscle groups. It can be done as a full-body warm-up, or as part of a bodyweight circuit or flow.",6.187606570740103,7,8.884481432095669
274,Alternating single-leg sprawl,strength,Abdominals,none,intermediate,"The alternating single-leg sprawl is an explosive bodyweight exercise that targets the core, upper body, and lower body. It differs from a standard sprawl by including a single-leg plank instead of a regular plank at the bottom. It can be performed for time or reps in any fat-loss or athleticism-focused circuit or workout.",7.275120224970912,4,5.153256953526456
275,Wide mountain climber,strength,Abdominals,none,intermediate,"The wide mountain climber is a popular bodyweight exercise targeting the muscles of the core, as well as the shoulders, hips, and cardiovascular system. It is different from a traditional mountain climber because you bring the knee to the outside of the elbow rather than the inside. It can be performed for time or reps as part of a dynamic warm-up, for bodyweight cardio or conditioning, or as no-equipment dynamic core training.",9.837766936522156,3,5.340000749481808
276,Plank leg raise,strength,Abdominals,none,intermediate,"The plank leg raise is an isometric abdominal exercise that targets the muscles of the core, the deep core or transversus abdominis in particular. It also targets the muscles of the glutes and hips. It can be performed for time or reps in the ab-focused portion of any workout.",4.289721068352452,7,4.2749302416165165
277,Glute bridge step-out,strength,Abdominals,none,intermediate,"The glute bridge step-out is a lower-body bodyweight exercise that targets the glutes and hamstrings. It differs from a glute bridge by the addition of a step-out, which increases stress on the hamstrings. It can be performed for time or reps and works perfectly in a dynamic warm-up for lower-body training, but can also be performed for glute activation anytime.",4.2548490285132825,7,6.3426042017447894
278,Knee up-down,strength,Abdominals,none,intermediate,"The knee up-down is a bodyweight exercise that mimics getting up and down from a kneeling position on the floor. It combines the low position of a squat with lunges, bringing some of the benefits of both. It can be done for time or reps as part of a dynamic warm-up or as part of a bodyweight circuit or workout.",6.897243366488577,5,9.468380637048995
279,FYR Sprawl,strength,Abdominals,none,intermediate,"The sprawl is an explosive bodyweight exercise that targets the core, upper body, and lower body. It is similar to a burpee, but without a jump at the top and with a plank instead of a push-up at the bottom. It can be performed for time or reps in any fat-loss or athleticism-focused circuit or workout.",9.98030312794905,11,9.782666028590778
280,Reach crunch,strength,Abdominals,none,intermediate,The reach crunch is a bodyweight core exercise that involves keeping the arms raised toward the ceiling while performing a crunch. It can be performed for time or reps as part of any abs-focused circuit or workout.,9.400068196067641,10,5.250646374511946
281,FYR Push-Up Plank Hold,strength,Abdominals,none,intermediate,"The straight-arm plank is an exercise targeting the core muscles. It is basically the top of a push-up position, with elbows fully extended and palms on the floor. The position is held for time to target the muscles of the core, as well as the shoulders.",5.48457293439033,5,4.210781812642379
282,FYR Hollow-Body Rock,strength,Abdominals,none,intermediate,"The hollow-body rock is a bodyweight abdominal exercise performed on the floor. It starts with a hollow-body hold and adds a back-and-forth rock that challenges core stability and increases the difficulty of the movement. It can be performed for time or for reps, either in an ab-focused portion of a workout or as part of a circuit workout.",7.330490962183818,7,3.2861897732810426
283,V-up plus knee-to-chest combo,strength,Abdominals,none,intermediate,The V-up plus knee-to-chest combo is a core exercise that targets the abdominals and hip flexors by combining two movements into a single sequence. It can be performed for time or reps in the ab-focused portion of any workout.,7.635314459577923,3,5.698941889300993
284,Side plank lateral raise,strength,Abdominals,none,intermediate,"The side plank lateral raise is an exercise that combines an isometric side plank hold with a dumbbell raise to target both the core and the shoulders. You probably won't be able to use much weight without disrupting your balance, but even at light weight, this is a movement that can help address multiple muscle groups in a time-efficient workout.",8.003211659025256,3,6.505547386780705
285,Superhero burpee,strength,Abdominals,none,intermediate,"The superhero burpee is an advanced variation of the burpee exercise. The main difference between this and the standard burpee is that while on the floor, the hands are extended in front of the body like Superman taking flight. This increases the challenge to the upper back and shoulders. These can be performed for time or reps as part of any fat-loss or athleticism-focused workout or circuit.",4.449966129823936,9,5.234894310967585
286,Hollow-body abduction,strength,Abdominals,none,intermediate,"The hollow-body abduction is an isometric core exercise that includes leg abductions for an added challenge to the core and abductors. It targets multiple muscles of the core, but particularly the rectus abdominis or ""six-pack"" muscles. It can be performed for time or reps in the ab-focused portion of any workout.",3.0835000924703384,12,3.721420646658211
287,FYR Hollow Hold,strength,Abdominals,none,intermediate,,6.159444695068706,9,4.9616194565921266
288,Tip-toe crunch,strength,Abdominals,none,intermediate,The tip-toe crunch is a variation on the crunch exercise that involves placing the toes on or near the ground. This can help isolate the abs from the hip flexors. The tip-toe crunch can be performed for time or for reps as part of the core-focused component of any workout.,8.064212125983389,9,9.897742196233747
289,Knee-to-nose pulse,strength,Abdominals,none,intermediate,"The knee-to-nose pulse is a bodyweight exercise that targets the core by pulsing your knee toward your nose. It starts in a straight-arm plank position, and is similar to a mountain climber, but with a hold or pause in the bent-knee position.",3.383335239053311,7,3.1617903805560155
290,Plank walk-out,strength,Abdominals,none,intermediate,"The plank walk-out is an advanced plank variation targeting the core and shoulders. From a standing position, the lifter descends into a plank-type position but “walks” the hands forward until they are out in front of the head. This is far more challenging to the core than having the arms directly under the shoulders. Beginners will need to progress to this exercise.",7.899614369119641,6,9.065923077526035
291,FYR V-Up,strength,Abdominals,none,intermediate,"The V-up is a bodyweight movement that targets the muscles of the abs, the rectus abdominis or ""six-pack"" muscles in particular. It is similar to a suitcase crunch, but the lower back lifts off the ground at the top of each rep. It can be performed for time or reps in the ab-focused portion of any workout.",5.5498864262415655,12,3.0160246116894296
292,Long sit-up,strength,Abdominals,none,intermediate,"The long sit-up is an advanced version of the sit-up exercise that is performed with the hands reaching over the head. This lengthens the torso, making it harder for the abs to contract and lift the upper body. Long sit-ups can be performed for time or for reps, with the feet anchored or free.",7.559683753991519,14,6.682003371005818
293,FYR Breakdancer,strength,Abdominals,none,intermediate,"The side kick-through is a full-body movement that involves isometric holds and moving the body through different ranges of motion, beginning in a bear crawl position. The difference between a side kick-through and a sit-through is that your butt stays off the ground throughout the entire rep. It is commonly performed in bodyweight circuits and animal-style flows, but can also work for reps on its own or as part of a dynamic warm-up or mobility sequence.",3.4105646711688657,3,7.516009471559553
294,Seated leg lift,strength,Abdominals,none,intermediate,The seated leg lift is a bodyweight exercise targeting the muscles of the core and hip flexors. It can be performed for time or reps in the core-focused portion of any workout.,7.698875217643701,12,3.8939473575910415
295,Gorilla burpee,strength,Abdominals,none,intermediate,"The gorilla burpee is a variation of the burpee exercise that consists of a reverse lunge on each leg, a full squat, then a standard burpee. It is extra challenging for the lower body, including the quads, glutes, and hamstrings. It can be performed for time or reps in any fat-loss or athleticism-focused circuit or workout.",8.85910762370943,6,6.694390439317714
296,Knee-in to V-out,strength,Abdominals,none,intermediate,"The knee-in to V-out is a bodyweight abdominal exercise performed on the floor. It is similar to both the reverse crunch and the V-up exercise, but combines elements of both. It primarily targets the muscles of the rectus abdominis, or “six-pack” muscles. It can be performed for reps or time, either as part of an ab-focused workout or as a component of a circuit workout.",5.431412910902723,4,7.608437178109433
297,Bear crawl push-up,strength,Abdominals,none,intermediate,"The bear crawl push-up is a variation of the bear crawl hold with a push-up added. It adds an extra coordination and shoulder challenge to an already intense full-body movement that targets the cardiovascular system as well as a wide range of muscle groups, the shoulders, core, and legs in particular. It can be done as a full-body warm-up, or as part of a bodyweight circuit or flow.",5.356773234703078,5,6.882285658901221
298,FYR Front Step,strength,Abdominals,none,intermediate,,4.087327493099604,12,7.0081790739461685
299,Plank reach,strength,Abdominals,none,intermediate,"The plank reach is an exercise targeting the entire core, particularly the oblique muscles. It resembles a plank exercise, but the primary difference is that the lifter extends their arms forward, one at time. The core, especially the obliques, must work hard to maintain stability. It can be performed for time, with holds in the reaching position, or for reps.",8.296757698444168,7,9.120772910132395
300,Eiffel Tower leg raise,strength,Abdominals,none,intermediate,"The Eiffel Tower leg raise is a bodyweight exercise targeting the muscles of the abs, the rectus abdominis or “six-pack” muscles in particular. It is similar to a V-up, but with the added challenge of “drawing” a pyramid shape in the air with the legs during each rep. It can be performed for time or reps in the core-focused portion of any workout.",8.733193717946428,13,6.5697497759938965
301,Straight-arm plank,strength,Abdominals,none,intermediate,"The straight-arm plank is an exercise targeting the core muscles. It is basically the top of a push-up position, with elbows fully extended and palms on the floor. The position is held for time to target the muscles of the core, as well as the shoulders.",3.44519800787688,9,8.583674109118963
302,Plank up-down,strength,Abdominals,none,intermediate,"The plank up-down is a variation of the plank push-up that ends in an elbow plank rather than with the chest on the ground. It involves transitioning between the two positions one arm at a time, rather than two. It puts more stress on the triceps and core than traditional planks. It can be performed for time or reps in any bodyweight workout or during the core-focused portion of any workout.",3.3117540216931625,6,7.655132404187919
303,Frog kick,strength,Abdominals,none,intermediate,"The frog kick is an explosive bodyweight movement that involves hopping the rear legs up and forward from a straight-arm plank position. It targets the legs, core, and shoulders, but is also a high-intensity conditioning movement that will raise core body temperature and burn serious calories. It can be performed for time or reps as part of any athleticism-focused or fat-loss circuit or workout.",6.034384659896194,12,3.4798228297136458
304,FYR Knees to Chest,strength,Abdominals,none,intermediate,"The hollow-body alternating knee-to-chest is a core exercise that involves bending the legs while holding the hips and shoulder blades off the ground. It targets the rectus abdominis or ""six-pack"" muscles. It can be performed for time or reps in the ab-focused portion of any workout.",9.887237760748349,7,5.376861216084793
305,Front kick-through,strength,Abdominals,none,intermediate,"The front kick-through is a full-body movement that involves moving the legs from a bear crawl position to a balanced one-legged stance. It is commonly performed for reps or time in bodyweight circuits and animal-style flows, but can also work on its own or as part of a dynamic warm-up or mobility sequence.",9.156462882402527,13,9.054312400143287
306,FYR Sit-Up,strength,Abdominals,none,intermediate,"The sit-up is a popular bodyweight exercise focused on the abdominal muscles. It has also been used as part of military, tactical, and scholastic fitness tests for many years. It can be performed for time or reps, with the feet anchored or free, on flat ground or a bench.",7.8631338577286956,5,7.6216509219639725
307,FYR Leg Lift,strength,Abdominals,none,intermediate,The seated leg lift is a bodyweight exercise targeting the muscles of the core and hip flexors. It can be performed for time or reps in the core-focused portion of any workout.,6.574364564145133,11,3.5654200344554043
308,TBS Toes-to-bar,strength,Abdominals,none,intermediate,"The hanging toes-to-bar is an advanced abdominal exercise in which the lifter touches their feet to a pull-up bar. There are many ways to perform this movement: strict or swinging, arms completely straight or slightly bent, legs straight or bent, each providing unique benefits and challenges. Initially, it may be a difficult move to do for a single rep, but once you build the requisite core, lat, and shoulder strength, it can be performed for higher reps.",5.650542330265692,7,8.524197864157184
309,FYR Mountain Climber,strength,Abdominals,none,intermediate,"The mountain climber is a popular bodyweight exercise targeting the muscles of the core, as well as the shoulders, hips, and cardiovascular system. It involves lifting one knee to the chest at a time from a straight-arm plank position. It can be performed for time or reps as part of a dynamic warm-up, for bodyweight cardio or conditioning, or as no-equipment dynamic core training.",3.96294765541153,9,9.253240651026708
310,Roman Chair Side Ups,strength,Abdominals,none,intermediate,,9.914707508844833,8,3.0556515543475795
311,Push-Up Roll Out - Gethin Variation,strength,Abdominals,none,intermediate,,5.058032055936721,11,5.087776972331248
312,Cross-Body Crunch - Gethin Variation,strength,Abdominals,none,intermediate,"The cross-body sit-up is a bodyweight exercise targeting the ab muscles, the obliques and rectus abdominis or ""six-pack"" muscles in particular. It involves bringing the opposite-side knee and elbow together, usually alternating sides with each rep. It can be performed for time or reps as part of the ab-focused portion of any workout.",8.217776328252281,8,4.205619484817571
313,Decline leg lift with twist,strength,Abdominals,none,intermediate,"The decline leg lift with twist is a bodyweight core exercise targeting the obliques and rectus abdominis or ""six-pack"" muscles, particularly the lower abs. It can be performed for time or for reps as part of the core-focused portion of any workout or circuit.",4.150578119532399,6,5.512601208629901
314,Hanging Leg Raise - Variation Gethin,strength,Abdominals,none,intermediate,"The hanging leg raise is an exercise targeting the abs and hip flexors. Instead of resting the forearms on the pads of apparatus, hang from a bar. It can be performed for time or reps in the ab-focused portion of any workout.",8.560672565710442,7,5.305170728442125
315,Butterfly crunch,strength,Abdominals,none,intermediate,"The butterfly crunch is a popular bodyweight exercise that targets the rectus abdominis, or ""six-pack"" muscles. It gets its name from the position of the elbows and knees, both of which are bent out like wings. It can be performed for time or reps as part of any abs-focused circuit or workout.",8.19790096911582,6,6.777153432498613
316,Cross-body mountain climber,strength,Abdominals,none,intermediate,"The cross-body mountain climber is a popular bodyweight exercise targeting the muscles of the core, as well as the shoulders, hips, and cardiovascular system. It is different from a traditional mountain climber because you bring the knee to the opposite side of the body rather than simply to the chest. It can be performed for time or reps as part of a dynamic warm-up, for bodyweight cardio or conditioning, or as no-equipment dynamic core training.",9.049604487326098,8,5.542020960968866
317,Flat Bench Lying Leg Raise - Gethin Variation,strength,Abdominals,none,intermediate,"The lying leg lift is a popular bodyweight exercise targeting the muscles of the abs, the rectus abdominis or “six-pack” muscles in particular. It can be performed for time or reps in the core-focused portion of any workout.",9.723640730937788,14,8.072962297483496
318,Lying leg lift,strength,Abdominals,none,intermediate,"The lying leg lift is a popular bodyweight exercise targeting the muscles of the abs, the rectus abdominis or “six-pack” muscles in particular. It can be performed for time or reps in the core-focused portion of any workout.",3.5914016195348775,3,6.204011572237116
319,Hanging alternating single-leg raise,strength,Abdominals,none,intermediate,"The hanging alternating single-leg raise is an exercise targeting the abs, but which also works the lats and hip flexors. Rather than performing both legs at a time, you lift one and alternate with each rep. Leg raises are often performed for moderate to high reps, such as 8-12 reps or more, as part of ab-focused training. However, this difficult variation may require some time to build up to those rep ranges.",5.013406116873738,5,4.204788252581498
320,Plank Walk,strength,Abdominals,none,intermediate,,9.017151423851328,5,6.7202408827872535
321,Sit-Up - Gethin Variation,strength,Abdominals,none,intermediate,"The sit-up is a popular bodyweight exercise focused on the abdominal muscles. It has also been used as part of military, tactical, and scholastic fitness tests for many years. It can be performed for time or reps, with the feet anchored or free, on flat ground or a bench.",5.80032156799774,10,8.180352402950703
322,Plank Push-Up,strength,Abdominals,none,intermediate,"The plank up-down is a variation of the plank push-up that ends in an elbow plank rather than with the chest on the ground. It involves transitioning between the two positions one arm at a time, rather than two. It puts more stress on the triceps and core than traditional planks. It can be performed for time or reps in any bodyweight workout or during the core-focused portion of any workout.",4.133540385261018,6,8.623226639194481
323,Decline crunch-,strength,Abdominals,none,intermediate,"The decline crunch is a popular bodyweight exercise targeting the rectus abdominis or ""six-pack"" muscles, particular the upper abs. It is usually performed for high reps, such as 10-15 reps per set or more, as part of the ab-focused portion of a workout.",3.29683331740695,13,4.6252518602562205
324,Alternating lying leg raise,strength,Abdominals,none,intermediate,"The alternating lying leg lift is a popular bodyweight exercise targeting the muscles of the abs, the rectus abdominis or “six-pack” muscles in particular. It can be performed for time or reps in the core-focused portion of any workout.",3.0662341938293567,3,5.733658606043818
325,Decline leg lift,strength,Abdominals,none,intermediate,"The decline leg lift is a popular bodyweight core exercise targeting the rectus abdominis or ""six-pack"" muscles, particularly the lower abs. It can be performed for time or for reps as part of the core-focused portion of any workout or circuit.",9.999799093201283,3,3.6621108598141032
326,Crunch - Gethin Variation,strength,Abdominals,none,intermediate,"The crunch is a popular core exercise targeting the rectus abdominis, or ""six-pack"" muscles, as well as the obliques. It has been the centerpiece of many ab-focused workouts, due to both its simplicity and the intense burn and mind-muscle connection it produces. It can be performed for time or reps as part of the ab-focused portion of any workout.",5.318655280297748,3,8.076558711925362
327,Plank - Gethin Variation,strength,Abdominals,none,intermediate,"The elbow plank is a popular isometric abdominal exercise. It is common in all types of exercise programs, as well as in group fitness and yoga classes. It targets the muscles of the core, the deep core or transversus abdominis in particular. It is also often prescribed for time to help back pain or to teach proper bracing.",9.53430624789754,3,6.5508550873898805
328,Barbell floor wiper,strength,Abdominals,none,intermediate,"The barbell floor wiper is a core exercise in which the barbell is held in the locked-out position of a floor press, and the hips and legs are rotated side to side. It targets the oblique muscles of the lateral abdomen, but is also seriously challenging to the deep core and rectus abdominis or ""six-pack"" muscles.",9.106565541515696,6,6.773042243549802
329,Prison Push-Up,strength,Abdominals,none,intermediate,,3.021936030839462,14,5.281668449812549
330,McGill Modified Curl-Up,strength,Abdominals,none,intermediate,,4.521519714106496,3,4.215372669580382
331,Cross-body toe-touch,strength,Abdominals,none,intermediate,"The cross-body toe-touch is a version of the toe-touch stretch where instead of both hands reaching down toward both feet, one hand at a time reaches for the opposing foot. It's a common component in dynamic warm-ups for training or sports, but can also be performed for simple flexibility work anytime.",4.168021646628173,12,3.2503630093457447
332,Toy soldier,strength,Abdominals,none,intermediate,"The toy soldier is a calisthenics exercise targeting the hip flexors and legs, which are kicked up one at a time. When each leg is at the top of the kick, the opposing hand touches that foot. It's a common warm-up exercise before athletics, but can also help raise core temperature and mobilize a wide range of muscles and joints prior to training.",4.609177389189709,7,9.714562345742833
333,Natural Glute Ham Raise with Stability Ball,strength,Abdominals,none,intermediate,,7.119954670696661,12,8.521860430922285
334,Lateral ape,strength,Abdominals,none,intermediate,"The lateral ape is an exercise focused on the lower body that involves staying in a low squat position as you hop laterally. It can be performed as part of a dynamic warm-up, to improve hip mobility, or as part of a fat-loss or athleticism-focused circuit workout.",4.21337346777558,9,4.356763196300713
335,Hollow-body knee tuck,strength,Abdominals,none,intermediate,"The hollow-body knee tuck is a bodyweight abdominal exercise performed on the floor. It is similar to both the hollow-body hold and the knee tuck or reverse crunch, combining elements of both. It primarily targets the muscles of the rectus abdominis, or “six-pack” muscles. It can be performed for reps or time, either as part of an ab-focused workout or as a component of a circuit workout.",6.434689641801478,3,6.986758820025927
336,HM Air Jumping Rope,strength,Abdominals,none,intermediate,,6.143989395566548,9,3.37077998165476
337,HM Alternating Lunge Reach,strength,Abdominals,none,intermediate,,5.461309286312792,4,4.036803111318594
338,HM Alternating Side Plank Reach,strength,Abdominals,none,intermediate,,6.290849722514714,14,3.591475040090946
339,HM Superman Plank,strength,Abdominals,none,intermediate,,5.896846546508142,8,7.606800527009317
340,HM Table Pose,strength,Abdominals,none,intermediate,,9.710743924714354,13,3.1201656951372096
341,HM Toe Touch,strength,Abdominals,none,intermediate,,4.67307111266323,3,4.673898723962136
342,HM Right Side Bird-Dog,flexibility,Abdominals,none,intermediate,,8.156938089243486,5,5.4147623749158225
343,HM Right Side Crunch,strength,Abdominals,none,intermediate,,7.00233906816601,4,8.609983049131278
344,HM Bicycle,strength,Abdominals,none,intermediate,,7.896702441765197,7,6.7199230632934634
345,HM Bird-Dog Plank,strength,Abdominals,none,intermediate,,8.961706902510763,14,8.052969873206903
346,HM Boat Pose,strength,Abdominals,none,intermediate,,4.34502443915136,8,6.518227941395846
347,HM Bottoms Up,strength,Abdominals,none,intermediate,,4.698573148605654,8,5.811733115940013
348,HM Bridge,strength,Abdominals,none,intermediate,,8.113760050290104,13,3.437691563541192
349,HM Running Man Crunch,cardio,Abdominals,none,intermediate,,6.122031749969058,14,8.871965250652337
350,HM Seated Twist,strength,Abdominals,none,intermediate,,6.032006761898501,3,9.964676338273254
351,HM Side-Bend Pose,strength,Abdominals,none,intermediate,,6.077126726739307,3,3.9778567376600202
352,HM Side-Plank Arm Wrap,strength,Abdominals,none,intermediate,,3.433259524460846,3,3.094282960380238
353,HM Side-Plank with Hip Touch,strength,Abdominals,none,intermediate,,5.637536678431307,3,7.355710595836665
354,HM Side-Plank with Kick,strength,Abdominals,none,intermediate,,9.909194552914458,7,7.0503067110129
355,HM Side V-Up,strength,Abdominals,none,intermediate,,4.159235835617324,6,6.055198919368333
356,HM Crab Crunch,strength,Abdominals,none,intermediate,,5.76795494933949,6,9.019598539596451
357,HM Cross-Over Crunch,strength,Abdominals,none,intermediate,,9.463150344901806,9,3.744315224936748
358,HM Crunch Pulse,strength,Abdominals,none,intermediate,,9.476804114749308,6,9.86997417335033
359,HM Dead Bug,strength,Abdominals,none,intermediate,,3.438287586715915,14,6.086894718176724
360,HM Single-Leg Inchworm,strength,Abdominals,none,intermediate,,8.856400860748192,6,7.255453358878299
361,HM Floor Jack,strength,Abdominals,none,intermediate,,9.305913291338275,7,5.453783888918721
362,HM Floor Wiper,strength,Abdominals,none,intermediate,,4.32188581264484,3,3.50616088641526
363,HM Floor Kick,strength,Abdominals,none,intermediate,,4.3874414665099986,8,8.93321761419964
364,HM Sit-Up,strength,Abdominals,none,intermediate,,9.142496286662944,12,9.844603681152783
365,HM Slow Mountain Climber,strength,Abdominals,none,intermediate,,5.49126852431185,12,6.989610010894298
366,HM Slow Sit-Up,strength,Abdominals,none,intermediate,,5.808129767724106,5,3.338960571603129
367,HM Half-Up,strength,Abdominals,none,intermediate,,8.842658335695154,12,4.969653921704504
368,HM Hollow-Body Pulse,strength,Abdominals,none,intermediate,,6.385084122507258,7,4.011012407054075
369,HM Hollow Hold,strength,Abdominals,none,intermediate,,3.5829477036284008,13,9.778444982824134
370,HM Inchworm,strength,Abdominals,none,intermediate,,7.564431006953273,13,9.422893100850251
371,HM Right Side Hollow Hold with Pulse,strength,Abdominals,none,intermediate,,9.923511058514624,6,8.665922631818926
372,HM Reverse Crunch with Frisbee,strength,Abdominals,none,intermediate,,4.780467843509632,3,8.506264081474582
373,HM Left Side Bird-Dog,strength,Abdominals,none,intermediate,,4.440210840727231,6,7.331038734129487
374,HM Left Side Crunch,strength,Abdominals,none,intermediate,,9.160455841402268,4,8.897498573145933
375,HM Left Side Hollow Hold With Pulse,strength,Abdominals,none,intermediate,,8.275202821931707,12,6.795447260814612
376,HM Reverse Crunch,strength,Abdominals,none,intermediate,,6.920570206108863,3,5.801452764735412
377,HM Low Lunge With External Twist And Arm Reach,strength,Abdominals,none,intermediate,,5.331421540626413,4,9.735421597158886
378,HM Mountain Climber,strength,Abdominals,none,intermediate,,8.282828927701008,10,6.027528684767027
379,HM Prison Sit-Up,strength,Abdominals,none,intermediate,,3.8731547714645913,12,8.001500733035506
380,HM Plank Alternating Hip-Dip,strength,Abdominals,none,intermediate,,5.793150277861787,3,6.498191995482608
381,HM Tuck-Up Get-Up,strength,Abdominals,none,intermediate,,7.910723122755368,8,6.957635933175663
382,HM Flutter Kick,strength,Abdominals,none,intermediate,,3.628908433295579,14,3.285219881874072
383,HM Plank,strength,Abdominals,none,intermediate,,9.867133246604542,12,8.465439694060192
384,McGill Pull-Up,strength,Abdominals,none,intermediate,,9.557822194257007,5,7.967365740463725
385,AM Leg Lift,strength,Abdominals,none,intermediate,"The captain's chair leg raise is an exercise that targets the abs and hip flexors. It involves an apparatus that allows the forearms to rest on pads and the upright torso to hang freely. Unlike the Captain’s chair knee raise, the legs are straight here.",8.075343904080075,6,7.714715619946252
386,AM Decline Abs,strength,Abdominals,none,intermediate,"The decline sit-up is a core exercise that works the iliopsoas, quads, hip flexors, and adductors. The rectus abdominis and obliques are the stabilizers in this movement.",8.903512855609062,10,4.474663034903315
387,Hanging crunch,strength,Abdominals,none,intermediate,"The hanging crunch an abdominal exercise that targets the rectus abdominis or ""six-pack"" muscles. It can be performed hanging from a bar, on a dip station or parallel bars, or if grip strength is a limitation, by placing the elbows in ab straps. If hanging from a straight bar is uncomfortable to the wrists or shoulders, you can also perform them hanging with a neutral grip (palms facing one another). It is similar to a hanging knee raise, but with more spinal curling and a more pronounced ""crunch"" at the top.",3.632782761084543,12,8.069232237215811
388,Tyler Holt Hanging Toes-To-Bar,strength,Abdominals,none,intermediate,,3.621155134027177,3,3.9681554597352386
389,Side plank,strength,Abdominals,none,intermediate,"The side plank is a popular isometric abdominal exercise focusing on the oblique muscles, as well as the transversus abdominis or deep core muscles. It is sometimes paired with the curl up and bird dog as the “McGill big three” for core strength and stability. It is performed for time and can work in a warm-up or in the core-focused portion of any workout.",4.454216536248272,5,7.952008673216656
390,Bird dog-,strength,Abdominals,none,intermediate,"The bird dog is a core exercise designed to help strengthen and stabilize the posterior chain. It involves lifting an opposite-side arm and leg while in a bent-leg tabletop position. It is most commonly performed as part of a dynamic warm-up, or for mobility and muscle activation anytime.",5.569440075005248,5,7.5652602560939055
391,Single-leg curl up,strength,Abdominals,none,intermediate,"The single-leg curl up is a bodyweight abdominal movement that teaches and reinforces abdominal “bracing” for strength training. It is usually performed along with variations of the bird dog and side plank as the “McGill big three.” The curl up can be performed for time or for reps, with or without pauses at the top position, as part of a warm-up or the core-focused component of any workout.",5.697877486137291,14,6.591413537789901
392,Single-kettlebell windmill,strength,Abdominals,none,intermediate,"The single-kettlebell windmill is a dynamic kettlebell exercise emphasizing core strength and shoulder and hip mobility and stability. It is often used as a functional warm-up or for multi-directional strength work. It doesn't work as well in a metcon or conditioning setting, and shouldn't be performed under intense fatigue.",4.869914315473361,7,9.910746935942544
393,UNS Foam Roll Thigh,strength,Abdominals,none,intermediate,,9.051791992180686,14,9.863728195369227
394,UNS Inverted row,strength,Abdominals,none,intermediate,,7.613530831191682,4,9.143639993170474
395,UNS T-spine rotation with reach,strength,Abdominals,none,intermediate,,9.97965485633718,8,4.211509701780833
396,UNS Quadruped thoracic rotation,strength,Abdominals,none,intermediate,,3.855171022521121,10,6.102203561218472
397,UNS Pec stretch,strength,Abdominals,none,intermediate,,3.405127356332824,3,7.996340068487557
398,UNS Lat stretch,strength,Abdominals,none,intermediate,,6.092976980335305,12,4.99042147194311
399,UNS Foam Roll,strength,Abdominals,none,intermediate,,8.194040419889829,13,8.601270112886143
400,UNS Foam Roll Lats,strength,Abdominals,none,intermediate,,6.085206274392527,12,9.744970934509027
401,UNS Rocking Adductor Stretch,strength,Abdominals,none,intermediate,,9.807335280881135,10,8.861961386609877
402,UNS Bird Dog,strength,Abdominals,none,intermediate,,7.240465148997874,13,9.488910092149151
403,UNS Jumping Jack,strength,Abdominals,none,intermediate,,5.469392824236116,10,8.873908981972424
404,Ab wheel roll-out,strength,Abdominals,none,intermediate,The ab wheel roll-out is an exercise targeting the abdominals using an inexpensive wheel device with a handle on either side. Many trainers and strength coaches claim it's one of the best exercises for developing strength in the midsection. Beginners may have to start with a limited range of motion or just wheel planks.,7.318507586064619,5,3.2649978588361988
405,Bench mountain climber,strength,Abdominals,none,intermediate,"The bench mountain climber is a bodyweight exercise that works the core, shoulders, and lower body while burning a lot of calories. Placing the hands on an elevated surface such as a bench decreases the challenge to the shoulders, allowing lifters to focus their work on the other body parts. Mountain climber variations are usually performed at a fast pace for moderate to high reps, such as 8-12 reps per leg or more.",3.2595813085884204,13,7.546735603472028
406,Feet-elevated bench side plank,strength,Abdominals,none,intermediate,"The feet-elevated bench side plank is an advanced version of the side plank performed with the feet elevated on a bench. It targets the same muscles as the side plank, including the obliques, shoulders, and lateral hips, but the body angle makes it more difficult than side planks on the floor. Most lifters will need to progress to this version after mastering the basic side plank first.",4.190299543527196,9,4.721904575031539
407,Cross-body sit-up,strength,Abdominals,none,intermediate,"The cross-body sit-up is a bodyweight exercise targeting the ab muscles, the obliques and rectus abdominis or ""six-pack"" muscles in particular. It involves bringing the opposite-side knee and elbow together, usually alternating sides with each rep. It can be performed for time or reps as part of the ab-focused portion of any workout.",9.838624999864912,7,3.2328800988708233
408,Decline kayak,strength,Abdominals,none,intermediate,"The decline kayak is a core exercise targeting the obliques. It involves making a paddling motion on a decline bench with the feet anchored, using a bar or pipe for weight. It is usually performed for moderate to high reps, at least 8-12 reps per side, as part of the ab-focused portion of a workout or circuit.",5.227139010859791,3,8.950248984975573
409,30 Decline Reverse Crunch,strength,Abdominals,none,intermediate,The decline reverse crunch is a core exercise targeting the lower abdominals.,5.688877973307832,11,5.719870747845688
410,Decline sit-up twist,strength,Abdominals,none,intermediate,"The decline sit-up twist is a bodyweight core exercise that targets the obliques, as well as the rectus abdominis or ""six pack"" muscles. Sit-up variations are usually performed for moderate to high reps, such as 10-15 reps per set or more, as part of the core-focused portion of a workout.",7.900175226779462,5,4.21687062498196
411,30 Flat Bench Leg Raise,strength,Abdominals,none,intermediate,"The lying leg lift is a popular bodyweight exercise targeting the muscles of the abs, the rectus abdominis or “six-pack” muscles in particular. It can be performed for time or reps in the core-focused portion of any workout.",9.707146519689065,7,7.656431652875221
412,30 Flutter Kick,strength,Abdominals,none,intermediate,"The flutter kick is a core exercise where the legs are held off the ground as you flutter your feet over and under each other in small motions. It targets multiple muscles of the core, but particularly the rectus abdominis or ""six-pack"" muscles. It can be performed for time or reps in the ab-focused portion of any workout.",8.569642378721106,3,6.578329533766292
413,Chin-up crunch,strength,Abdominals,none,intermediate,The chin-up crunch is an exercise targeting the core and overall upper-body strength. It combines a chin-up with a knee raise or crunch to give extra emphasis to the core.,5.127238118852017,12,5.393897522222496
414,30 Gorilla Chin Oblique Crunch,strength,Abdominals,none,intermediate,,8.333026123933925,13,5.514653965755473
415,Half Turkish get-up,strength,Abdominals,none,intermediate,"The half Turkish get-up is a kettlebell movement that focuses on the first portion of the Turkish get-up exercise. It is often taught as a precursor to the full Turkish get-up, but is also a valuable abdominal and shoulder exercise in its own right. It can be performed for reps or time, either in lower rep ranges for strength or higher rep ranges for technique practice or conditioning.",3.0895744665523788,3,6.080133879221515
416,30 Hanging Oblique Crunch,strength,Abdominals,none,intermediate,"The hanging oblique crunch an abdominal exercise that targets both the rectus abdominus or “six-pack” muscles, and the oblique muscles. It can be performed hanging from a bar, or if grip strength is a limitation, by placing the elbows in ab straps. If hanging from a straight bar is uncomfortable to the wrists or shoulder, you can also perform them hanging with a neutral grip (palms facing one another)",4.601720554463048,10,4.417595054583942
417,30 Hollow-Body Hold,strength,Abdominals,none,intermediate,"The hollow-body hold is an isometric exercise that increases strength and stability in the core muscles. It is common in gymnastics training, CrossFit training, and as a core tension and bracing drill for lifters and athletes of all types. It is performed for time and can be performed as an activation drill prior to lifting, as part of a circuit, or as equipment-free core training anytime.",8.354643266497234,8,7.40474645990954
418,Parallel bars knee raise,strength,Abdominals,none,intermediate,"The parallel bars knee raise is a bodyweight exercise that targets the abs. It is performed on parallel bars, starting in the top position of a dip. Knee raises are often performed for moderate to high reps, such as 8-12 reps or more, as part of ab-focused training.",8.63270310505677,8,9.519176939494656
419,30 Landmine Twist,strength,Abdominals,none,intermediate,"The landmine twist is a rotational abdominal movement performed utilizing an angled barbell anchored at floor level in a landmine device. It can also be performed by sticking a barbell in the corner of a room, preferably in a towel to protect the walls. It targets the deep muscles of the core, including both the obliques and the transversus abdominus. It can be done fast or slow, for time or reps, either in traditional muscle-focused rep ranges such as 8-12 reps per side.",4.579742888909187,9,5.293986739823396
420,Parallel bars leg raise,strength,Abdominals,none,intermediate,"The parallel bars leg raise is a bodyweight exercise that targets the abs. It is performed on parallel bars, starting in the top position of a dip. Leg raises are often performed for moderate to high reps, such as 8-12 reps or more, as part of ab-focused training. However, this difficult variation may require some time to build up to those rep ranges.",4.401914721160769,10,7.374137959519227
421,Otis-up-,strength,Abdominals,none,intermediate,"The Otis-up is a weighted exercise focusing on the abdominal muscles and the shoulders to a lesser degree. It primarily targets the rectus abdominis or ""six-pack"" muscles, but also involves the obliques and deep core muscles. It is normally performed on a decline bench holding a weight plate, but can also be performed with a dumbbell, kettlebell, or other weight.",5.4514904670926505,7,5.721336314416689
422,30 Shoulder Tap,strength,Abdominals,none,intermediate,"The shoulder tap is an exercise targeting the abdominals and core. The basic stance matches the top of a push-up position. From there, one hand is raised to tap its opposing shoulder. A tap with each hand to each opposing shoulder equals one rep.",6.358508767133656,6,4.066636133086725
423,30 Spider Crawl,strength,Abdominals,none,intermediate,"The spider crawl is a bodyweight exercise that involves crawling on the floor with the knees outside of the elbows. It is different from a leopard crawl in that the hips are higher, and it's different from a bear crawl because the knees are wider. It can be done as a full-body warm-up, in short bursts for power or circuit training, or for longer durations as cardiovascular conditioning.",5.203128180261827,3,4.240602092121797
424,Spider crunch,strength,Abdominals,none,intermediate,"The spider crunch is a core exercise that begins in a straight-arm plank position and involves raising one knee toward your same-side elbow to target the obliques. It is similar to a mountain climber, but with the knees out wider. It can be performed for time or reps as bodyweight ab training or conditioning.",5.916934946646543,5,4.184600563723773
425,Toe-touch,strength,Abdominals,none,intermediate,"The toe-touch is a bodyweight movement that targets the muscles of the abs, the rectus abdominis or ""six-pack"" muscles in particular. It can be performed for time or reps in the ab-focused portion of any workout.",5.564243861383859,12,5.154406013930769
426,30 Hanging Toes-To-Bar,strength,Abdominals,none,intermediate,"The hanging toes-to-bar is an advanced abdominal exercise in which the lifter touches their feet to a pull-up bar. There are many ways to perform this movement: strict or swinging, arms completely straight or slightly bent, legs straight or bent, each providing unique benefits and challenges. Initially, it may be a difficult move to do for a single rep, but once you build the requisite core, lat, and shoulder strength, it can be performed for higher reps.",3.727672868830231,11,3.335223581897697
427,30 V-Up,strength,Abdominals,none,intermediate,"The V-up is a bodyweight movement that targets the muscles of the abs, the rectus abdominis or ""six-pack"" muscles in particular. It is similar to a suitcase crunch, but the lower back lifts off the ground at the top of each rep. It can be performed for time or reps in the ab-focused portion of any workout.",7.224070618387748,10,9.495776503605423
428,Cocoon crunch,strength,Abdominals,none,intermediate,"The cocoon crunch is a bodyweight exercise targeting the ab muscles, the rectus abdominis or ""six-pack"" muscles in particular. It involves bringing your knees to your chest and your arms from overhead to center. It can be performed for time or reps as part of the ab-focused portion of any workout.",5.376344330541614,3,4.500837254284418
429,Bench oblique crunch,strength,Abdominals,none,intermediate,"The bench oblique crunch is an exercise that targets the obliques, the muscles running alongside the rectus abdominis. The range of motion is fairly small, but it still does a great job of working these hard-to-isolate muscles. Like most crunch variations, it is usually performed for moderate to high reps, such as 8-12 reps per set or more.",4.376630000303395,11,6.961187875884605
430,Full moon-,strength,Abdominals,none,intermediate,"The full moon is a bodyweight exercise targeting the muscles of the abs. It is similar to a V-up, but with the added challenge of “drawing” a circle shape in the air during each rep. It can be performed for time or reps in the core-focused portion of any workout.",7.522303103946223,14,5.372508677528695
431,Push-up to side plank,strength,Abdominals,none,intermediate,"The push-up to side plank is an upper-body and core-focused exercise combining two popular bodyweight movements. It targets the chest, triceps, and shoulders with the push-up, and the obliques and hip external rotator muscles with the side plank. It can be performed as part of a dynamic warm-up or any bodyweight strength-training workout.",6.686335108466364,12,5.726131865817292
432,Tyler Holt V-Up,strength,Abdominals,none,intermediate,,8.647265500376568,10,3.2827113999952307
433,Tyler Holt Plank,strength,Abdominals,none,intermediate,,8.295667384140026,8,7.468326841087741
434,Tyler Holt Hip-Dip,strength,Abdominals,none,intermediate,,6.052936097434358,4,4.593431382172636
435,Suicides,strength,Abdominals,none,intermediate,,8.493898902904835,3,6.468998326300303
436,Holman Towel Straight Plank Jack,strength,Abdominals,none,intermediate,,5.618493889180096,7,9.756767878042815
437,Holman Towel Hill Climber,strength,Abdominals,none,intermediate,,7.372341381103997,12,9.441905453422274
438,Holman Towel Elbow Plank Jack,strength,Abdominals,none,intermediate,,4.562096445915918,11,4.517252314850308
439,Holman Towel Elbow Plank Pike,strength,Abdominals,none,intermediate,,5.193901361294401,11,3.2171021352031546
440,Holman Towel Straight Plank Hand Reach,strength,Abdominals,none,intermediate,,3.5469792944543665,10,3.3353864005534515
441,Holman Towel Wax-On Wax-Off,strength,Abdominals,none,intermediate,,3.7486536014639062,10,5.550371637616348
442,Holman Towel Wide Hill Climber,strength,Abdominals,none,intermediate,,7.658731801252493,13,5.398252975147996
443,Holman Towel Dirty Dog,strength,Abdominals,none,intermediate,,6.041571764544022,13,4.584933454212532
444,Holman Straight Plank Shoulder Tap,strength,Abdominals,none,intermediate,,7.486338236543321,9,9.76126700421166
445,Holman Killer Abs,strength,Abdominals,none,intermediate,,6.229408999325751,13,9.768229905291875
446,Holman Straight Plank Split Jack,strength,Abdominals,none,intermediate,,6.9447206245596735,13,5.644648274165856
447,Holman Elbow Plank Swim,strength,Abdominals,none,intermediate,,3.1657696619553324,9,3.8918409522226094
448,Holman Elbow Plank Saw,strength,Abdominals,none,intermediate,,9.944753010231727,11,9.62388511789595
449,Holman Feet-Elevated Straight Plank Toe-Tap Series,strength,Abdominals,none,intermediate,,6.986364725395555,11,7.61965126346213
450,Holman Elbow Plank Pike Pull,strength,Abdominals,none,intermediate,,8.407952578355403,10,9.443043583046864
451,Holman Hand-Elevated Walk-Over Push-Up,strength,Abdominals,none,intermediate,,4.912444028591811,12,8.542877948234779
452,Holman Hands-Elevated Hill Climber,strength,Abdominals,none,intermediate,,4.423619950516242,13,9.763404285623992
453,Holman Seated Pike,strength,Abdominals,none,intermediate,,3.0683617885869188,9,3.094521831947691
454,Holman Feet-Elevated Up-Down Plank,strength,Abdominals,none,intermediate,,5.1583512547572115,12,6.208309000013866
455,Holman Feet-Elevated Hand Tap,strength,Abdominals,none,intermediate,,5.417875321914197,9,8.552350478178955
456,Holman Reverse Straight Plank with Alternating Heel Pull-In,strength,Abdominals,none,intermediate,,8.38252693002846,13,9.27248749517764
457,Holman Elbow Plank,strength,Abdominals,none,intermediate,,5.399166246915518,3,9.524043271168377
458,Holman Straight Plank Squat Thrust,strength,Abdominals,none,intermediate,,7.389082645781229,4,7.51322740082052
459,Holman Alternating Single-Leg Pike,strength,Abdominals,none,intermediate,,5.729275848616842,8,9.27500266130818
460,Holman Knee Pull-In Crunch,strength,Abdominals,none,intermediate,,5.13637492922855,10,6.121447615723404
461,Holman Straight Plank with Hand Tap,strength,Abdominals,none,intermediate,,4.170011567623007,6,5.539058495115098
462,Holman Straight Plank with Dirty Dog,strength,Abdominals,none,intermediate,,5.484814377374473,4,9.42262389397197
463,Holman Elbow Plank Roll,strength,Abdominals,none,intermediate,,9.367240041932916,3,4.901357894518364
464,Holman Froggy Push-Up,strength,Abdominals,none,intermediate,,7.26073272106563,7,7.918024840139639
465,Holman Straight Plank Hand Tap to Shoulder Tap,strength,Abdominals,none,intermediate,,3.207082334300035,3,8.22201208081638
466,Holman In-Out Straight Plank,strength,Abdominals,none,intermediate,,9.361582088715082,4,5.047690318720823
467,Holman Bicycle,strength,Abdominals,none,intermediate,,4.2732100943452975,10,6.0149701099035635
468,Holman Alternating Diagonal Knee Pull-in,strength,Abdominals,none,intermediate,,6.752425966971237,10,7.211150683894838
469,Holman Elbow Plank with Step-Out,strength,Abdominals,none,intermediate,,9.643592085103315,5,8.930133408582822
470,Holman Alternating Slow L-Raise,strength,Abdominals,none,intermediate,,8.304438226789426,7,3.071254489861639
471,Holman Feet-Elevated Plank with Shoulder Tap,strength,Abdominals,none,intermediate,,5.322096306628295,8,3.008975382659444
472,Holman Feet-Elevated Inchworm Pike to Straight Plank Push-Up,strength,Abdominals,none,intermediate,,9.745961513937317,3,9.911090122854112
473,Holman Feet-Elevated Up-Down Elbow Plank,strength,Abdominals,none,intermediate,,8.662726278471084,14,8.116138870001762
474,Holman Feet-Elevated Plank Pike Pull,strength,Abdominals,none,intermediate,,9.718696135728488,5,8.23381525183602
475,Holman Feet-Elevated Alternating Single-Leg Hip Raise,strength,Abdominals,none,intermediate,,8.081885582244325,6,8.282561935514423
476,Holman Feet-Elevated Plank Pike Pull to Push-Up,strength,Abdominals,none,intermediate,,8.101271206479094,14,9.419774341001379
477,Holman Standing Heel Click,strength,Abdominals,none,intermediate,,4.163667889236345,14,8.13008027795291
478,Holman Straight Plank Right-Left Jack to Split Jack,strength,Abdominals,none,intermediate,,3.361381369414512,3,5.709667575467998
479,Holman Elbow Plank Jack to Ninja Knees,strength,Abdominals,none,intermediate,,3.4302174840744994,5,3.012162940157637
480,Holman Right Side Elbow Plank with Left Leg Swing,strength,Abdominals,none,intermediate,,6.712177995559799,9,8.921204976931786
481,Holman Left Side Elbow Plank with Right Leg Swing,strength,Abdominals,none,intermediate,,4.552263359040635,4,5.904328322838553
482,Holman Straight Plank with Alternating Diagonal Sit-Back,strength,Abdominals,none,intermediate,,3.380539193189356,12,6.654100432357389
483,Holman Boat Press with Leg Extension,strength,Abdominals,none,intermediate,,8.504962663961358,9,6.3451433714726235
484,Holman Shoulder Tap to Dirty Dog,strength,Abdominals,none,intermediate,,6.016493177449912,14,7.134582760090273
485,Holman Standing Russian Twist,strength,Abdominals,none,intermediate,,9.344471050041893,5,3.514982701360642
486,Holman Hovering Plank with Shoulder Tap,strength,Abdominals,none,intermediate,,6.2150222424034185,14,4.5660300133636795
487,Holman Elbow Plank to Stacked Plank Hip Drop,strength,Abdominals,none,intermediate,,6.422199517058278,9,5.330062934442417
488,Holman Elbow Plank to Walk-Up Pike,strength,Abdominals,none,intermediate,,7.231592622563803,4,8.054135136068652
489,Holman Hill Climber,strength,Abdominals,none,intermediate,,9.433918143721353,10,8.286475754955397
490,Holman Straight Plank Pike to Renegade Row,strength,Abdominals,none,intermediate,,6.7427295229799356,7,8.135006915310846
491,Holman Alternating Hip Drop to Push-Up,strength,Abdominals,none,intermediate,,6.161147562437504,3,4.227373102487226
492,Holman Crab Kick,strength,Abdominals,none,intermediate,,8.235671546268344,12,3.659402448045043
493,Holman Wounded Bear Crawl,strength,Abdominals,none,intermediate,,8.86736443908529,13,3.499589242172891
494,Holman Alternating Crab Reach,strength,Abdominals,none,intermediate,,6.375347592229421,9,5.470178658071852
495,Holman Hovering Panther Core Stabilizer,strength,Abdominals,none,intermediate,,8.981415048204966,6,6.7108794964517715
496,Holman Burpee to Forward Lunge,strength,Abdominals,none,intermediate,,7.452722418572138,4,7.5536024220176206
497,Holman Seated Knee Pull-In Series,strength,Abdominals,none,intermediate,,6.765922124579994,14,7.1490850755649875
498,Holman Elbow Plank Pike,strength,Abdominals,none,intermediate,,9.95661680104175,8,9.280780450046521
499,Holman Elbow Plank Jack to Straight Plank Split Jack,strength,Abdominals,none,intermediate,,7.437409112585499,3,5.1974338753623535
500,Holman Boat Pull-Over,strength,Abdominals,none,intermediate,,4.423561180716218,7,5.223978294218475
501,Holman Squat Pulse to Plyometric Jump,strength,Abdominals,none,intermediate,,8.13106971128488,6,5.327271769637945
502,Holman Hands Down Heel Click,strength,Abdominals,none,intermediate,,7.677143775024942,3,7.443361857824725
503,Holman Straight Plank to Kick-Up,strength,Abdominals,none,intermediate,,7.06850605820433,4,9.383690422338328
504,Holman Hands-Elevated Split Jack,strength,Abdominals,none,intermediate,,4.763133097672021,7,9.92198248033668
505,Holman Feet-Elevated Plank Reach,strength,Abdominals,none,intermediate,,7.951154387941219,3,4.397873417559733
506,Holman Hand-Elevated Side Plank Semicircle,strength,Abdominals,none,intermediate,,4.824027275142431,13,6.21236264368838
507,Holman Hands-Elevated Straight Plank Pike,strength,Abdominals,none,intermediate,,3.8347406313889065,11,9.72377209199419
508,Holman Alternating Rolling Elbow Plank,strength,Abdominals,none,intermediate,,5.471214904545242,3,4.827291675483899
509,Holman Elbow Plank Jack,strength,Abdominals,none,intermediate,,6.073073545234964,7,6.8153543594673796
510,Holman Squat Thrust to Alternating Knee-In,strength,Abdominals,none,intermediate,,4.405190253658373,14,6.9610190955478455
511,Holman Supine Double Pike,strength,Abdominals,none,intermediate,,6.549866250162777,14,8.38245542783784
512,Holman Elbow Plank Alternating Pike,strength,Abdominals,none,intermediate,,5.301068559311879,9,3.39899733979926
513,Holman Seated Killer Abs,strength,Abdominals,none,intermediate,,9.275885805108786,7,5.895854067517252
514,Holman Side Plank Hip Drop,strength,Abdominals,none,intermediate,,7.710311083103333,3,7.807413850848934
515,Holman Wide Hill Climber,strength,Abdominals,none,intermediate,,9.007236798761229,3,3.7140404509682927
516,Holman Straight-Legged Bicycle,strength,Abdominals,none,intermediate,,7.075446508364189,4,5.400919676677978
517,Holman Stair Toe Tap,strength,Abdominals,none,intermediate,,9.704885545790447,4,5.813676227203135
518,Holman Elbow Plank Ninja,strength,Abdominals,none,intermediate,,3.1959791812938407,11,6.216559307561331
519,Holman Traveling Stair Climb Push-Up,strength,Abdominals,none,intermediate,,8.567794182426608,7,3.519915590179077
520,Holman Hands-Elevated Burpee,strength,Abdominals,none,intermediate,,8.217253404492295,11,9.191713427402128
521,Holman Straight Plank Donkey Kick,strength,Abdominals,none,intermediate,,4.137477609798169,3,4.802747866508587
522,Holman Feet-Elevated Straight Plank Pike Pull,strength,Abdominals,none,intermediate,,8.06465936054897,5,5.3625498284103035
523,Holman Towel Burpee,strength,Abdominals,none,intermediate,,3.8836525613918957,6,8.666268466641629
524,Holman Elbow Plank to Alternating Side Plank Crunch,strength,Abdominals,none,intermediate,,6.616638146114814,8,8.522270156213862
525,Holman Straight-Legged Hip Raise,strength,Abdominals,none,intermediate,,6.2199736072881056,4,9.063777170584604
526,Holman Feet-Elevated Hill Climber,strength,Abdominals,none,intermediate,,4.716613210348932,5,4.769500359454303
527,Holman Ninja Knee Hill Climber,strength,Abdominals,none,intermediate,,3.7720701963283996,8,8.764590365909891
528,Holman Feet-Elevated Shoulder Tap,strength,Abdominals,none,intermediate,,9.869901272524974,8,3.959676407432619
529,Holman Feet-Elevated Hip Raise,strength,Abdominals,none,intermediate,,3.2330267927614944,8,9.835011473914893
530,Holman Left Hand Right Foot Crab Reach,strength,Abdominals,none,intermediate,,6.263338759619211,5,9.251319989168316
531,Holman Alternating Crab Flip to Froggy Push-Up to Kicks,strength,Abdominals,none,intermediate,,4.049893433906899,4,6.7550184728056575
532,Holman Right Hand Left Foot Sleeping Crab,strength,Abdominals,none,intermediate,,9.524552371615322,9,8.55858250740086
533,Holman Left Hand Right Foot Sleeping Crab,strength,Abdominals,none,intermediate,,6.843964301268522,7,3.900075877231357
534,Holman Straight Plank with Alternating Leg Kick-Under,strength,Abdominals,none,intermediate,,4.572267395306225,13,7.722715792271943
535,Holman Right Hip Drop Push-Up,strength,Abdominals,none,intermediate,,3.8017350090855597,8,7.426676026294953
536,Holman Right Side Diagonal Burpee,strength,Abdominals,none,intermediate,,5.564825709210442,7,8.97503161390191
537,Holman Left Hip Drop Push-Up,strength,Abdominals,none,intermediate,,7.612063578827584,5,4.476197414695331
538,Holman Right Leg 7-Up Crunch,strength,Abdominals,none,intermediate,,8.970981632738633,8,8.456265699068439
539,Holman Left Leg 7-Up Crunch,strength,Abdominals,none,intermediate,,6.292726022428882,10,3.73843639738533
540,Holman Straight Plank Jack,strength,Abdominals,none,intermediate,,6.117892719830505,5,9.613066725420378
541,Holman Feet-Elevated Couch Hill Climber,strength,Abdominals,none,intermediate,,4.466305071600247,10,7.507216790005243
542,Holman Feet-Elevated Right Side Plank,strength,Abdominals,none,intermediate,,4.146293573465198,5,8.768221002094387
543,Holman Alternating Up-Down Plank to Push-Up,strength,Abdominals,none,intermediate,,7.934204665687063,4,5.6314082058634725
544,Holman Straight Plank Pike,strength,Abdominals,none,intermediate,,7.721029972307069,14,9.663311811549239
545,Holman Ninja Knee Straight Plank,strength,Abdominals,none,intermediate,,8.667013510665058,11,5.727641597257323
546,Holman Reverse Crunch to Hip Raise,strength,Abdominals,none,intermediate,,8.18167388661572,7,8.8855501334717
547,Holman Straight Plank Quick Reach,strength,Abdominals,none,intermediate,,5.50472907237153,9,8.205904676797743
548,Holman Alternating Diagonal Straight Plank,strength,Abdominals,none,intermediate,,7.3152256147421415,9,9.595963439798348
549,Holman Feet-Elevated Left Side Plank,strength,Abdominals,none,intermediate,,5.279816730532062,10,4.494322886441893
550,Holman Right Hand Left Foot Crab Reach,strength,Abdominals,none,intermediate,,3.777516530117479,8,3.6758546999920068
551,Holman Low-Impact Crab Kick,strength,Abdominals,none,intermediate,,3.5795181500277193,3,6.135496913819488
552,Holman Alternating Crab Flip to Froggy Push-Up,strength,Abdominals,none,intermediate,,9.522777979296439,9,3.488368329270231
553,Holman High-Impact Crab Kick,strength,Abdominals,none,intermediate,,8.947855088191332,14,8.57020241524279
554,Holman Single-Leg Right Pike,strength,Abdominals,none,intermediate,,3.336944634226234,14,6.848260161523941
555,Holman Single-Leg Left Pike,strength,Abdominals,none,intermediate,,8.602303143164143,14,6.798687175612063
556,Holman Shoulder Tap to Hand Tap,strength,Abdominals,none,intermediate,,9.541536537390229,11,5.859434907223791
557,Holman Towel Reverse Plank Jack,strength,Abdominals,none,intermediate,,6.391694465384722,12,3.259200550558745
558,Holman Side-to-Side Twist,strength,Abdominals,none,intermediate,,8.658021527518446,6,4.814650948553657
559,Holman Crab Kick with Hop,strength,Abdominals,none,intermediate,,5.603276465880729,3,8.355524825032253
560,Holman Crab Reach to Crab Kick,strength,Abdominals,none,intermediate,,3.501659156673813,3,7.855844332274029
561,Holman Wide Squat Side-to-Side Obliques,strength,Abdominals,none,intermediate,,8.484074176840144,10,8.825242291086235
562,Holman Side Plank Crunch,strength,Abdominals,none,intermediate,,9.559157590879089,7,4.005044342766309
563,Total Fitness Ab Tuck,strength,Abdominals,none,intermediate,"The hollow-body knee tuck is a bodyweight abdominal exercise performed on the floor. It is similar to both the hollow-body hold and the knee tuck or reverse crunch, combining elements of both. It primarily targets the muscles of the rectus abdominis, or “six-pack” muscles. It can be performed for reps or time, either as part of an ab-focused workout or as a component of a circuit workout.",6.032900362212963,7,5.832642080605213
564,Active hang from bar,strength,Abdominals,none,intermediate,"The active hang from bar is a static exercise that involves isometrically squeezing the shoulders into the sockets and activating the muscles of the upper back and core. It can be used to improve pull-up form or to do more pull-ups, but also has postural and shoulder health benefits.",7.716863677880109,7,7.9276028877810845
565,Cat-cow,strength,Abdominals,none,intermediate,Cat-cow is a traditional yoga pose that is also popular in fitness and strength training. It targets spinal mobility and control of the vertebral column. It can be performed for time or reps as part of a dynamic warm-up or as a mobility or restorative exercise anytime. It can also work as part of a yoga or bodyweight sequence with other poses.,3.039805881082743,4,3.081100223323893
566,Crab walk,strength,Abdominals,none,intermediate,"The crab walk is a full-body exercise that has been popular in schools and gym classes for decades. It's a full-body coordination challenge that also burns serious calories, making it an excellent inclusion in a full-body warm-up or bodyweight circuit workout.",3.14895987957447,5,7.803486315408602
567,Lunge with overhead reach,strength,Abdominals,none,intermediate,The lunge with overhead reach is a full-body bodyweight movement targeting the quads and shoulders. It has both strength and mobility benefits and can be performed one leg at a time or alternating for time or for reps.,7.493857588666689,9,4.826317843847601
568,Hang from bar,strength,Abdominals,none,intermediate,"The hang from bar is a static exercise that involves hanging from a bar by two hands. It can either be an ""active hang,"" where you pack the shoulders and activate the muscles of the upper back, or a ""passive hang,"" where you let the shoulders unpack and let the muscles of the upper body stretch. A passive hang may not be appropriate for all people depending on their shoulder health, but many coaches believe hanging can be healthy for the shoulders when done properly.",4.729639011324332,14,3.38905390021509
569,Total Fitness Hollow Hold,strength,Abdominals,none,intermediate,"The hollow-body hold is an isometric exercise that increases strength and stability in the core muscles. It is common in gymnastics training, CrossFit training, and as a core tension and bracing drill for lifters and athletes of all types. It is performed for time and can be performed as an activation drill prior to lifting, as part of a circuit, or as equipment-free core training anytime.",6.205676162037844,10,8.518791607655771
570,Total Fitness Side Plank,strength,Abdominals,none,intermediate,"The side plank is a popular isometric abdominal exercise focusing on the oblique muscles, as well as the transversus abdominis or deep core muscles. It is sometimes paired with the curl up and bird dog as the “McGill big three” for core strength and stability. It is performed for time and can work in a warm-up or in the core-focused portion of any workout.",8.039423284489276,13,7.167482385021383
571,Side plank pulse,strength,Abdominals,none,intermediate,"The side plank pulse is a dynamic version of the side plank exercise focusing on the oblique muscles, as well as the transversus abdominis or deep core muscles. It can be performed for time or reps and can work in a warm-up or in the core-focused portion of any workout.",6.828460743248161,13,6.639220630877458
572,Total Fitness Spider Crawl (Unweighted),strength,Abdominals,none,intermediate,"The spider crawl is a bodyweight exercise that involves crawling on the floor with the knees outside of the elbows. It is different from a leopard crawl in that the hips are higher, and it's different from a bear crawl because the knees are wider. It can be done as a full-body warm-up, in short bursts for power or circuit training, or for longer durations as cardiovascular conditioning.",8.954655776359193,11,5.990038990159965
573,Total Fitness V-Up,strength,Abdominals,none,intermediate,"The V-up is a bodyweight movement that targets the muscles of the abs, the rectus abdominis or ""six-pack"" muscles in particular. It is similar to a suitcase crunch, but the lower back lifts off the ground at the top of each rep. It can be performed for time or reps in the ab-focused portion of any workout.",9.380060522736574,14,5.310735274035753
574,MetaBurn Alternating Knee-to-Elbow Mountain Climber,strength,Abdominals,none,intermediate,,6.880768712383345,4,4.924888926234762
575,Alternating sit-through with crunch-,strength,Abdominals,none,intermediate,"The alternating sit-through with crunch is a full-body movement that starts in a bear crawl position and ends with a leg kicked out to the side. In between reps, you perform a crunch. It is commonly performed for reps or time in bodyweight circuits and animal-style flows, but can also work on its own or as part of a dynamic warm-up or mobility sequence.",3.8909784512117818,11,4.819704624265157
576,MetaBurn Alternating Toe-Touch,strength,Abdominals,none,intermediate,,6.33206502116306,13,5.31984787629945
577,MetaBurn Janda Sit-Up,strength,Abdominals,none,intermediate,,8.365394658209286,7,9.245667660451863
578,MetaBurn Oblique Roll Crunch,strength,Abdominals,none,intermediate,,5.029216525778008,3,4.045768683872925
579,MetaBurn Plank Jack,strength,Abdominals,none,intermediate,,6.294960356745136,7,4.595001040617372
580,MetaBurn Plank To Alternating Side Plank,strength,Abdominals,none,intermediate,,9.421272499152453,13,7.289815595397954
581,MetaBurn Plank Up-Down,strength,Abdominals,none,intermediate,,8.15536550871413,4,5.100170089608622
582,MetaBurn Plank Wiper,strength,Abdominals,none,intermediate,,9.84347477016132,13,5.825895566385744
583,MetaBurn Plank With Alternating Toe-Touch,strength,Abdominals,none,intermediate,,9.065581228571629,5,8.01695491744174
584,MetaBurn Plyo Push-Up,strength,Abdominals,none,intermediate,,5.366386265216111,9,4.311910665620081
585,MetaBurn Psycho Crunch,strength,Abdominals,none,intermediate,,8.150212842998908,12,9.176375935736386
586,MetaBurn Scapular Retraction Plank,strength,Abdominals,none,intermediate,,7.706847636557416,3,8.295724290344236
587,MetaBurn Scapular Retraction Plank Hold,strength,Abdominals,none,intermediate,,7.349019491434445,10,5.440779489387571
588,MetaBurn Scorpion,strength,Abdominals,none,intermediate,,7.120347028938543,5,7.557199244268126
589,MetaBurn Side Crawler,strength,Abdominals,none,intermediate,,4.657447392662007,9,9.419652372230981
590,MetaBurn Side Plank Oblique Crunch,strength,Abdominals,none,intermediate,,6.857983136866649,14,3.891369106465073
591,MetaBurn Sit-Through,strength,Abdominals,none,intermediate,,6.244673558947942,8,5.867707724320561
592,MetaBurn Sit-Up To V-Up,strength,Abdominals,none,intermediate,,5.204283258401625,11,8.89531819621873
593,MetaBurn Sit-Up With Rotation,strength,Abdominals,none,intermediate,,9.575462088155678,12,7.748341217980879
594,MetaBurn Split-Leg Crunch,strength,Abdominals,none,intermediate,,3.0900781375636206,10,3.699964044994555
595,MetaBurn Tabletop Hip Thrust,strength,Abdominals,none,intermediate,,5.2256444643563515,7,6.677818715093141
596,MetaBurn Tabletop With Russian Kick,strength,Abdominals,none,intermediate,,8.290870673352995,14,7.096814585285615
597,MetaBurn Toe Driver Abs,strength,Abdominals,none,intermediate,,8.976141931864635,10,7.80348606883782
598,MetaBurn-V-Up,strength,Abdominals,none,intermediate,,9.795187548194956,12,8.522121549387304
599,X-body V-up,strength,Abdominals,none,intermediate,"The X-body V-up is a bodyweight abdominal exercise performed on the floor. It is similar to the popular V-up exercise, but is performed with the arms and legs out wide in an X-shape. It primarily targets the muscles of the rectus abdominis, or “six-pack” muscles. It can be performed for reps or time, either as part of an ab-focused workout or as a component of a circuit workout.",8.359409273482283,10,5.002675355314473
600,MetaBurn Swivel Crunch,strength,Abdominals,none,intermediate,,5.234055167219248,11,5.5969138406958265
601,Robertson Core-Engaged Dead Bug,strength,Abdominals,none,intermediate,,4.06729678266218,8,6.648146367875203
602,FYR2 Double-Under,strength,Abdominals,none,intermediate,,4.188475257515067,11,9.826217109599085
603,FYR2 Fire Feet with Burpee Tuck Jump Drill,strength,Abdominals,none,intermediate,,9.094555989009226,4,9.175980771448373
604,FYR2 Flutter Kick,strength,Abdominals,none,intermediate,,9.284343144111482,4,8.760482119708913
605,FYR2 Half-Moon,strength,Abdominals,none,intermediate,,6.383495061328688,4,7.436694106823266
606,FYR2 Leopard Crawl,strength,Abdominals,none,intermediate,,4.483360356428387,3,8.676066423383716
607,FYR2 Plank Alternating Front Step,strength,Abdominals,none,intermediate,,4.931930502957871,7,3.70938964961707
608,FYR2 Shoulder Tap,strength,Abdominals,none,intermediate,,7.248856688198462,10,4.335603409462733
609,Hand shift plank,strength,Abdominals,none,intermediate,The hand shift plank is a progression of the straight-arm plank exercise where you maintain a plank position as you shift your hands side to side. The additional movement forces the core muscles to work harder to stabilize.,5.737517759922265,10,7.908936060867974
610,Cross-body plank march,strength,Abdominals,none,intermediate,"The cross-body plank march is an exercise targeting the entire core but especially the obliques. It’s more difficult than a standard plank, with the extra stabilization challenge of bringing one knee at a time off the ground toward the opposing elbow. This will increase the challenge to the core and shoulder muscles, but also present a coordination and balance challenge.",3.582586280030617,4,9.706371976020122
611,Bent-knee Copenhagen hip adduction,strength,Abdominals,none,intermediate,"The bent-knee Copenhagen hip adduction is an advanced exercise that combines the isometric stabilization of the Copenhagen plank with dynamic adductions to challenge the core stabilizers and adductors. This exercise targets the same muscles as the side plank, including the obliques, shoulders, and lateral hips, but places extra emphasis on the adductors and is more difficult than side planks on the floor. Most lifters will need to progress to this version after mastering the basic side plank or Copenhagen plank first.",4.471388738878556,3,6.575823706905157
612,Copenhagen plank,strength,Abdominals,none,intermediate,"The Copenhagen plank is an advanced version of the side plank performed with one foot on a bench and the other foot hovering under it. This exercise targets the same muscles as the side plank, including the obliques, shoulders, and lateral hips, but places extra emphasis on the adductors and is more difficult than side planks on the floor. Most lifters will need to progress to this version after mastering the basic side plank or feet-elevated side plank first.",5.158000682278961,7,4.949522139518977
613,ACFT Hanging leg tuck,strength,Abdominals,none,intermediate,"The hanging leg tuck is an exercise targeting the entire body, including the arms, upper back, abs, and hip flexors. This specific exercise is part of the new Army Combat Fitness Test or ACFT. It is performe while hanging from a bar and combines elements of a pull-up with a leg raise. Experienced lifters make these look easy, but beginners may need time to build up to sets of 8-12 reps.",4.05563685635738,8,5.869457876073526
614,Alternating hanging knee raise,strength,Abdominals,none,intermediate,"The alternating hanging knee raise is an exercise targeting the abs, but which also works the lats and hip flexors. Rather than performing both legs at a time, you lift one knee at a time and alternate with each rep as if marching in place. Knee raises are often performed for moderate to high reps, such as 8-12 reps or more, as part of ab-focused training.",3.854698357029103,4,9.496015889632194
615,Plank To Sphinx,strength,Abdominals,none,intermediate,,5.597720658019205,14,4.363199978673924
616,Twisting Mountain Climbers,strength,Abdominals,none,intermediate,,9.44853652766552,5,5.84572070625215
617,Jack Knives,strength,Abdominals,none,intermediate,,6.666371542457649,8,7.449437341889508
618,Hanging Leg Raises,strength,Abdominals,none,intermediate,,4.382271745432703,14,4.840940197989644
619,Dumbbell suitcase crunch,strength,Abdominals,medicine_ball,intermediate,"The dumbbell suitcase crunch is a weighted version of a popular abdominal training exercise. The simple addition of a weight makes the suitcase crunch far more difficult, helping build the ""six pack"" muscles and providing a different stimulus to the core during training.",8.954324267138702,9,8.538745957672035
620,Medicine ball rotational throw,strength,Abdominals,medicine_ball,intermediate,"The medicine ball rotational throw is an explosive exercise targeting the abdominals, including the obliques, as well as the hips and upper back. It involves standing sideways to the wall and twisting the torso to hurl a medicine ball into the wall, then catching the ball on the ricochet. It can be performed for lower reps with a focus on power, or for higher reps with a focus on fat loss and conditioning.",8.595383668645482,7,7.0939016758515026
621,Hollow-hold ball toss,strength,Abdominals,medicine_ball,intermediate,"The hollow-hold ball toss is a more difficult version of the hollow-body hold exercise. It involves tossing a ball to a partner while maintaining an isometric hold in the hollow-body position. It can be done for reps or time in any ab-focused workout, or in an ""I go, you go"" format.",7.317890637339007,5,3.3221498402438714
622,Partner front Russian twist and pass,strength,Abdominals,medicine_ball,beginner,"The partner front Russian twist and pass is a weighted version of a popular abdominal training exercise that also utilizes a training partner to add another dynamic component. It targets the oblique muscles, as well as the deep muscles of the core and the rectus abdominis or ""six pack"" muscles. It can be done for reps or time in an ab-focused portion of any workout.",3.162485853619814,3,6.249720788147457
623,Sit-up with single-arm overhand throw,cardio,Abdominals,medicine_ball,intermediate,"The sit-up with single-arm overhand throw is an exercise targeting the core muscles, but the inclusion of the throw also brings in other upper-body muscles. When you come to the top of the sit-up position, you throw a medicine ball using one arm to a partner who then throws it right back to you to be caught with both hands. It can be performed for time or reps as part of the ab-focused portion of any workout.",9.04440331741164,5,4.588581546780174
624,Medicine ball partner twist,cardio,Abdominals,medicine_ball,intermediate,"The medicine ball partner twist is a plyometrics exercise targeting the core muscles, particularly the obliques. You and a partner stand back to back and rotate in unison to pass a medicine ball back and forth on alternating sides.",7.287619702372119,13,6.6881899078092495
625,Partner side Russian twist and pass,strength,Abdominals,medicine_ball,beginner,"The partner side Russian twist and pass is a weighted version of a popular abdominal training exercise that also utilizes a training partner to add another dynamic component. It primarily targets the oblique muscles, as well as the deep muscles of the core and the rectus abdominis or ""six pack"" muscles. It can be done for reps or time in an ab-focused portion of any workout.",9.480161924361077,4,4.281310094595607
626,Medicine ball half moon,strength,Abdominals,medicine_ball,intermediate,"The medicine ball half moon is a dynamic core exercise performed around and over a medicine ball or other short, stationary object. It is similar in some ways to a V-up or reverse crunch, and targets both the obliques and the rectus abdominis or ""six-pack"" muscles. It can be performed for reps or for time, usually in dedicated ab training or as part of a medicine ball and bodyweight circuit workout.",7.066877442269331,9,8.972429016938776
627,Exercise ball roll-out,strength,Abdominals,medicine_ball,intermediate,"The exercise ball roll-out is an exercise that strengthens the core, shoulders and upper- back muscles. It starts in a plank-style position, with the arms resting on a ball. Then, roll the ball out in front of you as far as you can while maintaining a strong, neutral spinal position. The lack of stability from the ball increases the degree of difficulty. This is a difficult movement, and beginners may need to use a limited range of motion.",8.966430722932836,4,3.6849698063491765
628,Medicine ball pass,strength,Abdominals,medicine_ball,intermediate,"The medicine ball pass is a simple partner-based exercise that involves throwing a weighted ball back and forth. It can be part of a dynamic warm-up for lifting or athletics, but can also work as active rest or as a component of circuit training.",5.224585462419368,14,9.023853871263674
629,Partner medicine ball sit-up,strength,Abdominals,medicine_ball,intermediate,"The partner medicine ball sit-up is a more difficult version of the traditional abdominal exercise. Two partners pass a medicine ball back and forth at the top of each rep, so each one must alternate a weighted rep with an unweighted rep. This technique can be done for reps or time in any ab-focused workout, in an ""I go, you go"" format.",5.159801276169495,11,3.0203415164495437
630,Medicine ball Russian twist,strength,Abdominals,medicine_ball,intermediate,"The medicine ball Russian twist is a weighted version of a popular abdominal training exercise. It targets the oblique muscles, as well as the deep muscles of the core and the rectus abdominis or ""six pack"" muscles. It can be done for reps or time in the ab-focused portion of any workout.",7.622584184938958,5,9.981485821292544
631,30 Medicine Ball Slam,strength,Abdominals,medicine_ball,intermediate,"The medicine ball slam is an explosive exercise for developing power, strength, and speed. Muscles worked include the abdominals, legs, triceps, shoulders, and lats. The slams are usually done in rapid succession to complete one set. It can also be a component of a power or athleticism-focused circuit workout.",4.256306297376106,13,8.889782338416698
632,Medicine ball twist,strength,Abdominals,medicine_ball,intermediate,"The medicine ball twist is an exercise targeting the abdominal muscles, particularly the obliques. It is similar in many ways to a Russian twist exercise. The ball is held tight to the chest throughout the movement, and then the torso is rotated from side to side for the desired number of reps or a set amount of time.",8.561757104587924,12,3.3438152015828666
633,FYR2 Medicine Ball Complex,strength,Abdominals,medicine_ball,intermediate,,9.645446858675246,14,9.419066657633556
634,FYR2 Medicine Ball Fire-Feet Drill,strength,Abdominals,medicine_ball,intermediate,,7.7320129704067595,11,8.719352991219584
635,FYR2 Medicine Ball Knees-to-Chest,strength,Abdominals,medicine_ball,intermediate,,3.4034230006705637,4,8.7539702449091
636,FYR2 Medicine Ball Mountain Climber,strength,Abdominals,medicine_ball,intermediate,,3.6720824983607763,11,8.403923556112886
637,Decline oblique crunch,strength,Abdominals,none,intermediate,"The decline oblique crunch is a popular bodyweight exercise targeting the obliques and the rectus abdominis or ""six-pack"" muscles. It is usually performed for high reps, such as 10-15 reps per set or more, as part of the ab-focused portion of a workout.",4.520586436862566,13,4.438710438457755
638,Decline sit-up,strength,Abdominals,none,intermediate,"The decline sit-up is a bodyweight core exercise that works the rectus abdominis or ""six pack"" muscles. Sit-up variations are usually performed for moderate to high reps, such as 10-15 reps per set or more, as part of the core-focused portion of a workout.",8.81862723244039,13,8.44240064027601
639,Hanging Windshield Wiper,strength,Abdominals,none,intermediate,"The hanging windshield wiper is an advanced abdominal training exercise that is also extremely challenging to other muscles of the upper body, including the lats (latissimus dorsi), biceps, and grip. It requires—and builds—great strength in the rectus abdominis or ""six-pack"" muscles, as well as the obliques and deep core muscles. If you can't perform it hanging from a bar, the lying windshield wiper on the floor provides some of the same benefits.",3.647694231214299,7,9.562506372569434
640,Exercise Ball Pull-In,strength,Abdominals,exercise_ball,intermediate,The exercise ball knee roll-in is an abdominal exercise that involves supporting yourself with your hands in a plank or push-up position and drawing the knees in toward the chest. This is a fairly advanced abdominal move requiring core strength.,4.670817731056019,4,5.289209759630446
641,Exercise ball crunch,strength,Abdominals,exercise_ball,intermediate,"The exercise ball crunch is a popular gym exercise targeting the abdominals. Unlike crunches on the floor or a bench, by using a ball you can increase the range of motion and both stretch and contract the abs on every rep. The ball crunch can be performed for low reps with a slower tempo focusing on a hard contraction, or for higher reps.",8.643094327367674,14,3.4985215904590565
642,Feet-elevated crunch,strength,Abdominals,exercise_ball,intermediate,"The feet-elevated crunch is a variation on the basic crunch, a very popular ab move. Resting the feet on a bench takes some of the hip flexor activation out of the movement, focusing the stress more on the abs. It may have a small range of motion, but this movement produces a major burn.",4.350983696274472,7,9.91427206199321
643,Weighted Ball Side Bend,strength,Abdominals,exercise_ball,beginner,,9.513882246572134,14,8.129698079531208
644,Swiss Ball Ab Roll-Out,strength,Abdominals,exercise_ball,intermediate,"The exercise ball roll-out is an exercise that strengthens the core, shoulders and upper- back muscles. It starts in a plank-style position, with the arms resting on a ball. Then, you roll the ball out in front of you as far as you can while maintaining a strong, neutral spinal position. The lack of stability from the ball increases the degree of difficulty. This is a difficult movement, and beginners may need to use a limited range of motion.",5.098466386715233,7,6.421551331730705
645,Exercise Ball Cable Crunch - Gethin Variation,strength,Abdominals,cable,intermediate,"The exercise ball crunch is a popular gym exercise targeting the abdominals. Unlike crunches on the floor or a bench, by using a ball, you can increase the range of motion and both stretch and contract the abs on every rep. The ball crunch can be performed for low reps with a slower tempo, focusing on a hard contraction, or for higher reps.",4.010428391606734,13,4.017858766714543
646,Exercise ball squat and twist,strength,Abdominals,exercise_ball,intermediate,"The exercise ball squat and twist is a combination exercise targeting the quads, but also the obliques because of the twisting motion with each repetition. The exercise ball is held close to the chest throughout. Because it is a lightweight movement, it is usually performed for high reps or for time, and can be a great part of a bodyweight and exercise ball circuit.",8.267081867960481,9,8.61504537418644
647,Swiss Ball V-Up With Foot Pass,strength,Abdominals,exercise_ball,intermediate,"The exercise ball V-up is a popular movement to target the abdominal muscles, particularly the rectus abdominis or ""six-pack"" muscles. It involves passing an exercise ball or yoga ball back and forth between the hands and feet while performing V-ups. It can be performed for reps or time as part of any ab-focused workout or bodyweight circuit.",3.65298061542552,5,3.1575229782319654
648,Exercise ball pike,strength,Abdominals,exercise_ball,intermediate,"The exercise ball pike is a challenging move that targets the core. It involves thrusting the hips into full flexion over a ball, then extending out to a foot-elevated plank with the feet on the ball. It's a challenging move from a strength perspective, but also for balance. It can be the centerpiece of an ab workout or go along with other body weight or ball movements in an ab circuit.",7.611733926163353,8,5.1141473559065105
649,Exercise ball bird dog,strength,Abdominals,exercise_ball,intermediate,"The exercise ball bird dog is a dynamic movement focusing on the glutes and the postural muscles of the upper back. When performing it, use an exercise ball that is tall enough to support your chest and core, but short enough to allow your hands and knees to reach the ground. It is slightly easier than a bodyweight bird dog and can work as a regression for that movement. It can be done for time or reps as part of a warm-up, paired with movements in a workout, or as a mobility or recovery exercise.",3.740644059496317,12,7.496800830529002
650,Exercise ball superman,strength,Abdominals,exercise_ball,intermediate,"The exercise ball superman is a slightly more advanced variation of the bodyweight superman exercise. It targets many muscles along the posterior or backside of the body, including the rear deltoids, trapezius, spinal erectors, glutes, and hamstrings. It can be done for time or reps as part of a warm-up, paired with movements in a workout, or as a mobility or recovery exercise.",4.193483480994972,12,8.516539234000895
651,BOSU cross-body crunch,strength,Abdominals,exercise_ball,intermediate,"The BOSU cross-body crunch is a dynamic abdominal exercise performed on a BOSU ball or other stability training device. It targets several of the muscles in the core, including the obliques and the rectus abdominis or ""six-pack"" muscles. It is usually performed in alternating reps, either for time or a number of reps, as part of an ab-focused workout or a circuit involving body weight or the BOSU ball.",8.099045163255688,14,4.872744898038327
652,Exercise Ball Knee Tuck - Gethin Varation,strength,Abdominals,exercise_ball,intermediate,The exercise ball knee roll-in is an abdominal exercise that involves supporting yourself with your hands in a plank or push-up position and drawing the knees in toward the chest. This is a fairly advanced abdominal move requiring core strength.,3.546935929565918,10,3.0464639257528194
653,Alternating Exercise Ball Knee Tucks - Gethin Variation,strength,Abdominals,exercise_ball,intermediate,The exercise ball knee roll-in is an abdominal exercise that involves supporting yourself with your hands in a plank or push-up position and drawing the knees in toward the chest. This is a fairly advanced abdominal move requiring core strength.,3.9257289137610822,4,5.961004750341912
654,AM Ball Crunch,strength,Abdominals,exercise_ball,intermediate,"The exercise ball crunch is a popular gym exercise targeting the abdominals. Unlike crunches on the floor or a bench, by using a ball, you can increase the range of motion and both stretch and contract the abs on every rep. The ball crunch can be performed for low reps with a slower tempo, focusing on a hard contraction, or for higher reps.",7.250369786028288,4,4.661591832125276
655,30 Bosu Cable Reverse Crunch,strength,Abdominals,exercise_ball,intermediate,,8.209821723865579,3,6.298708244666579
656,BOSU knee tuck,strength,Abdominals,exercise_ball,intermediate,"The BOSU knee tuck is a dynamic abdominal movement performed on a BOSU ball or other stability training device. It primarily targets the rectus abdominis or ""six-pack"" muscles of the core. It can be performed for time or reps as part of an ab-focused workout or a circuit involving body weight or the BOSU ball.",7.486415738173974,9,3.579662803211188
657,30 Side Plank On Ball,strength,Abdominals,exercise_ball,intermediate,"The feet-elevated side plank on ball is a more advanced version of a traditional bodyweight side plank. The feet are balanced on an exercise ball, providing a balance challenge but also increasing the load placed upon the obliques and shoulder muscles. It is usually performed for timed holds, either one side at a time or alternating sides. If a ball is unavailable, some of the benefits of the movement can be obtained by performing side planks with the feet elevated on a couch, chair, bench, or other stable object.",9.877783918244361,7,9.471023153764186
658,Hanging exercise ball leg raise,strength,Abdominals,exercise_ball,intermediate,"The hanging exercise ball leg raise is an exercise targeting the abs and hip flexors. Instead of resting the forearms on the pads of an apparatus, it's performed hanging from a bar with an exercise ball held between the legs.",8.637497957196935,13,5.022866923886726
659,Taylor Exercise Ball Stir-The-Pot,strength,Abdominals,exercise_ball,intermediate,,8.978680409682413,3,8.377862693395969
660,FYR2 Air Ball,strength,Abdominals,exercise_ball,intermediate,,3.103402294606385,8,7.497613765459205
661,Feet-elevated plank on ball,strength,Abdominals,exercise_ball,intermediate,"The feet-elevated plank is a variation on the straight-arm plank, a bodyweight standard. The feet are elevated on a ball to align the body parallel to the floor and provide a greater stabilization challenge. This makes it more difficult than straight-arm planks on the floor, but also puts more emphasis on the shoulder muscles. It is often used as a shoulder and core warm-up, or as a burnout movement for a chest or shoulder workout.",6.256633705486649,14,5.093146355368599
662,Band Hip Adductions,strength,Adductors,bands,beginner,,3.243323462993642,7,6.741227796593675
663,Lateral Band Walk,strength,Abductors,bands,intermediate,,5.672483704984681,4,5.040184008267823
664,FYR2 Standing Banded Leg Abduction,strength,Abductors,bands,intermediate,,8.204868689849746,14,4.058935152898333
665,Iliotibial band SMR,flexibility,Abductors,foam_roll,intermediate,"Iliotibial band self-myofascial release (SMR) is a self-administered soft-tissue treatment for the lower body, usually using a foam roller or other ""trigger point"" massage tool. By applying pressure strategically to the IT band along the side of the upper leg, some people find they can cause this often painful and tight area to relax or ""release."" IT band SMR is often accompanied by SMR on the glute or quad muscles, or by stretches that target the glutes or quads.",7.295059861221733,9,7.634241468746785
666,Adductor SMR,flexibility,Adductors,foam_roll,beginner,"Adductor self-myofascial release (SMR) is a self-administered soft-tissue treatment for the lower body, usually using a foam roller, lacrosse ball, or other ""trigger point"" massage tool. By applying pressure strategically to the adductor muscles in the inner thigh region, some people find they can cause this often painful and tight muscle to relax or ""release."" Adductor SMR is often accompanied by SMR on the iliotibial (IT) band or glutes (TFL muscles), or by stretches that target the adductors.",3.9985779818713643,6,8.73179497154602
667,Lying Bent Leg Groin,flexibility,Adductors,other,beginner,,5.608767446201118,5,6.971570395970473
668,Lateral box jump,cardio,Adductors,other,intermediate,"The lateral box jump is a plyometric exercise targeting lateral agility and lower-body strength. It's a great move for athletes in many sports, including basketball, skiing, and tennis.",7.307164190210234,6,5.89125342030896
669,Thigh adductor,strength,Adductors,machine,intermediate,"The thigh adductor machine is a lower-body exercise that targets the muscles of the inner thighs. It is usually performed for moderate to high reps, such as 8-12 reps per set or more, as part of lower-body training.",6.594669741946049,11,6.862496153327592
670,Thigh abductor,strength,Abductors,machine,intermediate,"The thigh abductor is a lower-body exercise that targets the muscles of the outer hips and glutes. It is usually performed for moderate to high reps, such as 8-12 reps per set or more, as part of lower-body training.",9.060000945658327,4,7.752369507150273
671,Standing Hip Circles,flexibility,Abductors,none,beginner,,3.77767243370395,11,4.482131350357699
672,Groiners,flexibility,Adductors,none,beginner,,5.486962033418964,6,5.75051016537402
673,Fire Hydrant,strength,Abductors,none,beginner,,7.655857542103308,9,7.964849240811882
674,Windmills,flexibility,Abductors,none,intermediate,,8.45278673806782,4,9.916610682037904
675,Side Leg Raises,flexibility,Adductors,none,beginner,,5.787430039548186,6,4.633038524034145
676,Lateral hop,cardio,Adductors,none,intermediate,"The lateral hop is an explosive bodyweight exercise that consists of a two-legged hop to the side. It targets the lower body, including the quads, glutes, and hamstrings. Performed for reps, it also provides a serious cardiovascular challenge. It can be performed for time or reps and is especially effective in a fat-loss or athleticism-focused circuit or workout.",9.009950975112037,10,3.29360400878455
677,Monster Walk,strength,Abductors,none,intermediate,,6.342548457857941,8,7.085520240773326
678,Side Lying Groin Stretch,flexibility,Adductors,none,intermediate,,9.800413625621061,3,9.767691544134669
679,IT Band and Glute Stretch,flexibility,Abductors,none,intermediate,,9.784778498855928,7,9.755038889905812
680,Single-leg lying cross-over stretch,flexibility,Abductors,none,beginner,"The single-leg lying cross-over stretch is a simple bodyweight stretch targeting the lower back, hips, and glutes. It involves rotating a single leg over the body while lying flat on the back. It is commonly included in dynamic warm-ups, but can also be performed as full-body mobility work anytime.",7.213187519092713,6,9.839311552669445
681,Carioca quick step,cardio,Adductors,none,intermediate,"The carioca quick step is a lateral bodyweight exercise targeting the adductors but also promoting agility and overall conditioning. It’s a favorite of football players, particularly defensive backs, because it mimics the way they have to track wide receivers downfield. It can also help mobilize the hips for athletes and lifters of all ability levels.",8.889032379988404,8,4.545274444973602
682,Standing hip circle,flexibility,Abductors,none,intermediate,"The standing hip circle is a bodyweight exercise targeting the hips and abductor muscles. It is a classic way to ""limber up"" after sitting for a long period or before a lower-body workout or sports. It requires no equipment and can be helpful for everyone from beginners to advanced fitness enthusiasts.",6.27485742428212,13,3.8189850439796977
683,Lateral cone hop,cardio,Adductors,none,intermediate,"The lateral cone hop is an agility drill that involves jumping over cones or other short hurdles side to side rather than front to back. It can be performed for reps or for time and can be beneficial for track athletes, basketball players, or any other athletes who need explosive lateral power.",3.9064314773152597,7,8.093150007462471
684,Side-To-Side Adductor Stretch,strength,Adductors,none,intermediate,,5.193851455221033,5,4.784164420185389
685,Dynamic pigeon stretch,strength,Abductors,none,intermediate,"The dynamic pigeon stretch is a lower-body stretch targeting the glutes, hips, and piriformis. It is influenced by the pigeon pose from yoga, but involves moving in and out of the pose. It can be part of a dynamic warm-up or mobility work performed anytime.",5.340282721623529,8,4.124899832720789
686,Cross-over jack,strength,Abductors,none,intermediate,"The cross-over jack is a variation on the jumping jack, a popular calisthenics exercise used to improve overall conditioning. The difference between the jumping jack and the cross-over jack is that with the latter, the feet don't just come together each rep, they cross over each other. It's a great way to add variety to your warm-up or conditioning work.",6.046548972209065,5,8.858639709975597
687,Traveling thigh killa,strength,Abductors,none,intermediate,"The traveling thigh killa is a challenging lower-body bodyweight exercise that builds muscular endurance with a series of hops forward and backward, as well as bodyweight squats. It can be performed for time or reps, usually in a circuit workout or as a lower-body finisher.",7.927660841196902,9,8.636827859777913
688,FYR Thigh Killa,strength,Abductors,none,intermediate,"The thigh killa is a challenging lower-body bodyweight exercise that builds muscular endurance with a series of hops and bodyweight squats. It can be performed for time or reps, usually in a circuit workout or as a lower-body finisher.",7.8746787288453355,11,5.736592894988542
689,HM Straddle Stretch,flexibility,Abductors,none,intermediate,,8.226644267950173,10,9.609052027650321
690,HM Right Leg Swing,flexibility,Abductors,none,intermediate,,7.047176829481019,4,4.209860613366206
691,HM Right Side-Kick,flexibility,Abductors,none,intermediate,,6.759008780959286,7,3.324568830522677
692,HM Frog Stretch,strength,Abductors,none,intermediate,,7.906845713360054,3,4.726841178954338
693,HM Kick-Out,strength,Abductors,none,intermediate,,7.423898256467212,8,3.4364399365388643
694,HM Left Leg Swing,strength,Adductors,none,intermediate,,9.312143601744214,9,6.405402642368537
695,UNS Foam Roll Adductor,strength,Adductors,none,intermediate,,3.54449108575726,7,8.545259827530353
696,MetaBurn Groiner,strength,Abductors,none,intermediate,,3.5122962603352073,5,5.719298048829836
697,Side-lying leg adduction scissor,strength,Adductors,none,intermediate,"The side-lying leg adduction scissor is a dynamic core exercise that combines the isometric hold of a side-lying leg lift with leg adductions to further challenge the core and adductors. It targets multiple muscles of the core, primarily the rectus abdominis or ""six-pack"" muscles. It can be performed for time or reps in the ab-focused portion of any workout.",6.310447137605148,9,8.300319523183138
698,Groin and Back Stretch,flexibility,Adductors,none,beginner,,6.279731066488047,4,7.359190922652843
699,Adductor/Groin,flexibility,Adductors,none,beginner,,6.262849948414194,13,4.616065928413641
700,Incline dumbbell biceps curl,strength,Biceps,bands,intermediate,"The incline dumbbell biceps curl is an exercise targeting the biceps and performed face up on an incline bench. This creates a vertical arm angle, which helps to isolate the biceps and limit involvement of the shoulder muscles. This curl variation is usually performed for moderate to high reps, such as 8-12 reps per set or more, as part of upper-body or arm-focused training.",6.633748409737931,4,5.32418551205496
701,Banded biceps curl in squat position,strength,Biceps,bands,intermediate,"The banded biceps curl in squat position is an exercise targeting the biceps, although it also works the core and lower body.",7.663231511298743,5,7.673683189465107
702,Banded Hammer Press - Gethin Variation,strength,Biceps,bands,intermediate,The machine chest press is an upper body exercise targeting the pectoral muscles.,9.717333907831433,7,4.529567580025409
703,Band standing concentration curl,strength,Biceps,bands,intermediate,"The band standing concentration curl is a variation of a popular biceps-focused exercise utilizing a band instead of a dumbbell. It allows you to focus on one biceps at a time and really squeeze out intense peak contractions. Band concentration curls are usually performed for moderate to high reps, such as 8-12 reps per set or more, as part of an upper-body or arm-focused workout.",8.78589748555169,10,7.161190929359148
704,Brachialis SMR,flexibility,Biceps,foam_roll,beginner,"Brachialis self-myofascial release (SMR) is a self-administered soft-tissue treatment for the upper body, usually using a foam roller, lacrosse ball, or other ""trigger point"" massage tool. By applying pressure strategically to the biceps or brachialis muscles of the upper arm, some people find they can cause this often painful and tight muscle to relax or ""release."" Brachialis SMR is often accompanied by SMR on the triceps muscles or pectorals, or by stretches that target the biceps or pecs.",6.020094406174305,9,7.3031073347525925
705,Wide-grip barbell curl,strength,Biceps,barbell,beginner,"The wide-grip barbell curl is a variation of the classic barbell curl with the grip wider than shoulder width. It is thought that this helps build the inner or ""short"" head of the biceps muscles. This movement is usually performed for moderate to high reps, such as 8-12 reps per set.",9.33640067407673,11,9.4872715316206
706,EZ-bar spider curl,strength,Biceps,barbell,intermediate,"The EZ-bar spider curl is an exercise targeting the biceps and performed face down on either an incline bench or on the flat side of a preacher bench. The EZ-bar makes for a more comfortable wrist position, while the angle helps to isolate the biceps and limit involvement of the shoulder muscles. This curl variation is usually performed for moderate to high reps, such as 8-12 reps per set or more, as part of upper-body or arm-focused training.",3.80512385004311,4,4.494782556983217
707,Barbell Curl,strength,Biceps,barbell,intermediate,"The barbell curl is an arm exercise that is also one of the most recognizable movements in all of bodybuilding and fitness. It helps build sleeve-popping biceps and allows heavier loading than many other curl variations. It is usually performed in moderate to high reps, such as 8-12 reps per set, as part of the arm-focused portion of any workout.",5.821852559924629,8,5.4377937241806755
708,Close-grip EZ-bar curl,strength,Biceps,barbell,beginner,"The close-grip EZ-bar curl is an exercise targeting the biceps, particularly the long head. The main difference between this exercise and standard EZ-bar curls is that the hands are positioned closer together on the bar. It is thought that this helps build the outer biceps head and the peak. This curl variation is usually performed for moderate to high reps, such as 8-12 reps per set.",8.905507563289046,5,9.848450229090112
709,Preacher Curl,strength,Biceps,barbell,intermediate,"The EZ-bar preacher curl is a classic exercise for building bigger biceps. This move is all about isolation. With the back of the upper arms against the pad, it’s next to impossible to cheat. Go light, get a great pump, and build that peak!",6.0707089676170405,6,9.836650818969646
710,Barbell Curls Lying Against An Incline,strength,Biceps,barbell,beginner,,6.841557596275345,13,5.347227915443096
711,Seated Close-Grip Concentration Barbell Curl,strength,Biceps,barbell,beginner,,6.0762341438032035,5,4.793924143802577
712,Close-grip barbell curl,strength,Biceps,barbell,beginner,"The close-grip barbell curl is a curl variation where the hands are closer than shoulder width. It is thought that this helps build the outer biceps head and the peak. This curl variation is usually performed for moderate to high reps, such as 8-12 reps per set.",3.8266927634868537,3,3.240597687781509
713,Drag curl,strength,Biceps,barbell,beginner,"The drag curl is a biceps exercise that attempts to remove the influence of the front deltoids on the classic curl. With the elbows kept back, the barbell ""drags"" up the torso. It is usually performed for moderate to high reps, such as 8-15 reps per set, as part of an upper-body or arms-focused workout.",4.740099637442386,8,3.671880146525316
714,Reverse-grip barbell curl,strength,Biceps,barbell,intermediate,"The reverse-grip barbell curl is a variation on the biceps curl where the palms face downward. The switch from an underhand to an overhand grip brings the forearm and brachialis muscles more into the exercise. If it is uncomfortable to the wrists, try performing it on the angles of an EZ-curl bar.",5.092002613678608,7,7.320541525680632
715,Lying High Bench Barbell Curl,strength,Biceps,barbell,beginner,,4.811317621220683,8,8.674562005020768
716,Seated wide-grip curl to close-grip curl,strength,Biceps,barbell,beginner,"The seated wide-grip curl to close-grip curl is a variation on the classic seated dumbbell curl. It is thought that wide-grip curls target the inner head of the biceps more, while close-grip curls target the outer head or peak. This variation allows you to get the benefits of both.",6.048584469636716,8,4.708182139888534
717,Seated Straigh-Bar Curl Superset,strength,Biceps,barbell,beginner,"The seated wide-grip curl to close-grip curl is a variation on the classic seated dumbbell curl. The variation is that the range of motion changes in alternating fashion—one more traditional, one where you’re bringing the weight in more from the side.",3.979859208902842,7,5.125879398157694
718,Dave Draper Forehead Curl,strength,Biceps,barbell,intermediate,,4.412323373605563,3,5.333725976706437
719,Reverse-grip EZ-bar curl,strength,Biceps,barbell,intermediate,"The reverse-grip EZ-bar curl is an exercise targeting the biceps and forearms. Because grip strength is a limitation with this move, it is often performed for moderate to high reps as part of an upper-body or arm-focused workout.",6.581516910166176,10,7.140272600553045
720,EZ-Bar Spider Curl - Gethin Variation,strength,Biceps,barbell,intermediate,The EZ-bar spider curl is an isolation exercise targeting the biceps and performed face-down on an incline bench. The EZ-bar makes for a more comfortable wrist position.,6.869781320918641,13,7.575693679137724
721,Barbell curl-,strength,Biceps,barbell,intermediate,"The barbell curl is an arm exercise that is also one of the most recognizable movements in all of bodybuilding and fitness. It helps build sleeve-popping biceps and allows heavier loading than many other curl variations. It is usually performed in moderate to high reps, such as 8-12 reps per set, as part of the arm-focused portion of any workout.",3.07076758315346,7,5.281520448279454
722,Paul Carter Barbell Curl,strength,Biceps,barbell,intermediate,"The barbell curl is an arm exercise that is also one of the most recognizable movements in all of bodybuilding and fitness. It helps build sleeve-popping biceps and allows heavier loading than many other curl variations. It is usually performed in moderate to high reps, such as 8-12 reps per set, as part of the arm-focused portion of any workout.",8.740807098510306,5,8.911406562081341
723,Standing band biceps curl,strength,Biceps,barbell,intermediate,The standing band biceps curl is an arm-focused exercise using a band for resistance. This variation is usually performed for moderate to high reps as part of an arms-focused or upper-body workout.,3.817672327849821,13,6.419440567062926
724,Close-Grip EZ-Bar Curl - Gethin Variation,strength,Biceps,barbell,intermediate,"The close-grip EZ-bar curl is an exercise targeting the biceps, particularly the long head. The main difference between this exercise and standard barbell curls is that the hands are positioned closer together on the bar. It is thought that this helps build the outer biceps head and the peak. This curl variation is usually performed for moderate to high reps, like at least 8-12 reps per set.",7.136003894403751,9,4.805676434603825
725,Seated Barbell Curl,strength,Biceps,barbell,intermediate,,5.329798863184825,7,3.583162511429879
726,AM Standing Barbell Curl,strength,Biceps,barbell,intermediate,"The standing EZ-bar curl is an immenselyp popular exercise targeting the biceps. It is commonly performed for moderate to high reps as part of an upper body or arms-focused workout. Many gyms even have EZ-bars at fixed weights, allowing for easy weight changes.",4.307844821485801,9,5.825767534871645
727,EZ-bar preacher curl,strength,Biceps,barbell,intermediate,"The EZ-bar preacher curl is a classic exercise for building bigger biceps. This move is all about isolation. With the back of the upper arms against the pad, it's next to impossible to use momentum which forces the muscles to work harder.",7.865035519855018,7,6.104458797882139
728,30 Arms Standing Barbell Curl,strength,Biceps,barbell,intermediate,,6.446243185954327,4,8.64680991158233
729,30 Arms Incline Biceps Curl,strength,Biceps,barbell,intermediate,,6.171268466922603,7,5.690284298382476
730,"Bicep Curls ""21s""",strength,Biceps,barbell,intermediate,,6.3104302832493335,14,4.820293516704124
731,Incline Hammer Curls,strength,Biceps,dumbbell,beginner,,4.705102490765995,10,9.907891630055108
732,Hammer Curls,strength,Biceps,dumbbell,intermediate,"This curl is performed simultaneously with dumbbells but without wrist supination. Throughout each rep, the wrists remain neutral, like a carpenter hammering a nail.",8.935100962780133,6,8.437950115831391
733,Biceps curl to shoulder press,strength,Biceps,dumbbell,beginner,"The biceps curl to shoulder press is a dumbbell complex that combines two exercises that build and strengthen the biceps and shoulders or deltoids. It is usually performed one rep of each movement at a time, although you could perform more reps of each, or increase the reps in successive rounds (e.g., 1 rep in round 1, 2 reps in round 2, etc.). No matter how you structure the sets and reps, it is a time-efficient way to hit two crucial upper-body muscles in any workout.",7.5675267498350465,12,6.609273772305341
734,Concentration curl,strength,Biceps,dumbbell,intermediate,"The concentration curl is a classic exercise for building the biceps one arm at a time. It can be performed bent over or kneeling, but is more often performed seated on a bench. It's great for emphasizing the biceps peak and is often used to finish a biceps workout. Like most curl variations, these are usually performed for moderate to high reps, such as 8-12 reps per set or more.",4.920075094709056,10,7.35903568862752
735,Flexor Incline Dumbbell Curls,strength,Biceps,dumbbell,beginner,,5.393928491539246,8,9.125925233698178
736,Dumbbell Bicep Curl,strength,Biceps,dumbbell,intermediate,"The dumbbell biceps curl is a single-joint exercise for building bigger and stronger biceps. Popular among gym goers of all experience levels, this move can be done seated or standing. It is generally performed for moderate to high reps, such as 8-12 reps or higher, as part of the arm-focused portion of a workout.",9.14323004245281,14,5.481688648404441
737,Cross-body hammer curl,strength,Biceps,dumbbell,beginner,"The cross-body hammer curl is a dumbbell exercise that targets the biceps, brachialis, and forearm muscles. Rather than lifting the weights directly in front of the body, you lift them across the torso. Throughout each rep, the wrists remain neutral, like a carpenter hammering a nail. This helps isolate the brachialis muscles on each arm. It is generally performed for moderate to high reps, such as 8-12 reps or more, as part of the arm-focused portion of a workout.",7.994075677701937,9,7.339854745098208
738,Dumbbell Alternate Bicep Curl,strength,Biceps,dumbbell,intermediate,"The alternating biceps curl is a single-joint exercise for building bigger and stronger biceps one arm at a time. Popular among gym goers of all experience levels, this move can be done seated or standing. It is generally performed for moderate to high reps, such as 8-12 reps or higher, as part of the arm-focused portion of a workout.",5.118629821355432,13,7.934712656013068
739,Single-arm dumbbell preacher curl,strength,Biceps,dumbbell,intermediate,"The single-arm dumbbell preacher curl is an exercise that focuses on building the biceps, particularly the biceps peak. Most people will go light on this movement, performing it for moderate to high reps as part of an upper-body or arms-focused workout.",4.837841620274365,5,4.867313995473857
740,Alternate Incline Dumbbell Curl,strength,Biceps,dumbbell,intermediate,"The alternating incline dumbbell biceps curl is an exercise targeting the biceps and performed face up on an incline bench. This creates a vertical arm angle which helps to isolate the biceps and limit involvement of the shoulder muscles. This curl variation is usually performed for moderate to high reps, such as 8-12 rep per arm or more, as part of upper-body or arm-focused training.",4.765971019721361,6,4.067946862758022
741,Standing concentration curl,strength,Biceps,dumbbell,beginner,"The standing concentration curl is a variation on the more common seated concentration curl, which is a staple of bodybuilding arm routines. It can serve as a substitute for preacher curl variations if a preacher bench is unavailable and is also a classic way to focus in on the biceps peak. It is usually performed for moderate to high reps, such as 8-10 reps per set, with a focus on strict form and controlled tempo.",4.958668538669429,10,8.196026973076062
742,Alternating incline dumbbell biceps curl,strength,Biceps,dumbbell,intermediate,"The alternating incline dumbbell biceps curl is an exercise targeting the biceps and performed face up on an incline bench. This creates a vertical arm angle which helps to isolate the biceps and limit involvement of the shoulder muscles. This curl variation is usually performed for moderate to high reps, such as 8-12 rep per arm or more, as part of upper-body or arm-focused training.",4.165746827384436,14,8.844209941581765
743,Alternate Hammer Curl,strength,Biceps,dumbbell,intermediate,"The alternating hammer curl is performed with dumbbells but without wrist supination. Throughout each rep, the wrists remain neutral, like a carpenter hammering a nail.",4.438181860124237,5,3.5829160500064887
744,Seated dumbbell biceps curl,strength,Biceps,dumbbell,intermediate,"The seated dumbbell biceps curl is a popular exercise for building bigger biceps. While curls can effectively be performed standing as well, performing them seated can enforce strict form and perhaps boost the mind-muscle connection. Like most curl variations, these are usually performed for moderate to high reps, such as 8-12 reps per set or more.",7.623848745366544,9,5.883889671808367
745,Preacher Hammer Dumbbell Curl,strength,Biceps,dumbbell,beginner,,5.011462178259913,13,4.808801854655378
746,Dumbbell preacher curl,strength,Biceps,dumbbell,intermediate,"The dumbbell preacher curl is an exercise that focuses on building the biceps, particularly the biceps peak. All you need is a pair of dumbbells and a preacher bench. It's usually performed for moderate to high reps as part of an upper-body or arms-focused workout.",4.848030808063251,10,5.82149073659671
747,Lying Supine Dumbbell Curl,strength,Biceps,dumbbell,beginner,,9.264398242767932,14,7.294269361903193
748,Standing Dumbbell Reverse Curl,strength,Biceps,dumbbell,beginner,"With the reverse-grip dumbbell curl, the palms face down, not up. This unorthodox wrist position simultaneously targets the biceps while also building forearm and grip strength. The move can performed standing or seated.",7.666287796709817,5,6.484662486773265
749,Palms-out incline biceps curl,strength,Biceps,dumbbell,beginner,"The palms-out incline biceps curl is an exercise targeting the biceps. It is largely similar to the incline dumbbell curl, but the palms-out position targets the long head of the biceps, which is responsible for the biceps ""peak."" This curl variation is usually performed for moderate to high reps, such as 8-12 reps per set or more, as part of upper-body or arm-focused training.",7.9642435543332635,5,6.694886018415746
750,Straight-arm plank with biceps curl,strength,Biceps,dumbbell,beginner,"The straight-arm plank with biceps curl is a hybrid movement that trains the abdominal and biceps muscles simultaneously. It can address multiple muscle groups in a time-efficient muscle-building or circuit-style workout, while also providing an additional cardiovascular challenge.",6.244188185176967,14,4.038449711482865
751,Face-down incline dumbbell biceps curl,strength,Biceps,dumbbell,beginner,"The face-down incline dumbbell biceps curl is an exercise targeting the biceps and performed face down on an incline bench. This creates a vertical arm angle, which helps to isolate the biceps and limit involvement of the shoulder muscles. This curl variation is usually performed for moderate to high reps, such as 8-12 reps per set or more, as part of upper-body or arm-focused training.",7.925598233677901,11,8.203197197710885
752,Seated Dumbbell Inner Biceps Curl,strength,Biceps,dumbbell,beginner,,9.496230186205626,5,4.96260120077077
753,Standing Inner-Biceps Curl,strength,Biceps,dumbbell,beginner,,8.068942765954171,9,7.555143824111922
754,Seated hammer curl,strength,Biceps,dumbbell,intermediate,"The seated hammer curl is a popular exercise for building bigger biceps and forearms. The movement resembles hammering a nail—hence the name. While curls can effectively be performed standing as well, performing them seated can enforce strict form and perhaps boost the mind-muscle connection. Like most curl variations, these are usually performed for moderate to high reps, such as 8-12 reps per set or more.",9.50978067465105,3,5.166475203124515
755,Paul Carter Incline Dumbbell Biceps Curl,strength,Biceps,dumbbell,intermediate,The incline dumbbell biceps curl is an isolation exercise targeting the biceps. This variation targets the long head of the biceps more than a traditional curl and there is more overall tension to this muscle.,5.7288762542813405,13,4.2398167807693845
756,Paul Carter Concentration Curl,strength,Biceps,dumbbell,intermediate,"The concentration curl is a classic exercise for building the biceps one arm at a time. It can be performed bent over or kneeling, but is more often performed seated on a bench. It's great for emphasizing the biceps peak and is often used to finish a biceps workout. Like most curl variations, these are usually performed for moderate to high reps, such as 8-12 reps per set or more.",3.8796267875872092,4,9.946958706209168
757,FYR Dumbbell Curl,strength,Biceps,dumbbell,intermediate,"The dumbbell biceps curl is a single-joint exercise for building bigger and stronger biceps. Popular among gym goers of all experience levels, this move can be done seated or standing. It is generally performed for moderate to high reps, such as 8-12 reps or higher, as part of the arm-focused portion of a workout.",8.420695590854121,4,4.587530450738053
758,Dumbbell biceps curl to upright row,strength,Biceps,dumbbell,intermediate,"The dumbbell biceps curl to upright row is a dumbbell complex that combines two exercises that build and strengthen the biceps, traps, and the middle head of the deltoids. It is usually performed one rep of each movement at a time, although you could perform more reps of each, or increase the reps in successive rounds (e.g., 1 rep in round 1, 2 reps in round 2, etc.). No matter how you structure the sets and reps, it is a time-efficient way to hit multiple upper-body muscles in any workout.",8.787633430382957,3,5.510583236181883
759,FYR Dumbbell Hammer Curl,strength,Biceps,dumbbell,intermediate,"This curl is performed simultaneously with dumbbells but without wrist supination. Throughout each rep, the wrists remain neutral, like a carpenter hammering a nail.",9.501922259376595,14,6.615182377578756
760,Dumbbell overhead hold with single-arm curl,strength,Biceps,dumbbell,intermediate,"The dumbbell overhead hold with single-arm curl combines an isometric overhead hold with a curl for the other arm. The two movements collectively target the muscles of the shoulders and arms, while providing a surprising core challenge. Expect to be challenged, even with light weight.",9.24838537364471,13,3.776397578898765
761,FYR Kneeling Biceps,strength,Biceps,dumbbell,intermediate,The kneeling concentration curl allows you to target the biceps without having the ability to use momentum from the rest of your body to move the weight.,5.002605532872883,6,8.196510388964366
762,Lunge hold dumbbell curl,strength,Biceps,dumbbell,intermediate,"The lunge hold dumbbell curl is a challenging complex that combines an isometric hold at the bottom of a lunge with a dumbbell biceps curl. The two exercises combine to target the legs, core, and biceps. The curl will determine the amount of weight you can use, but even a light weight will make the lunge hold seriously challenging.",8.988341112619699,8,6.188959884201382
763,FYR Dumbbell Biceps Curl,strength,Biceps,dumbbell,intermediate,"The dumbbell biceps curl is a single-joint exercise for building bigger and stronger biceps. Popular among gym goers of all experience levels, this move can be done seated or standing. It is generally performed for moderate to high reps, such as 8-12 reps or higher, as part of the arm-focused portion of a workout.",8.091487317542214,4,8.784043548647203
764,Alternating dumbbell snatch,strength,Biceps,dumbbell,intermediate,"The alternating dumbbell snatch is an explosive exercise that builds full-body power and targets the muscles of the hips, back, and shoulders. Performing it by alternating arms gives each arm the chance to recover, allowing you to do a greater amount of quality work. It can be performed for low reps with a focus on power and speed, or for higher reps to build muscle or as part of a metabolic conditioning circuit.",9.09445064327163,5,7.394456478987546
765,TBS Incline Dumbbell Curl,strength,Biceps,dumbbell,intermediate,The incline dumbbell biceps curl is an isolation exercise targeting the biceps. This variation targets the long head of the biceps more than a traditional curl and there is more overall tension to this muscle.,3.6130401196660165,4,7.61146352136079
766,TBS Hammer Curl,strength,Biceps,dumbbell,intermediate,"The alternating hammer curl is performed with dumbbells but without wrist supination. Throughout each rep, the wrists remain neutral, like a carpenter hammering a nail.",9.597405877311761,4,3.2315401351224504
767,Reverse-grip dumbbell curl,strength,Biceps,dumbbell,intermediate,"With the reverse-grip dumbbell curl, the palms face down, not up. This unorthodox wrist position simultaneously targets the biceps while also building forearm and grip strength. The move can be performed standing or seated. Because grip is a limiting factor, it is usually performed for moderate to high reps, such as 8-10 reps per set.",8.641531602288271,8,7.819263721466674
768,Incline Dumbbell Curl - Gethin Variation,strength,Biceps,dumbbell,intermediate,The incline dumbbell biceps curl is an isolation exercise targeting the biceps. This variation targets the long head of the biceps more than a traditional curl and there is more overall tension to this muscle.,9.945827580721847,11,8.740774962209517
769,Hammer curl,strength,Biceps,dumbbell,intermediate,"The hammer curl is a dumbbell movement that focuses on the biceps, brachialis, and forearm muscles. Throughout each rep, the wrists remain neutral, like a carpenter hammering a nail. It is generally performed for moderate to high reps, such as 8-12 reps or more, as part of the arm-focused portion of a workout.",6.619699417077291,11,4.676870360366332
770,Seated Dumbbell Curl - Gethin Variation,strength,Biceps,dumbbell,intermediate,"The seated dumbbell biceps curl is a standard exercise for building bigger biceps. While dumbbell biceps curls can be performed standing, this version involves sitting on a bench.",9.93251333204362,8,6.973370091601925
771,Dumbbell Hammer Curl - Gethin Variation,strength,Biceps,dumbbell,intermediate,"This curl is performed simultaneously with dumbbells but without wrist supination. Throughout each rep, the wrists remain neutral, like a carpenter hammering a nail.",9.697676369258561,11,7.769111498044797
772,Single-arm seated dumbbell curl,strength,Biceps,dumbbell,intermediate,"The single-arm seated dumbbell curl is a popular exercise for building bigger biceps. Performing it one arm at a time may allow you to use slightly heavier weight, while focusing on really feeling the mind-muscle connection in the working arm. Like most curl variations, these are usually performed for moderate to high reps, such as 8-12 reps per set or more.",5.687349239428908,5,6.656829056960574
773,Lying Cable Curl - Gethin Variation,strength,Biceps,dumbbell,intermediate,The lying cable biceps curl is an isolation exercise that eliminates the possibility of using momentum from the lower body to raise the weight.,9.698276311043335,10,7.499433277699764
774,Dumbbell biceps curl,strength,Biceps,dumbbell,intermediate,"The dumbbell biceps curl is a single-joint exercise for building bigger and stronger biceps. Popular among gym goers of all experience levels, this move can be done seated or standing. It is generally performed for moderate to high reps, such as 8-12 reps or higher, as part of the arm-focused portion of a workout.",8.433866977761213,5,5.168833280181755
775,Seated Biceps Hammer Curl,strength,Biceps,dumbbell,intermediate,,7.761928288799668,4,5.602749722237685
776,HM Alternating Reverse Lunge With Biceps Curl,strength,Biceps,dumbbell,intermediate,,5.920160996142113,5,3.9479399953318204
777,AM Hammer Curls,strength,Biceps,dumbbell,intermediate,"This curl is performed simultaneously with dumbbells but without wrist supination. Throughout each rep, the wrists remain neutral, like a carpenter hammering a nail.",3.008522274743959,10,5.838643895980284
778,AM Seated Hammer Curls,strength,Biceps,dumbbell,intermediate,"The seated hammer curl is a popular exercise for building bigger biceps. The movement resembles hammering a nail—hence the name. While hammer can be performed standing, this version involves sitting on a bench.",3.9745165884595814,10,8.628524309078069
779,Seated alternating biceps curl,strength,Biceps,dumbbell,intermediate,"The seated alternating biceps curl is an exercise that builds bigger and stronger biceps. The alternating technique allows one arm to rest briefly while the other arm lifts. It is usually performed for moderate to high reps, such as 8-12 reps or more, as part of the upper-body or arm-focused portion of a workout.",5.051996694299177,12,3.0089318521637893
780,Alternating hammer curl,strength,Biceps,dumbbell,intermediate,"The alternating hammer curl is performed with dumbbells but without wrist supination. Throughout each rep, the wrists remain neutral, like a carpenter hammering a nail. It is generally performed for moderate to high reps, such as 8-12 reps or more, as part of the arm-focused portion of a workout.",9.708628894189825,7,7.707461900847246
781,Alternating biceps curl,strength,Biceps,dumbbell,intermediate,"The alternating biceps curl is a single-joint exercise for building bigger and stronger biceps one arm at a time. Popular among gym goers of all experience levels, this move can be done seated or standing. It is generally performed for moderate to high reps, such as 8-12 reps or higher, as part of the arm-focused portion of a workout.",4.0389111070344015,7,9.841733243004636
782,Holman Slow Biceps Curl,strength,Biceps,dumbbell,intermediate,,5.6367850563376685,8,3.8233185864817463
783,Holman Biceps Curl to Chest Punch,strength,Biceps,dumbbell,intermediate,,6.36353556218349,7,9.028929503678636
784,Holman Right Arm Heavy Biceps Curl,strength,Biceps,dumbbell,intermediate,,4.569965513707321,10,6.188163094311689
785,Holman Left Arm Heavy Biceps Curl,strength,Biceps,dumbbell,intermediate,,7.015454215584384,7,3.386627108562781
786,Holman Alternating Front Lunge Biceps Curl,strength,Biceps,dumbbell,intermediate,,5.524497569907016,13,4.840888435380753
787,Holman Weighted Double-Time Biceps Curl,strength,Biceps,dumbbell,intermediate,,5.926782380274904,10,3.3195821231199374
788,Holman Heavy Right Arm Biceps Curl,strength,Biceps,dumbbell,intermediate,,8.929068991261056,11,6.5241089728068475
789,Holman Heavy Left Arm Biceps Curl,strength,Biceps,dumbbell,intermediate,,9.284230321057239,13,7.837172209269296
790,MetaBurn Dumbbell Drag Curl,strength,Biceps,dumbbell,intermediate,,7.485033802517848,11,6.786932913280876
791,MetaBurn Hammer Curl to Overhead Press,strength,Biceps,dumbbell,intermediate,,4.717044125089652,9,3.9196205134690163
792,MetaBurn Biceps Curl To Lateral Raise,strength,Biceps,dumbbell,intermediate,,3.575900863895597,13,6.392753981164475
793,FYR2 Alternating Dumbbell Curl,strength,Biceps,dumbbell,intermediate,,7.6354737583890255,10,9.75549351971694
794,FYR2 Pulse Biceps Curl,strength,Biceps,dumbbell,intermediate,,3.466179073396901,9,6.261731964436883
795,FYR2 Seesaw Dumbbell Biceps Curl,strength,Biceps,dumbbell,intermediate,,7.951526182768411,13,6.039288687158271
796,FYR2 Single-Dumbbell Biceps Curl,strength,Biceps,dumbbell,intermediate,,4.697644271645262,4,6.051299909490193
797,FYR2 Dumbbell Curl-Row Complex,strength,Biceps,dumbbell,intermediate,,3.44816329088893,6,3.4697678819866127
798,30 Arms Standing Dumbbell Hammer Curl 21s,strength,Biceps,dumbbell,intermediate,,6.9001808197915935,11,6.086193198748456
799,30 Arms Standing Biceps Curl,strength,Biceps,dumbbell,intermediate,,9.362936772041408,14,8.45861004933544
800,30 Arms Standing Alternating Hammer Curl,strength,Biceps,dumbbell,intermediate,,6.971411052139775,8,4.766085121185148
801,30 Arms Standing Alternating Biceps Curl,strength,Biceps,dumbbell,intermediate,,7.731234473810727,7,8.977799835833263
802,30 Arms Single-Arm Hammer Preacher Curl,strength,Biceps,dumbbell,intermediate,,6.968071799920324,12,9.382935629278212
803,30 Arms Single-Arm Dumbbell Preacher Curl,strength,Biceps,dumbbell,intermediate,,8.29945429793732,11,4.01775589131955
804,30 Arms Seated Dumbbell Concentration Curl,strength,Biceps,dumbbell,intermediate,,4.216880548540142,9,9.094325217440886
805,30 Arms Seated Biceps Curl,strength,Biceps,dumbbell,intermediate,,8.725926339861106,8,6.33226616542752
806,30 Arms Seated Alternating Biceps Curl,strength,Biceps,dumbbell,intermediate,,6.8344688540975085,5,7.666914217566349
807,30 Arms Incline Hammer Curl,strength,Biceps,dumbbell,intermediate,,6.848377965495635,3,7.953064964983076
808,30 Arms Incline Dumbbell Triceps Extension,strength,Biceps,dumbbell,intermediate,,4.904809922137716,7,3.9008494637764795
809,30 Arms Hammer Curl,strength,Biceps,dumbbell,intermediate,,4.924246068843027,11,4.6192763297656825
810,Reverse Plate Curls,strength,Biceps,other,beginner,,5.117454450890264,6,8.79146236510637
811,Standing Biceps Stretch,flexibility,Biceps,other,beginner,,9.1763887325835,5,7.305420757123034
812,Suspended Curl,strength,Biceps,other,beginner,,9.909199737759252,11,7.855338870727547
813,Plate hammer curl,strength,Biceps,other,beginner,"The plate hammer curl is an exercise that targets the long head of the biceps as well as the brachialis and brachioradialis muscles. Typically hammer curls are done with dumbbells, but in this case, holding a weight plate places the hands in the same neutral position.",8.554579988343331,11,4.233246050157744
814,Barbell spider curl,strength,Biceps,other,intermediate,"The barbell spider curl is an exercise targeting the biceps and performed face down on either an incline bench or on the flat side of a preacher bench. The vertical bench angle helps to isolate the biceps and limit involvement of the shoulder muscles. This curl variation is usually performed for moderate to high reps, such as 8-12 reps per set or more, as part of upper-body or arm-focused training.",5.980872181417254,8,9.80821010250735
815,Barbell forehead curl,strength,Biceps,other,intermediate,"The barbell forehead curl is a classic movement from the Golden Age of bodybuilding and is often associated with Dave ""The Blond Bomber"" Draper. The barbell is brought up to your forehead instead of to your chest, emphasizing the squeeze and peak contraction. It is usually performed for moderate to high reps, such as 8-12 reps per set.",5.038533000469888,8,3.1186808535817936
816,Overhead cable curl,strength,Biceps,cable,intermediate,"Also known as a crucifix curl, the overhead cable curl is a biceps-focused exercise performed between two cable stacks, using a pair of D-handles. The arms and elbows are held at shoulder height throughout the movement, and both hands curl in toward the ears. This position is designed to eliminate shoulder involvement and momentum, while targeting the biceps peak. This movement is generally done for moderate to high reps, such as 8-12 reps per set or more, as part of arm-focused training.",4.923325515523042,6,9.012800843894501
817,Standing One-Arm Cable Curl,strength,Biceps,cable,beginner,The single-arm cable biceps curl is a single-joint isolation exercise for building the biceps. This move is intended to be strict and deliberate; this is not an exercise for using momentum or otherwise cheating.,9.380601042280054,6,5.178209794632359
818,Reverse Cable Curl,strength,Biceps,cable,beginner,,6.822550098159419,7,6.045074154551729
819,Standing Biceps Cable Curl,strength,Biceps,cable,intermediate,"The cable straight-bar biceps curl takes a classic bodybuilding exercise, the standing barbell curl, and replaces the barbell with a handle attached to a cable. This is a common burnout move performed for moderate to high reps, such as 8-12 reps per set, as part of an upper-body or arm-focused workout.",5.769561041041063,10,5.628978016687556
820,Cable rope hammer curl,strength,Biceps,cable,intermediate,"The cable rope hammer curl is a popular arm-focused exercise performed with a rope handle attached by a cable to a weight stack. It uses a neutral (palms facing one another) grip, which targets the forearms and brachialis muscles in addition to the biceps. Because grip is a limitation, it is usually performed for moderate to high reps, such as 8-12 reps per set or more.",7.174133411217169,14,8.806265199818952
821,Lying cable biceps curl,strength,Biceps,cable,beginner,"The lying cable biceps curl is a cable exercise that targets the biceps. It is performed lying on the back, either on a bench or the ground, with the feet facing toward a cable stack. This movement is usually performed for moderate to high reps for a burn and pump as part of an arm-focused workout.",7.4642250008785345,3,9.374826922943708
822,Cable rope preacher hammer curl,strength,Biceps,cable,beginner,"The cable rope preacher hammer curl is a single-joint arm exercise that builds strength and size in the biceps using a cable stack, a preacher bench, and a rope grip. The neutral or ""hammer"" grip amplifies activation of both the grip and the brachialis muscles, building arm thickness. The angle of the bench also effectively removes the shoulders from the movement, largely isolating the biceps. It is generally performed for higher reps, at least 8-15 per set.",6.141410826088929,4,9.085067294061965
823,Lying Close-Grip Bar Curl On High Pulley,strength,Biceps,cable,beginner,The lying high-cable biceps curl is an unusual move for building the biceps—but it’s a highly effective one. Lying prone and curling down toward you provides a different stimulus than more standard approaches allow.,9.381192977292521,13,4.679054605188766
824,Cable EZ-Bar Preacher Curl - Gethin Variation,strength,Biceps,cable,intermediate,"The cable preacher curl is a single-joint arm exercise that builds strength and size in the biceps using a cable stack and a preacher bench. It is popular in muscle-building arm workouts because the angle of the bench effectively removes the shoulders from the movement, largely isolating the biceps. It is generally performed for higher reps, at least 8-15 per set.",4.059518064992576,8,6.96508226206182
825,Squatting cable EZ-bar biceps curl,strength,Biceps,cable,intermediate,"The squatting cable EZ-bar biceps curl is an exercise that builds and strengthens the biceps while the lower body is in a static squat position. It is usually performed for higher rep sets, such as 8-12 reps per set or more, in combination with other curls or arm training. It is most similar in arm positioning to a preacher curl, but has some unique benefits to the lower body, as well.",8.32867132735447,10,5.37733979498104
826,Cable straight-bar biceps curl,strength,Biceps,cable,intermediate,"The cable straight-bar biceps curl takes a classic bodybuilding exercise, the standing barbell curl, and replaces the barbell with a handle attached to a cable. This is a common burnout move performed for moderate to high reps, such as 8-12 reps per set, as part of an upper-body or arm-focused workout.",9.651181913632394,10,6.855421127899386
827,Standing reverse-grip cable curl,strength,Biceps,cable,intermediate,"The standing reverse-grip cable curl takes a classic bodybuilding exercise, the reverse barbell curl, and tweaks it by using a handle attached to a cable stack instead. It targets the forearm muscles and brachialis to a greater degree than underhand biceps curl variations. Because grip is a limitation, this move is commonly performed for moderate to high reps, such as 8-12 reps per set or more, as part of an upper-body or arm-focused workout.",9.624543886192983,11,3.671450512333151
828,Lying high-cable biceps curl,strength,Biceps,cable,intermediate,The lying high-cable biceps curl is a single-joint exercise targeting the biceps in a prone (face-up) position. It is usually performed for moderate to high reps as part of the arm-focused portion of a workout.,8.0884357638223,9,7.545134140657737
829,High-Pulley Cable Curl - Gethin Variation,strength,Biceps,cable,intermediate,"Also known as a crucifix curl, the overhead cable curl is a biceps-focused exercise performed between two cable stacks, using a pair of D-handles. The arms and elbows are held at shoulder height throughout the movement, and both hands curl in toward the ears. This position is designed to eliminate shoulder involvement and momentum, while targeting the biceps peak. This movement is generally done for moderate to high reps, such as 8-12 reps per set or more, as part of arm-focused training.",3.574803005495287,10,9.660451857463976
830,Standing High Cable Curl - Gethin Variation,strength,Biceps,cable,intermediate,"The cable straight-bar biceps curl takes a classic bodybuilding exercise, the standing barbell curl, and replaces the barbell with a handle attached to a cable. This is a common burnout move performed for moderate to high reps, such as 8-12 reps per set, as part of an upper-body or arm-focused workout.",8.706947479326953,14,4.379308157725385
831,High Cable Curls,strength,Biceps,cable,intermediate,The lying high-cable biceps curl is a single-joint exercise targeting the biceps in a prone (face-up) position. It is usually performed for moderate to high reps as part of the arm-focused portion of a workout.,6.864143077729197,14,9.481076746327055
832,Seated cable biceps curl,strength,Biceps,cable,intermediate,The seated cable biceps curl is a single-joint arm exercise intended to isolate the biceps. The seated position helps eliminate the use of momentum. This movement is usually performed for moderate to high reps for a burn and pump as part of an arm-focused workout.,5.7366577687891676,9,4.4486788717471715
833,Lying Close-Grip Bar Curl On High Pulley - Gethin Variation,strength,Biceps,cable,intermediate,The lying high-cable biceps curl is an unusual move for building the biceps—but it’s a highly effective one. Lying prone and curling down toward you provides a different stimulus than more standard approaches allow.,3.6159182866305715,10,8.26168030647957
834,Standing Cable Curl - Gethin Variation,strength,Biceps,cable,intermediate,"The cable straight-bar biceps curl takes a classic bodybuilding exercise, the standing barbell curl, and replaces the barbell with a handle attached to a cable. This is a common burnout move performed for moderate to high reps, such as 8-12 reps per set, as part of an upper-body or arm-focused workout.",7.472290406962442,11,3.20704684427311
835,Double Arm Cable Biceps Curl,strength,Biceps,cable,intermediate,,3.863516260129268,8,6.99953250401591
836,AM Cable Biceps Curl,strength,Biceps,cable,intermediate,"The cable straight-bar biceps curl takes a classic bodybuilding exercise, the standing barbell curl, and replaces the barbell with a handle attached to a cable. This is a common burnout move performed for moderate to high reps, such as 8-12 reps per set, as part of an upper-body or arm-focused workout.",6.249272794237749,5,3.7796226564848743
837,Single-arm cable biceps curl,strength,Biceps,cable,intermediate,"The single-arm cable biceps curl is a single-joint isolation exercise for building the biceps. This move is intended to be strict and deliberate; this is not an exercise for using momentum or otherwise cheating. It is usually performed for moderate to high reps, such as 8-12 reps or more per set, as part of an arm-focused workout.",5.884635906028914,9,5.811884554821533
838,UP Cable Curl With Straight Bar,strength,Biceps,cable,intermediate,,6.788072817478095,10,9.040840303538245
839,30 Arms Cable Rope Hammer Curl,strength,Biceps,cable,intermediate,,3.460506620160924,12,7.764786567174753
840,30 Arms Squatting Cable Straight-Bar Curl,strength,Biceps,cable,intermediate,,8.442444443061067,8,8.09445727797511
841,30 Arms High Cable Curl,strength,Biceps,cable,intermediate,,9.72997849153164,10,5.061139074255973
842,30 Arms Cable Straight-Bar Curl,strength,Biceps,cable,intermediate,,5.777964337328154,13,8.569402583416457
843,30 Arms Cable Concentration Curl,strength,Biceps,cable,intermediate,,4.606963025130323,5,7.600885610211905
844,30 Arms BFR High Cable Curl,strength,Biceps,cable,intermediate,,9.249955721227208,9,7.781436472285716
845,BFR cable rope hammer curl,strength,Biceps,cable,intermediate,"The blood flow restriction (BFR) cable rope hammer curl is an arm movement that builds biceps size and strength using a cable stack, rope grip, and blood flow restriction bands. It is popular in high-rep ""pump""-style arm workouts. The bands should be placed as high as possible on your arms, at a tightness of no greater than 8 on a scale of 10. Most BFR workouts recommend using a far lighter weight than usual, perhaps as low as 25-50 percent of a normal working weight.",9.401180414823282,11,3.2454611784220995
846,Machine Bicep Curl,strength,Biceps,machine,beginner,,6.576713797828017,7,7.115356865418706
847,Machine Preacher Curls,strength,Biceps,machine,beginner,The machine preacher curl is an isolation exercise targeting the biceps.,9.513141293228797,13,6.184055101423757
848,Single-arm machine preacher curl,strength,Biceps,machine,intermediate,"The single-arm machine preacher curl is a popular exercise to build size and strength in the biceps. It approximates the motion of a free-weight preacher curl, but uses a selectorized weight stack or plate-loaded machine. Many such machines offer different grips and grip widths. Machine biceps curls are often done for moderate to high reps, such as 8-12 reps per set or more, as part of the upper-body or arm-focused portion of a workout.",8.86477573383969,14,6.629885232000572
849,Machine preacher curl,strength,Biceps,machine,intermediate,"The machine preacher curl is a popular exercise to build size and strength in the biceps. It approximates the motion of a free-weight preacher curl, but uses a selectorized weight stack or plate-loaded machine. Many such machines offer different grips and grip widths. Machine biceps curls are often done for moderate to high reps, such as 8-12 reps per set or more, as part of the upper-body or arm-focused portion of a workout.",7.028171019261258,5,5.570833205205389
850,Smith machine drag curl,strength,Biceps,machine,intermediate,"The Smith machine drag curl is a biceps-focused exercise using the bar in a Smith machine. It is usually trained in moderate to high reps, at least 8-15 reps per set, and can work in the biceps-focused portion of any workout.",6.883178758648242,3,5.335994541969603
851,30 Arms BFR Machine Preacher Curl,strength,Biceps,machine,intermediate,,5.355390903090884,12,9.513626097838962
852,Seated Biceps,flexibility,Biceps,none,beginner,,8.354661803903404,4,7.748501838892845
853,TBS Chin-Up,strength,Biceps,none,intermediate,"The a chin-up is a variation of the pull-up exercise in which the reps are performed with the palms facing toward the body, in an underhand position, with a grip that is narrower than shoulder-width. Like other pull-up variations, it builds strength and muscle in the upper back, biceps, and core, but it utilizes the biceps slightly more than overhand pull-ups. It can be used as a more shoulder-friendly alternative to straight-bar pull-ups, or to help perform more reps than you can perform overhand.",6.8007761318571065,11,9.911889462964261
854,Pull-up - Gethin Variation,strength,Biceps,none,intermediate,"The pull-up is a multi-joint bodyweight exercise that builds strength and muscle in the upper back, biceps, and core. It is often used as a measurement tool in military or tactical fitness tests, and is an excellent gauge of “relative strength” which is strength in relation to bodyweight.",8.325161341434946,3,3.8504469641745076
855,UN Pull-Up Supinated,strength,Biceps,none,intermediate,,9.31904479814795,9,6.376956779891782
856,UN Pull-Up Pronated,strength,Biceps,none,intermediate,,3.9825540617912845,7,4.5537607768107335
857,UN Pull-Up Neutral,strength,Biceps,none,intermediate,,7.209070381989241,14,4.570250898353441
858,EZ-Bar Curl,strength,Biceps,e-z_curl_bar,intermediate,"The standing EZ-bar curl is an immensely popular exercise targeting the biceps. It is commonly performed for moderate to high reps as part of an upper body or arms-focused workout. Many gyms even have EZ-bars at fixed weights, allowing for easy weight changes.",8.127853865833089,4,3.0860448655829256
859,Reverse Barbell Preacher Curls,strength,Biceps,e-z_curl_bar,beginner,"The reverse-grip barbell curl is a variation on the biceps curl where the palms face downward. The switch from an underhand to an overhand grip brings the forearm and brachialis muscles more into the exercise. If it is uncomfortable to the wrists, try performing it on the angles of an EZ-curl bar.",3.2921551443114554,12,6.343369551808362
860,Close-Grip EZ-Bar Curl with Band,strength,Biceps,e-z_curl_bar,beginner,,7.421985093048219,11,9.545037658171953
861,Standing EZ-Bar Curl - Gethin Variation,strength,Biceps,e-z_curl_bar,intermediate,"The standing EZ-bar curl is an immenselyp popular exercise targeting the biceps. It is commonly performed for moderate to high reps as part of an upper body or arms-focused workout. Many gyms even have EZ-bars at fixed weights, allowing for easy weight changes.",7.902805889445567,9,9.029444137874005
862,TBS EZ-Bar Curl,strength,Biceps,e-z_curl_bar,intermediate,"The standing EZ-bar curl is an immenselyp popular exercise targeting the biceps. It is commonly performed for moderate to high reps as part of an upper body or arms-focused workout. Many gyms even have EZ-bars at fixed weights, allowing for easy weight changes.",9.98578492756504,14,7.516409038922929
863,Standing EZ-bar curl,strength,Biceps,e-z_curl_bar,intermediate,"The standing EZ-bar curl is a popular exercise targeting the biceps. It is commonly performed for moderate to high reps as part of an upper-body or arm-focused workout. Many gyms even have EZ-bars at fixed weights, allowing for easy weight changes.",6.412805618056616,5,6.96489810535655
864,30 Arms Standing Overhand EZ-Bar Curl,strength,Biceps,e-z_curl_bar,intermediate,,7.915741839874951,13,7.2965712704680845
865,30 Arms EZ-Bar Spider Curl,strength,Biceps,e-z_curl_bar,intermediate,,4.9623879384642136,10,7.352998883733453
866,30 Arms EZ-Bar Preacher Curl,strength,Biceps,e-z_curl_bar,intermediate,,5.338232281521545,14,4.795886492003094
867,30 Arms Standing EZ-Bar Curl,strength,Biceps,e-z_curl_bar,intermediate,,9.305582059208422,3,6.871800846057868
868,Calf Raises - With Bands,strength,Calves,bands,beginner,,5.746266118711646,7,4.659639553064963
869,Peroneals Stretch,flexibility,Calves,bands,intermediate,,4.782253565444664,14,4.933250382194217
870,Posterior Tibialis Stretch,flexibility,Calves,bands,intermediate,,3.623247320981261,11,7.907120303215784
871,Calf SMR,flexibility,Calves,foam_roll,beginner,"Calf self-myofascial release (SMR) is a self-administered soft-tissue treatment for the lower body, usually using a foam roller, lacrosse ball, or other ""trigger point"" massage tool. By applying pressure strategically to the calf muscles of the lower leg, some people find they can cause this often painful and tight muscle to relax or ""release."" Calf SMR is often accompanied by SMR on the quadriceps muscles, or by stretches that target the calves.",6.969547249315549,3,9.645942527502434
872,Rocking Standing Calf Raise,strength,Calves,barbell,beginner,,3.476207267331027,9,5.982920268974043
873,Standing barbell calf raise,strength,Calves,barbell,beginner,"The standing barbell calf raise is a popular exercise to target the calf muscles of the lower leg, particularly the gastrocnemius muscle. It can be performed for time or for reps, either using a barbell or Smith machine bar if balance is a problem.",4.884286043580062,11,9.283651680182873
874,Barbell Seated Calf Raise,strength,Calves,barbell,beginner,,7.065213445981819,6,8.397386281111789
875,Smith machine standing calf raise,strength,Calves,barbell,intermediate,"The Smith machine standing calf raise is a machine-based exercise targeting the muscles of the calves, particularly the gastrocnemius or upper calf muscle. It is usually performed for moderate to high reps, such as 8-12 reps per set or more, as part of the lower-body portion of a workout.",9.470881733377926,4,8.59944832068599
876,Calf Raise On A Dumbbell,strength,Calves,dumbbell,beginner,,6.175532042278813,5,8.25898637107585
877,Standing Dumbbell Calf Raise,strength,Calves,dumbbell,intermediate,"The standing dumbbell calf raise is a popular exercise to target the calf muscles of the lower leg, and in particular the gastrocnemius muscles. It can be performed for time or for reps, either two dumbbells, or one if balance is a problem and you would like to use your free hand to hold a fixed object.",4.961302073695503,9,3.3721756419173237
878,Single-leg standing dumbbell calf raise,strength,Calves,dumbbell,intermediate,"The single-leg standing dumbbell calf raise is a popular exercise to target the calf muscles of the lower leg, particularly the gastrocnemius muscle. It can be performed for time or for reps, either with two dumbbells or with one if balance is a problem and you would like to use your free hand to hold a fixed object.",7.035640754509204,12,3.909118341197949
879,Dumbbell walking calf raise,strength,Calves,dumbbell,intermediate,"The dumbbell walking calf raise is a dynamic exercise targeting the calf muscles of the lower leg, particularly the gastrocnemius muscle. It can be performed for distance or for reps.",8.119266258733665,13,4.067078684171433
880,Balance Board,strength,Calves,other,beginner,,6.417927243397994,3,7.1415719616198245
881,Weighted donkey calf raise,strength,Calves,other,intermediate,"The weighted donkey calk raise is a strength and muscle-building exercise focused on the muscles of the lower leg, most prominently the gastrocnemius muscle. While traditional donkey calf raises involved either a specific machine or carrying another person on one's back, this method uses a weight belt. It can be done in traditional muscle-building rep ranges, or for higher reps as part of lower-body training.",8.704702148768536,14,3.0918903156075466
882,Anterior Tibialis-SMR,flexibility,Calves,other,beginner,,5.66816448790974,8,4.08932247389448
883,Foot-SMR,flexibility,Calves,other,beginner,,7.671794842335762,12,6.282869841949026
884,Agility Ladder,cardio,Calves,other,intermediate,,3.275455826453957,3,8.077449087053472
885,Single-leg machine seated calf raise,strength,Calves,other,intermediate,"The single-leg machine seated calf raise is an exercise targeting the calf muscles of the lower leg, particularly the soleus muscle. It is usually performed for moderate to high reps, such as 8-12 reps per set, but occasionally for higher reps of 20 per set or more.",6.291849567888148,3,4.208812527464009
886,Smith Machine Calf Raise,strength,Calves,machine,intermediate,"The Smith machine standing calf raise is a machine-based exercise targeting the muscles of the calves, particularly the gastrocnemius or upper calf muscle. It is usually performed for moderate to high reps, such as 8-12 reps per set or more, as part of the lower-body portion of a workout.",9.812693043058694,12,5.734747924238095
887,Standing Calf Raises,strength,Calves,machine,beginner,"The standing calf raise is a popular movement to target the calf muscles of the lower leg, and in particular the gastrocnemius muscles. When unweighted, it is usually performed for high reps or for time.",7.400566377750118,8,7.279285443865418
888,Seated Calf Raise,strength,Calves,machine,intermediate,"The machine seated calf raise is an exercise targeting the calf muscles of the lower leg, particularly the soleus muscle. It is usually performed for moderate to high reps, such as 8-12 reps per set, and occasionally for very high burnout-focused sets of 50-100 total reps.",3.1540384238987342,4,6.49101654969324
889,Calf Press On The Leg Press Machine,strength,Calves,machine,intermediate,"The leg press calf raise is an exercise that uses the leg press machine to work the calves. With the toes and balls of your feet on the platform but heels off, you push forward to work the calves.",3.817330004148867,9,8.014514878935529
890,Calf Press,strength,Calves,machine,beginner,"The standing calf raise is a popular movement to target the calf muscles of the lower leg, and in particular the gastrocnemius muscles. When unweighted, it is usually performed for high reps or for time.",7.898111109209344,7,5.115205146617447
891,Smith Machine Reverse Calf Raises,strength,Calves,machine,beginner,,3.203448246613257,11,9.810180696633804
892,Seated Single-Leg Calf Press - Gethin Variation,strength,Calves,machine,intermediate,"The single-leg machine seated calf raise is an exercise targeting the calf muscles of the lower leg, particularly the soleus muscle. It is usually performed for moderate to high reps, such as 8-12 reps per set, but occasionally for higher reps of 20 per set or more.",4.200106304044443,10,3.072957640844589
893,Seated Calf Raise - Gethin Variation,strength,Calves,machine,intermediate,"The machine seated calf raise is an exercise targeting the calf muscles of the lower leg, particularly the soleus muscle. It is usually performed for moderate to high reps, such as 8-12 reps per set, and occasionally for very high burnout-focused sets of 50-100 total reps.",9.121546584994851,5,3.8683056234670534
894,Donkey Calf Raise - Gethin Variation,strength,Calves,machine,intermediate,"The donkey calk raise is a strength and muscle-building exercise focused on the muscles of the lower leg, most prominently the gastrocnemius muscle. While traditional donkey calf raises involved either a specific machine or carrying another person on one's back, this method uses a weight belt. It can be done in traditional muscle-building rep ranges, or for higher reps as part of lower-body training.",9.275654043395384,11,3.6838155603570266
895,Standing Calf Raise Facing Hack Squat Machine - Gethin Variation,strength,Calves,machine,intermediate,The reverse hack squat calf raise is a varation of the standing calf raise to target them in a different manner.,3.0493948904479846,3,7.371092437238986
896,Calf Press On A Hack Squat Machine - Gethin Variation,strength,Calves,machine,intermediate,The hack squat calf raise is a variation of the standing calf raise to target them in a different manner than seated or fully standing.,9.552170197714995,14,9.057929260078755
897,Smith Machine Standing Calf Raises - Gethin Variation,strength,Calves,machine,intermediate,"The Smith machine standing calf raise is a machine-based exercise targeting the muscles of the calves, particularly the gastrocnemius or upper calf muscle. It is usually performed for moderate to high reps, such as 8-12 reps per set or more, as part of the lower-body portion of a workout.",9.346958123257135,13,5.323836214567645
898,Hack squat calf raise,strength,Calves,machine,intermediate,"The hack squat calf raise is a variation of the standing calf raise performed in a hack squat machine. This allows for heavy loading, but also shoulder comfort from the pads of the hack squat. Calf raise variations are often performed for relatively high reps, such as 10-20 reps per set or more.",6.4932724347310256,3,4.698945036590935
899,Seated Calf Press - Gethin Variation,strength,Calves,machine,intermediate,"The machine seated calf raise is an exercise targeting the calf muscles of the lower leg, particularly the soleus muscle. It is usually performed for moderate to high reps, such as 8-12 reps per set, and occasionally for very high burnout-focused sets of 50-100 total reps.",6.205825115928855,12,9.551524404618112
900,Leg press calf raise,strength,Calves,machine,intermediate,"The leg press calf raise is a variation of the standing calf raise performed in a leg press machine. This allows for heavy loading, but also shoulder comfort from the pads of the leg press. Calf raise variations are often performed for relatively high reps, such as 10-20 reps per set or more.",8.047963952035744,9,9.981527309558274
901,Machine seated calf raise,strength,Calves,machine,intermediate,"The machine seated calf raise is an exercise targeting the calf muscles of the lower leg, particularly the soleus muscle. It is usually performed for moderate to high reps, such as 8-12 reps per set, and occasionally for very high burnout-focused sets of 50-100 total reps.",8.078714225037528,3,5.137567837551648
902,30 Legs Seated Calf Raise,strength,Calves,machine,intermediate,,3.9306006324917746,10,9.802858411513082
903,30 Legs Standing Calf Raise,strength,Calves,machine,intermediate,,5.274288125834778,10,7.175498329122219
904,Peroneals-SMR,flexibility,Calves,none,intermediate,,6.386075883417176,12,6.281333862229609
905,Knee Circles,flexibility,Calves,none,beginner,,3.781891761604798,3,3.565634569877382
906,Standing Gastrocnemius Calf Stretch,flexibility,Calves,none,intermediate,,7.613624515654149,6,9.379109143574208
907,Wall calf stretch,flexibility,Calves,none,intermediate,The wall calf stretch is a stretch targeting the calf muscles. This is a simple way to stretch these often-tight muscles without any equipment needed.,3.763853418457714,14,6.063010640139986
908,Seated Calf Stretch,flexibility,Calves,none,intermediate,,6.041940700073846,4,6.0323968675584885
909,Standing Calf Raise,strength,Calves,none,intermediate,"The standing calf raise is a popular movement to target the calf muscles of the lower leg, and in particular the gastrocnemius muscles. When unweighted, it is usually performed for high reps or for time.",4.311272395016108,11,7.928860611475221
910,Standing calf raise-,strength,Calves,none,intermediate,"The standing calf raise is a popular movement to target the calf muscles of the lower leg, particularly the gastrocnemius muscle. When unweighted, it is usually performed for high reps or for time.",8.003538919044141,3,9.812494727883843
911,HM Left Calf-Spike Sumo Pulse,strength,Calves,none,intermediate,,3.3067903679732873,5,9.637836241323651
912,Ankle Circles,flexibility,Calves,none,beginner,,8.874916234714643,10,8.73790503611229
913,Calf Stretch Elbows Against Wall,flexibility,Calves,none,beginner,,6.268086284570231,4,7.554276698838566
914,Standing Soleus And Achilles Stretch,flexibility,Calves,none,beginner,,4.403759644097224,3,9.419323412528858
915,Cross Over - With Bands,strength,Chest,bands,beginner,,4.693231911989263,8,3.830876095643614
916,Bench Press - With Bands,strength,Chest,bands,beginner,,6.407882950602685,12,5.059775942316355
917,Bench Press With Short Bands,strength,Chest,bands,beginner,,9.351929290488556,4,5.298677118004923
918,Feet-Elevated TRX Push-Up,strength,Chest,bands,beginner,,6.631333557873005,3,9.875559232987733
919,Band-suspended kettlebell bench press,strength,Chest,bands,intermediate,"The band-suspended kettlebell bench press is a bench press variation where kettlebells or weight plates are hung from the ends of a barbell by looped bands. The suspended weights can be in addition to normally loaded weight plates, or in the place of them. Because the instability of the weights makes the lift difficult, this bench press variety is a popular accessory movement for building the traditional bench press in powerlifting training.",6.301769342087082,13,9.849233061655305
920,HM Banded Cross-Over Pull,strength,Chest,bands,intermediate,,7.872127204223903,12,6.7484372530152665
921,Rusin Band Pull-Apart,strength,Chest,bands,intermediate,,7.109775970599607,7,5.9028682470406855
922,UNS Banded Push-Up,strength,Chest,bands,intermediate,,7.501757368587752,9,4.241515480251737
923,Taylor Band-Assisted One-Arm Push-Up,strength,Chest,bands,intermediate,,8.069755602820575,7,9.97959177799368
924,Incline band bench press,strength,Chest,bands,intermediate,"The incline band bench press is variation of the incline press, a popular upper-body exercise targeting the upper pectoral muscles. While it can be a strength-focused movement, it is usually performed for moderate to high reps, such as 8-12 reps per set or more, as part of upper-body or chest-focused training.",6.9384779719081315,3,8.605543425084312
925,Band push-up,strength,Chest,bands,intermediate,"The band push-up is a progression of the popular bodyweight version of the exercise commonly used in military and tactical physical fitness tests. Adding the dynamic resistance of the band matches the strength curve of the push-up and helps build upper-body muscle and strength, emphasizing the chest, triceps, and shoulders, but also working the upper back and core.",5.4027173059802935,4,7.899584663310131
926,Band chest fly,strength,Chest,bands,intermediate,"Similar to the cable chest fly, the band chest fly is a single-joint movement that works the pectoral muscles. The fly is common in upper-body and chest-focused muscle-building workouts, and the band variation works well as a pre-exhaust at the beginning of a workout or a finishing movement at the end. It is often used in combination with other presses or flyes to target the chest from different angles.",4.236432088631764,13,6.524111110140407
927,Close-grip bench press,strength,Chest,barbell,intermediate,"The close-grip bench press is a popular exercise targeting the triceps and chest. The main difference between this exercise and the standard bench press is that the hands and elbows are placed closer together, which places more of an emphasis on the triceps. The close-grip bench press is often used as an accessory movement for the traditional bench press, or as a triceps builder for arm training. Similar to the bench press, it can be trained in low reps for strength or higher reps for muscle or strength endurance.",7.720823340442498,5,8.43317522947104
928,Barbell Bench Press - Medium Grip,strength,Chest,barbell,intermediate,"The bench press is a compound exercise that builds strength and muscle in the chest and triceps. When many people think of listing, the bench press is often the first exercise that comes to mind",8.725896723564064,11,8.15432527304298
929,Decline barbell bench press,strength,Chest,barbell,intermediate,"The decline barbell bench press is a popular upper-body exercise targeting the lower pectoral muscles. While it can be a strength-focused movement, it is usually performed for moderate to high reps, such as 8-12 reps per set or more, as part of upper-body or chest-focused training.",3.0805055676484323,3,8.872931095205566
930,Wide-grip bench press,strength,Chest,barbell,beginner,"The wide-grip bench press is a compound exercise targeting the chest and, to a lesser extent, the triceps. The main difference between this exercise and the standard bench press is that the hands are placed farther apart on the bar. Many lifters find they can handle more weight going wide than with narrower grips, although it's also worth noting that plenty of banged-up lifters have said benching with a wide grip may also have contributed to their shoulder injuries and pain. The wide-grip bench is often used as a chest-building movement in chest or upper-body workouts, or as an accessory movement for the traditional bench press.",3.9285935201272606,9,9.680515177009806
931,Wide-Grip Decline Barbell Bench Press,strength,Chest,barbell,beginner,,3.4346868055673463,11,8.160384542956745
932,Barbell Incline Bench Press Medium-Grip,strength,Chest,barbell,intermediate,The incline bench press is an upper body compound movement that targets the upper chest.,6.65874328845034,6,4.960605310173417
933,Neck Press,strength,Chest,barbell,beginner,,8.860637192491907,5,3.5132683130125493
934,Front Raise And Pullover,strength,Chest,barbell,beginner,,7.2289559603598725,5,3.139928523677618
935,Board bench press,strength,Chest,barbell,intermediate,"The board bench press is an upper-body exercise that is commonly performed as an assistance movement for the bench press. It targets the same muscles as the bench press, including the chest and shoulders, but really focuses on the triceps. Because you can load it more heavily than a full bench press, it allows you to overload the triceps and lock out of the bench press.",3.0389798268764325,7,7.055916222132485
936,Barbell Bench Press-Wide Grip,strength,Chest,barbell,beginner,"The wide-grip bench pressis a compound exercise targeting the chest, primarily. The main difference between this exercise and the standard bench press is that the hands are placed wider apart on the bar.",5.791923892243224,4,4.020470952424729
937,Wide-Grip Decline Barbell Pullover,strength,Chest,barbell,beginner,,3.0456927522431863,3,8.385567711665836
938,Barbell Guillotine Bench Press,strength,Chest,barbell,beginner,,6.718096356617107,7,4.628381440350213
939,Band-suspended kettlebell bench press,strength,Chest,bands,intermediate,"The band-suspended kettlebell bench press is a bench press variation where kettlebells or weight plates are hung from the ends of a barbell by looped bands. The suspended weights can be in addition to normally loaded weight plates, or in the place of them. Because the instability of the weights makes the lift difficult, this bench press variety is a popular accessory movement for building the traditional bench press in powerlifting training.",5.480506487247834,11,4.352531714328096
940,Paul Carter Incline Bench Press,strength,Chest,barbell,intermediate,The incline bench press is an upper body compound movement that targets the upper chest.,4.301144305772558,8,9.69802091936971
941,Incline bench press,strength,Chest,barbell,intermediate,"The incline bench press is a popular barbell exercise targeting the chest muscles, particularly the upper pectoral muscles. While it can be a strength-focused movement, it is usually performed for moderate to high reps, such as 8-12 reps per set or more, as part of upper-body or chest-focused training.",8.531066632760828,7,7.875450983472825
942,Bench press,strength,Chest,barbell,intermediate,"The bench press is a popular barbell exercise that builds strength and muscle in the chest, triceps, and shoulders. It is a popular way to measure overall upper-body strength, and is contested in the sport of powerlifting. When many people think of lifting, the bench press is often the first exercise that comes to mind. It can be performed for low reps for strength, higher reps for muscle, or for higher reps to build or measure strength endurance, like in the 225-pound bench press rep test in the NFL combine.",6.022267462728384,4,4.718684441333602
943,TBS Close-Grip Bench Press,strength,Chest,barbell,intermediate,The close-grip bench pressis a compound exercise targeting the triceps and chest. The main difference between this exercise and the standard bench press is that the hands and elbows are placed closer together.,5.890371591061656,6,4.691688739414152
944,AM Flat Bench Barbell Press,strength,Chest,barbell,intermediate,"The bench press is a compound exercise that builds strength and muscle in the chest and triceps. When many people think of listing, the bench press is often the first exercise that comes to mind",4.601369453756762,10,7.883857817303791
945,UP Bench Press,strength,Chest,barbell,intermediate,"The bench press is a compound exercise that builds strength and muscle in the chest and triceps. When many people think of listing, the bench press is often the first exercise that comes to mind",4.519334447405328,3,3.3419588070056543
946,UP Close-Grip Bench Press,strength,Chest,barbell,intermediate,The close-grip bench pressis a compound exercise targeting the triceps and chest. The main difference between this exercise and the standard bench press is that the hands and elbows are placed closer together.,8.834331718377541,11,9.733234254060676
947,King Maker Barbell Bench Press,strength,Chest,barbell,intermediate,"The bench press is a compound exercise that builds strength and muscle in the chest and triceps. When many people think of listing, the bench press is often the first exercise that comes to mind",5.374056557374825,9,3.1104218074811847
948,King Maker Incline Barbell Bench Press,strength,Chest,barbell,intermediate,The incline bench press is an upper body compound movement that targets the upper chest.,8.394745518897366,9,3.401570133837189
949,30 Chest Incline Barbell Bench Press,strength,Chest,barbell,intermediate,,4.759112437931852,11,9.487893730716248
950,30 Chest Barbell Bench Press,strength,Chest,barbell,intermediate,,9.363480092003382,14,6.0851465079319755
951,30 Chest 30-Degree Incline Dumbbell Press,strength,Chest,barbell,intermediate,,4.945900535499705,13,6.118848263920661
952,Spoto press,strength,Chest,barbell,intermediate,"The Spoto press is a variation of the popular barbell exercise the bench press that builds strength and muscle in the chest, triceps, and shoulders. It differs from the bench press in that the lifter pauses for a few seconds at the bottom of the movement before pressing the bar back up. This pause removes all momentum and increases the time under tension for the chest and shoulder muscles to help develop upper-body musculature and strength.",9.806627950035542,9,8.541352904632054
953,Kettlebell plyo push-up,strength,Chest,kettlebells,intermediate,"The kettlebell plyo push-up is an explosive upper-body movement that uses a kettlebell primarily as a platform for the hands. A short step, dumbbell, or other stationary object could also be used in place of the kettlebell. It can be performed for reps or time, either for low reps to build explosive power or for higher reps for conditioning.",7.145487625364082,14,8.82934162744148
954,Extended Range One-Arm Kettlebell Floor Press,strength,Chest,kettlebells,beginner,,9.244041825904201,12,5.538929479271581
955,Kettlebell alternating floor press,strength,Chest,kettlebells,beginner,"The kettlebell alternating floor press limits the range of motion you would achieve with a dumbbell or kettlebell bench press, but still targets the chest, triceps, and anterior delts. This allows you to build strength in the top portion of the lift, overload the triceps, and work on strengthening the shoulder stabilizers.",3.5039450419091236,11,5.226442973030864
956,One-Arm Kettlebell Floor Press,strength,Chest,kettlebells,beginner,,4.299096532240145,4,3.547798893765145
957,Leg-Over Floor Press,strength,Chest,kettlebells,beginner,,5.151243574709982,12,5.600120197708987
958,Band-suspended kettlebell bench press,strength,Chest,bands,intermediate,"The band-suspended kettlebell bench press is a bench press variation where kettlebells or weight plates are hung from the ends of a barbell by looped bands. The suspended weights can be in addition to normally loaded weight plates, or in the place of them. Because the instability of the weights makes the lift difficult, this bench press variety is a popular accessory movement for building the traditional bench press in powerlifting training.",6.035450198664585,9,5.968222319067687
959,FYR2 Push-Up to Kettlebell Hike Combo,strength,Chest,kettlebells,intermediate,,5.283658190477784,4,3.570268696196946
960,Pushups,strength,Chest,none,intermediate,"The push-up is a popular bodyweight exercise that is commonly used in military and tactical physical fitness tests. It’s a classic movement to build upper-body muscle and strength, emphasizing the chest, triceps, and shoulders, but also working the upper back and core.",6.145441920021247,9,4.708620313446129
961,Incline Push-Up,strength,Chest,none,intermediate,"The hands-elevated push-up is a variation on the push-up, a body-weight standard. The hands are elevated, so that your body is aligned at an angle to the floor rather than parallel.",9.832124654246503,11,8.327597367535862
962,Hands-elevated push-up,strength,Chest,none,beginner,"The hands-elevated push-up is a variation on the classic push-up where the hands are placed on a bench or other elevated surface. Having the hands higher than the feet makes it easier than push-ups on the floor, but also puts the emphasis more on the triceps. It can be used as a substitute for floor push-ups or as a mechanical dropset after maxing out on floor push-ups.",8.37275906382587,5,9.358267853078038
963,Decline Push-Up,strength,Chest,none,intermediate,"The feet-elevated push-up is a variation on the push-up, a body-weight standard. The feet are elevated, so that your body is aligned at an angle to the floor rather than parallel.",4.954880663485401,3,8.632879642386156
964,Single-Arm Push-Up,strength,Chest,none,beginner,,3.5183707857049162,7,9.837121109144388
965,Close push-up to wide push-up,strength,Chest,none,intermediate,"The close push-up to wide push-up combines two variations of a push-up to emphasize the strengthening of different muscles. The close push-up emphasizes the triceps, while the wide push-up emphasizes the chest and shoulders.",6.981799693234766,4,6.316914075238203
966,Wide-grip hands-elevated push-up,strength,Chest,none,beginner,"The wide-grip hands-elevated push-up is a variation on the elevated push-up performed with the hands farther apart than with a standard push-up. Having the hands higher than the feet makes it easier than wide-grip push-ups on the floor, but the extra width also puts more emphasis on the chest muscles. It can be used as a substitute for wide-grip floor push-ups, or as a mechanical dropset after maxing out on floor push-ups.",3.332547424260019,10,7.222968803714282
967,Push-Ups With Feet On An Exercise Ball,strength,Chest,none,intermediate,,8.98731914323869,7,9.36299397083711
968,Feet-elevated push-up,strength,Chest,none,intermediate,"The feet-elevated push-up is a variation on the push-up, a bodyweight standard. The feet are elevated so that your body is aligned at an angle to the floor rather than parallel. This makes it more difficult than push-ups on the floor, but also puts more emphasis on the shoulder muscles. It is often used as a bodyweight substitute for incline presses, or as a burnout movement for a chest or shoulder workout.",8.93540719955043,7,8.466388748566093
969,Isometric Wipers,strength,Chest,none,beginner,The typewriter push-up is an advanced push-up variation where the hands are extra wide and you lower toward each hand in alternating reps. It is more challenging to each working arm than traditional push-ups and also stretches and challenges the chest.,5.532678717912077,9,8.017366954773497
970,Clock push-up,strength,Chest,none,beginner,"The clock push-up is a series of regular push-ups performed one at a time, moving your hands one step to the side between each one until you've completed a full circle. It targets the same muscles as traditional push-ups, such as the chest, triceps, and shoulders, but adds an endurance and core challenge to traditional push-ups.",8.163636948076745,6,9.377614574013093
971,Incline Push-Up Depth Jump,cardio,Chest,none,intermediate,,9.368754083378565,11,9.761845959877206
972,Push-Up Wide,strength,Chest,none,beginner,"The wide push-up is a variation of the push-up with the hands wider than shoulder-width apart. It targets upper-body muscle groups including the chest, shoulders, and triceps, but has more of a chest emphasis than narrower-grip push-up variations. If wide push-ups lead to pain in the front of your shoulder, opt for a narrower version.",8.149632663625818,11,5.5418026893079215
973,Sphinx push-up,strength,Chest,none,intermediate,"The sphinx push-up is a difficult variation of the push-up that ends with the forearms on the ground in front of the body, rather than with the chest on the ground. It puts more stress on the triceps than traditional push-ups. It can be performed for time or reps in any bodyweight workout or during any arms-focused portion of a workout.",9.801705671651089,13,8.620447209675312
974,Close-Hands Push-Up,strength,Chest,none,beginner,"The close push-up is an upper-body exercise that targets the chest, triceps, and shoulders. The close hand position places more emphasis on the triceps.",8.825550933171314,9,8.966390774544237
975,Tiger-bend push-up,strength,Chest,none,beginner,The tiger-bend push-up is an advanced push-up variation where you shift onto your forearms at the bottom position and then back onto your hands and up again. It targets the triceps far more than regular push-ups.,3.7828715233193666,11,9.734829582497175
976,Plyo push-up,cardio,Chest,none,beginner,"The plyo push-up is a bodyweight exercise aimed at increasing upper-body power and strength. It targets the muscles of the chest, triceps, and shoulders, and can be trained in low reps for power and strength, or higher reps for conditioning.",8.627011764403424,5,3.4581930324372134
977,Close-grip hands-elevated push-up,strength,Chest,none,intermediate,"The close-grip hands-elevated push-up is a variation on the classic push-up where the hands are placed on a bench or other elevated surface. Having the hands higher than the feet makes it easier than close-grip push-ups on the floor, but also puts the emphasis more on the triceps. It can be used as a substitute for floor push-ups or close-grip push-ups, or as a mechanical dropset after maxing out on floor push-ups.",9.230561535076562,3,9.0272827758879
978,Suspended push-up,strength,Chest,none,intermediate,"The suspended push-up is a bodyweight pushing exercise performed on a suspension strap system or gymnastic rings. It targets the chest, shoulders, and triceps, but is also challenging to the core and upper back. It can work in traditional strength and muscle-building rep ranges or for higher reps.",8.789143333794051,5,4.311646996860814
979,Push Up to Side Plank,strength,Chest,none,intermediate,"The push-up to side plank is an upper-body and core-focused exercise combining two popular bodyweight movements. It targets the chest, triceps, and shoulders with the push-up, and the obliques and hip external rotator muscles with the side plank. It can be performed as part of a dynamic warm-up or any bodyweight strength-training workout.",7.841963032002225,8,3.189048027227443
980,Isometric Chest Squeezes,cardio,Chest,none,beginner,,3.537145133928086,14,4.37287067299347
981,Side-to-side push-up,strength,Chest,none,beginner,The side-to-side push-up is a variation of the push-up exercise where you side-step the opposite hand and foot and perform a push-up.,3.102054053866302,6,8.260037633721689
982,Typewriter push-up,strength,Chest,none,beginner,The typewriter push-up is an advanced push-up variation where the hands are extra wide and you lower toward each hand in alternating reps. It is more challenging to each working arm than traditional push-ups and also stretches and challenges the chest.,6.654091489467112,3,6.008011753858453
983,Diamond push-up,strength,Chest,none,intermediate,"The diamond push-up is an advanced variation of the push-up exercise performed with the hands in a diamond shape. It increases the challenge to the triceps, but also targets the chest and shoulders.",4.38554478079193,10,8.38235282201645
984,Judo push-up,strength,Chest,none,beginner,"The judo push-up is an advanced push-up variation that blends elements of the yoga poses downward- and upward-facing dog. This movement increases the demands on the shoulders, but also has mobility benefits. It can work in a dynamic warm-up or mobility-focused workout, but also in bodyweight strength training.",7.66052523081347,6,9.745363840589619
985,Superman Push-Up,cardio,Chest,none,beginner,,9.571430700718983,7,8.967357787927527
986,Wide push-up,strength,Chest,none,beginner,"The wide push-up is a variation of the push-up with the hands wider than shoulder-width apart. It targets upper-body muscle groups including the chest, shoulders, and triceps, but has more of a chest emphasis than narrower-grip push-up variations. If wide push-ups lead to pain in the front of your shoulder, opt for a narrower version.",7.984434624870146,4,8.606148635480373
987,One-Arm Push-Up,strength,Chest,none,beginner,,3.180695918963825,3,4.392726302465274
988,Clapping Push-Up,cardio,Chest,none,beginner,"Also known as a plyo push-up, the clapping push-up is a bodyweight exercise aimed at increasing upper-body power and strength. It targets the muscles of the chest, triceps, and shoulders, and can be trained in low reps for power and strength, or higher reps for conditioning.",7.461290608011941,13,5.398443215794464
989,Staggered push-up,strength,Chest,none,beginner,"The staggered push-up is a variation of the push-up exercise where your hand position is staggered, with one hand forward and one back. It targets the same muscles as a traditional push-up, including the chest, triceps, and shoulders, but is more difficult to the rear arm and core.",6.145177690437599,4,8.8471383637078
990,Reverse-grip hands-elevated push-up,strength,Chest,none,beginner,"The reverse-grip hands-elevated push-up is a bodyweight exercise performed on a Smith machine or other elevated surface. It targets the chest, triceps, and shoulders. It can work as a regression of floor reverse-grip push-ups, or in a progressive mechanical dropset moving the bar up once you reach failure at a lower height.",8.75292569916526,10,3.0013821782464762
991,Triple Clap Push-Up,cardio,Chest,none,beginner,,7.9059541325762765,3,3.2731223632465754
992,Side kick-through push-up,strength,Chest,none,intermediate,"The side kick-through push-up is a full-body movement that begins in a bear crawl position and ends with a leg kicked out to the side, with a push-up performed between kick-throughs. It is commonly performed for reps or timed bodyweight circuits and animal-style flows, but can also work on its own or as part of a dynamic warm-up or mobility sequence.",8.605438547687427,8,6.909238419722082
993,Swimming,cardio,Chest,none,intermediate,,7.067185380258681,13,5.320730630410468
994,FYR Push-Up,strength,Chest,none,intermediate,"The push-up is a popular bodyweight exercise that is commonly used in military and tactical physical fitness tests. It’s a classic movement to build upper-body muscle and strength, emphasizing the chest, triceps, and shoulders, but also working the upper back and core.",9.546090283490457,3,5.6267956782572535
995,Frog push-up,strength,Chest,none,intermediate,"The frog push-up is an advanced push-up variation that is performed with the legs bent and butt in the air. It heavily targets the triceps and shoulders, but is also quite challenging to the core.",9.522315538833979,3,7.053372798539507
996,Wide push-up plank hold,strength,Chest,none,intermediate,"The wide push-up plank hold is a full-body exercise targeting the core. Because the arms aren't directly under the body, it can be more difficult than traditional push-up planks, especially for the upper back and chest, but also for the core.",4.947252699356319,5,6.944404328577852
997,Close push-up,strength,Chest,none,intermediate,"The close push-up is an upper-body exercise that targets the chest, triceps, and shoulders. The close hand position places more emphasis on the triceps.",3.327451119773031,3,3.1711067357812306
998,Push-Up - Gethin Variation,strength,Chest,none,intermediate,"The push-up is a popular bodyweight exercise that is commonly used in military and tactical physical fitness tests. It’s a classic movement to build upper-body muscle and strength, emphasizing the chest, triceps, and shoulders, but also working the upper back and core.",6.643167932153975,4,9.273956286578551
999,HM Incline Push-Up On Chair,strength,Chest,none,intermediate,,6.999196481936522,10,5.304605984006929
1000,HM Push-Up,strength,Chest,none,intermediate,,6.849346980632727,8,6.144157013173172
1001,HM Push-Plank,strength,Chest,none,intermediate,,6.288205401701896,3,8.907658302772392
1002,AM Chest Dips,strength,Chest,none,intermediate,The chest dip is a chest-building exercise in which the lifter hangs between two parallel handles. Leaning the torso slightly forward shifts the emphasis from the triceps to the chest.,3.219316362756647,13,3.9273285028566454
1003,Push-up,strength,Chest,none,intermediate,"The push-up is a popular bodyweight exercise that is commonly used in military and tactical physical fitness tests. It’s a classic movement to build upper-body muscle and strength, emphasizing the chest, triceps, and shoulders, but also working the upper back and core.",9.136707436623034,6,4.279303969912041
1004,UP Push-up,strength,Chest,none,intermediate,"The push-up is a popular bodyweight exercise that is commonly used in military and tactical physical fitness tests. It’s a classic movement to build upper-body muscle and strength, emphasizing the chest, triceps, and shoulders, but also working the upper back and core.",9.178356305426234,13,6.832490961465865
1005,UN Push-Up,strength,Chest,none,intermediate,,5.935605418783699,14,6.640517003215233
1006,UNS Foam Roll Pecs,strength,Chest,none,intermediate,,5.5496678146849705,3,7.938740062426062
1007,UN Hands Elevated Push-Up,strength,Chest,none,intermediate,,4.395998531416364,4,5.979705812686342
1008,Holman Seal Drag to Push-Up,strength,Chest,none,intermediate,,5.346054646666341,11,4.730141476300897
1009,Holman Hand-Elevated Push-Up with Hand Row,strength,Chest,none,intermediate,,7.723008496894634,4,3.4668081265189956
1010,Holman Push-Up,strength,Chest,none,intermediate,,7.983355752459851,3,8.856783313946268
1011,Holman Slow Hips-Up Chest Press,strength,Chest,none,intermediate,,3.013638100975932,9,3.0002077215254577
1012,Holman Jump-Out Push-Up with Hand Hop Back,strength,Chest,none,intermediate,,3.8819993013322085,8,3.9302913373616826
1013,Holman Froggy Push-Up to Donkey Kick,strength,Chest,none,intermediate,,9.129922194415846,10,3.066134576588644
1014,Holman Push-Up to Sit Back,strength,Chest,none,intermediate,,9.196901718342568,10,6.7786807243252
1015,Holman Sit Back Push-Up,strength,Chest,none,intermediate,,6.655315337927418,4,4.097815862126273
1016,Holman Alternating Staggered Push-Up,strength,Chest,none,intermediate,,6.7470222394083805,7,4.972733348693474
1017,Holman Foot-Up Diving Push-Up,strength,Chest,none,intermediate,,4.6956893101978565,4,5.534353340157318
1018,Holman Narrow Push-Up,strength,Chest,none,intermediate,,9.207979743189732,12,9.55951733884227
1019,Holman Dynamo Push-Up,strength,Chest,none,intermediate,,9.680031063574265,9,3.4507525126245144
1020,Holman Jump to Push-Up,strength,Chest,none,intermediate,,3.34571695670059,9,7.704357730049732
1021,Holman Foot-Elevated Push-Up,strength,Chest,none,intermediate,,3.223728344601247,13,3.833739682719236
1022,Holman Feet-Elevated Push-Up,strength,Chest,none,intermediate,,9.116732821855166,5,6.035855229712093
1023,Total Fitness Plyo Push-Up,strength,Chest,none,intermediate,"The plyo push-up is a bodyweight exercise aimed at increasing upper-body power and strength. It targets the muscles of the chest, triceps, and shoulders, and can be trained in low reps for power and strength, or higher reps for conditioning.",4.930109940283413,9,6.516857835567304
1024,Scapular push-up,strength,Chest,none,intermediate,"The scapular push-up is an upper-body exercise aimed at increasing the stability of the scapulae and mobility in the shoulders. It is often performed as part of a dynamic warm-up before an upper-body workout, or as part of a mobility session.",6.154064265421697,12,4.0339143999022244
1025,King Maker Push-up,strength,Chest,none,intermediate,"The push-up is a popular bodyweight exercise that is commonly used in military and tactical physical fitness tests. It’s a classic movement to build upper-body muscle and strength, emphasizing the chest, triceps, and shoulders, but also working the upper back and core.",8.924253892407055,11,9.713044738243656
1026,Warrior push-up,strength,Chest,none,intermediate,"The warrior push-up is a series of push-up and plank variations combined into a single sequence. They include a Judo push-up, plank, side plank, mountain climber, diamond push-up, and regular push-up. Done together, they tax the upper-body muscles from different angles and increase time under tension for the entire body.",4.157332665777252,9,7.268939105383225
1027,Taylor Roll-Over Push-Up,strength,Chest,none,intermediate,,9.970753820287275,14,7.414394758450166
1028,Taylor One-Arm Push-Up Slow Negative,strength,Chest,none,intermediate,,7.511412772339118,5,4.111702448484565
1029,30 Chest Push-Up To Isometric Hold,strength,Chest,none,intermediate,,6.528231628211317,6,6.941156995697867
1030,30 Chest Push-Up,strength,Chest,none,intermediate,,9.243887874896165,10,6.001357137651114
1031,30 Chest Bench Push-Up,strength,Chest,none,intermediate,,9.274983252107834,14,4.303297603391206
1032,MetaBurn 3-Phase Push-Up,strength,Chest,none,intermediate,,6.360367263792822,5,4.529912102975953
1033,MetaBurn Fast Feet To Push-Up,strength,Chest,none,intermediate,,7.6495936503045305,6,6.664069481911423
1034,MetaBurn Judo Push-Up To Pike Push-Up,strength,Chest,none,intermediate,,7.527856484614371,4,3.5386560481909766
1035,MetaBurn Pike Push-Up,strength,Chest,none,intermediate,,6.838098367019836,4,8.696254800591953
1036,MetaBurn Push-Up To Frogger,strength,Chest,none,intermediate,,4.16680482896173,8,8.947010525293333
1037,MetaBurn Push-Up With Hand Side-Step,strength,Chest,none,intermediate,,4.304700912295623,7,6.104453899587863
1038,MetaBurn Push-Up With Hand-Up Rotation,strength,Chest,none,intermediate,,7.234030445080945,5,6.8697095347521495
1039,MetaBurn Sphinx Push-Up,strength,Chest,none,intermediate,,6.382665351340474,6,8.098347800452165
1040,MetaBurn Spiderman Push-Up,strength,Chest,none,intermediate,,8.520410479263207,13,6.089688565585327
1041,Roberston Push-up to Down Dog,strength,Chest,none,intermediate,,3.797365734231754,11,4.193142360452674
1042,FYR2 Push-Up-Breakdancer-Shoulder-Tap Complex,strength,Chest,none,intermediate,,4.223615951919458,9,7.979111959501895
1043,ACFT Hand-release push-up,strength,Chest,none,intermediate,"The hand-release push-up is a variation of the push-up, a popular bodyweight exercise commonly used in military and tactical physical fitness tests. It’s a movement to build upper-body strength and endurance, emphasizing the chest, triceps, and shoulders, but also working the upper back and core. This specific exercise is part of the new Army Combat Fitness Test or ACFT.",8.550574798681938,14,9.729305850383279
1044,1.5-rep push-up,strength,Chest,none,intermediate,"The 1.5-rep push-up is a more difficult variation of the push-up, commonly used to train for military and tactical physical fitness tests. It builds upper-body muscle and strength, emphasizing the chest, core, upper back, triceps, and shoulders.",7.587441053643128,9,8.445332868300895
1045,ACFT Triple-clap push-up,strength,Chest,none,intermediate,"The triple-clap push-up is an explosive bodyweight exercise aimed at increasing upper-body power and strength. It is an advanced exercise targeting the muscles of the chest, triceps, core, and shoulders.",6.542706117364905,5,5.37412934719373
1046,ACFT Superman push-up,strength,Chest,none,intermediate,"The Superman push-up is an explosive bodyweight exercise aimed at increasing upper-body power and strength. It is an advanced exercise targeting the muscles of the chest, triceps, shoulders, and core that involves pressing up off the floor and lifting the hands and feet off the ground simultaneously at the top of the movement.",5.921977667869167,12,5.031641304404524
1047,Cross-over push-up,strength,Chest,none,intermediate,The cross-over push-up is a variation of the push-up that adds a degree of difficulty by stepping over a small box or step between repetitions. It can be performed for time or for reps and creates a greater core stabilization challenge by forcing the core muscles to maintain the a neutral spine throughout the movement.,3.9406721265987907,10,5.0601432760853235
1048,Leverage Incline Chest Press,strength,Chest,machine,beginner,,5.0188104598986545,12,5.615341277097823
1049,Butterfly,strength,Chest,machine,intermediate,"The machine chest fly is an exercise targeting the chest. The motion is often compared to bear-hugging a tree trunk. In chest workouts, this exercise often follows compound moves such as the bench press.",9.992667776767881,13,5.207610012267774
1050,Leverage Chest Press,strength,Chest,machine,beginner,The machine chest press is an upper body exercise targeting the pectoral muscles.,9.431758503924904,13,6.097917326301819
1051,Decline Smith Press,strength,Chest,machine,beginner,"The Smith machine decline bench press is a machine-based exercise targeting the chest muscles, particularly the lower pectoral muscles. The Smith machine mimics a barbell but provides more stability. This movement is often performed for moderate to high reps, such as 8-12 reps per set or more, as part of a chest or upper-body workout.",5.315923115811315,5,9.027479267756306
1052,Smith machine bench press,strength,Chest,machine,intermediate,"The Smith machine bench press is a machine-based movement targeting the chest. The Smith machine mimics a barbell but provides more stability. This movement can be programmed in low reps for strength or higher reps for muscle and strength endurance. It is often performed for moderate to high reps, such as 8-12 reps per set or more, as part of a chest or upper-body focused workout.",8.45708412334929,7,7.527828601450451
1053,Leverage Decline Chest Press,strength,Chest,machine,beginner,,7.502354809695076,10,5.944674591695808
1054,Machine chest press,strength,Chest,machine,intermediate,"The machine chest press is a machine-based exercise targeting the chest. It approximates the motion of a bench press but is usually performed facing forward and seated upright. Many machines offer multiple grip options, such as overhand, neutral (palms facing), or underhand. The chest press is often performed for moderate to high reps, such as 8-12 reps per set or more, as part of a pre-exhaust or muscle-building upper-body workout.",6.60598306522402,10,8.990797943956217
1055,Smith Machine Incline Bench Press,strength,Chest,machine,intermediate,"The Smith machine incline bench press is a machine-based movement targeting the chest, particularly the upper chest. The Smith machine mimics a barbell but provides more stability. This movement can be programmed in low reps for strength or higher reps for muscle and strength endurance. It is often performed for moderate to high reps, such as 8-12 reps per set or more, as part of a chest or upper-body focused workout.",9.167132267952546,14,4.5839899582838
1056,Smith Machine Close-Grip Bench Press,strength,Chest,machine,intermediate,"The Smith machine close-grip bench press is a machine-based movement targeting the chest and triceps. The Smith machine mimics a barbell but provides more stability. This movement can be programmed in low reps for strength or higher reps for muscle and strength endurance. It is often performed for moderate to high reps, such as 8-12 reps per set or more, as part of a chest, arms, or upper-body focused workout.",8.691841075268453,10,3.784568681352566
1057,Smith Machine Decline Press,strength,Chest,machine,beginner,"The Smith machine decline bench press is a machine-based exercise targeting the chest muscles, particularly the lower pectoral muscles. The Smith machine mimics a barbell but provides more stability. This movement is often performed for moderate to high reps, such as 8-12 reps per set or more, as part of a chest or upper-body workout.",4.866742689630382,12,9.54453327601969
1058,Smith machine bench press throw,strength,Chest,machine,beginner,The Smith machine bench press throw is an exercise that helps develop pushing power that carries over to the traditional bench press. It involves pushing a relatively light weight (such as 30-50 percent of your 1RM) explosively and actually letting go at the top of the rep. It can work as power or speed-style training in a strength or athleticism-focused workout plan.,9.875375900694317,9,3.632797858752403
1059,Machine chest fly,strength,Chest,machine,intermediate,"The machine chest fly is a machine-based exercise targeting the chest. It approximates the motion of a dumbbell fly or cable fly, but is usually performed facing forward and seated upright. The motion is often compared to bear-hugging a tree trunk. The chest fly is usually performed for moderate to high reps, such as 8-12 reps per set or more, as part of a pre-exhaust or muscle-building upper-body workout.",4.804421473333102,4,9.404059994219772
1060,Machine bench press,strength,Chest,machine,intermediate,"The machine bench press is a machine-based exercise targeting the chest and upper body. It approximates the motion of a bench press, but uses a selectorized weight-stack or plate-loaded machine. Many such machines also allow you to choose between different grips and grip widths. Machine-based presses are often done for moderate to high reps, such as 8-12 reps per set or more, as part of the upper-body or chest-focused portion of a workout.",6.996889921661914,10,9.781191147269336
1061,Machine Seated Chest Press - Gethin Variation,strength,Chest,machine,intermediate,The machine chest press is an upper body exercise targeting the pectoral muscles.,6.733755390682266,8,8.35763204383067
1062,Smith machine weighted push-up,strength,Chest,machine,intermediate,"The Smith machine weighted push-up is a pushing movement performed with a plate resting on the back or shoulders. It is performed most safely with a foot or so of space at the bottom to minimize the risk of getting ""pinned"" under the bar. It targets all the same muscles as a push-up, including the chest, triceps, and shoulders.",8.922208665460753,6,5.473740030741281
1063,Smith machine incline bench press-,strength,Chest,machine,intermediate,"The Smith machine incline bench press is a machine-based movement targeting the chest, particularly the upper chest. The Smith machine mimics a barbell but provides more stability. This movement can be programmed in low reps for strength or higher reps for muscle and strength endurance. It is often performed for moderate to high reps, such as 8-12 reps per set or more, as part of a chest or upper-body focused workout.",9.72646099485499,13,3.4408910053841897
1064,Smith machine decline bench press,strength,Chest,machine,intermediate,"The Smith machine decline bench press is a machine-based exercise targeting the chest muscles, particularly the lower pectoral muscles. The Smith machine mimics a barbell but provides more stability. This movement is often performed for moderate to high reps, such as 8-12 reps per set or more, as part of a chest or upper-body workout.",9.758035526285859,11,3.9111206538954333
1065,AM Pec Dec,strength,Chest,machine,intermediate,"The pec deck is a machine-based exercise targeting the chest. It approximates the motion of a dumbbell fly or cable fly, but is usually performed facing forward and seated upright. The motion is often compared to bear-hugging a tree trunk. The chest fly is usually performed for moderate to high reps, such as 8-12 reps per set or more, as part of a pre-exhaust or muscle-building upper-body workout.",9.455721056729036,7,9.395476673727963
1066,30 Chest Machine Flat Chest Press,strength,Chest,machine,intermediate,,9.570565955009547,13,6.155934415218743
1067,Smith machine push-up,strength,Chest,machine,intermediate,"The Smith machine push-up is an upper-body exercise targeting the chest, shoulders, and triceps. It is similar in form to bodyweight push-ups, but with the hands on the bar of the Smith machine. This allows you to vary the height to increase or decrease difficulty, or to perform a mechanical dropset by raising the bar after hitting failure at a certain height.",8.609815999673504,13,3.1230533403258716
1068,30 Chest Smith Machine Incline Chest Press,strength,Chest,machine,intermediate,,6.645190958755247,14,9.10730228756766
1069,30 Chest Smith Machine Chest Press,strength,Chest,machine,intermediate,,9.264291821840573,9,9.482940792437692
1070,30 Chest Machine Incline Chest Press,strength,Chest,machine,intermediate,,5.23761473424151,8,6.138606796118761
1071,30 Chest Machine Fly,strength,Chest,machine,intermediate,,6.090176580536431,5,3.2532924662404827
1072,30 Chest 30-Degree Incline Smith Machine Press,strength,Chest,machine,intermediate,,7.617381190322275,13,9.413221737233004
1073,Low-cable cross-over,strength,Chest,cable,intermediate,"The low-cable cross-over is an isolation movement that uses a cable stack to target the upper portion of the pectoral muscles. It is common in upper-body and chest-focused muscle-building workouts, often in combination with presses or flyes from other angles to target all portions of the chest.",3.3097181038758787,6,5.185462797026537
1074,Incline cable chest fly,strength,Chest,cable,intermediate,"The incline cable chest fly is an isolation movement that uses a cable stack and an incline bench to target the upper portion of the pectoral muscles. It is common in upper-body and chest-focused muscle-building workouts, often after pressing movements like the barbell or dumbbell bench press or as a finishing movement at the end of the workout. It is often used in combination with other flyes to target the chest from different angles.",5.274542424014287,3,9.115944783982986
1075,Cable Crossover,strength,Chest,cable,intermediate,"The cable cross-over is an isolation movement that uses a cable stack to build bigger and stronger pectoral muscles. Since it's done using adjustable pulleys, you can target different parts of your chest by setting the pulleys at different levels. It is common in upper body and chest-focused muscle-building workouts, often as a pre-exhaust at the beginning of a workout, or a finishing movement at the end. It is often in combination with other presses or flyes to target the chest from different angles.",3.523015557691468,5,5.575227929139825
1076,Incline cable chest press,strength,Chest,cable,beginner,"The incline cable chest press is a pressing movement that uses a cable stack and an incline bench to target the upper portion of the pectoral muscles, similar to an incline dumbbell press. It is common in upper-body and chest-focused muscle-building workouts, where it can be effective as a primary movement in classic hypertrophy rep ranges, as a pre-exhaust, or as a high-rep finisher. It is often used in combination with other presses or flyes to target the chest from different angles.",5.099275216429231,5,9.856778531916774
1077,Cable Chest Press,strength,Chest,cable,beginner,,6.465929281326119,3,9.314968468885969
1078,Single-arm cable cross-over,strength,Chest,cable,intermediate,"The single-arm cable cross-over is an isolation movement that uses a cable stack to build bigger and stronger pectoral muscles. Working the chest one side at a time allows you to focus on the balance between the sides of your chest and really feel the chest muscles contracting. It is common in upper-body and chest-focused muscle-building workouts, often in combination with other presses or flyes to target the chest from different angles.",8.831520528493042,11,8.848902363151108
1079,Cable cross-over,strength,Chest,cable,beginner,"The cable cross-over is an isolation movement that uses a cable stack to build bigger and stronger pectoral muscles. Since it's done using adjustable pulleys, you can target different parts of your chest by setting the pulleys at different levels. It is common in upper-body and chest-focused muscle-building workouts, often as a pre-exhaust at the beginning of a workout or a finishing movement at the end. It is often used in combination with other presses or flyes to target the chest from different angles.",3.6674470106479715,8,8.371333646341384
1080,Standing Cable Chest Press,strength,Chest,cable,beginner,,5.76277632737337,12,6.234847994148955
1081,Lying cable chest fly,strength,Chest,cable,intermediate,"The lying cable chest fly is an isolation movement that uses a cable stack and a flat bench to build bigger and stronger pectoral muscles. It is common in upper-body and chest-focused muscle-building workouts, often as a pre-exhaust at the beginning of a workout or as a finishing movement at the end. It is often used in combination with other presses or flyes to target the chest from different angles.",6.395795542156702,13,4.726687946625127
1082,Paul Carter Cable Cross-Over,strength,Chest,cable,intermediate,"The cable cross-over is an isolation movement that uses a cable stack to build bigger and stronger pectoral muscles. Since it's done using adjustable pulleys, you can target different parts of your chest by setting the pulleys at different levels. It is common in upper body and chest-focused muscle-building workouts, often as a pre-exhaust at the beginning of a workout, or a finishing movement at the end. It is often in combination with other presses or flyes to target the chest from different angles.",6.498407460140372,10,7.271677308559703
1083,One-Arm Cable Crossover - Gethin Variation,strength,Chest,cable,intermediate,"The single-arm cable cross-over is an isolation movement that uses a cable stack to build bigger and stronger pectoral muscles. Working the chest one side at a time allows you to focus on balance between sides of your chest, and really feel the chest muscles contracting. It is common in upper body and chest-focused muscle-building workouts, often in combination with other presses or flyes to target the chest from different angles.",8.872717889688296,4,4.655060816979773
1084,Incline Cable Fly - Gethin Variation,strength,Chest,cable,intermediate,"The incline cable chest fly is an isolation movement that uses a cable stack and an incline bench to target the upper portion of the pectoral muscles. It is common in upper-body and chest-focused muscle-building workouts, often after pressing movements like the barbell or dumbbell bench press or as a finishing movement at the end of the workout. It is often used in combination with other flyes to target the chest from different angles.",7.6912910745697,7,7.531025856067306
1085,Cable Cross-Over - Gethin Variation,strength,Chest,cable,intermediate,"The cable cross-over is an isolation movement that uses a cable stack to build bigger and stronger pectoral muscles. Since it's done using adjustable pulleys, you can target different parts of your chest by setting the pulleys at different levels. It is common in upper body and chest-focused muscle-building workouts, often as a pre-exhaust at the beginning of a workout, or a finishing movement at the end. It is often in combination with other presses or flyes to target the chest from different angles.",9.298954545897754,7,6.343577864049004
1086,Seated cable chest fly,strength,Chest,cable,intermediate,"The seated cable chest fly is an isolation movement that uses a cable stack and an upright bench to target the pectoral muscles. Being able to brace against a seat can help you stabilize your torso and focus on isolating the pecs, feeling them stretch and contract. It is usually used in combination with other presses or flyes to target the chest from different angles.",7.461781749368277,6,4.326021467187957
1087,Single-arm incline cable cross-over-,strength,Chest,cable,intermediate,"The single-arm incline cable cross-over is an isolation movement that uses a cable stack and a bench to target the upper part of the pectoral muscles. Working the chest one side at a time allows you to focus on balance between the sides of your chest and really feel the chest muscles contracting. It is common in upper-body and chest-focused muscle-building workouts, often in combination with other presses or flyes to target the chest from different angles.",8.815901607836457,11,8.23797925407225
1088,High-to-low cable chest fly,strength,Chest,cable,intermediate,"The high-to-low cable chest fly is an isolation movement that uses a cable stack to target the lower portion of the pectoral muscles. It is common in upper-body and chest-focused muscle-building workouts, often after pressing movements like the barbell or dumbbell bench press or as a finishing movement at the end of the workout. It is often used in combination with other flyes to target the chest from different angles.",4.27110830892328,4,5.785935908811248
1089,UP Cable Cross-Over,strength,Chest,cable,intermediate,"The cable cross-over is an isolation movement that uses a cable stack to build bigger and stronger pectoral muscles. Since it's done using adjustable pulleys, you can target different parts of your chest by setting the pulleys at different levels. It is common in upper body and chest-focused muscle-building workouts, often as a pre-exhaust at the beginning of a workout, or a finishing movement at the end. It is often in combination with other presses or flyes to target the chest from different angles.",9.501362721109501,8,5.610397038737518
1090,UP Cable Fly,strength,Chest,cable,intermediate,,8.930047085927486,13,5.9947203640025295
1091,30 Chest Low-To-High Cable Fly,strength,Chest,cable,intermediate,,3.038555279307862,4,9.450164338106347
1092,30 Chest Incline Cable Fly,strength,Chest,cable,intermediate,,5.441946744771284,11,4.934945513462214
1093,30 Chest Incline Cable Chest Press,strength,Chest,cable,intermediate,,6.3255814059389195,11,6.247635889353312
1094,30 Chest High-To-Low Cable Press,strength,Chest,cable,intermediate,,6.052408960849375,14,3.883413018416347
1095,30 Chest High-To-Low Cable Fly,strength,Chest,cable,intermediate,,3.9561973188980746,9,5.874562171562972
1096,30 Chest Shoulder-Height Cable Fly,strength,Chest,cable,intermediate,,7.760115600861867,7,6.481712904178116
1097,Cable Pec Fly,strength,Chest,cable,intermediate,,4.376267879656055,7,3.208650493871959
1098,Chest Push (multiple response),cardio,Chest,medicine_ball,beginner,,7.618564543633644,7,7.553942231430746
1099,Medicine Ball Chest Pass,cardio,Chest,medicine_ball,intermediate,"The medicine ball pass is a simple partner-based exercise that involves throwing a weighted ball back-and-forth. It can be part of a dynamic warm-up for lifting or athletics, but can also work as active rest or as a component of circuit training.",6.350868720513292,9,8.199973716984887
1100,Medicine ball sprawl to chest press,strength,Chest,medicine_ball,intermediate,"The medicine ball sprawl to chest press is a sequence of athletic movements using a medicine ball or other small weight. It involves performing a sprawl with the hands on the ball, followed by a standing chest press holding the ball. It is challenging to the cardiovascular system, but also the muscles of the core, shoulders, and upper back. It can be performed for reps or for time, usually in dedicated ab training or as part of a medicine ball and bodyweight circuit workout.",6.740206437074001,10,8.062787521320026
1101,Medicine ball push-up,strength,Chest,medicine_ball,intermediate,"The medicine ball push-up is a simple way to make a classic bodyweight exercise more difficult. It targets all the same muscles as the push-up: chest, triceps, shoulders, upper back, and core. The addition of the medicine ball adds a degree of difficulty and can increase chest and triceps activation.",5.049619116984054,8,9.560307198820471
1102,Chest Push (single response),cardio,Chest,medicine_ball,beginner,,5.96083594112851,10,4.671803795922378
1103,Chest Push with Run Release,cardio,Chest,medicine_ball,beginner,,3.6695424827943444,4,4.383297254919178
1104,Chest Push from 3 point stance,cardio,Chest,medicine_ball,beginner,,6.674776794584336,11,8.575695788652169
1105,Dumbbell Bench Press,strength,Chest,dumbbell,intermediate,"The dumbbell bench press is a mainstay of workout enthusiasts worldwide. It’s a classic move for building a bigger, stronger chest. As such, it’s often placed first in mass-building chest workouts.",3.9464429839665773,10,3.986996513681307
1106,Dumbbell Flyes,strength,Chest,dumbbell,intermediate,"The dumbbell chest fly is a popular exercise that targets the pectoral or chest muscles. It attempts to isolate the chest muscles, stretching and contracting them while limiting involvement of the shoulders. Unlike a press, where the elbows bend and flex, flyes should keep a relatively consistent elbow angle. The motion is sometimes compared to ""hugging a tree."" Dumbbell flyes are usually performed for moderate to high reps, such as 8-12 reps per set or more, as part of a chest or upper-body focused workout.",9.713344985160292,8,3.0256374074219226
1107,Incline dumbbell bench press,strength,Chest,dumbbell,intermediate,"The incline dumbbell bench press is a popular upper-body exercise targeting the upper pectoral muscles. While it can be a strength-focused movement, it is usually performed for moderate to high reps, such as 8-12 reps per set or more, as part of upper-body or chest-focused training.",4.7557811473744,9,8.317350383757852
1108,Decline Dumbbell Flyes,strength,Chest,dumbbell,intermediate,"The decline dumbbell chest fly is an upper body isolation exercise targeting the lower chest. It will require less weight than a decline press, which makes it a great hypertrophy exercise with high reps.",9.949181576575402,4,6.029880392964472
1109,Reverse-grip incline dumbbell bench press,strength,Chest,dumbbell,beginner,"The reverse-grip incline dumbbell bench press is an upper-body exercise targeting the pectoral muscles. Pressing with a reverse grip targets the upper chest in particular, especially when performed on an incline. This press variation is usually performed for moderate to high reps, such as 8-12 reps per set or more, as part of upper-body or chest-focused training.",3.05821135035542,4,5.806278543184909
1110,Incline Dumbbell Flyes,strength,Chest,dumbbell,intermediate,"The incline dumbbell chest fly is an upper body isolation exercise targeting the upper chest and is typically used with aesthetic goals in mind. It will require less weight than an incline press, which makes it a great hypertrophy exercise with high reps.",9.582313551705003,12,7.345240367342382
1111,Neutral-grip dumbbell bench press,strength,Chest,dumbbell,intermediate,"The neutral-grip dumbbell bench press is a variation on a classic chest-building exercise where the palms face each other instead of forward. This shift puts the elbows closer to the sides, placing more emphasis on the triceps, and perhaps also the inner chest. The neutral-grip press can be performed in lower reps for strength or higher reps for muscle growth.",5.269683256461882,3,8.713163529701873
1112,Decline dumbbell bench press,strength,Chest,dumbbell,intermediate,"The decline dumbbell bench press is a popular upper-body exercise targeting the lower pectoral muscles. While it can be a strength-focused movement, it is usually performed for moderate to high reps, such as 8-12 reps per set or more, as part of upper-body or chest-focused training.",3.0894802094343174,9,6.699028780115359
1113,Single-arm kettlebell row,strength,Chest,dumbbell,intermediate,"The single-arm kettlebell row is a popular muscle- and strength-building exercise that works the muscles of the back and core simultaneously. It has all the same benefits as a single-arm dumbbell row, but some people find a kettlebell more comfortable to hold during the movement.",3.0306424199853472,3,5.882830514915804
1114,Hammer Grip Incline DB Bench Press,strength,Chest,dumbbell,beginner,,6.697406595914725,12,4.11102881278335
1115,Straight-arm dumbbell pull-over,strength,Chest,dumbbell,intermediate,"The straight-arm dumbbell pull-over is an exercise that targets the muscles of the pecs, lats, and serratus anterior muscles. Performing this movement with straight arms makes it more difficult, increases the stretch on the serratus muscles and lats, and forces the core to work harder. Old-school bodybuilders would perform pull-overs with light weights for sets of 20 between sets of heavy 20-rep squats, but they are more popular today in moderate rep ranges, such as 8-12 reps per set, as part of an upper-body workout.",5.892146624802663,5,7.103687504074667
1116,Incline Dumbbell Bench With Palms Facing In,strength,Chest,dumbbell,beginner,,7.265871737812714,12,7.606838345568447
1117,Incline Dumbbell Flyes - With A Twist,strength,Chest,dumbbell,beginner,,9.051240203282903,12,7.347519561588414
1118,Bent-arm dumbbell pull-over,strength,Chest,dumbbell,intermediate,"The bent-arm dumbbell pull-over was a staple exercise of the ""Golden Era"" of bodybuilding and a favorite of Arnold Schwarzenegger himself. Done properly, the exercise targets the pecs, lats, and serratus anterior muscles. Old-school bodybuilders would perform them with light weights for sets of 20 between sets of heavy 20-rep squats, but pull-overs are more popular today in moderate rep ranges, such as 8-12 reps per set, as part of an upper-body workout.",9.430293249154834,4,3.2705754778226934
1119,Close-grip dumbbell bench press,strength,Chest,dumbbell,intermediate,"The close-grip dumbbell bench press is a popular variation of the dumbbell bench press in which the dumbbells are held closer than shoulder width. This places more emphasis on the triceps, and perhaps also the inner chest. The close-grip dumbbell bench press can be performed in lower reps for strength or higher reps for muscle growth.",8.48490476091413,4,4.841914242813504
1120,Single-dumbbell push-up,strength,Chest,dumbbell,intermediate,"The single-dumbbell push-up is a more difficult push-up variation where you balance your hands on the ends of a dumbbell. This simple change makes many muscle groups work harder, helping encourage muscle and strength gains across the upper body.",5.820133168382052,10,3.660643069446513
1121,One-Arm Flat Bench Dumbbell Flye,strength,Chest,dumbbell,beginner,,3.1876602416627433,4,5.4358393514648276
1122,Dumbbell Fix Dumbbell Floor Chest Fly,strength,Chest,dumbbell,intermediate,,4.618024962367633,7,6.234851794248787
1123,Dumbbell Fix Traveling Push-Up,strength,Chest,dumbbell,intermediate,,8.469603859550425,5,8.03172847229543
1124,Incline dumbbell chest fly,strength,Chest,dumbbell,intermediate,"The incline dumbbell chest fly is an upper-body exercise targeting the chest. Performing it at an incline helps to target the upper chest in particular, while limiting involvement of the shoulders. Fly variations are usually performed for moderate to high reps, such as 8-12 reps per set or more.",9.599981149520804,12,5.391567949692499
1125,Paul Carter Dumbbell Shrug,strength,Chest,dumbbell,intermediate,"The standing dumbbell shrug is a popular movement to build and strengthen the trapezius muscles. It’s a often trained on a bodybuilding-style shoulder or back training day, but can also work well in full-body or strength-focused training.",8.832527585257882,10,8.749735644120904
1126,Dumbbell push-up row,strength,Chest,dumbbell,intermediate,"The dumbbell push-up row combines pressing, rowing, and core stabilization into a single sequence. It's popular in time-efficient strength and muscle-building workouts.",6.1543577791307875,13,3.13943112400084
1127,TBS Dumbbell Incline Press,strength,Chest,dumbbell,intermediate,The incline dumbbell bench press is an upper body exercise targeting the upper pectoral muscles.,9.283509628780592,6,3.777333494568544
1128,Incline Dumbbell Fly - Gethin Variation,strength,Chest,dumbbell,intermediate,"The incline dumbbell chest fly is an upper body isolation exercise targeting the upper chest and is typically used with aesthetic goals in mind. It will require less weight than an incline press, which makes it a great hypertrophy exercise with high reps.",6.002355787347834,13,9.655474882330264
1129,Dumbbell bench press-,strength,Chest,dumbbell,intermediate,"The dumbbell bench press is a mainstay of lifters worldwide. It's a classic move for building a bigger, stronger chest and triceps. It's often placed first in mass-building chest workouts, but can also be utilized as an accessory movement for the barbell bench press in strength training. It can be performed in lower strength-focused rep ranges, or for higher reps to build muscle.",4.801836841452301,14,3.5377334964183667
1130,Decline dumbbell fly and press,strength,Chest,dumbbell,intermediate,"The decline dumbbell fly and press is a dumbbell complex that targets the chest muscles, particularly the lower pecs. By alternating the single-joint fly with the multijoint press, you get the benefits of both and put serious stress on the chest muscles even with relatively light weight. Because the fly will be the limiting factor in weight selection, this pairing is usually performed for moderate to high reps, such as 8-12 reps per set or more, as part of upper-body or chest-focused training.",7.812601814319485,14,9.03386672319441
1131,Incline dumbbell fly and press,strength,Chest,dumbbell,intermediate,"The incline dumbbell fly and press is a dumbbell complex that targets the chest muscles, particularly the upper pecs. By alternating the single-joint fly with the multijoint press, you get the benefits of both and put serious stress on the chest muscles even with relatively light weight. Because the fly will be the limiting factor in weight selection, this pairing is usually performed for moderate to high reps, such as 8-12 reps per set or more, as part of upper-body or chest-focused training.",3.252571753236605,11,5.0585964377294275
1132,Single-arm decline dumbbell bench press,strength,Chest,dumbbell,intermediate,"The single-arm decline dumbbell bench press is an upper-body exercise targeting the pectoral muscles, particularly the lower pecs. Because balance can be an issue, this press variation is usually performed with lighter weight for moderate to high reps, such as 8-12 reps per set or more, as part of upper-body or chest-focused training.",3.104289116750786,4,5.149062412080882
1133,Single-arm incline dumbbell bench press,strength,Chest,dumbbell,intermediate,"The single-arm incline dumbbell bench press is an upper-body exercise targeting the pectoral muscles. Because balance can be an issue, this press variation is usually performed with lighter weight for moderate to high reps, such as 8-12 reps per set or more, as part of upper-body or chest-focused training.",9.233306793926282,6,3.78287354309967
1134,Incline Dumbbell Press - Gethin Variation,strength,Chest,dumbbell,intermediate,The incline dumbbell bench press is an upper body exercise targeting the upper pectoral muscles.,8.055885870442527,5,8.76751739054873
1135,Dumbbell Chest Press - Gethin Variation,strength,Chest,dumbbell,intermediate,"The dumbbell bench press is a mainstay of workout enthusiasts worldwide. It’s a classic move for building a bigger, stronger chest. As such, it’s often placed first in mass-building chest workouts.",5.436405617849527,3,3.1157161061547782
1136,Dumbbell Floor Press - Gethin Variation,strength,Chest,dumbbell,intermediate,"The dumbbell floor press limits the range of motion you would achieve with a regular dumbbell bench press, but still targets the chest, triceps, and anterior delts. This allows you to build strength in the top portion of the lift and work on strengthening the shoulder stabilizers.",7.788976597983751,4,6.680735779491351
1137,Decline Dumbbell Press - Gethin Variation,strength,Chest,dumbbell,intermediate,The decline dumbbell bench press is an upper body isolation exercise targeting the lower chest. Utilizing dumbbells instead of a barbell increases the difficulty of stabilizing the weight.,8.659624307782455,6,9.393931837255982
1138,Dumbbell chest fly,strength,Chest,dumbbell,intermediate,"The dumbbell chest fly is a popular exercise that targets the pectoral or chest muscles. It attempts to isolate the chest muscles, stretching and contracting them while limiting involvement of the shoulders. Unlike a press, where the elbows bend and flex, flyes should keep a relatively consistent elbow angle. The motion is sometimes compared to ""hugging a tree."" Dumbbell flyes are usually performed for moderate to high reps, such as 8-12 reps per set or more, as part of a chest or upper-body focused workout.",5.501458609137233,12,5.08837278745506
1139,Machine rear delt fly,strength,Chest,dumbbell,intermediate,"The machine rear delt fly is an exercise targeting the rear head of the shoulder muscle or deltoids, as well as the muscles of the upper back. It's sort of the reverse of the machine chest fly, and is sometimes performed on the same machine, but facing the opposite direction. Because it targets such small muscles, this exercise is usually performed with light weight for high reps, such as 10-15 reps per set or more.",7.053542441342542,13,7.9865656029752685
1140,AM Dumbbell Bench Press,strength,Chest,dumbbell,intermediate,"The dumbbell bench press is a mainstay of workout enthusiasts worldwide. It’s a classic move for building a bigger, stronger chest. As such, it’s often placed first in mass-building chest workouts.",5.654487748958193,10,8.899139678738859
1141,UP Incline Dumbbell Press,strength,Chest,dumbbell,intermediate,The incline dumbbell bench press is an upper body exercise targeting the upper pectoral muscles.,6.384922113834566,6,4.721957650628779
1142,UP Incline Dumbbell Fly,strength,Chest,dumbbell,intermediate,"The incline dumbbell chest fly is an upper body isolation exercise targeting the upper chest and is typically used with aesthetic goals in mind. It will require less weight than an incline press, which makes it a great hypertrophy exercise with high reps.",7.8966073854880525,13,8.854838405371025
1143,Holman Push-Up to Belly Touch,strength,Chest,dumbbell,intermediate,,3.1408111475104934,6,8.524312415801813
1144,Single-arm dumbbell floor press,strength,Chest,dumbbell,intermediate,"The single-arm dumbbell floor press is a multijoint pressing exercise performed lying on the floor, either with the knees bent or straight. It has less range of motion than a regular dumbbell bench press, but still targets the chest, triceps, and anterior delts. By performing it with one arm, you can strengthen weakness on certain sides or simply use it as a way to challenge the core more during this exercise.",5.355535407204263,6,7.452798809142948
1145,Total Fitness Weighted Push-Up,strength,Chest,dumbbell,intermediate,"The plate-weighted push-up is a simple way to make a classic bodyweight exercise more difficult. It targets all the same muscles as the push-up: chest, triceps, shoulders, upper back, and core. You can balance a plate on your upper back yourself, but it's easier and safer to have someone else put it there. If you stack a few plates up, be sure to have a spotter close at hand.",8.237762367507598,9,6.1450894551440705
1146,King Maker Standing Dumbbell Shoulder Press,strength,Chest,dumbbell,intermediate,The standing dumbbell shoulder press is a classic deltoid-builder (especially the front deltoids) that’s ubiquitous in gyms around the world. Performing the move standing up as opposed to seated allows for more weight to be used.,6.71334441162595,6,4.962938729911421
1147,30 Chest Incline Dumbbell Fly,strength,Chest,dumbbell,intermediate,,8.077475536250082,13,4.7609821529574115
1148,30 Chest Incline Dumbbell Bench Press,strength,Chest,dumbbell,intermediate,,5.454161830448683,8,4.773720028275532
1149,30 Chest Dumbbells-Together Press,strength,Chest,dumbbell,intermediate,,4.1874636728842525,12,4.2797448800839515
1150,30 Chest Dumbbells-Together Incline Bench Press,strength,Chest,dumbbell,intermediate,,3.8038364069740496,14,4.345023442860232
1151,30 Chest Dumbbell Fly,strength,Chest,dumbbell,intermediate,,3.8038062372639874,8,8.143890587483087
1152,30 Chest Dumbbell Bench Press,strength,Chest,dumbbell,intermediate,,5.970433157584763,13,4.000235802632121
1153,30 Chest 30-Degree Incline Dumbbell Fly,strength,Chest,dumbbell,intermediate,,5.274696861815934,9,5.424619496830597
1154,FYR2 Single-Dumbbell Push-Up,strength,Chest,dumbbell,intermediate,,7.474601421964963,8,4.020499380006465
1155,Bodyweight Flyes,strength,Chest,e-z_curl_bar,beginner,"The double-bar roll-out chest fly is a chest exercise that utilizes two rotating barbells as ""handles"" for a chest fly. It targets the muscles of the chest, but is also an intense core workout. It's a tough movement that is usually performed in the chest-focused portion of a workout.",8.286648334535801,5,3.5049217269079733
1156,Close-grip EZ-bar bench press,strength,Chest,e-z_curl_bar,intermediate,"The close-grip EZ-bar bench press is an exercise targeting the chest, shoulders, and triceps. This move is more commonly done with a straight bar and is often only performed with an EZ-bar as part of a complex of movements such as pull-overs or skullcrushers.",5.031223797159247,10,6.005624761098054
1157,Chest dip,strength,Chest,other,intermediate,"The chest dip is a bodyweight exercise performed on parallel bars or on a pull-up and dip station. It targets the chest, triceps, and shoulders. Dips with a chest focus are usually performed with the torso leaning forward and the elbows angled out from the torso. Dips can be performed for low reps for strength or higher reps for muscle growth.",6.610816379551489,3,8.935452323415767
1158,Drop Push,cardio,Chest,other,beginner,,4.098280079291821,5,3.7803878961764665
1159,Forward Drag with Press,strength,Chest,other,beginner,,3.242161879617104,9,4.779433109666245
1160,Chain Press,strength,Chest,other,beginner,,4.738096859451503,14,3.519232758535776
1161,Behind Head Chest Stretch,flexibility,Chest,other,beginner,,6.489945527604634,11,9.82374849333964
1162,Pass-through stretch with band,flexibility,Chest,other,beginner,The pass-through stretch with band is a popular move to build and maintain mobility in the shoulder joint and to strengthen the muscles of the upper back and rotator cuff. It is common in CrossFit and Olympic lifting training and is usually performed as part of a warm-up or paired with movements in a workout. It can also be performed with a PVC pipe or dowel if a band isn't available.,3.810563040866568,6,6.697136850142231
1163,Weighted Push-Up,strength,Chest,other,intermediate,"The plate-weighted push-up is a simple way to make a classic bodyweight exercise more difficult. It targets all the same muscles as the push-up: chest, triceps, shoulders, upper back, and core. You can balance a plate on your upper back yourself, but it's easier and safer to have someone else put it there. If you stack a few plates up, be sure to have a spotter close at hand.",5.539544713528011,9,4.8026485895979505
1164,Heavy Bag Thrust,cardio,Chest,other,beginner,,8.082659333410316,11,3.288917324013736
1165,Decline Explosive Push-Up,cardio,Chest,other,beginner,,7.202582320465957,9,5.144371394365585
1166,Suspended Chest Fly,strength,Chest,other,beginner,,3.7768327742513685,13,6.13808406023424
1167,Svend press,strength,Chest,other,beginner,The Svend press is an exercise where the chest is targeted by performing presses while squeezing two weight plates together. It is usually performed for relatively high reps with light weights as an accessory movement to the bench press or as a burnout movement on chest day.,6.16130594205057,5,7.241101432468075
1168,Bar Push-Up Smith Machine,cardio,Chest,other,beginner,"The hands-elevated push-up is a variation on the push-up, a body-weight standard. The hands are elevated, so that your body is aligned at an angle to the floor rather than parallel.",5.568583924114933,13,4.4038795433653295
1169,Plate-weighted push-up,strength,Chest,other,intermediate,"The plate-weighted push-up is a simple way to make a classic bodyweight exercise more difficult. It targets all the same muscles as the push-up: chest, triceps, shoulders, upper back, and core. You can balance a plate on your upper back yourself, but it's easier and safer to have someone else put it there. If you stack a few plates up, be sure to have a spotter close at hand.",7.210877880714964,11,5.2536721225832785
1170,Double-bar roll-out chest fly,strength,Chest,other,intermediate,"The double-bar roll-out chest fly is a chest exercise that utilizes two rotating barbells as ""handles"" for a chest fly. It targets the muscles of the chest, but is also an intense core workout. It's a tough movement that is usually performed in the chest-focused portion of a workout.",6.359284763951435,8,3.5763615531184962
1171,Holman Plate Dynamo Push-Up,strength,Chest,other,intermediate,,3.261923153331321,9,5.528594313522152
1172,Holman Towel Drag Two Steps to Push-Up,strength,Chest,other,intermediate,,9.877866642847431,14,6.699307717288711
1173,Taylor Val Slide Push-Up/Fly Combo,strength,Chest,other,intermediate,,3.201638586437965,13,3.793259779783818
1174,Exercise ball chest stretch,flexibility,Chest,exercise_ball,beginner,"The exercise ball chest stretch is a simple stretch for the pectoral muscles that can be made more dynamic with help from a medicine ball. It can work in a dynamic warm-up, paired with movements in a workout, or as part of a cool-down or recovery strategy. If the stretch causes pain in the front of your shoulder, dial back the intensity or choose another chest stretch.",3.862543726910703,8,3.240253446525954
1175,Bosu Ball Push-Up,strength,Chest,exercise_ball,beginner,,6.14411568324835,7,9.585563089891995
1176,Feet-elevated push-up on ball,strength,Chest,exercise_ball,intermediate,"The feet-elevated push-up on ball is a variation on the push-up, a bodyweight standard. The feet are elevated on a ball to align the body parallel to the floor and provide a greater stabilization challenge. This makes it more difficult than push-ups on the floor, but also puts more emphasis on the shoulder muscles. It can be a challenging non-gym substitute for incline presses, or as a burnout movement for a chest or shoulder workout.",3.759607392883604,9,9.749922093533211
1177,Standing alternating band speed row,strength,Forearms,bands,intermediate,"The standing alternating band speed row is an explosive back exercise using exercise bands. It targets the muscles of the middle and upper back, including the lats (latissimus dorsi), rhomboids, and trapezius, as well as the biceps. It can be performed for time or reps either as part of a power or speed-focused portion of a workout or as a burnout at the end of a workout.",8.366539840341897,12,5.373987285287945
1178,Band roundhouse elbow,strength,Forearms,bands,intermediate,"The band roundhouse elbow is an explosive rotational power exercise using exercise bands. It targets the muscles of the obliques and deep core, but also engrains full-body coordination and striking ability. It can work in an ab workout, in martial arts training, or in general strength and muscle training.",9.534111215305057,8,9.60404942565631
1179,Palms-down wrist curl over bench,strength,Forearms,barbell,intermediate,"The palms-down wrist curl over bench is an exercise targeting the forearms. It is usually performed for high reps, such as 10-15 reps per set or more, as part of a grip or arm-focused workout.",7.776626120231636,8,8.135640084582802
1180,Palms-up wrist curl over bench,strength,Forearms,barbell,intermediate,"The palms-up wrist curl over bench is an exercise targeting the forearms. It is usually performed for high reps, such as 10-15 reps per set or more, as part of a grip or arm-focused workout.",8.893511120294768,12,5.29807394041801
1181,Standing behind-the-back wrist curl,strength,Forearms,barbell,beginner,"The standing behind-the-back wrist curl is a popular exercise to target the muscles in the forearms, wrists, and fingers. It is generally performed for moderate to high reps, such as 8-15 reps per set, and can work as isolated forearm training or as part of an arms-focused workout.",7.0864243944036245,8,3.540484612893562
1182,Seated finger curl,strength,Forearms,barbell,beginner,"The seated finger curl is an exercise targeting the muscles of the hands and forearms. It is popular with rock climbers and other athletes looking to build forearm size and strength. The range of motion is tiny, but done for moderate to high reps, these will definitely make the forearms burn.",5.335693058928943,10,9.18476378431631
1183,Seated palms-up wrist curl,strength,Forearms,barbell,intermediate,"The seated palms-up wrist curl is an exercise targeting the forearms. It is usually performed for high reps, such as 10-15 reps per set or more, as part of a grip or arm-focused workout.",7.646545588128633,8,4.175918951143727
1184,Bottoms-Up Clean From The Hang Position,strength,Forearms,kettlebells,beginner,,3.508879603205572,4,9.152674801402505
1185,Seated One-Arm Dumbbell Palms-Up Wrist Curl,strength,Forearms,dumbbell,beginner,,4.436953870190797,4,6.764903595061748
1186,Palms-Up Dumbbell Wrist Curl Over A Bench,strength,Forearms,dumbbell,beginner,,8.857494311919503,10,7.607233282973424
1187,Seated palms-down wrist curl,strength,Forearms,dumbbell,beginner,"The seated palms-down wrist curl is an exercise targeting the forearms. It is usually performed for high reps, such as 10-15 reps per set or more, as part of a grip or arm-focused workout.",7.992798041249217,4,4.1599895422161435
1188,Palms-Down Dumbbell Wrist Curl Over A Bench,strength,Forearms,dumbbell,beginner,,4.280303547452743,5,8.147935190783867
1189,Seated One-Arm Dumbbell Palms-Down Wrist Curl,strength,Forearms,dumbbell,beginner,,6.560683401832875,3,6.653865474410508
1190,Seated Dumbbell Palms-Up Wrist Curl,strength,Forearms,dumbbell,beginner,,5.300463988410616,9,4.72982716937258
1191,Partner farmer's walk,strength,Forearms,dumbbell,beginner,"The partner farmer's walk is a protocol for performing farmer's carries with dumbbells or other weights. One partner walks for a predetermined distance or time, then passes the weight to the other partner who walks for the same distance or time.",7.078176907661623,4,5.357035849070145
1192,Dumbbell suitcase carry,strength,Forearms,dumbbell,intermediate,"The dumbbell suitcase carry is similar to a dumbbell farmer's carry, but only uses one dumbbell rather than two. This simple change provides a significant challenge to the abdominal muscles. It can be a challenging finisher to any workout, or work well in fat-loss circuit training or as an accessory movement to heavy lifts like the deadlift.",5.255864559415097,8,9.47167657499754
1193,Suitcase Dumbbell Carry,strength,Forearms,dumbbell,intermediate,"The dumbbell suitcase carry is similar to a dumbbell farmer’s carry, but only uses one dumbbell rather than two. This simple change provides a significant challenge to the abdominal muscles. It can be a challenging finisher to any workout, or work well in fat-loss circuit training or as an accessory movement to heavy lifts like the deadlift.",6.179248311292989,11,3.869879670177274
1194,Side plank with dumbbell external rotation,strength,Forearms,dumbbell,intermediate,"The side plank with dumbbell external rotation is a movement that combines an isometric side plank hold with a dumbbell rotation to target both the core and the rotator cuff muscles. You probably won't be able to use much weight without disrupting your balance, but even at light weight, this is a movement that can help address multiple muscle groups in a dynamic warm-up or as accessory work at the end of a workout.",8.274217551084217,10,3.1198250045906297
1195,Rickshaw Carry,strength,Forearms,other,beginner,,5.88655584685112,6,6.5878591317645085
1196,Dumbbell farmer's walk,strength,Forearms,other,intermediate,"The dumbbell farmer's walk is an exercise with roots in competitive strongman training, but which is also popular in CrossFit and functional training. It can be a challenging finisher to any workout, or work well in fat-loss circuit training or as an accessory movement to heavy lifts like the deadlift.",7.981895199360101,5,6.9878846870765035
1197,Wrist Roller,strength,Forearms,other,beginner,,8.119696090733655,7,5.400188306084875
1198,Standing Olympic Plate Hand Squeeze,strength,Forearms,other,beginner,,8.181079148081352,4,3.309867165262406
1199,Plate Pinch,strength,Forearms,other,beginner,,5.488556095516563,3,4.575052857882298
1200,Landmine Press and Catch,strength,Forearms,other,intermediate,"The single-arm linear jammer is an explosive pressing movement performed using an angled barbell anchored at floor level in a landmine device. It can also be performed by sticking a barbell in the corner of a room, preferably in a towel to protect the walls. The linear jammer involves pressing the weight into the air, then catching it with the other hand. The movement focuses primarily on the muscles of the shoulders or deltoids. It can be trained in traditional muscle and strength-focused rep ranges, for lower reps with a focus on explosive pressing power, or for higher reps.",7.447931078230307,4,6.620220041816127
1201,Plate halo,strength,Forearms,other,intermediate,The plate halo is an exercise targeting the shoulder complex. It's usually performed as part of a dynamic warm-up prior to an upper-body workout.,6.505069068529078,6,8.864531039493324
1202,Bryant Wrist Curl,strength,Forearms,other,intermediate,,5.097323758898512,8,8.916912846350376
1203,Seated Two-Arm Palms-Up Low-Pulley Wrist Curl,strength,Forearms,cable,beginner,,6.837179906592311,14,3.6539755411941837
1204,Cable Wrist Curl,strength,Forearms,cable,beginner,,7.588179626709881,12,3.7875780902656873
1205,Single-arm cable push-down,strength,Forearms,cable,intermediate,"The single-arm cable push-down is a single-joint isolation movement that develops the triceps muscle one arm at a time. Because the action is purely at the elbow joint, it is difficult to use any substantial weight. Reps are usually high, such as 8-12 reps per set or more, with a focus on strict form and feeling the mind-muscle connection.",5.1864873261178115,8,8.399913574102097
1206,Wrist Circles,flexibility,Forearms,none,beginner,,9.918742853793093,11,7.200959393855254
1207,Kneeling Forearm Stretch,flexibility,Forearms,none,beginner,,3.231301267586289,12,4.853335675620989
1208,Hip Extension with Bands,strength,Glutes,bands,beginner,,7.405938923836293,7,4.780970245367942
1209,Hip Lift with Band,strength,Glutes,bands,beginner,,5.150189950185199,10,5.740848721001493
1210,HM Monster Walk,strength,Glutes,bands,intermediate,,9.73471776803525,10,3.1387169417548226
1211,UNS Banded Glute Bridge,strength,Glutes,bands,intermediate,,4.42320850087557,5,9.621511751899833
1212,FYR2 Banded Glute Bridge,strength,Glutes,bands,intermediate,,6.776702709424753,4,6.749750779065536
1213,Piriformis SMR,flexibility,Glutes,foam_roll,intermediate,"Piriformis self-myofascial release (SMR) is a self-administered soft-tissue treatment for the lower body, usually using a foam roller, lacrosse ball, or other ""trigger point"" massage tool. By applying pressure strategically to the piriformis muscles in the upper gluteal region, some people find they can cause this often painful and tight muscle to relax or ""release."" Piriformis SMR is often accompanied by SMR on the iliotibial (IT) band or tensor fascia lata (TFL muscles), or by stretches that target the glutes and hips.",5.866471614125088,7,7.245038724596039
1214,Barbell glute bridge,strength,Glutes,barbell,intermediate,"The barbell glute bridge is a popular exercise targeting the muscles of the glutes and hamstrings. It can be done as a strength movement on its own, as an activation drill or warm-up for lower-body training, or as a burnout at the end of a lower-body workout.",9.988959135516888,4,5.723619451664083
1215,Barbell Hip Thrust,strength,Glutes,barbell,intermediate,"The barbell hip thrust is an exercise that engages the posterior chain, particular the glutes. It involves fully extending your hips while holding a weighted barbell across the midsection.",4.31298525968378,13,8.596621101791477
1216,Kneeling Squat,strength,Glutes,barbell,beginner,,7.875777159568832,10,3.965304505177683
1217,Kneeling Jump Squat,strength,Glutes,barbell,beginner,,6.117396161002121,10,9.07592103243648
1218,UN Rear Foot Elevated Split Squat,strength,Glutes,barbell,intermediate,,3.9688134402323763,14,5.315420188059294
1219,Kettlebell thruster,strength,Glutes,kettlebells,intermediate,"The kettlebell thruster is a popular kettlebell movement that combines a kettlebell front squat with a kettlebell press, while holding the bell in a goblet or bottoms-up grip. It is preceded by a clean at the start of each set, and you can perform a clean between each rep if you choose. It can be trained in traditional strength or muscle-building rep ranges, in circuit or fat-loss training, or as part of a larger kettlebell combination or complex.",5.176035137225481,8,4.174728523566034
1220,Taylor Kettlebell Swing,strength,Glutes,kettlebells,intermediate,,4.300460844675808,12,3.8645758841049838
1221,UN Goblet Squat,strength,Glutes,kettlebells,intermediate,,5.959422499126496,5,4.049228402131378
1222,Single-arm triceps kick-back,strength,Glutes,dumbbell,intermediate,"The single-arm triceps kick-back is a popular movement to increase size and strength of the triceps. It is usually performed for moderate to high reps, at least 8-12 reps, as part of an upper-body or arm-focused workout.",5.1446134927535185,13,9.715393119725011
1223,Holman Lateral High Knees to Quad Touch Jump,strength,Glutes,dumbbell,intermediate,,8.175008745915449,5,9.459370617455548
1224,FYR2 Dumbbell Hip Thrust,strength,Glutes,dumbbell,intermediate,,7.41848346469338,3,5.5076990447381995
1225,FYR2 Glute Bridge Dumbbell Floor Press,strength,Glutes,dumbbell,intermediate,,9.832420775252228,3,6.145762830378048
1226,Suspended Hip Thrust,strength,Glutes,other,beginner,,9.16320554095283,12,8.55195691217731
1227,Single-leg cable hip extension,strength,Glutes,cable,intermediate,"The single-leg cable hip extension is an isolation exercise that targets the glutes, specifically the gluteus maximus. It is a common burnout movement on a lower-body focused day and is usually performed for moderate to high reps, such as 8-12 reps per set or more.",4.57538533743784,13,6.432411385795454
1228,Pull Through,strength,Glutes,cable,beginner,,8.78711956719432,5,6.807494304168243
1229,Cable rope pull-through deadlift,strength,Glutes,cable,intermediate,The cable rope pull-through deadlift is an exercise targeting the glutes and hamstrings using a proper hip-hinging motion.,7.549619447867851,10,9.086885193088053
1230,UNS Cable Pull-Through,strength,Glutes,cable,intermediate,,8.594693043777614,10,6.560258117437183
1231,30 Legs Glute-Ham Raise,strength,Glutes,machine,intermediate,,4.156922638674274,12,9.472927100371189
1232,Glute bridge,strength,Glutes,none,intermediate,"The glute bridge is a popular lower-body bodyweight exercise that primarily targets the glutes, but also activates the lower back and hamstrings. It can be performed with body weight alone, or with added resistance such as barbells, dumbbells, or bands. It can be performed for time or reps and works perfectly in a dynamic warm-up for lower-body training, but can also be performed for glute activation anytime.",4.7403856970074845,3,4.210799675027268
1233,Single-leg glute bridge,strength,Glutes,none,intermediate,"The single-leg glute bridge is a lower-body exercise that targets the glutes, lower back, and hamstrings. It is performed one side at a time.",3.52380333493139,7,3.7502885937297328
1234,Step-up with knee raise,strength,Glutes,none,intermediate,"The step-up with knee raise is a lower-body exercise targeting the quads, glutes, and hamstrings. It differs from a traditional step-up in that at the top, you lift the trailing leg up to full hip flexion. This gives the exercise a greater range of motion and more of a focus on powerful hip extension in the working leg. When performed with body weight, these are usually performed for high reps as part of a dynamic warm-up, as cardio acceleration, or as part of the lower-body portion of a workout or circuit.",9.085388952260267,12,6.768794669952962
1235,Glute Kickback,strength,Glutes,none,beginner,,7.861200185625454,8,6.153599986370926
1236,Standing hip extension,strength,Glutes,none,beginner,The standing hip extension is a movement that activates the glutes and hamstrings. It is often performed either for time or reps as part of a dynamic warm-up.,5.790784116958706,14,6.030590790995465
1237,Lying glute stretch,flexibility,Glutes,none,intermediate,"The lying glute stretch is a stretch to help increase flexibility in the glutes and hips. It involves rotating a single leg over the body while lying flat on the back, and reaching around the leg to facilitate a stretch. It is commonly included in dynamic warm-ups or cool-downs, but can also be performed as full-body mobility work anytime.",4.435093123245261,8,3.5200106109752705
1238,Knee Across The Body,flexibility,Glutes,none,intermediate,,9.141917152201668,4,6.914559611588405
1239,Seated Glute,flexibility,Glutes,none,beginner,,4.895591579906392,11,8.734186212756693
1240,Lying Glute,flexibility,Glutes,none,beginner,,5.163070970823335,14,4.271497269515016
1241,One Knee To Chest,flexibility,Glutes,none,intermediate,,7.438522557136018,3,4.564975183722839
1242,Seated Glute Stretch,flexibility,Glutes,none,beginner,,3.533276520911409,6,3.983924458433283
1243,Neck Bridge Supine,strength,Glutes,none,beginner,,7.480853931469872,11,7.44599780401715
1244,Walking High Knee,strength,Glutes,none,intermediate,,9.844401250643314,8,4.596437534184284
1245,Walking Butt Kicks,strength,Glutes,none,intermediate,,3.1786432988516053,4,8.518572283217619
1246,Walking Glute Stretch,strength,Glutes,none,intermediate,,3.2445432250631967,14,9.687212528733328
1247,Lunge kick,strength,Glutes,none,intermediate,"The lunge kick is a lower-body, cardio-based exercise performed at a high intensity. It includes a kick of the front leg to make the movement more powerful. It can be performed either for time or reps and is a great inclusion in a fat-loss or athleticism-focused circuit workout.",8.843031963416456,4,7.7036295002883435
1248,Curtsy lunge,strength,Glutes,none,intermediate,"The curtsy lunge is a lower-body bodyweight movement that targets the muscles of the hips and glutes. It is usually performed for moderate to high reps, at least 8-12 reps per leg.",3.432750954267473,8,4.624897186629884
1249,Alternating standing glute stretch,flexibility,Glutes,none,intermediate,"The alternating standing glute stretch focuses on improving lower-body mobility and flexibility, particularly in the hips and glutes. It involves performing a partial squat in a ""figure 4"" position. It can be performed as part of a lower-body warm-up or done post-workout to help combat tightness and soreness.",8.662647349068493,14,3.2600739736141873
1250,Side-lying leg lift,strength,Glutes,none,intermediate,"The side-lying leg lift is a bodyweight exercise targeting the muscles of the hips and glutes. It can be a worthy addition to a dynamic warm-up on a lower-body or strength-focused training day, a component of a lower-body circuit or workout, or a glute activation drill to do anytime. Generally, leg lifts are done for high reps, such as 8-15 reps per leg or more.",8.906634089905065,14,9.664230453393891
1251,FYR Progressive High Knee,strength,Glutes,none,intermediate,"High knees is a full-body, cardio-based exercise with an emphasis on the lower body. It is often performed for reps or time as part of a dynamic warm-up.",8.602333238032822,9,4.956076378907801
1252,Glute-Ham Raise - Gethin Variation,strength,Glutes,none,intermediate,The glute ham raise is an exercise targeting the glutes and hamstrings on a GHD.,5.017564742818523,12,5.980070233686254
1253,Lunge glute stretch,flexibility,Glutes,none,intermediate,"The lunge glute stretch is a lower-body stretch targeting the glutes, hips, and piriformis. It is influenced by the pigeon pose from yoga, but is performed with straight arms. It can be part of a dynamic warm-up or mobility work performed anytime.",3.3934325711926996,9,5.595468521443268
1254,Natural Glute Ham Raise - Gethin Variation,strength,Glutes,none,intermediate,The glute ham raise is an exercise targeting the glutes and hamstrings on a GHD.,4.449931676603368,4,5.616386090157824
1255,Groiner,strength,Glutes,none,intermediate,"The groiner is an explosive bodyweight exercise targeting the legs, shoulders, and core. It also includes a dynamic stretch of the hips. It can be performed for time or reps in any fat-loss or athleticism-focused circuit or workout.",6.303161822602905,13,3.2260005896657558
1256,HM Alternating Donkey Kick,strength,Glutes,none,intermediate,,3.885047327627723,4,4.372990144301134
1257,HM Alternating Slow Step-Down With Chair,strength,Glutes,none,intermediate,,6.7754676760228705,3,5.581479000031315
1258,HM Right Side Iron Cross,strength,Glutes,none,intermediate,,7.597924340202073,14,7.490405528959151
1259,HM Single-Leg Bridge,strength,Glutes,none,intermediate,,3.5966981224132932,10,3.019616806724009
1260,HM Hi-Low,strength,Glutes,none,intermediate,,6.8300816836580065,4,4.0517773222605316
1261,HM Kick-Back,strength,Glutes,none,intermediate,,7.5076513164046075,11,3.4075182617452984
1262,HM Left Side Iron Cross,strength,Glutes,none,intermediate,,5.307964361942671,4,6.71214134675492
1263,HM Left Side-Kick,strength,Glutes,none,intermediate,,8.91187731746229,11,5.874024347184783
1264,HM Leg Lifts,strength,Glutes,none,intermediate,,6.461670909353834,7,3.4376153729876116
1265,Walking lunge,strength,Glutes,none,intermediate,"The walking lunge is a lower-body exercise that targets the glutes, quads, and hamstrings while challenging stability and balance. It can be performed for reps, time, or distance in the lower-body portion of any workout.",7.167087981144975,7,4.731227661319412
1266,High Plyometric Box Jump,strength,Glutes,none,intermediate,,3.2370721061826995,13,5.844063504897198
1267,Barbell hip thrust-,strength,Glutes,none,intermediate,"The barbell hip thrust is a popular exercise that targets the posterior chain, particularly the glutes and hamstrings. It involves fully extending your hips while holding a weighted barbell across the front of the hips. It is a great movement to activate the glutes prior to other lower-body training, but can also be performed in the main part of a workout, or for high reps as a glute burnout.",9.637369357335903,14,3.0733761030562414
1268,UN Glute Bridge,strength,Glutes,none,intermediate,,4.591850116309026,11,3.464978524936687
1269,Holman Donkey Kick,strength,Glutes,none,intermediate,,5.961748362440577,10,6.700053387875674
1270,Holman Hip Raise with Alternating Kick,strength,Glutes,none,intermediate,,8.691852763247311,5,4.259032060055248
1271,Holman Left Leg Donkey Kick,strength,Glutes,none,intermediate,,3.4472754122912037,14,3.3139086000451554
1272,Holman Diagonal Right Leg Step-Out to Right Knee-Up,strength,Glutes,none,intermediate,,7.275428882299559,10,6.568944639108765
1273,Holman Right Leg Donkey Kick,strength,Glutes,none,intermediate,,4.434675787123405,8,4.833830369721982
1274,Holman Butt Tap to Jump,strength,Glutes,none,intermediate,,9.033116721427994,3,6.495321678047572
1275,Holman Butt Tap to Jump-Forward-Jump-Back,strength,Glutes,none,intermediate,,5.287353391366914,4,3.239643373975736
1276,Holman Traveling High Knees to Squat Thrust,strength,Glutes,none,intermediate,,9.216426895863709,8,8.29527173351732
1277,Holman Butt Kicker to High Knees,strength,Glutes,none,intermediate,,9.154023206447881,8,7.015258513950111
1278,Holman Daisy Cutter,strength,Glutes,none,intermediate,,7.812555277823872,13,6.638398260518211
1279,Holman Frogger,strength,Glutes,none,intermediate,,4.2501970887417695,13,9.30930186282174
1280,Holman Hip Raise with Chest Press,strength,Glutes,none,intermediate,,5.7327730278971645,11,5.160910428969644
1281,Total Fitness Bear Crawl,strength,Glutes,none,intermediate,"The bear crawl is a popular bodyweight crawling exercise. While it looks simple, the bear crawl is an intense full-body movement that targets the cardiovascular system as well as a wide range of muscle groups, the shoulders, core, and legs in particular. It can be done as a full-body warm-up, in short bursts for power or circuit training, or for longer durations as cardiovascular conditioning.",5.48450564264745,12,4.558092647922759
1282,Pigeon stretch,strength,Glutes,none,intermediate,"The pigeon stretch is a lower-body stretch targeting the glutes, hips, and piriformis. It is similar to the pigeon pose from yoga, but is also popular as part of dynamic warm-ups or cool-downs in strength training. It can also be performed anytime to help combat training-related soreness.",8.215521458222156,9,7.59817653508304
1283,Levitating side kick-through,strength,Glutes,none,intermediate,"The levitating side kick-through is a full-body movement that starts in a bear crawl position and ends with a leg kicked out to the side. In between reps, you kick into the air in a partial handstand. It is commonly performed for reps or time in bodyweight circuits and animal-style flows, but can also work on its own or as part of a dynamic warm-up or mobility sequence.",5.0837987841360786,6,8.427067355279913
1284,30 Legs Hip Thrust,strength,Glutes,none,intermediate,,3.938564638312548,9,9.7410843755719
1285,Dumbbell single-leg hip thrust,strength,Glutes,none,intermediate,"The dumbbell single-leg hip thrust is a single-sided exercise that targets the posterior chain, particularly the glutes and hamstrings. It involves balancing on one foot and fully extending your hips while holding a dumbbell across the front of your hip. It is a great movement to activate the glutes prior to other lower-body training, but can also be performed in the main part of a workout, or for high reps as a glute burnout.",7.420468775866331,12,9.77461231602485
1286,Medicine ball duck walk,strength,Glutes,medicine_ball,intermediate,"The medicine ball duck walk is a dynamic medicine ball movement that challenges both the upper and lower body, while also elevating the heart rate. It's a great movement to include in medicine ball or bodyweight circuit training to increase fatigue and burn serious calories while hammering the muscles of the legs.",4.768201404583156,7,7.454257258057311
1287,Exercise ball hip thrust,strength,Glutes,exercise_ball,intermediate,"The exercise ball hip thrust is a simple yet effective way to work the glutes and hamstrings. Proper form is essential to really feel the burn in the glutes, and the ball can help guide you into the right form better than a bench, which is the usual support for hip thrusts. Unlike the bench version, the ball hip thrust is best performed with body weight or bands as resistance for safety reasons. It can be an excellent component of a warm-up for lower-body training, or a glute activation drill performed anytime.",6.132933312908118,4,9.762226498303917
1288,Downward Facing Balance,strength,Glutes,exercise_ball,beginner,,8.65786932494598,14,5.615229573703086
1289,Band Good Morning (Pull Through),strength,Hamstrings,bands,beginner,,3.507855533255991,8,7.929391823003825
1290,Standing Hamstring and Calf Stretch,flexibility,Hamstrings,bands,intermediate,,3.759102945907297,14,5.558194806654499
1291,Hamstring-SMR,flexibility,Hamstrings,foam_roll,beginner,,3.365721722633877,14,5.638708026000504
1292,Barbell Deadlift,strength,Hamstrings,barbell,intermediate,"The barbell deadlift is a compound exercise used to develop overall strength and size in the posterior chain. It is a competition lift in the sport of powerlifting, but is also considered a classic benchmark of overall strength. When performed with the hands outside the knees, it is often called a ""conventional"" deadlift. When the feet are wide and the hands are inside the knees, it is a sumo deadlift.",5.614735147038726,11,8.650244568974543
1293,Clean Deadlift,strength,Hamstrings,barbell,beginner,,4.958652100296735,4,4.535068939228775
1294,Sumo deadlift,strength,Hamstrings,barbell,beginner,"The sumo deadlift is a compound movement in which the feet are set in a wide stance with toes pointed out and grip is placed inside of the legs. It is allowed to be performed instead of conventional deadlifts in most powerlifting competitions. The sumo deadlift targets the hamstrings, glutes, and upper back/traps, but also has a greater emphasis on stretching and strengthening the adductor and hip muscles due to the wide stance.",7.90473579387433,7,5.7125875240859525
1295,Romanian Deadlift from Deficit,strength,Hamstrings,barbell,beginner,,8.725972286866881,12,5.7101503827407605
1296,Power Snatch,strength,Hamstrings,barbell,beginner,,6.24134561372449,9,7.55868248704931
1297,Power Clean from Blocks,strength,Hamstrings,barbell,beginner,,8.982427124214954,4,4.095227367138972
1298,Snatch Deadlift,strength,Hamstrings,barbell,beginner,,6.4393291883178545,9,4.85308574592697
1299,Power clean,strength,Hamstrings,barbell,intermediate,"The power clean is a full-body movement in which the bar is pulled from the floor and caught in the front rack position in three pulls or phases. The bar is received in the ""power"" position, with the hips higher than a full-depth squat position. The power clean can be used as a component of the clean and press or clean and jerk, but is also a valuable lift to build explosive power and strength.",7.991766080235332,11,5.787936233426022
1300,Hang Snatch,strength,Hamstrings,barbell,beginner,,6.6830167594522445,11,7.765339060646293
1301,Wide Stance Stiff Legs,strength,Hamstrings,barbell,beginner,,8.379781483015869,4,7.746533233608987
1302,Clean,strength,Hamstrings,barbell,beginner,,3.881277017417332,5,6.284582055465673
1303,Good Morning,strength,Hamstrings,barbell,intermediate,"The barbell good morning is an exercise that targets glute, hamstring, and lower back development. It is often trained as an accessory movement to the deadlift, but also has value on its own. It is sometimes performed for reps in traditional strength-focused rep ranges such as 5-8 reps per set, but due to the risk posed to the lower back, is rarely treated as a max-effort single-rep lift.",4.4170281687988755,8,9.370762203765825
1304,Barbell stiff-legged deadlift,strength,Hamstrings,barbell,intermediate,"The barbell stiff-legged deadlift targets the hamstrings, glutes, lower and upper back, as well as the core. It is a popular accessory movement for the deadlift, but also a muscle-building hamstring movement.",5.909246149340504,5,6.267675281856074
1305,Romanian Deadlift,strength,Hamstrings,barbell,intermediate,"The barbell stiff-legged deadlift targets the hamstrings, glutes, lower and upper back, as well as the core. It is a popular accessory movement for the deadlift, but also a muscle-building hamstring movement.",8.203122188175543,11,8.873262635591054
1306,Sumo Deadlift with Chains,strength,Hamstrings,barbell,beginner,,7.506101622744478,3,7.993440149095965
1307,Sumo Deadlift with Bands,strength,Hamstrings,barbell,beginner,,6.387007327666131,7,8.236073228547905
1308,Good Morning off Pins,strength,Hamstrings,barbell,beginner,,5.783177541912079,11,8.125694887853957
1309,Stiff-Legged Deadlift,strength,Hamstrings,barbell,beginner,"The barbell stiff-legged deadlift targets the hamstrings, glutes, lower and upper back, as well as the core. It is a popular accessory movement for the deadlift, but also a muscle-building hamstring movement.",8.81979010403398,12,4.643361687800437
1310,Snatch Pull,strength,Hamstrings,barbell,beginner,,6.560272635994007,10,9.962988332123768
1311,Hanging Bar Good Morning,strength,Hamstrings,barbell,beginner,,5.899614512226373,6,4.544016783441327
1312,Reverse Band Sumo Deadlift,strength,Hamstrings,barbell,beginner,,5.314467908298166,5,7.684837568816489
1313,Muscle Snatch,strength,Hamstrings,barbell,beginner,,7.885693152035095,3,9.707513232684349
1314,Split Snatch,strength,Hamstrings,barbell,beginner,,3.5160798694422346,14,6.729485946319022
1315,Hang Snatch - Below Knees,strength,Hamstrings,barbell,beginner,,3.3555925782026357,7,8.60601266850442
1316,30 Legs Sumo Deadlift,strength,Hamstrings,barbell,intermediate,,5.642902713576385,14,7.93228665320318
1317,Kettlebell pass-through lunge,strength,Hamstrings,kettlebells,intermediate,"The kettlebell pass-through lunge is a dynamic leg and core exercise in which a lifter passes a weight under their front leg during lunges. It is a unique coordination challenge, but also challenging to the musculature of the abdomen, lower body, shoulders, and upper back. It is most commonly performed for higher reps, such as 10-15 reps per side, or for time. It can work in circuit-style workouts, or in lower-body or full-body time-efficient training.",4.868684582065596,11,4.218716228217472
1318,Kettlebell One-Legged Deadlift,strength,Hamstrings,kettlebells,intermediate,"The kettlebell single-leg deadlift is a variation on the kettlebell deadlift where one foot stays planted on the ground while the other raises into the air at the bottom of the movement. It's popular in lower-body training for strength and muscle building, but also trains balance, grip, and the core muscles.",4.036614436019384,4,7.415386633221535
1319,Single-arm kettlebell clean,strength,Hamstrings,kettlebells,beginner,"The single-arm kettlebell clean is an explosive kettlebell exercise where the lifter pulls the weight to shoulder level in a single movement. While the kettlebell clean is often used as a transitional movement into the press or front squat, it is also a valuable strength and power exercise in its own right. It can be performed in low rep ranges for strength or higher rep ranges for technique practice or muscle growth.",9.28496082176264,5,5.292696620693622
1320,Single-leg kettlebell deadlift,strength,Hamstrings,kettlebells,intermediate,"The kettlebell single-leg deadlift is a variation on the kettlebell deadlift where one foot stays planted on the ground while the other raises into the air at the bottom of the movement. It's popular in lower-body training for strength and muscle building, but also trains balance, grip, and the core muscles.",7.387436647724948,9,4.116774147049789
1321,Romanian Deadlift with Kettlebell,strength,Hamstrings,kettlebells,beginner,,7.547400150636699,5,5.78392621538304
1322,Single-arm kettlebell swing,strength,Hamstrings,kettlebells,intermediate,"The single-arm kettlebell swing is a popular exercise emphasizing the muscles of the hamstrings, glutes, and back. Because you are only swinging with one arm at a time, it is also uniquely challenging to the grip and core muscles. It is often used to train explosive power, for aerobic or cardiovascular conditioning, or in circuit training.",8.38718649549836,10,8.513136119475314
1323,Kettlebell Dead Clean,strength,Hamstrings,kettlebells,beginner,,5.205575621448654,4,8.655271270298398
1324,Alternating Hang Clean,strength,Hamstrings,kettlebells,beginner,,4.887356056324838,11,9.352167356006062
1325,One-Arm Open Palm Kettlebell Clean,strength,Hamstrings,kettlebells,beginner,,4.430155744305204,10,5.147388465642274
1326,Open Palm Kettlebell Clean,strength,Hamstrings,kettlebells,beginner,,6.276659146621595,3,9.938630347739327
1327,Kettlebell Hang Clean,strength,Hamstrings,kettlebells,beginner,,8.19035159811989,14,9.774008723813711
1328,Double Kettlebell Alternating Hang Clean,strength,Hamstrings,kettlebells,beginner,,7.348792973919101,11,8.39150165903655
1329,Romanian Deadlift With Dumbbells,strength,Hamstrings,dumbbell,beginner,"The dumbbell stiff-legged deadlift targets the hamstrings, glutes, low and upper back, as well as the core. The purpose of the stiff-legged, as opposed to Romanian deadlift with slightly bent knees, is to engage the hamstrings and low back to an even greater degree.",5.964830961085663,5,8.997463202616672
1330,Stiff-Legged Dumbbell Deadlift,strength,Hamstrings,dumbbell,intermediate,"The dumbbell stiff-legged deadlift targets the hamstrings, glutes, low and upper back, as well as the core. The purpose of the stiff-legged, as opposed to Romanian deadlift with slightly bent knees, is to engage the hamstrings and low back to an even greater degree.",7.3204664407473885,9,6.371652205110658
1331,Vertical Swing,cardio,Hamstrings,dumbbell,beginner,,4.043191309310711,13,3.299975301817556
1332,Dumbbell Fix Dumbbell Swing,strength,Hamstrings,dumbbell,intermediate,,9.706754605708724,5,3.9928011526006695
1333,Dumbbell Lying Hamstring Curl,strength,Hamstrings,dumbbell,intermediate,,8.642653841356456,8,3.572968097043357
1334,30 Legs Dumbbell Stiff-Legged Deadlift,strength,Hamstrings,dumbbell,intermediate,,5.9585951278627025,5,7.751219444853488
1335,Box jump,cardio,Hamstrings,other,beginner,"The box jump is an explosive exercise that strengthens the muscles of the lower body, including the quads, glutes, calves, and hamstrings. They also develop power in the lower body while revving the heart rate. Box jumps can be performed for low reps to focus on strength and power, or for higher reps for metabolic conditioning. Most coaches recommend stepping down rather than jumping down between reps.",9.508887730798198,7,5.22052328273219
1336,Box Jump (Multiple Response),cardio,Hamstrings,other,intermediate,"The box jump is a plyometric exercise that strengthens the muscles of the lower body, including the quads, glutes, calves and hamstrings. They also develop power in the lower-body while revving the heart rate.",3.431132716992824,8,4.8358968170427366
1337,Sled push-,cardio,Hamstrings,other,beginner,"The sled push is a conditioning exercise that targets the cardiovascular system and the muscles of the lower body. It involves pushing a sled along turf or another flat surface either for time or distance. Depending on your type of equipment, you may be pushing handles or straps in front of the sled. It can be used as part of a dynamic warm-up or for power training, as a finisher, or as part of a conditioning workout or circuit.",7.552244154973042,6,5.258238076580689
1338,Lying Hamstring,flexibility,Hamstrings,other,beginner,,7.337032646051839,8,4.384209648702395
1339,Chair Leg Extended Stretch,flexibility,Hamstrings,other,beginner,,7.5002265459298405,3,6.984635510220227
1340,Suspended Leg Curl,strength,Hamstrings,other,beginner,,7.173312336054939,6,7.992727935255423
1341,Box Skip,cardio,Hamstrings,other,beginner,,7.88816097540023,6,8.062539190438525
1342,Power Stairs,strength,Hamstrings,other,beginner,,6.174872938441008,9,3.9842530194011587
1343,Seated Hamstring and Calf Stretch,flexibility,Hamstrings,other,beginner,,7.110558399607987,11,8.229613588090139
1344,Hamstring slide,strength,Hamstrings,other,beginner,"The hamstring slide is a bodyweight exercise targeting the hamstrings. Lying supine on a smooth surface, bend your knees to pull both heels toward you. The sliding action requires a pad, cloth, or furniture sliders under the heels. These are considered more difficult than exercise ball hamstring curls and are a great primer movement before heavy squats or deadlifts, or as an accessory movement later in a lower-body workout.",9.440267502238381,6,4.054020272965955
1345,Seated Band Hamstring Curl,strength,Hamstrings,other,intermediate,,8.045309082609059,6,4.335944264143539
1346,Lying cable leg curl,strength,Hamstrings,cable,intermediate,"The lying cable leg curl is a classic machine exercise for building greater muscle size and strength in the hamstrings. It's easy to learn, easy to master, and poses little in the way of injury risk. It is usually performed for moderate to high reps, at least 8-12 reps per set, as part of lower-body training.",7.450320596892328,3,5.763282307492377
1347,Standing cable leg curl,strength,Hamstrings,cable,intermediate,"The standing cable leg curl is an isolation exercise for the hamstrings. It is often used as a variation of leg curl machines and for working each side independently. It is usually performed for moderate to high reps, at least 8-12 reps per set, as part of lower-body training.",6.6895678060907535,9,9.887555388497532
1348,Lying Leg Curls,strength,Hamstrings,machine,beginner,"The lying leg curl is a popular machine-based exercise for the legs, particularly the hamstrings. It is similar to the seated leg curl, but the open hip angle in the lying leg curl may incorporate more glute and calf activation. It is usually performed for moderate to high reps, such as 8-12 reps per set or more, as part of a leg pre-exhaust or as a muscle-building movement for lower-body training.",3.929306530123482,7,6.806188254563924
1349,Glute Ham Raise,strength,Hamstrings,machine,intermediate,The glute ham raise is an exercise targeting the glutes and hamstrings on a GHD.,5.77551461652752,14,3.915825806702204
1350,Reverse Hyperextension,strength,Hamstrings,machine,beginner,,4.398584472719198,6,9.486410010518949
1351,Seated Leg Curl,strength,Hamstrings,machine,intermediate,"The leg curl is a popular machine-based exercise for the legs, particularly the hamstrings. It comes in seated and lying varieties, but the seated leg curl machine is more common in commercial gyms. Leg curl variations are usually performed for moderate to high reps, such as 8-12 reps per set or more, as part of a leg pre-exhaust or as a muscle-building movement for lower-body training.",5.134997807448908,8,5.0170023337091365
1352,Standing Leg Curl,strength,Hamstrings,machine,beginner,,8.413078607637594,8,5.98755552749825
1353,Smith machine stiff-legged deadlift,strength,Hamstrings,machine,beginner,"The Smith machine stiff-legged deadlift is a machine-based exercise targeting the muscles of the hamstrings, glutes, and upper back. The Smith machine mimics a barbell but provides more stability. This movement can be programmed like a traditional stiff-legged or Romanian deadlift, in low reps for strength or higher reps for muscle and strength endurance. It is often performed for moderate to high reps, such as 8-12 reps per set or more, as part of a full-body or lower-body workout.",7.0276540825153955,6,8.500777462508893
1354,Lying Leg Curl - Gethin Variation,strength,Hamstrings,machine,intermediate,"The lying leg curl is a popular machine-based exercise for the legs, particularly the hamstrings. It is similar to the seated leg curl, but the open hip angle in the lying leg curl may incorporate more glute and calf activation. It is usually performed for moderate to high reps, such as 8-12 reps per set or more, as part of a leg pre-exhaust or as a muscle-building movement for lower-body training.",4.4920815715303055,14,4.426029067135449
1355,Paul Carter Leg Extension,strength,Hamstrings,machine,intermediate,The leg extension is an isolation exercise for the quads.,3.8287760416491063,13,9.188072816326926
1356,Lying leg curl,strength,Hamstrings,machine,intermediate,"The lying leg curl is a popular machine-based exercise for the legs, particularly the hamstrings. It is similar to the seated leg curl, but the open hip angle in the lying leg curl may incorporate more glute and calf activation. It is usually performed for moderate to high reps, such as 8-12 reps per set or more, as part of a leg pre-exhaust or as a muscle-building movement for lower-body training.",7.880773464375141,10,9.448376158235817
1357,Seated Hamstring Curl - Gethin Variation,strength,Hamstrings,machine,intermediate,"The leg curl is a popular machine-based exercise for the legs, particularly the hamstrings. It comes in seated and lying varieties, but the seated leg curl machine is more common in commercial gyms. Leg curl variations are usually performed for moderate to high reps, such as 8-12 reps per set or more, as part of a leg pre-exhaust or as a muscle-building movement for lower-body training.",4.368132418310842,10,3.7836511380821785
1358,Single-leg lying leg curl,strength,Hamstrings,machine,intermediate,"The single-leg lying leg curl is a popular machine-based exercise for the legs, particularly the hamstrings. It is similar to the seated leg curl, but the open hip angle in the lying leg curl may incorporate more glute and calf activation. It is usually performed for moderate to high reps, such as 8-12 reps per set or more, as part of a leg pre-exhaust or as a muscle-building movement for lower-body training. Performing it one leg a time allows you to focus on the mind-muscle connection of each leg and address muscle imbalances.",6.499279748176213,5,8.27100315212154
1359,Leg curl,strength,Hamstrings,machine,intermediate,"The leg curl is a popular machine-based exercise for the legs, particularly the hamstrings. It comes in seated and lying varieties, but the seated leg curl machine is more common in commercial gyms. Leg curl variations are usually performed for moderate to high reps, such as 8-12 reps per set or more, as part of a leg pre-exhaust or as a muscle-building movement for lower-body training.",3.3585964415448957,7,9.29678336362116
1360,Leg Extension - Gethin Variation,strength,Hamstrings,machine,intermediate,The leg extension is an isolation exercise for the quads.,6.654435335188959,6,5.792106732503658
1361,Single-leg leg extension-,strength,Hamstrings,machine,intermediate,"The single-leg leg extension is a popular machine-based exercise for the legs, particularly the quadriceps. It is usually performed for moderate to high reps, such as 8-12 reps per set or more, as part of a leg pre-exhaust or as a muscle-building movement for lower-body training. Performing it one leg a time allows you to focus on the mind-muscle connection of each leg and address muscle imbalances.",8.617342128239892,5,7.87593830893557
1362,Lying Hamstring Curls - Gethin Variation,strength,Hamstrings,machine,intermediate,"The lying leg curl is a popular machine-based exercise for the legs, particularly the hamstrings. It is similar to the seated leg curl, but the open hip angle in the lying leg curl may incorporate more glute and calf activation. It is usually performed for moderate to high reps, such as 8-12 reps per set or more, as part of a leg pre-exhaust or as a muscle-building movement for lower-body training.",3.9854830659292615,7,7.825064425545648
1363,AM Seated Hamstring Curl,strength,Hamstrings,machine,intermediate,"The leg curl is a popular machine-based exercise for the legs, particularly the hamstrings. It comes in seated and lying varieties, but the seated leg curl machine is more common in commercial gyms. Leg curl variations are usually performed for moderate to high reps, such as 8-12 reps per set or more, as part of a leg pre-exhaust or as a muscle-building movement for lower-body training.",5.840291709689964,6,7.633443608215355
1364,UP Hamstring Curl,strength,Hamstrings,machine,intermediate,"The lying leg curl is a popular machine-based exercise for the legs, particularly the hamstrings. It is similar to the seated leg curl, but the open hip angle in the lying leg curl may incorporate more glute and calf activation. It is usually performed for moderate to high reps, such as 8-12 reps per set or more, as part of a leg pre-exhaust or as a muscle-building movement for lower-body training.",6.868540878156741,12,5.03842070291768
1365,30 Legs Leg Extension,strength,Hamstrings,machine,intermediate,,5.279227965823987,3,6.68239324061847
1366,30 Legs Seated Leg Curl,strength,Hamstrings,machine,intermediate,,5.48052943098828,7,4.058615490599115
1367,Natural Glute Ham Raise,strength,Hamstrings,none,beginner,The glute ham raise is an exercise targeting the glutes and hamstrings on a GHD.,3.5165374941027934,11,8.411560316726487
1368,Standing leg swing,flexibility,Hamstrings,none,beginner,"The standing leg swing is a dynamic stretching exercise that involves moving one leg up in front of you, as if to punt an imaginary football. This is a classic move for warming up the body and stretching the hamstrings.",3.3358660586677367,13,8.956237114998132
1369,Linear Acceleration Wall Drill,cardio,Hamstrings,none,intermediate,,9.104555206821356,13,5.680984820327029
1370,Knee Tuck Jump,cardio,Hamstrings,none,intermediate,"The tuck jump is a vertical jump, an explosive lower-body exercise that is a common way to measure explosive hip and lower-body strength in athletes. The more explosive you are, the higher you'll be able to jump.",3.5764684927428148,7,4.519644439997505
1371,Leg-Up Hamstring Stretch,flexibility,Hamstrings,none,intermediate,,5.98769651619346,12,7.911633401969487
1372,Inchworm,flexibility,Hamstrings,none,beginner,The inchworm is a popular bodyweight exercise that involves “walking” the hands on the floor from a bent-over toe-touch position into a straight-arm plank. It is usually performed as part of a dynamic warm-up to help raise core body temperature and “limber up” the body from head to toe.,3.429033346974932,14,8.990486064168953
1373,Moving Claw Series,cardio,Hamstrings,none,intermediate,,6.136506242562959,8,3.3909150210179844
1374,Lying groin stretch with band,flexibility,Hamstrings,none,intermediate,"The lying groin stretch with band is a simple way to stretch a chronically tight muscle group of the lower body. It is common in stretching and yoga classes but can also be performed individually as part of a warm-up, paired with movements in a workout, or as part of a cool-down or recovery strategy.",4.1393440347362285,6,6.256697631998719
1375,90/90 Hamstring,flexibility,Hamstrings,none,beginner,,6.792994893013482,5,6.588299947619536
1376,World's greatest stretch,flexibility,Hamstrings,none,intermediate,"The world's greatest stretch is a popular movement that earned its name because it targets multiple parts of the body, including the hips, shoulders, and thoracic spine, in a single sequence. This makes it a great dynamic warm-up, post-workout stretch, or mobility work you can do anytime.",6.64079045322554,12,5.345514431968756
1377,The Straddle,flexibility,Hamstrings,none,intermediate,,3.6370400099821447,11,7.7651407191278965
1378,Prone Manual Hamstring,strength,Hamstrings,none,intermediate,,7.919227904293155,6,4.166766587475811
1379,Knee To Chest,flexibility,Hamstrings,none,beginner,,7.665060610592189,14,5.66421940920537
1380,Hurdle Hops,cardio,Hamstrings,none,intermediate,,4.8894198482596565,8,8.8861841007703
1381,Hip Stretch With Twist,flexibility,Hamstrings,none,beginner,,6.803130880854284,13,8.647121516473897
1382,Linear 3-Part Start Technique,cardio,Hamstrings,none,intermediate,,7.099693081513818,14,8.479782492465688
1383,Alternating Leg Swing,flexibility,Hamstrings,none,beginner,,4.550257219100549,5,3.352210797145424
1384,Single-leg balance and reach,flexibility,Hamstrings,none,beginner,The single-leg balance and reach is an exercise that focuses on lower-body strength and stability.,7.850555176597075,11,6.357814489334119
1385,High Kick,flexibility,Hamstrings,none,beginner,,6.72609093836193,4,7.00264678575038
1386,Boss Everline 10-Yard Sprints,strength,Hamstrings,none,intermediate,,5.27834570435741,11,7.4323421679724175
1387,Standing hamstring stretch,flexibility,Hamstrings,none,intermediate,"The standing hamstring stretch is an exercise that stretches the hamstrings, the muscles that cover the back of the thighs. It involves looping a band around one foot and then pulling it, which produces an intense stretch in the hamstrings. It can be performed prior to training the lower body or playing sports, or as a restorative stretch anytime.",4.442826734701353,3,3.6290542568949857
1388,Reverse lunge,flexibility,Hamstrings,none,intermediate,"The reverse lunge is a lower-body exercise targeting the quads, glutes, and hamstrings. The reverse lunge places more emphasis on the glutes than other lunge variations.",7.593344694192512,13,7.244782275621877
1389,HM Alternating Cross Lunge,strength,Hamstrings,none,intermediate,,5.415922504519418,13,8.898214605478012
1390,HM Alternating Front Kick,strength,Hamstrings,none,intermediate,,6.414179905923847,7,8.941420010542913
1391,HM World's Greatest Stretch,flexibility,Hamstrings,none,intermediate,,7.1935981593131775,8,5.81109530246642
1392,HM Alternating Sprawl Kick-Through,strength,Hamstrings,none,intermediate,,9.304035730949284,4,8.770959641180607
1393,HM Alternating Step-Back,strength,Hamstrings,none,intermediate,,8.23508399415887,11,4.883580464097351
1394,HM Alternating Step-Up With Chair,strength,Hamstrings,none,intermediate,,9.968286581173448,6,9.316198171645507
1395,HM Right Knee-Up,strength,Hamstrings,none,intermediate,,9.275930997539538,4,5.744021782998351
1396,HM Low Lunge With External Twist,strength,Hamstrings,none,intermediate,,9.875183485219942,3,6.3298989079483885
1397,HM Ninja Crawl,strength,Hamstrings,none,intermediate,,5.766553807700594,14,5.839029807563014
1398,HM Pigeon Stretch,strength,Hamstrings,none,intermediate,,7.682794402857793,7,7.244707916815299
1399,Single-Leg Deadlift Walk,strength,Hamstrings,none,intermediate,,7.622975793093711,13,4.451316377984965
1400,Total Fitness Hamstring Slide,strength,Hamstrings,none,intermediate,"The hamstring slide is a bodyweight exercise targeting the hamstrings. Lying supine on a smooth surface, you bend your knees to pull both heels toward you. The sliding action requires a pad, cloth, or furniture sliders under the heel. These are considered more difficult than exercise ball hamstring curls, and are a great primer movement before heavy squats or deadlifts, or as an accessory movement later in a lower-body workout.",3.191047717076576,6,3.1132872024673945
1401,30 Legs Walking Lunge,strength,Hamstrings,none,intermediate,,9.028112422653239,11,6.337537224254108
1402,Glute ham raise-,strength,Hamstrings,none,beginner,"The glute ham raise is an exercise targeting the glutes and hamstrings on a GHD, or glute ham developer bench. The unassisted version of the movement requires serious hamstring strength, so it is more common to see versions that use a band or PVC pipe for assistance. It is commonly performed as an accessory movement for heavy barbell lifts. While a single rep may be a struggle at first, with time, strong athletes can build up to doing them for 8-12 reps per set.",6.575161280148882,9,3.919077098844058
1403,Lying hamstring stretch with band,flexibility,Hamstrings,none,beginner,"The lying hamstring stretch with band is a simple way to stretch a chronically tight muscle group of the lower body. It is common in stretching and yoga classes but can also be performed individually as part of a warm-up, paired with movements in a workout, or as part of a cool-down or recovery strategy.",8.37428508482523,4,7.316132537501408
1404,Upper Back-Leg Grab,flexibility,Hamstrings,none,beginner,,7.579615629138195,11,9.520827957202968
1405,Seated Hamstring,flexibility,Hamstrings,none,beginner,,4.954979952832415,7,6.485421186873202
1406,Alternating lunge jump,flexibility,Hamstrings,none,beginner,"The alternating lunge jump is an explosive bodyweight exercise that targets the lower-body muscles, including the quads, glutes, and hamstrings. It can be performed for time or reps in power training, and is also effective in any fat-loss or athleticism-focused workout.",7.41911160932538,6,6.520895381989164
1407,Runner's Stretch,flexibility,Hamstrings,none,intermediate,,4.7697625098783405,10,7.662789459285024
1408,Exercise ball leg curl,strength,Hamstrings,exercise_ball,intermediate,"The exercise ball leg curl is an exercise targeting the hamstrings. In particular, it targets the knee flexion function of the hamstrings, as opposed to deadlift variations, which target the other hamstring function, hip flexion. Many lifters opt for this exercise when they don't have access to a lying leg curl machine, but it is worth considering even if you already do machine curls.",5.252155583112083,3,3.405438394516924
1409,Ball Hamstring Hat Trick,strength,Hamstrings,exercise_ball,intermediate,"The exercise ball leg curl is an exercise targeting the hamstrings. In particular, it targets the knee flexion function of the hamstrings, as opposed to deadlift variations, which target the other hamstring function, hip flexion. Many lifters opt for this exercise when they don’t have access to a lying leg curl machine, but it is worth considering even if you already do machine curls.",6.721724903251227,8,5.625347919687093
1410,Band-assisted pull-up,strength,Lats,bands,intermediate,"The band-assisted pull-up is a variation of the pull-up exercise in which the reps are performed with an elastic band looped around the feet or knees. This reduces weight and resistance at the bottom of the rep, while increasing it toward the top. Like other pull-up variations, it builds strength and muscle in the upper back, biceps, and core, and is often used as a way to help people boost their pull-up numbers or perform their first rep.",3.595739337810815,13,6.350839430667785
1411,Assisted Chin-Up,strength,Lats,bands,beginner,"The reverse-grip chin-up is a variation of the pull-up exercise in which the reps are performed with the palms facing toward the body, in an underhand position, with a band looped around the feet or knees. This reduces weight and resistance at the bottom of the rep, while increasing it toward the top. Like other pull-up variations, it builds strength and muscle in the upper back, biceps, and core, but it utilizes the biceps slightly more than overhand band-assisted pull-ups.",8.412460447324971,9,4.557823532994631
1412,UN Band Assisted Pull-up Pronated,strength,Lats,bands,intermediate,,6.833192836331763,10,5.489195686892904
1413,UN Band Assisted Pull-up Neutral,strength,Lats,bands,intermediate,,3.1982945594740855,10,5.835028704104765
1414,UN Band Assisted Pull-up Supinated,strength,Lats,bands,intermediate,,8.632475775521995,8,4.742024670528934
1415,FYR2 Monster Band Face-Pull Hold,strength,Lats,bands,intermediate,,9.37676615319253,7,9.741653405779317
1416,Single-arm band low row,strength,Lats,bands,intermediate,"The single-arm band low row is a single-arm row variation utilizing a band for resistance that is anchored low. It targets the muscles of the middle back, like the lats (latissimus dorsi) and rhomboids, but also the core. It is usually performed for moderate to high reps, at least 8-15 reps per set, in the later stages of a back or upper-body workout.",8.923078732171517,12,7.832836538778798
1417,Latissimus dorsi SMR,flexibility,Lats,foam_roll,intermediate,"Latissimus dorsi self-myofascial release (SMR) is a self-administered soft-tissue treatment for the upper body, usually using a foam roller, lacrosse ball, or other ""trigger point"" massage tool. By applying pressure strategically to the lat muscles of the mid back, some people find they can cause this often painful and tight area to relax or ""release."" Latissimus dorsi SMR is often accompanied by SMR on the pectorals or rhomboids, or by stretches that target the lats.",9.099454377391734,10,9.651742935614351
1418,Bent-arm barbell pull-over,strength,Lats,barbell,intermediate,"The bent-arm barbell pull-over was a staple exercise of the ""Golden Era"" of bodybuilding and a favorite of Arnold Schwarzenegger himself. Done properly, the exercise targets the pecs, lats, and serratus anterior muscles. Old-school bodybuilders would perform them with light weights for sets of 20 between sets of heavy 20-rep squats, but pull-overs are more popular today in moderate rep ranges, such as 8-12 reps per set, as part of an upper-body workout.",3.033118347338027,14,8.98675604597186
1419,Barbell pull-over to press,strength,Lats,barbell,beginner,"The barbell pull-over to press is a complex that combines two popular exercises into one sequence that works much of the upper body, particularly the chest, triceps, and serratus anterior muscles. It is commonly performed with an EZ-bar, but can also be performed with a straight bar or neutral-grip bar. Because the pull-over will determine the amount of weight you can use, this movement is usually performed for moderate to high reps, such as 8-12 reps per set or more, as part of the upper-body portion of a workout.",9.963181437455951,10,9.934006240638503
1420,Single-arm barbell bent-over row,strength,Lats,barbell,intermediate,"The single-arm barbell bent-over row is a barbell exercise focused on the muscles of the middle back, such as the lats (latissimus dorsi) and rhomboids. It also targets the biceps and grip. If the loose end of the barbell moves around, it can be secured by placing it in the corner of a room.",6.6857295776380266,9,8.919006467634713
1421,Reverse Barbell Row,strength,Lats,barbell,intermediate,,7.078443473502578,8,8.992027865804033
1422,Side kick-through to kettlebell high pull,strength,Lats,kettlebells,intermediate,"The side kick-through to kettlebell high pull is a combination of a popular bodyweight exercise and an explosive kettlebell movement. Between them, the pairing targets the traps, shoulders, core, hips, hamstrings, and glutes. This combination can be performed for time or for reps, often as circuit-style training for conditioning or fat loss.",8.473723069337385,6,9.45001402434022
1423,FYR2 Alternating Kettlebell Snatch,strength,Lats,kettlebells,intermediate,,8.668642442242065,7,5.506037760197707
1424,FYR2 Alternating Kettlebell Swing,strength,Lats,kettlebells,intermediate,,4.42443071832829,10,3.1678852388290237
1425,FYR2 American Kettlebell Swing,strength,Lats,kettlebells,intermediate,,5.008570762968462,6,5.181033237031127
1426,FYR2 Double-Kettlebell Standing Clean,strength,Lats,kettlebells,intermediate,,7.483588090948592,13,3.9660296371705734
1427,FYR2 Kettlebell Swing High Pull,strength,Lats,kettlebells,intermediate,,3.4675982561725736,11,8.432128501827732
1428,FYR2 Kettlebell Swing-Clean-Press Combo,strength,Lats,kettlebells,intermediate,,7.118786620815058,3,5.934747299378554
1429,FYR2 Kettlebell Swing-Clean-Press-Row Combo,strength,Lats,kettlebells,intermediate,,8.698399544448701,13,8.153567608805565
1430,FYR2 Single-Arm Kettlebell Clean,strength,Lats,kettlebells,intermediate,,3.540370893431528,13,5.167330348785137
1431,FYR2 Single-Arm Kettlebell Swing,strength,Lats,kettlebells,intermediate,,7.967617675265209,12,3.65814956987205
1432,PJR pull-over-,strength,Lats,dumbbell,intermediate,"The PJR pull-over is a triceps-focused version of the pull-over exercise, usually performed on either a flat or slightly inclined bench. The low position of the movement stretches the triceps—particularly the long head of the muscle—while the top position is a triceps press that contracts all three heads. It can be done in any type of strength or muscle-focused workout, in traditional muscle-building rep ranges, such as 8-12 reps, or for higher reps.",3.7676551042415496,12,5.853731273242829
1433,Dumbbell seal row,strength,Lats,dumbbell,intermediate,"The dumbbell seal row is a weighted exercise targeting the muscles of the middle back, including the lats (latissimus dorsi) and rhomboids. It can be performed on a special elevated bench, on a bench placed on top of boxes or benches, or on a bench with a slight incline. The higher the bench, the greater the range of motion and stretch at the bottom of the movement. It is usually performed as an assistance movement for back strength and muscle growth, in rep ranges of 8-12 reps per set or higher.",8.060274771410418,4,3.532470366952214
1434,Incline Dumbbell Row - Gethin Variation,strength,Lats,dumbbell,intermediate,The incline dumbbell row is an upper body isolation exercise targeting the lower lats and upper back muscles.,3.4496050028386143,11,6.207053800859018
1435,FYR Bent-Over Dumbbell Row,strength,Lats,dumbbell,intermediate,"The dumbbell bent-over row is a popular exercise to develop and strengthen the muscles of the upper and middle back, like the latissimus (lat), lower trapezius, and rear deltoids. It can work equally well in strength, muscle-building, or circuit-style fat-loss workouts.",9.81343002604679,6,7.286705485525823
1436,Straight-Arm Dumbbell Pull-Over - Gethin Variation,strength,Lats,dumbbell,intermediate,"The straight-arm dumbbell pull-overpull-over was a staple exercise of the Golden Era of bodybuilding and a favorite of Arnold Schwarzenegger himself. Done properly, the exercise hits the bottom of the pecs, the lats, the abs, and the triceps.",7.038717301772496,7,6.297310543225437
1437,Bent-Over Dumbbell Row - Gethin Variation,strength,Lats,dumbbell,intermediate,"The dumbbell bent-over row is a popular exercise to develop and strengthen the muscles of the upper and middle back, like the latissimus (lat), lower trapezius, and rear deltoids. It can work equally well in strength, muscle-building, or circuit-style fat-loss workouts.",4.76280204136963,8,4.904123031416254
1438,Bent-over dumbbell rear delt fly,strength,Lats,dumbbell,intermediate,"The bent-over dumbbell rear delt fly is a popular upper-body exercise that targets the muscles on the back of the shoulder joint, specifically the rear head of the deltoid. Since pressing movements build the front and (to a lesser degree) side deltoid heads, this move is often done to promote balanced shoulder development. It is usually performed for high reps, such as 10-15 reps per set or more, as part of a shoulder or upper-body workout.",8.384060200179952,9,4.264062329634777
1439,Band Resisted Dumbbell Row,strength,Lats,dumbbell,intermediate,,5.246808477006224,6,8.684520488945981
1440,Holman Right Arm Weighted Half Jack,strength,Lats,dumbbell,intermediate,,9.409413263231071,9,6.300876018943424
1441,Holman Left Arm Weighted Half Jack,strength,Lats,dumbbell,intermediate,,9.200440132373195,5,7.882548855737311
1442,Holman Renegade Row,strength,Lats,dumbbell,intermediate,,8.02710888013154,12,7.8509147331600735
1443,Holman Renegade Row with Opposite Foot Step-Out,strength,Lats,dumbbell,intermediate,,3.17331225834172,7,7.373369274177324
1444,Holman Renegade Row to Weighted Burpee,strength,Lats,dumbbell,intermediate,,4.5691097716166045,14,9.094717630966645
1445,Holman Weighted Double-Arm Cross Punch,strength,Lats,dumbbell,intermediate,,4.295540959448022,7,3.8398245014936876
1446,Holman Standing Flat Back Row,strength,Lats,dumbbell,intermediate,,8.12750074639543,10,8.681461920805559
1447,Total Fitness Dumbbell Isometric Row Hold,strength,Lats,dumbbell,intermediate,"The dumbbell bent-over row is a popular exercise to develop and strengthen the muscles of the upper and middle back, like the latissimus (lat), lower trapezius, and rear deltoids. It can work equally well in strength, muscle-building, or circuit-style fat-loss workouts.",7.837579451692766,6,6.695522149957093
1448,Dumbbell renegade row,strength,Lats,dumbbell,intermediate,"The dumbbell renegade row combines rowing and core training into a single difficult movement. It's popular in time-efficient strength and muscle-building workouts, as well as in circuit-style training.",6.7546623887862935,6,4.249043131565541
1449,MetaBurn Bent-Over Row to Rear-Delt Raise,strength,Lats,dumbbell,intermediate,,8.23558994323532,8,7.968156757440793
1450,FYR2 Bent-Over Reverse Fly,strength,Lats,dumbbell,intermediate,,7.3436068189770065,7,5.40844456765771
1451,Weighted pull-up,strength,Lats,other,intermediate,"The weighted pull-up is a more advanced variation of the pull-up exercise in which the lifter adds extra weight to their body. Options for adding weight include a dip belt, weighted vest, chains, a dumbbell placed between the feet or legs, or looping a kettlebell over the foot. Like other pull-up variations, the weighted pull-up builds strength and muscle in the upper back, biceps, and core.",6.298151668913815,8,7.201176605590013
1452,Rocky Pull-Ups/Pulldowns,strength,Lats,other,beginner,,9.738313130209288,10,5.970434492143868
1453,Gironda Sternum Chins,strength,Lats,other,beginner,,7.095948660523376,14,9.005113186530794
1454,Floor rope climb,strength,Lats,other,beginner,"The floor rope climb is an exercise that involves performing partial rope climbs in a prone position with the feet on the floor. It can help prepare someone for full rope climbs, but also trains the muscles of the back, biceps, and grip. It can be done for time or reps.",6.365467417385161,7,9.631894081263809
1455,Overhead Lat,flexibility,Lats,other,beginner,,7.107132886110053,10,9.922665609761594
1456,Around-the-world pull-up,strength,Lats,other,beginner,"The around-the-world pull-up is a more advanced version of the classic pull-up. It focuses stress more directly on the individual arms or sides of the back, while also boosting the time under tension at the top of each rep. It can be used as a progression toward a one-arm pull-up, or simply as a way to increase the challenge and variety of your pull-up training.",4.788076465451736,12,3.4032160128858817
1457,L-sit chin-up,strength,Lats,other,beginner,"The L-sit chin-up is an exercise targeting the back, biceps, core, and overall upper-body strength. It is considered significantly more difficult than standard chin-ups, and as such, is often performed for relatively low reps, such as 5-8 reps per set or less, with a focus on strength and form.",3.3491704863257286,9,4.762823715012704
1458,Back Flyes - Gethin Variation,strength,Lats,other,intermediate,"The incline dumbbell reverse fly is an upper-body exercise targeting the posterior or rear deltoids, as well as the postural muscles of the upper back. Because it targets such small muscles, this exercise is usually performed with light weight for high reps, such as 10-15 reps per set or more.",3.935932040683963,5,8.163890066266756
1459,Incline straight-arm pull-over,strength,Lats,other,intermediate,"The incline straight-arm pull-over is an upper-body exercise targeting the chest and lats (latissimus dorsi). Performing it on an incline bench emphasizes the stretch on the chest in particular. If this movement causes pain in the front of the shoulders, perform it with a more limited range of motion or try pull-overs using a high cable stack instead. Pull-over variations are usually performed for moderate to high reps, such as 8-12 reps per set or more, as part of chest or back-focused upper-body training.",8.343428965033832,13,4.950897379755064
1460,Machine high row,strength,Lats,other,intermediate,"The machine high row is a machine-based exercise targeting the back muscles, including the lats, rhomboids, and middle and lower traps. It approximates the motion of a free-weight row, but uses a selectorized weight-stack or plate-loaded machine. Many such machines also allow you to choose between different grips and grip widths. Machine rows are often done for moderate to high reps, such as 8-12 reps per set or more, as part of the upper-body or back-focused portion of a workout.",6.564186061914677,13,3.687958063657682
1461,AM T-Bar Row,strength,Lats,other,intermediate,,4.289831574271484,13,9.152615931058687
1462,Assisted Single-Arm Pull-Up,strength,Lats,other,advanced,,5.772724463270125,12,4.8084952920919175
1463,Assisted Single-Arm Chin-Up,strength,Lats,other,advanced,,4.028111216289503,12,8.771375263107561
1464,Holman Renegade Punch-Under,strength,Lats,other,intermediate,,7.118867022413289,13,4.72114545880947
1465,Holman Renegade Row to Split Jump,strength,Lats,other,intermediate,,9.730192904296796,4,5.127291714934888
1466,Holman Dirty Dog to Renegade Row,strength,Lats,other,intermediate,,3.663021003510864,7,5.732186751269589
1467,Holman Renegade Row to Side Punch to Forward Punch,strength,Lats,other,intermediate,,9.610140106774264,5,8.557526409904957
1468,Standing dumbbell knee crunch,strength,Lats,other,intermediate,"The standing dumbbell knee crunch is a great way to train the abs while standing up. Additionally, the deltoids are worked because the lifter holds a pair of dumbbells overhead throughout.",5.710569889435986,3,8.326748524592158
1469,Close-grip pull-down,strength,Lats,cable,intermediate,"The close-grip pull-down is a variation on the lat pull-down that is performed with an overhand grip and the hands slightly closer than shoulder-width apart. This increases the range of motion beyond wider grips, and may increase the time under tension in each rep. This variation is usually performed for moderate to high reps as part of a back or upper-body workout.",9.731666391850787,14,5.851770594345801
1470,Shotgun row,strength,Lats,cable,intermediate,"The shotgun row is a single-arm row variation utilizing a cable stack in a staggered stance. It targets the muscles of the middle back, like the lats (latissimus dorsi) and rhomboids, but also the core. It is usually performed for moderate to high-reps, at least 8-15 reps per set, in the later stages of a back or upper-body workout.",6.077776778655566,9,5.114797221385831
1471,Close-Grip Front Lat Pulldown,strength,Lats,cable,intermediate,"The close-grip pull-down is a variation on the lat pull-down, acable-based exercise machine that’s ubiquitous in gyms around the world. This back builder is easy to learn and highly effective, allowing for variable resistance depending on where you place the pin in the stack.",8.975144867812002,10,8.646882814203526
1472,Straight-arm rope pull-down,strength,Lats,cable,intermediate,"The straight-arm rope pull-down is a variation of the straight-arm lat pull-down performed using a cable stack machine and a rope grip. It can either be performed in an athletic upright stance, or slightly bent over. It both stretches and contracts the muscles of the lats (latissimus dorsi) as well as providing additional activation to the other upper back muscles and the core. Because the triceps are also isometrically involved in the movement, it is usually performed for higher reps, such as 8-15 reps or more.",6.6511690054592885,7,6.98593911555648
1473,Lat pull-down,strength,Lats,cable,intermediate,"The lat pull-down is a cable-based exercise that's ubiquitous in gyms around the world. This back builder is easy to learn and highly effective at building back size and strength. It's usually trained in moderate to high reps, such as 8-12 reps per set. If grip strength is a limitation, you can wear wrist straps.",8.719364709877457,10,5.75527862347808
1474,Straight-Arm Pulldown,strength,Lats,cable,intermediate,"The straight-arm bar pull-down is a variation of the straight-arm lat pull-down performed using a cable stack machine. It can either be performed in an athletic upright stance, or slightly bent-over. It both stretches and contracts the muscles of the lats (latissimus dorsi) as well as providing additional activation to the other upper back muscles and the core. Because the triceps are also isometrically involved in the movement, it is usually performed for higher reps, like 8-15 reps or above.",3.4009607272901574,12,7.940667726018165
1475,Single-arm kneeling lat pull-down,strength,Lats,cable,beginner,"The single-arm kneeling lat pull-down is a variation of the lat pull-down exercise performed one arm at a time, with the knees on the ground, rather than sitting on a bench or machine. It has all of the same benefits of a lat pull-down performed on a bench or machine, in addition to providing further activation to the core and lower body.",7.392287879900641,13,6.732136209002529
1476,Elevated Cable Rows,strength,Lats,cable,beginner,"The cable seated row is a popular exercise to train the muscles of the upper back, including the lats (latissimus dorsi), traps, rhomboids, and rear deltoids, using a cable stack. It also targets the biceps to a lesser degree. The cable row can work well in a variety of rep-ranges, but is most popular in muscle-building workouts or as an accessory movement for strength workouts.",7.59716200252805,5,8.80083473688411
1477,Full Range-Of-Motion Lat Pulldown,strength,Lats,cable,beginner,,7.838952793306267,8,3.1726446963002135
1478,Kneeling lat pull-down,strength,Lats,cable,intermediate,"The kneeling lat pull-down is a variation of the lat pull-down exercise performed with the knees on the ground rather than sitting on a bench or machine. It has all of the same benefits of a lat pull-down performed on a bench or machine, in addition to providing further activation to the core and lower body.",4.914249060664348,7,4.372857746153862
1479,Behind-the-neck pull-down,strength,Lats,cable,intermediate,"The behind-the-neck pull-down is a cable exercise intended to target the muscles of the upper and middle back. If you have the requisite shoulder mobility, it can help you target the upper back muscles, including the trapezius and rhomboids, as well as the lats (latissimus dorsi). It is popular among elite bodybuilders and physique athletes, but some coaches consider it unsafe to the shoulder joint, particularly for people with existing shoulder problems.",8.064721775009751,10,8.216844832356596
1480,Straight-arm cable pull-over,strength,Lats,cable,intermediate,"The straight-arm cable pull-over is an exercise that focuses on the muscles of the lats (latissimus dorsi) and chest using a cable stack and a flat bench. It is most commonly used for higher reps, such as 10-15 or more, in muscle-building workouts. It is also an effective substitute for dumbbell pull-overs or a pull-over machine, if you don't have access to them or they aggravate your shoulders.",7.61831176305026,11,5.958546694163097
1481,Cable Straight-Arm Pulldown - Gethin Variation,strength,Lats,cable,intermediate,"The straight-arm bar pull-down is a variation of the straight-arm lat pull-down performed using a cable stack machine. It can either be performed in an athletic upright stance, or slightly bent-over. It both stretches and contracts the muscles of the lats (latissimus dorsi) as well as providing additional activation to the other upper back muscles and the core. Because the triceps are also isometrically involved in the movement, it is usually performed for higher reps, like 8-15 reps or above.",6.109574617931283,4,9.970021504017502
1482,Rope Lat Pull-down - Gethin Variation,strength,Lats,cable,intermediate,"The close-grip pull-down is a variation on the lat pull-down, acable-based exercise machine that’s ubiquitous in gyms around the world. This back builder is easy to learn and highly effective, allowing for variable resistance depending on where you place the pin in the stack.",9.620372470726288,10,5.078105657398665
1483,Straight-Arm Pull-Down - Gethin Variation,strength,Lats,cable,intermediate,"The straight-arm bar pull-down is a variation of the straight-arm lat pull-down performed using a cable stack machine. It can either be performed in an athletic upright stance, or slightly bent-over. It both stretches and contracts the muscles of the lats (latissimus dorsi) as well as providing additional activation to the other upper back muscles and the core. Because the triceps are also isometrically involved in the movement, it is usually performed for higher reps, like 8-15 reps or above.",3.8336295402046208,6,3.875129939865066
1484,High-cable standing row,strength,Lats,cable,intermediate,"The high-cable standing row is an exercise targeting the lats. The high position allows for more engagement of the upper back, as well, specifically the rhomboids and teres major.",7.476963496256923,11,5.468445107936409
1485,Lat Pull-down - Gethin Variation,strength,Lats,cable,intermediate,"The lat pull-down is a cable-based exercise machine that’s ubiquitous in gyms around the world. This back builder is easy to learn and highly effective, allowing for variable resistance depending on where you place the pin in the stack.",6.941020383240673,4,5.545183398427191
1486,Wide-Grip Lat Pull-Down - Gethin Variation,strength,Lats,cable,intermediate,"The lat pull-down is a cable-based exercise machine that’s ubiquitous in gyms around the world. This back builder is easy to learn and highly effective, allowing for variable resistance depending on where you place the pin in the stack.",4.560304653705561,14,8.806559825705737
1487,Behind-The-Neck Pull-Down - Gethin Variation,strength,Lats,cable,intermediate,"The behind-the-neck pull-down is a cable exercise intended to target the muscles of the upper and middle back. If you have the requisite shoulder mobility, it can help you targets the upper back muscles, including the trapezius and rhomboids, as well as the lats (latissimus dorsi). It is popular among elite bodybuilders and physique athletes, but some coaches consider it unsafe to the shoulder joint, in particular to people with existing shoulder problems.",4.613854074342324,12,5.763870147344212
1488,Single-Arm Cable Row - Gethin Variation,strength,Lats,cable,intermediate,"The single-arm cable seated row is a version of the cable row movement that train the muscles of the upper back one side at a time. It targets a wide range of muscles including the lats (latissimus dorsi), traps, rhomboids, and rear deltoids, as well as the biceps. The single-arm row can work well in a variety of rep-ranges, but is most popular in muscle-building workouts or as an accessory movement for strength workouts.",4.136133921055283,5,3.1392367670274717
1489,Scapular Rows,strength,Lats,cable,intermediate,,5.11121156524889,6,9.778743194424724
1490,Standing V-Grip Cable Rows,strength,Lats,cable,intermediate,,8.833176385765118,8,4.718467057168818
1491,AM Close-Grip Pull-Down,strength,Lats,cable,intermediate,"The close-grip pull-down is a variation on the lat pull-down, acable-based exercise machine that’s ubiquitous in gyms around the world. This back builder is easy to learn and highly effective, allowing for variable resistance depending on where you place the pin in the stack.",8.446998438406863,10,7.995778905157184
1492,AM Wide-Grip Pull-Down,strength,Lats,cable,intermediate,"The lat pull-down is a cable-based exercise machine that’s ubiquitous in gyms around the world. This back builder is easy to learn and highly effective, allowing for variable resistance depending on where you place the pin in the stack.",6.612586413811773,13,9.706639825389484
1493,UP Lat Pull-Down,strength,Lats,cable,intermediate,"The lat pull-down is a cable-based exercise machine that’s ubiquitous in gyms around the world. This back builder is easy to learn and highly effective, allowing for variable resistance depending on where you place the pin in the stack.",8.138372496398661,11,7.241507834705063
1494,Reverse-grip lat pull-down,strength,Lats,machine,intermediate,"The reverse-grip lat pull-down is variation on the lat pull-down that targets the lower lats more than an overhand grip. Because the hands are relatively close together, it also increases the range of motion beyond wider-grip pull-down variations. It can be performed for low reps, such as 5-6 per set, for back strength, or for higher reps for size.",6.601309964681043,13,8.507445846854658
1495,Machine seated row,strength,Lats,machine,beginner,"The machine seated row is a popular exercise targeting the back muscles, particularly the lats (latissimus dorsi), rhomboids, and middle and lower trapezius. There is a wide variety of seated row machines, but most of them approximate the motion of a free-weight row, but in an upright, forward-facing position. Machine row variations are often performed for moderate to high reps, such as 8-12 reps per set or more, as part of an upper-body or back-focused portion of a workout.",4.951769656347728,13,3.4047003134012837
1496,Machine-assisted pull-up,strength,Lats,machine,beginner,"The machine-assisted pull-up takes a classic back-building exercise and adds assistance to make the movement easier than the bodyweight version. The amount of assistance can easily be changed by moving the pin in the stack. While some people use this variation as a substitute for pull-ups or as an assistance exercise for pull-ups, it is also effective as a way to perform the pull-up motion in traditional muscle-building ranges. This variation is often performed for moderate to high reps, such as 8-12 reps per set or more, as part of upper-body or back-focused training.",7.4209680686852,7,7.667635542515738
1497,Single-arm pull-down,strength,Lats,machine,intermediate,"The single-arm pull-down is a variation on the lat pull-down that is performed one arm at a time, usually with a D-shaped handle and a cable stack. Many lifters find they can feel the lat (latissimus dorsi) muscles working better with single-arm variations.",8.482045062272759,9,9.92487487297669
1498,Chest-Supported Smith Machine Row - Gethin Variation,strength,Lats,machine,intermediate,,7.760607077476758,7,7.994574172887645
1499,Single-arm machine high row,strength,Lats,machine,intermediate,"The single-arm machine high row is a machine-based exercise targeting the back muscles, including the lats, rhomboids, and middle and lower traps. It approximates the motion of a free-weight row, but uses a selectorized weight-stack or plate-loaded machine. Many such machines also allow you to choose between different grips and grip widths. Machine-based rows are often done for moderate to high reps, such as 8-12 reps per set or more, as part of the upper-body or back-focused portion of a workout.",8.4448085624884,13,5.6874928612550075
1500,Machine Pull-Over - Gethin Variation,strength,Lats,machine,intermediate,,8.237576396132031,9,8.06910941875363
1501,Seated Machine Row - Gethin Variation,strength,Lats,machine,intermediate,"The machine seated row is an exercise targeting the back muscles, emphasizing the mid- to upper-back.",4.421407564552325,9,5.5266139261737
1502,Wide-Grip Machine Row,strength,Lats,machine,intermediate,,7.4937880987478,4,8.970836966734671
1503,King Maker Lat Pull-Down,strength,Lats,machine,intermediate,"The lat pull-down is a cable-based exercise machine that’s ubiquitous in gyms around the world. This back builder is easy to learn and highly effective, allowing for variable resistance depending on where you place the pin in the stack.",9.682158762288179,7,8.445270978256005
1504,Robertson Half-Kneeling Landmine Press,strength,Lats,machine,intermediate,,5.929022450763172,4,8.002724752832538
1505,Pullups,strength,Lats,none,intermediate,"The pull-up is a multi-joint bodyweight exercise that builds strength and muscle in the upper back, biceps, and core. It is often used as a measurement tool in military or tactical fitness tests, and is an excellent gauge of “relative strength” which is strength in relation to bodyweight.",6.540494905595427,5,9.075154981478619
1506,Pull-up,strength,Lats,none,beginner,"The pull-up is a multijoint bodyweight exercise that builds strength and muscle in the upper back, biceps, and core. It is often used as a measurement tool in military or tactical fitness tests, and is an excellent gauge of ""relative strength"" which is strength in relation to body weight.",8.321473375896705,5,6.559375584982176
1507,Muscle Up,strength,Lats,none,intermediate,,8.720541718940272,7,3.530470741875467
1508,Rope climb,strength,Lats,none,intermediate,"The rope climb is an exercise that is used commonly in CrossFit workouts and as a test of upper-body strength. It was even contested at the Olympics in the early 20th century. It targets a wide range of upper-body musculature, including the hands and forearms, shoulders, biceps, lats (latissimus dorsi), and core.",6.130559410354853,4,9.06055405138797
1509,Wide-Grip Rear Pull-Up,strength,Lats,none,beginner,,8.7721422823878,4,4.643541996308555
1510,Side To Side Chins,strength,Lats,none,intermediate,,4.834441172984199,13,5.791627006679344
1511,Neutral-grip pull-up,strength,Lats,none,intermediate,"The neutral-grip pull-up is a multijoint bodyweight exercise in which the reps are performed with the palms facing one another. Like other pull-up variations, it builds strength and muscle in the upper back, biceps, and core. It can be used as a more shoulder-friendly alternative to straight-bar pull-ups, or to help perform more reps than you can perform overhand.",8.822979891385792,13,6.308828208195682
1512,Kipping Muscle Up,strength,Lats,none,intermediate,,8.58430831680199,8,9.422908765875203
1513,One Arm Against Wall,flexibility,Lats,none,intermediate,,6.7918608522206005,5,3.2554088637290652
1514,One Handed Hang,flexibility,Lats,none,intermediate,"The single-arm hang is a static exercise that involves hanging from a bar by one hand. It is an advanced hanging exercise that demands above-average shoulder stability and grip strength, and may not be appropriate for some people. However, if someone is strong and stable enough to perform it, the movement can help build those same qualities.",6.873614491538278,6,4.747194410520082
1515,Standing side bend stretch,flexibility,Lats,none,intermediate,"The standing side bend stretch is a stretching exercise targeting the obliques, the muscles that run along the side of the core. It is a common inclusion in dynamic warm-ups for the upper body, but can also be performed to help ""limber up"" for lifting or athletics anytime.",7.643681218046826,3,9.4463091738265
1516,Burpee to pull-up,cardio,Lats,none,intermediate,The burpee to pull-up is a variation of the bodyweight burpee in which the jump at the top of each rep leads into a jumping pull-up. It is popular in circuit-style and metcon workouts.,9.044537913101506,10,4.5482329092620315
1517,Negative pull-up,strength,Lats,none,intermediate,"The negative pull-up is a multijoint bodyweight exercise that focuses on just one half of the traditional pull-up: the lowering, eccentric, or ""negative"" portion. Because muscles are stronger eccentrically than they are concentrically, many people can perform negatives even if they can't perform full pull-ups. For this reason, it is a popular training tool to help people earn their first pull-up rep, or as a back-off exercise after doing full pull-ups.",3.6506404064844347,10,3.656846760863427
1518,Chin-Up,strength,Lats,none,intermediate,"The a chin-up is a variation of the pull-up exercise in which the reps are performed with the palms facing toward the body, in an underhand position, with a grip that is narrower than shoulder-width. Like other pull-up variations, it builds strength and muscle in the upper back, biceps, and core, but it utilizes the biceps slightly more than overhand pull-ups. It can be used as a more shoulder-friendly alternative to straight-bar pull-ups, or to help perform more reps than you can perform overhand.",8.91907663149252,12,4.117467641403099
1519,HM Superman Lat Pull,strength,Lats,none,intermediate,,4.47244258125096,10,9.443338801267736
1520,AM Pull-Up,strength,Lats,none,intermediate,"The pull-up is a multi-joint bodyweight exercise that builds strength and muscle in the upper back, biceps, and core. It is often used as a measurement tool in military or tactical fitness tests, and is an excellent gauge of “relative strength” which is strength in relation to bodyweight.",3.4470577770550648,4,3.3366189544399845
1521,UP Chin-Up,strength,Lats,none,intermediate,,4.4504922432254235,9,3.4191600463977156
1522,Holman Alternating Forward and Side Punch,strength,Lats,none,intermediate,,9.742614981897493,7,5.856422636262748
1523,Jump to pull-up,strength,Lats,none,intermediate,"The jump to pull-up is a bodyweight exercise that targets the muscles of the back, biceps, and, to a lesser degree, legs. It involves jumping up to a pull-up bar between reps. Similar to a push-press, the legs help power through the most difficult portion of the pull-up, allowing you to perform more reps. Jumping pull-ups are often performed for moderate to high reps, such as 8-12 reps per set or more, as an accessory to other pulling or pull-up training, or as a full-body movement in a circuit or metcon.",3.837529941250922,13,6.153053585830399
1524,Bent-over scapular slide,strength,Lats,none,intermediate,The bent-over scapular slide is an upper-body exercise that helps with scapular and shoulder mobility. It is commonly performed for time or reps as part of a dynamic warm-up for the upper body.,4.883544193038066,10,4.934030064632588
1525,Iron cross stretch,strength,Lats,none,intermediate,The iron cross stretch is a bodyweight stretch that focuses on hip and thoracic spine mobility.,7.323084655885578,14,8.958319734994664
1526,Total Fitness Standing Lat Stretch,strength,Lats,none,intermediate,,3.413229519632423,13,7.510224298037253
1527,King Maker Pull-Up,strength,Lats,none,intermediate,"The pull-up is a multi-joint bodyweight exercise that builds strength and muscle in the upper back, biceps, and core. It is often used as a measurement tool in military or tactical fitness tests, and is an excellent gauge of “relative strength” which is strength in relation to bodyweight.",4.090466582767495,8,4.388757084046722
1528,Medicine ball slam,cardio,Lats,medicine_ball,intermediate,"The medicine ball slam is an explosive exercise for developing power, strength, and speed. Muscles worked include the abdominals, legs, triceps, shoulders, and lats. The slams are usually done in rapid succession to complete one set. It can also be a component of a power or athleticism-focused circuit workout.",3.398084403210039,8,3.8995624573567422
1529,Catch and Overhead Throw,cardio,Lats,medicine_ball,beginner,,4.642713394989248,6,3.0907343839368484
1530,FYR2 Bent-Over Medicine Ball Slam,strength,Lats,medicine_ball,intermediate,,5.546479774216052,4,6.282047160141818
1531,Dynamic Back Stretch,flexibility,Lats,none,beginner,,6.2779993612010685,8,9.460309042063912
1532,Chair Lower Back Stretch,flexibility,Lats,none,beginner,,4.750513327643609,6,7.828330082098981
1533,Side-Lying Floor Stretch,flexibility,Lats,none,beginner,,7.301140830039014,6,6.528409630616192
1534,Band good morning-,strength,Lower Back,bands,intermediate,"The band good morning is an exercise targeting the hamstrings and glutes. It is often performed in powerlifting-style training for high reps, or in the place of barbell good mornings.",7.705349227747326,4,6.0499172593766755
1535,FYR2 Monster Banded Good Morning,strength,Lower Back,bands,intermediate,,7.816663903332066,10,6.6272140765200795
1536,Band deadlift,strength,Lower Back,bands,intermediate,The band deadlift is a lower-body exercise that mainly targets the hamstrings while also benefiting the glutes and lats using a proper hip-hinging motion.,3.358119491037291,7,5.0279612662353035
1537,Lower back SMR,flexibility,Lower Back,foam_roll,intermediate,"Lower back self-myofascial release (SMR) is a self-administered soft-tissue treatment, usually using a foam roller, lacrosse ball, or other ""trigger point"" massage tool. By applying pressure strategically to the quadratus lumborum or spinal erector (erector spinae) muscles of the lower back, some people find they can cause this often painful and tight area to relax or ""release."" Lower back SMR is often accompanied by SMR on the glutes or piriformis muscles, or by stretches that target the piriformis or hips. However, some people find that SMR on the lower back can aggravate existing pain or injury, so be cautious when performing it.",4.517599091318301,6,5.491695348640167
1538,Barbell deficit deadlift,strength,Lower Back,barbell,beginner,"The barbell deficit deadlift is a compound exercise targeting the posterior chain. It is commonly utilized in powerlifting training to build pulling strength off the floor, but is also an effective muscle-building movement for the glutes and hamstrings. It is usually performed with lighter weight, and perhaps for higher reps, than traditional deadlifts. If these make your back sore, decrease the deficit and/or wear a weightlifting belt.",7.749544036464101,4,7.349801672593779
1539,Deadlift with Bands,strength,Lower Back,barbell,beginner,,3.6073956958723206,9,3.66510288088063
1540,Deadlift with Chains,strength,Lower Back,barbell,beginner,,4.114423672549895,3,4.994541047570109
1541,Rack Pull with Bands,strength,Lower Back,barbell,beginner,,4.586690184645814,9,3.4854668794951142
1542,Rack pull,strength,Lower Back,barbell,intermediate,"The rack pull is a variation of the deadlift performed from an elevated height, either using boxes, safety pins, or the safeties in a squat rack. It targets all the same muscles as the deadlift, including the glutes, hamstrings, upper back, lower back, and grip. It can be used to strengthen deadlift lockout, but also as a deadlift alternative for people who can't deadlift from the floor without pain.",6.2281869659258104,6,5.0565138585984695
1543,Seated Good Mornings,strength,Lower Back,barbell,beginner,,4.434700755917241,9,7.607295165989352
1544,Stiff Leg Barbell Good Morning,strength,Lower Back,barbell,beginner,,5.520273081321509,7,5.34410600292758
1545,Reverse Band Deadlift,strength,Lower Back,barbell,beginner,,6.879715072258711,5,3.2551861181796875
1546,Paul Carter Romanian Deadlift,strength,Lower Back,barbell,intermediate,"The barbell stiff-legged deadlift targets the hamstrings, glutes, lower and upper back, as well as the core. It is a popular accessory movement for the deadlift, but also a muscle-building hamstring movement.",3.622075367720602,6,5.589860309180375
1547,TBS Good Morning,strength,Lower Back,barbell,intermediate,"The barbell good morning is an exercise that targets glute, hamstring, and lower back development. It is often trained as an accessory movement to the deadlift, but also has value on its own. It is sometimes performed for reps in traditional strength-focused rep ranges such as 5-8 reps per set, but due to the risk posed to the lower back, is rarely treated as a max-effort single-rep lift.",8.313550632379654,5,8.478667593458436
1548,TBS Romanian Deadlift,strength,Lower Back,barbell,intermediate,"The barbell stiff-legged deadlift targets the hamstrings, glutes, lower and upper back, as well as the core. It is a popular accessory movement for the deadlift, but also a muscle-building hamstring movement.",6.888545467536545,6,6.432037167079947
1549,Barbell deadlift-,strength,Lower Back,barbell,intermediate,"The barbell deadlift is a compound exercise used to develop overall strength and size in the posterior chain. It is a competition lift in the sport of powerlifting, but is also considered a classic benchmark of overall strength. When performed with the hands outside the knees, it is often called a ""conventional"" deadlift. When the feet are wide and the hands are inside the knees, it is a sumo deadlift.",3.820334367371141,12,9.95788051076659
1550,Deadlift - Gethin Variation,strength,Lower Back,barbell,intermediate,"The barbell deadlift is a compound exercise used to develop overall strength and size in the posterior chain. It is a competition lift in the sport of powerlifting, but is also considered a classic benchmark of overall strength. When performed with the hands outside the knees, it is often called a ""conventional"" deadlift. When the feet are wide and the hands are inside the knees, it is a sumo deadlift.",5.054841307631301,6,6.383716656584683
1551,Barbell good morning,strength,Lower Back,barbell,intermediate,"The barbell good morning is an exercise that targets glute, hamstring, and lower back development. It is often trained as an accessory movement to the deadlift, but also has value on its own. It is sometimes performed for reps in traditional strength-focused rep ranges such as 5-8 reps per set, but due to the risk posed to the lower back, is rarely treated as a max-effort single-rep lift.",9.471932213955448,8,5.830127484734652
1552,UP Conventional Deadlift,strength,Lower Back,barbell,intermediate,"The barbell deadlift is a compound exercise used to develop overall strength and size in the posterior chain. It is a competition lift in the sport of powerlifting, but is also considered a classic benchmark of overall strength. When performed with the hands outside the knees, it is often called a ""conventional"" deadlift. When the feet are wide and the hands are inside the knees, it is a sumo deadlift.",9.324392579239195,12,6.102782964603077
1553,30 Day Back Barbell Rack Pull,strength,Lower Back,barbell,intermediate,,4.3573066619750715,11,5.163354196297422
1554,FYR Sumo Deadlift High Pull,strength,Lower Back,kettlebells,intermediate,"The kettlebell sumo deadlift high pull is a dynamic kettlebell exercise that focuses on the muscles of the posterior chain, including the hamstrings, glutes, traps, rear delts, and upper back. It can be done in lower reps for power or strength, or higher reps for conditioning and fat loss. It can also be a component of a circuit-style kettlebell workout, either for time or reps.",9.845493198037914,6,8.183629102637362
1555,Kettlebell deadlift,strength,Lower Back,kettlebells,intermediate,"The kettlebell deadlift is a foundational movement in kettlebell training. It's often taught as a buildup or regression to the kettlebell swing, as well as to instruct the ""hip hinge"" motion in a more approachable manner than with a barbell.",3.674683496659703,8,3.907311530525336
1556,HM Kettlebell Swing,strength,Lower Back,kettlebells,intermediate,,7.318203051633479,7,4.030468963117793
1557,KV Romanian Deadlift with Kettlebell,strength,Lower Back,kettlebells,intermediate,,7.999958967952279,12,6.694499361378916
1558,FYR2 Kettlebell Good Morning,strength,Lower Back,kettlebells,intermediate,,5.271145555079076,3,7.57398465532087
1559,FYR2 Kettlebell Romanian Deadlift,strength,Lower Back,kettlebells,intermediate,,5.69656598339798,8,9.588231015273053
1560,FYR2 Kettlebell Staggered-Stance Deadlift,strength,Lower Back,kettlebells,intermediate,,7.126211926374294,13,6.474316311897731
1561,Dumbbell Fix Dumbbell Deadlift,strength,Lower Back,dumbbell,intermediate,,4.174855450175555,13,6.775921003989808
1562,Dumbbell skier,strength,Lower Back,dumbbell,intermediate,"As the name suggests, the dumbbell skier takes the motion of skiing and replaces the poles with dumbbells. The hip and torso motion are similar to a kettlebell swing, as are the muscles it targets, including the hamstrings, glutes, upper back, and grip. However, unlike the traditional kettlebell swing, the arms are outside of the knees. This movement can be performed for time or for reps, but is usually performed for relatively high reps, such as 8-12 sets per rep or more, as part of a fat-loss or athleticism-focused circuit or workout.",8.261992556173402,13,8.962939319864224
1563,TBS Dumbbell Romanian Deadlift,strength,Lower Back,dumbbell,intermediate,"The dumbbell stiff-legged deadlift targets the hamstrings, glutes, low and upper back, as well as the core. The purpose of the stiff-legged, as opposed to Romanian deadlift with slightly bent knees, is to engage the hamstrings and low back to an even greater degree.",4.308308133568444,4,6.180606902715848
1564,Stiff-Legged Dumbbell Deadlift - Gethin Variation,strength,Lower Back,dumbbell,intermediate,"The dumbbell stiff-legged deadlift targets the hamstrings, glutes, low and upper back, as well as the core. The purpose of the stiff-legged, as opposed to Romanian deadlift with slightly bent knees, is to engage the hamstrings and low back to an even greater degree.",4.7590120429589335,9,6.795753716199718
1565,UNS Dumbbell Romanian Deadlift,strength,Lower Back,dumbbell,intermediate,,9.118754388583621,14,6.314891223571935
1566,Holman Slow Deadlift,strength,Lower Back,dumbbell,intermediate,,8.873098586436928,3,5.803320525712843
1567,Holman Deadlift to Overhead Press,strength,Lower Back,dumbbell,intermediate,,6.880077666138124,10,7.133369778413129
1568,Holman Staggered-Stance Deadlift,strength,Lower Back,dumbbell,intermediate,,7.407821084458381,14,3.4320790488854236
1569,Holman Deadlift to Front Raise,strength,Lower Back,dumbbell,intermediate,,3.45707066972418,8,9.150595279704536
1570,Holman Deadlift to Chest Press,strength,Lower Back,dumbbell,intermediate,,8.07988272926692,13,7.887459236999629
1571,Holman Deadlift to Squat Thrust,strength,Lower Back,dumbbell,intermediate,,6.557037883776928,6,6.279243347998936
1572,Holman Deadlift to Biceps Curl,strength,Lower Back,dumbbell,intermediate,,8.955453363382285,4,6.521516035788114
1573,Dumbbell kickstand deadlift,strength,Lower Back,dumbbell,intermediate,"The dumbbell kickstand deadlift is a movement targeting the muscles of the hamstrings, glutes, and back. The kickstand position can help focus the stretch and contraction on each individual leg, similar to a single-leg Romanian deadlift, while presenting less of a balance challenge. It can be performed in low reps, such as 5-8 reps per set, for strengthening the posterior chain, or for higher reps for muscle growth.",8.138839491970717,13,4.695600345886258
1574,Single-leg stiff-legged deadlift to row,strength,Lower Back,dumbbell,intermediate,"The single-leg stiff-legged deadlift to row takes two popular strength moves and combines them into one full-body blaster. Between the deadlift and the row, you'll target the glutes, hamstrings, quads, back, and biceps. Because balance can be a challenge, this movement is usually done with relatively light weights for high reps, such as 8-12 reps per set or more.",4.970721444259626,4,6.498410853785868
1575,FYR2 Dumbbell Deadlift,strength,Lower Back,dumbbell,intermediate,,9.76570387804063,7,5.728050884510844
1576,FYR2 Dumbbell Deadlift to Dumbbell Upright Row,strength,Lower Back,dumbbell,intermediate,,3.8299463895216306,14,6.9914026584062565
1577,Atlas Stones,strength,Lower Back,other,intermediate,,9.38924531976258,11,4.077830596537353
1578,Axle Deadlift,strength,Lower Back,other,beginner,,4.206424582303535,14,4.786115945521836
1579,Atlas Stone Trainer,strength,Lower Back,other,beginner,,9.317221214926175,6,5.247545805238072
1580,Partner Flat-Bench Back Extension,strength,Lower Back,other,beginner,"The partner bench back extensionis a clever way to perform this exercise, which works the spinal erectors in the lower back. There are machines and angled apparatus that allow this exercise to performed solo; but, lacking those, all you need is a bench and a workout partner.",6.912210466905714,6,4.17048931604889
1581,Keg Load,strength,Lower Back,other,beginner,,7.010053390628515,3,9.515396307648697
1582,Partner bench back extension,strength,Lower Back,other,beginner,"The partner bench back extension is a clever way to target the glutes and spinal erector muscles. There are machines and angled benches that allow this exercise to be performed solo, but, lacking those, all you need is a bench and a workout partner. It is usually performed for high reps as a burnout or accessory movement for lower-body training.",6.505512335343615,4,6.5342598021761
1583,Rack Pull - Gethin Variation,strength,Lower Back,other,intermediate,"The rack pull is a variation of the deadlift performed from an elevated height, either using boxes, safety pins, or the safeties in a squat rack. It targets all the same muscles as the deadlift, including the glutes, hamstrings, upper back, lower back, and grip. It can e used to strengthen deadlift lockout, but also as a deadlift alternative for people who can’t deadlift from the floor without pain.",5.782673354474623,8,9.632613165486362
1584,Hex Bar Deadlift - Gethin Variation,strength,Lower Back,other,intermediate,"The hex bar deadlift is a variety of deadlift performed in a hexagonal barbell also known as a trap bar. The bar is held with a parallel (palms in) grip outside of the legs. It is biomechanically different from a barbell deadlift in that it lines up with a lifter’s center of gravity, rather than placing it in front of their body. The trap bar deadlift can be trained in traditional strength and muscle-focused rep range, or for higher reps. It activates all of the same muscle groups as conventional or sumo deadlifts, including the glutes, quads, hamstring, lower back, lats, upper back, and grip.",9.529035611517063,9,7.867152171483488
1585,Holman Deadlift,strength,Lower Back,other,intermediate,,6.905663349658205,9,4.6924813481109435
1586,ACFT Low-handle trap bar deadlift,strength,Lower Back,other,intermediate,"The low-handle trap bar deadlift is a variety of deadlift performed in a hexagonal barbell also known as a trap bar. This specific exercise is part of the new Army Combat Fitness Test or ACFT. The bar is held with a parallel (palms in) grip outside of the legs. It is biomechanically different from a barbell deadlift in that it lines up with a lifter's center of gravity, rather than placing the weight in front of their body. It activates all of the same muscle groups as conventional or sumo deadlifts, including the glutes, quads, hamstrings, lower back, lats, upper back, and grip.",4.642870302436185,14,8.641961877457756
1587,Neutral-grip lat pull-down,strength,Lower Back,cable,intermediate,"The neutral-grip lat pull-down is a variation on the lat pull-down that uses a handle with a neutral (palms facing in) grip. This arrangement helps to build lat width and target the upper lats. This movement is usually performed for moderate to high reps, such as 8-12 per set or higher, as part of an upper-body or back-focused workout.",8.268485747071022,5,7.292883732151778
1588,Seated cable deadlift,strength,Lower Back,cable,intermediate,"The seated cable deadlift is a version of the deadlift or hip hinge movement that is performed on a seated cable row machine. Similar to a stiff-legged deadlift or 45-degree back extension, it targets the muscles of the lower back, as well as the glutes and upper back to a lesser degree. It is usually utilized in higher rep ranges, at least 8-12 reps per set, on a back-focused muscle-building day, or as a deadlift accessory lift to strengthen the lower back.",3.763166302232588,10,9.758104207339898
1589,Cable stiff-legged deadlift,strength,Lower Back,cable,intermediate,"The cable stiff-legged deadlift is a lower-body exercise that mainly targets the hamstrings, while also benefiting the glutes using a proper hip-hinging motion.",8.916339670734816,12,5.530950754657509
1590,Single-leg cable stiff-legged deadlift,strength,Lower Back,cable,intermediate,"The single-leg cable stiff-legged deadlift is a lower-body exercise that mainly targets the hamstrings, while also benefiting the glutes using a proper hip-hinging motion. Training one leg at a time allows for working out imbalances.",5.9571812835527,4,4.496423627541681
1591,UNS Banded Dumbbell Romanian Deadlift,strength,Lower Back,cable,intermediate,,6.881163808435952,9,3.972592776179633
1592,Seated Back Extension,strength,Lower Back,machine,beginner,,3.173322739441333,13,9.977555485620472
1593,Back extension,strength,Lower Back,none,intermediate,"The back extension is an exercise used to build lower back strength that also targets the hamstrings and glutes. It is often performed on a 45-degree bench with the feet anchored. Unweighted back extensions are often performed for high reps, such as 15-20 reps or more, but the movement can also be performed with added weight in lower rep ranges, such as 8-12 reps per set.",5.832153371252096,6,9.751175826788149
1594,Hyperextensions With No Hyperextension Bench,strength,Lower Back,none,beginner,,6.0745365003005505,13,4.679419601815605
1595,Superman,flexibility,Lower Back,none,intermediate,"The Superman is a bodyweight exercise that consists of isometric holds in an extended spine position. It targets the muscles of the posterior chain, including the muscles of the glutes, spinal erectors, and upper back. It can be performed as part of a dynamic warm-up, or for muscle activation or mobility anytime.",8.608763028726411,13,3.551930786149438
1596,Hug A Ball,flexibility,Lower Back,none,intermediate,,3.54087502157273,7,7.884385866350118
1597,Child's pose,flexibility,Lower Back,none,intermediate,Child’s pose is a traditional yoga pose that is also popular in fitness and strength training. It targets mobility of the thoracic spine and control of the vertebral column. It can be performed for time or reps as part of a dynamic warm-up or as a mobility or restorative exercise anytime. It can also work as part of a yoga or bodyweight sequence with other poses.,7.582254937733501,8,3.5628767361661615
1598,Pelvic Tilt Into Bridge,flexibility,Lower Back,none,intermediate,,8.613056251955896,10,7.323730816266954
1599,Hug Knees To Chest,flexibility,Lower Back,none,intermediate,,6.0379122967564465,4,5.169899221145877
1600,Pyramid,flexibility,Lower Back,none,intermediate,,6.311265634548741,14,5.286179431614229
1601,Partner Superman with alternating high-five,strength,Lower Back,none,beginner,"The partner Superman with alternating high-five is an exercise in which both partners perform isometric holds for reps, high-fiving each other in between. It targets the muscles of the posterior chain, including the muscles of the glutes, spinal erectors, and upper back. It can be performed as part of a dynamic warm-up, or as part of a core or back-focused workout or finisher.",4.682271270850346,9,5.525093838765866
1602,Yoga plex,flexibility,Lower Back,none,intermediate,"The yoga plex is a stretch that combines elements of the downward facing dog yoga pose with the “world’s greatest stretch.” It is most commonly performed as part of a dynamic warm-up, to limber up muscles from head to toe, raise the body’s core temperature, and mobilize the hips, upper back, and shoulders.",5.4933313768300644,14,7.0944432874969445
1603,TBS Back Extension,strength,Lower Back,none,intermediate,"The back extension is an exercise used to build lower back strength that also targets the hamstrings and glutes. It is often performed on a 45-degree bench with the feet anchored. Unweighted back extensions are often performed for high reps, such as 15-20 reps or more, but the movement can also be performed with added weight in lower rep ranges, such as 8-12 reps per set.",4.283832221935832,10,7.455566442791513
1604,Lower Back Stretch - Yates Variation,strength,Lower Back,none,intermediate,"The lying cross-over lower back stretch is a simple bodyweight stretch targeting the lower back, hips, and torso. It involves rotating the legs while lying flat on the back. It is commonly included in dynamic warm-ups, but can also be performed as full-body mobility work anytime.",4.270537608620859,12,5.445402911179118
1605,Hyperextension - Gethin Variation,strength,Lower Back,none,intermediate,"The back extension is an exercise used to build lower back strength that also targets the hamstrings and glutes. It is often performed on a 45-degree bench with the feet anchored. Unweighted back extensions are often performed for high reps, such as 15-20 reps or more, but the movement can also be performed with added weight in lower rep ranges, such as 8-12 reps per set.",5.789541447995412,12,7.3760193495606705
1606,Back Extension - Gethin Variation,strength,Lower Back,none,intermediate,"The back extension is an exercise used to build lower back strength that also targets the hamstrings and glutes. It is often performed on a 45-degree bench with the feet anchored. Unweighted back extensions are often performed for high reps, such as 15-20 reps or more, but the movement can also be performed with added weight in lower rep ranges, such as 8-12 reps per set.",9.762995948377727,4,3.0618590633221916
1607,HM Banana Stretch,strength,Lower Back,none,intermediate,,4.074098531485893,9,8.369245061689035
1608,HM T-Spine Stretch on Wall,flexibility,Lower Back,none,intermediate,,4.631458495442692,8,5.0713190995826265
1609,HM Child's Pose,strength,Lower Back,none,intermediate,,8.892341060892612,6,9.65433402191237
1610,HM Cobra,strength,Lower Back,none,intermediate,,4.543514204176759,3,9.581273870938155
1611,HM Cobra With Arm Retraction,strength,Lower Back,none,intermediate,,8.778873664779361,14,3.901220223659186
1612,HM Dive-Bomber,strength,Lower Back,none,intermediate,,8.787394934430223,11,8.153688485669868
1613,HM Downward-Facing Dog Pose,strength,Lower Back,none,intermediate,,5.469232210814916,3,4.030762027272475
1614,HM Downward Dog To Left Leg Extension To Warrior Pose,strength,Lower Back,none,intermediate,,8.69732010392712,10,4.565125617574786
1615,HM Downward Dog To Right Leg Extension To Warrior Pose,strength,Lower Back,none,intermediate,,8.894668634210992,11,6.545290894499917
1616,HM Spine Twist,strength,Lower Back,none,intermediate,,5.389569199825631,9,3.284836174823695
1617,HM Good Morning,strength,Lower Back,none,intermediate,,4.129588004699087,9,7.692305429554539
1618,HM Rag Doll,strength,Lower Back,none,intermediate,,4.589488570498018,11,5.541813171795403
1619,HM Upward-Facing Dog Pose,strength,Lower Back,none,intermediate,,5.442800545659356,10,6.739150667461288
1620,Superman-,strength,Lower Back,none,intermediate,"The Superman is a bodyweight exercise that consists of isometric holds in an extended spine position. It targets the muscles of the posterior chain, including the muscles of the glutes, spinal erectors, and upper back. It can be performed as part of a dynamic warm-up, or for muscle activation or mobility anytime.",7.726222146902796,11,6.965093882787941
1621,Weighted back extension,strength,Lower Back,none,intermediate,"The weighted back extension is an exercise targeting the spinal erectors, as well as the glutes and hamstrings. Back extensions are often done for high reps without weight, but when done with weight, they can be an excellent accessory movement for deadlift strength as well as an overall posterior-chain strength builder. Because your back is the limiting factor, it's still an exercise that is usually done for moderate to high reps, such as 8-12 reps per set or higher. You can weight it with a plate or by holding a dumbbell or other weight in your hands.",6.307177376976048,3,5.322249762387877
1622,MetaBurn Alternating Superman,strength,Lower Back,none,intermediate,,3.703794332435328,8,3.690891375377884
1623,MetaBurn Swimmer,strength,Lower Back,none,intermediate,,7.459493702155415,3,7.573465959323973
1624,Dancer's Stretch,flexibility,Lower Back,none,beginner,,6.739274692852294,6,3.032688473575312
1625,Cat Stretch,flexibility,Lower Back,none,beginner,,4.8246410820012855,4,7.2155111978000255
1626,Crossover Reverse Lunge,flexibility,Lower Back,none,beginner,,5.333648723564014,11,9.018110009293245
1627,Standing Pelvic Tilt,flexibility,Lower Back,none,beginner,,3.7136456003156293,9,5.527859014509144
1628,Exercise ball weighted hyperextension,strength,Lower Back,exercise_ball,beginner,"The exercise ball weighted hyperextension is an exercise that strengthens the lower back. If balance is an issue, have someone hold your feet.",6.7817495222150495,13,7.697249178992367
1629,Exercise ball rear delt fly,strength,Lower Back,exercise_ball,intermediate,"The exercise ball rear delt fly is a dumbbell exercise targeting the rear heads of the shoulders, as well as the muscles of the upper-middle back. Lying prone on an exercise ball offers support to perform the movement. It is generally performed for moderate to high reps as a part of upper body or shoulder training.",7.700433085971213,6,5.156311241317435
1630,Lying rear delt Y,strength,Lower Back,exercise_ball,intermediate,"The lying rear delt Y works the shoulders, specifically the rear heads, as well as the lower trapezius muscles. At the top of the motion, the arms and torso form a Y—hence the name. Shoulder Y variations are usually performed with light weights as a warm-up or prehab movement for upper-body training, or as a burnout on shoulder day.",9.051369310365574,10,4.213779842786692
1631,Partner Facing Feet-Elevated Side Plank With Band Row,strength,Middle Back,bands,beginner,,7.7728689274304426,3,7.863453905204919
1632,Partner side plank band row,strength,Middle Back,bands,intermediate,The partner side plank band row is an abdominal exercise where two partners perform side planks while pulling on the opposite ends of an exercise band. This technique can be done for time or reps in any ab-focused workout.,8.872225058196795,7,4.5378496247902245
1633,Band-assisted chin-up,strength,Middle Back,bands,intermediate,"The band-assisted chin-up is a variation of the pull-up exercise in which the reps are performed with the palms facing toward the body in an underhand position, with a band looped around the feet or knees. This reduces weight and resistance at the bottom of the rep, while increasing it toward the top. Like other pull-up variations, it builds strength and muscle in the upper back, biceps, and core, but it utilizes the biceps slightly more than overhand band-assisted pull-ups.",8.401061042728998,11,6.8544281544853725
1634,30 Back Band-Assisted Pull-Up,strength,Middle Back,bands,intermediate,,9.508038248853047,11,9.301203271375357
1635,30 Back Reverse-Grip Band-Assisted Pull-Up,strength,Middle Back,bands,intermediate,,8.271309235669015,9,6.900786739568652
1636,Band bent-over row,strength,Middle Back,bands,intermediate,"The band bent-over row is an exercise to develop and strengthen the muscles of the upper and middle back, like the latissimus (lat), lower trapezius, and rear deltoids. Bands provide dynamic resistance and can work equally well in strength, muscle-building, or circuit-style fat-loss workouts.",5.492068029887063,8,5.532075742368046
1637,Heavy band bent-over row,strength,Middle Back,bands,intermediate,"The heavy band bent-over row is a variation of the popular barbell exercise to develop and strengthen the muscles of the upper and middle back, like the latissimus (lats), lower trapezius, and rear deltoids. It can work equally well in strength, muscle-building, or circuit-style fat-loss workouts.",9.550358545221307,5,9.278207935473315
1638,Reverse-grip bent-over row,strength,Middle Back,barbell,intermediate,"The reverse-grip bent-over row is a compound exercise used to build strength and size in both the lower and upper back. It targets nearly all of the muscles in the back, but particularly the lats, rhomboids, and lower back. It is thought to target the biceps and lats a bit more directly than overhand barbell rows. Because it can be loaded heavily, it is a popular movement in strength and muscle-focused upper-body workouts.",9.592407568136768,14,6.467372036465636
1639,One-Arm Long Bar Row,strength,Middle Back,barbell,intermediate,"The single-arm landmine bent-over row is a barbell exercise focused on the muscles of the middle back, such as the lats (latissimus dorsi) and rhomboids. It also targets the biceps and grip. It utilizes a landmine device which anchors one end of the barbell near the ground, but could also be approximated by placing the barbell in the corner of a room.",4.306544203662524,6,9.826502092771296
1640,Bent Over Barbell Row,strength,Middle Back,barbell,intermediate,"The barbell bent-over row is a compound exercise used to build strength and size in both the lower and upper back. It targets nearly all of the muscles in the back, but particularly the lats, rhomboids, and lower back. It is commonly utilized as an accessory movement for the deadlift in powerlifting, but is also popular in strength and muscle-focused upper-body workouts.",8.681292459723977,4,3.734127121701672
1641,Yates Row Reverse Grip,strength,Middle Back,barbell,beginner,,4.82827699252618,14,5.040533594573607
1642,Pendlay Row,strength,Middle Back,barbell,intermediate,"The Pendlay row, named after the well-known strength coach Glenn Pendlay, is a bent-over row variation where each rep starts with the barbell resting on the ground. This eliminates the stretch reflex and forces the lifter to pull with power and a bent-over spine. The Pendlay row can be performed heavy for low reps, but is usually performed for moderate reps, such as 5-8 per set.",4.1013283707724355,12,5.2149665687042015
1643,Straight Bar Bench Mid Rows,strength,Middle Back,barbell,beginner,,9.84933297931538,8,5.08722917420412
1644,Barbell seal row,strength,Middle Back,barbell,intermediate,"The barbell seal row is a weighted exercise targeting the muscles of the middle back, including the lats (latissimus dorsi) and rhomboids. It can be performed on a special elevated bench, on a bench placed on top of boxes or benches, or on a bench with a slight incline. The higher the bench, the greater the range of motion and stretch at the bottom of the movement. It is usually performed as an assistance movement for back strength and muscle growth, in rep ranges of 8-12 reps per set or higher.",6.012970241539183,13,6.0728997846906045
1645,Yates Row,strength,Middle Back,barbell,beginner,,6.825090314093163,12,3.9669311601610318
1646,Plate Row,strength,Middle Back,barbell,beginner,,8.182929753824531,5,8.30854186146499
1647,Barbell Deadlift Bent Row Complex,strength,Middle Back,barbell,beginner,"The barbell deadlift bent-over row complex combines two movements to target the posterior chain. It requires using a lighter weight than you could handle for heavy deadlifts alone, but doubles down on activation in the upper back, lower back, and glutes.",5.547211835839851,10,3.811279975230743
1648,Single-Arm Landmine Row,strength,Middle Back,barbell,beginner,,7.050952368366433,9,6.7551575110226185
1649,TBS T-Bar Row,strength,Middle Back,barbell,intermediate,,5.0426003881235015,10,8.728125077589542
1650,TBS Deficit Deadlift,strength,Middle Back,barbell,intermediate,The barbell deficit deadlift is a compound exercise targeting the posterior chain.,7.826992576156073,5,9.29661743253826
1651,Bent-Over Barbell Row - Gethin Variation,strength,Middle Back,barbell,intermediate,"The barbell bent-over row is a compound exercise used to build strength and size in both the lower and upper back. It targets nearly all of the muscles in the back, but particularly the lats, rhomboids, and lower back. It is commonly utilized as an accessory movement for the deadlift in powerlifting, but is also popular in strength and muscle-focused upper-body workouts.",7.350391919473612,10,9.505805475304253
1652,Barbell bent-over row,strength,Middle Back,barbell,intermediate,"The barbell bent-over row is a compound exercise used to build strength and size in both the lower and upper back. It targets nearly all of the muscles in the back, but particularly the lats, rhomboids, and lower back. It is commonly utilized as an accessory movement for the deadlift in powerlifting, but is also popular in strength and muscle-focused upper-body workouts.",9.394751177240403,7,5.454623604649221
1653,UN Barbell Rack Pull,strength,Middle Back,barbell,intermediate,,5.79267474906975,6,3.8891008703189605
1654,UN Barbell Scrape The Rack,strength,Middle Back,barbell,intermediate,,5.156268709416068,4,6.961212928828528
1655,Barbell deadlift bent-over row complex,strength,Middle Back,barbell,intermediate,"The barbell deadlift bent-over row complex combines two movements to target the posterior chain. It requires using a lighter weight than you could handle for heavy deadlifts alone, but doubles down on activation in the upper back, lower back, and glutes.",8.569224422528372,14,7.762332643891411
1656,30 Back Barbell Deadlift,strength,Middle Back,barbell,intermediate,,4.362248566810091,7,4.985398983905602
1657,30 Back Bent-Over Barbell Row,strength,Middle Back,barbell,intermediate,,9.302359098996968,8,7.231479939497155
1658,30 Back T-Bar Row,strength,Middle Back,barbell,intermediate,,7.098844373883916,6,3.062510897633046
1659,30 Back Underhand Bent-Over Barbell Row,strength,Middle Back,barbell,intermediate,,5.821895185096004,9,3.231086760795767
1660,Kettlebell alternating renegade row,strength,Middle Back,kettlebells,intermediate,"The kettlebell alternating renegade row combines rowing and core training into a single difficult movement. It's popular in time-efficient strength and muscle-building workouts, as well as in circuit-style training.",5.060121793446246,12,7.5439091811993135
1661,Alternating Kettlebell Row,strength,Middle Back,kettlebells,intermediate,,9.216098405143647,10,7.800878895762014
1662,Two-Arm Kettlebell Row,strength,Middle Back,kettlebells,beginner,,3.5581060712337345,8,6.976514422434979
1663,Kettlebell bent-over row to clean,strength,Middle Back,kettlebells,intermediate,"The kettlebell bent-over row to clean is a combination kettlebell exercise that targets many of the muscles of the upper body including the lats (latissimus dorsi), biceps, shoulders, and core. It also strengthens and trains power output of the lower body. It can be done for reps or for time as a strength or muscle-focused complex, or in circuit-style training for conditioning or fat loss.",8.951784081435449,3,7.957792395341105
1664,UP Deficit Kettlebell Stiff-Legged Deadlift,strength,Middle Back,kettlebells,intermediate,"The kettlebell deficit deadlift is a more advanced version of the kettlebell deadlift movement that is performed standing on steps or boxes. It can be done to build strength or hip mobility for squats or deadlifts, in high reps or in more traditional strength and muscle-focused rep ranges.",8.775801633455519,10,4.069641100301296
1665,FYR2 Dagger-Grip Double-Kettlebell Gorilla Row,strength,Middle Back,kettlebells,intermediate,,9.077216534452994,3,4.118234998931095
1666,FYR2 Double-Kettlebell Swing Clean,strength,Middle Back,kettlebells,intermediate,,8.060943601791504,9,9.64236729168881
1667,Single-arm kettlebell row-,strength,Middle Back,kettlebells,intermediate,"The single-arm kettlebell row is a popular muscle- and strength-building exercise that works the muscles of the back and core simultaneously. It has all the same benefits as a single-arm dumbbell row, but some people find a kettlebell more comfortable to hold during the movement.",9.324144212932204,11,4.199210651771058
1668,FYR2 Ascending-Rep Swing-Squat Complex,strength,Middle Back,kettlebells,intermediate,,3.7584729127359413,5,7.003467740273879
1669,One-Arm Dumbbell Row,strength,Middle Back,dumbbell,intermediate,"The single-arm bench dumbbell row is a popular exercise for building the latissimus dorsi, or lat, muscles of the back. The bench is used for support during the rowing motion.",8.147398322270686,9,8.900889876999308
1670,Incline dumbbell row,strength,Middle Back,dumbbell,intermediate,"The incline dumbbell row is an upper-body exercise targeting the lats (latissimus dorsi) and upper-back muscles, as well as the biceps. Performing it on an incline bench helps target the lower lats in particular. Dumbbell row variations are usually performed for moderate to high reps, such as 8-12 reps per set or more, as part of the upper-body or back-focused portion of a workout.",9.703226306707682,13,3.87940212444538
1671,Bent Over Two-Dumbbell Row With Palms In,strength,Middle Back,dumbbell,beginner,,9.967261257060423,6,4.671759105971061
1672,Man-maker,strength,Middle Back,dumbbell,intermediate,"The man-maker is a sequence of exercises combining a dumbbell front squat, military press, renegade row, and sprawl. Between these movements it challenges muscles across the body, along with the cardiovascular system. It can be performed for rounds or for time as a single full-body exercise or as part of a fat-loss or athleticism-focused workout.",5.387343452522393,4,3.456046654589742
1673,Dumbbell bent-over row,strength,Middle Back,dumbbell,intermediate,"The dumbbell bent-over row is a popular exercise to develop and strengthen the muscles of the upper and middle back, like the latissimus (lat), lower trapezius, and rear deltoids. It can work equally well in strength, muscle-building, or circuit-style fat-loss workouts.",6.327412367447488,14,4.170944806826155
1674,Middle Back Shrug,strength,Middle Back,dumbbell,beginner,,6.997000479098427,8,8.359663234700756
1675,Dumbbell pull-over to skullcrusher,strength,Middle Back,dumbbell,intermediate,"The dumbbell pull-over to skullcrusher is a complex that combines two popular exercises into one sequence that works much of the upper body, particularly the chest, triceps, and serratus anterior muscles. Because the pull-over will determine the amount of weight you can use, this movement is usually performed for moderate to high reps, such as 8-12 reps per set or more, as part of the upper-body portion of a workout.",8.994590992247174,10,6.400035060878073
1676,Dumbbell Fix Single-Arm Dumbbell Row,strength,Middle Back,dumbbell,intermediate,,9.32967934434199,5,7.980860350151551
1677,Dumbbell Fix Bent-Over Dumbbell Row,strength,Middle Back,dumbbell,intermediate,,9.415108755243024,10,3.649667745788392
1678,Dumbbell Seal Row - Gethin Variation,strength,Middle Back,dumbbell,intermediate,"The dumbbell seal row is a weighted exercise targeting the muscles of the middle back, including the lats (latissimus dorsi) and rhomboids. It can be performed on a special elevated bench, on a bench placed on top of boxes or benches, or on a bench with a slight incline. The higher the bench, the greater the range of motion and stretch at the bottom of the movement. It is usually performed as an assistance movement for back strength and muscle growth, in rep ranges of 8-12 reps per set or higher.",5.0751031203894685,6,3.1471184550445472
1679,Decline dumbbell chest fly,strength,Middle Back,dumbbell,intermediate,"The decline dumbbell chest fly is an upper-body exercise targeting the muscles of the chest, particularly the lower chest. It will require less weight than a decline press, which makes it a great hypertrophy exercise with high reps. Fly variations are usually performed for moderate to high reps, such as 8-12 reps per set or more.",4.371122142448465,6,8.039684240884398
1680,TBS Bent-Over Dumbbell Row,strength,Middle Back,dumbbell,intermediate,"The dumbbell bent-over row is a popular exercise to develop and strengthen the muscles of the upper and middle back, like the latissimus (lat), lower trapezius, and rear deltoids. It can work equally well in strength, muscle-building, or circuit-style fat-loss workouts.",6.857454430139257,14,9.796385596602718
1681,HM Alternating Bent-Over Quick Row,strength,Middle Back,dumbbell,intermediate,,3.7626839813778976,7,9.862071925384573
1682,HM Bent-Over Dumbbell Row,strength,Middle Back,dumbbell,intermediate,,7.610925308968124,9,4.722616288195308
1683,AM Single Arm Row,strength,Middle Back,dumbbell,intermediate,"The single-arm bench dumbbell row is a popular exercise for building the latissimus dorsi, or lat, muscles of the back. The bench is used for support during the rowing motion.",9.076936312278274,8,9.898680714050773
1684,Dumbbell stiff-legged deadlift,strength,Middle Back,dumbbell,intermediate,"The dumbbell stiff-legged deadlift is a dumbbell exercise that targets the hamstrings, glutes, lower and upper back, and core. The difference between a stiff-legged deadlift and a Romanian deadlift is primarily the amount of knee bend. The knees are only slightly bent in a stiff-legged deadlift, while they bend more in a Romanian deadlift. Stiff-legged deadlifts are generally performed for low to moderate reps, such as 8-10 reps per set, with a focus on maximizing the hamstring stretch rather than moving heavy weight. Feel free to wear a weight belt to protect your lower back.",4.800389939531863,5,7.293932241991543
1685,Single-arm bench dumbbell row,strength,Middle Back,dumbbell,intermediate,"The single-arm bench dumbbell row is a popular exercise for building the latissimus dorsi, or lat, muscles of the back. The bench is used for support during the rowing motion.",4.336122491495561,11,9.783724217733106
1686,UN Bent-Over Dumbbell Row,strength,Middle Back,dumbbell,intermediate,,9.929202844928103,6,8.240363410721244
1687,UN Dumbbell RDL,strength,Middle Back,dumbbell,intermediate,,4.636699404679121,14,8.404205563157529
1688,UN Chest Supported Row,strength,Middle Back,dumbbell,intermediate,,7.577234726695655,9,5.760569256060323
1689,MetaBurn Bent-Over Renegade Row,strength,Middle Back,dumbbell,intermediate,,6.456707406970677,7,3.415203749901369
1690,30 Back Bent-Over Dumbbell Row,strength,Middle Back,dumbbell,intermediate,,9.230894875620248,14,8.083913903750515
1691,30 Back Dumbbell Pull-Over,strength,Middle Back,dumbbell,intermediate,,6.161807267909604,10,7.658502773047109
1692,30 Back Incline Dumbbell Row,strength,Middle Back,dumbbell,intermediate,,6.205634063605068,3,4.2163259265811295
1693,30 Back Single-Arm Dumbbell Row,strength,Middle Back,dumbbell,intermediate,,9.463017571321535,10,7.734724652868774
1694,30 Back Single-Arm Dumbbell Swing Row,strength,Middle Back,dumbbell,intermediate,,6.103594325956442,7,8.567678829739247
1695,T-Bar Row with Handle,strength,Middle Back,other,intermediate,,5.155021242309926,5,8.402449101668754
1696,T-Bar Row,strength,Middle Back,other,intermediate,,7.037499577878673,3,9.885266869244608
1697,Alternating sit-through with crunch,strength,Middle Back,other,intermediate,"The alternating sit-through with crunch is a full-body movement that starts in a bear crawl position and ends with a leg kicked out to the side. In between reps, you perform a crunch. It is commonly performed for reps or time in bodyweight circuits and animal-style flows, but can also work on its own or as part of a dynamic warm-up or mobility sequence.",5.212110826913052,8,3.15130342391186
1698,Seated Cable Rows,strength,Middle Back,cable,intermediate,"The cable seated row is a popular exercise to train the muscles of the upper back, including the lats (latissimus dorsi), traps, rhomboids, and rear deltoids, using a cable stack. It also targets the biceps to a lesser degree. The cable row can work well in a variety of rep-ranges, but is most popular in muscle-building workouts or as an accessory movement for strength workouts.",4.441002121268595,7,7.954663334359756
1699,Upside-down pull-up,strength,Middle Back,other,intermediate,"The upside-down pull-up is an advanced bodyweight exercise that is normally performed on a pair of gymnastic rings. It involves pulling the body toward the ceiling in an inverted position. It targets the same muscles as traditional pull-ups, including the lats (latissimus dorsi), biceps, and core. However, the pulling angle is more akin to a bent-over row or upright row, depending on the angle of your hips.",8.17457306206677,6,6.729966035517911
1700,Smith machine inverted row,strength,Middle Back,other,intermediate,"The Smith machine inverted row is a bodyweight exercise targeting the muscles of the lats (latissimus dorsi) and upper back, using the bar of the Smith machine to hang and pull from. You can change the bar height to customize the difficulty level and desired angle of the row. This variation is usually performed for moderate to high reps, such as 8-12 reps per set or more.",9.253979991178294,3,6.943045426079042
1701,Lying T-Bar Row,strength,Middle Back,other,intermediate,,7.842704424801068,8,5.124840681752294
1702,Suspended row,strength,Middle Back,other,intermediate,"The suspended row is a bodyweight pulling exercise that focuses on the muscles of the middle and upper back, as well as the biceps. It can be trained in traditional muscle-building rep ranges or for higher reps. It can also work as part of a dynamic warm-up for a pressing or pulling-focused workout.",7.35032455426534,6,6.769099573864399
1703,Inverted Row with Straps,strength,Middle Back,other,beginner,,7.274036932079901,12,5.089535750389974
1704,One Arm Chin-Up,strength,Middle Back,other,beginner,,4.656121151612875,12,5.376068509229963
1705,Sled Row,strength,Middle Back,other,beginner,,9.674841911804196,6,7.772876468254626
1706,Paul Carter T-Bar Row,strength,Middle Back,other,intermediate,,6.992781817129349,11,3.1747856101269987
1707,Single-Arm Bent-Over Rear Delt Raise - Gethin Variation,strength,Middle Back,other,intermediate,"The single-arm bent-over rear delt fly or rear delt raise is a popular upper-body exercise that targets the muscles on the back of the shoulder joint, specifically the rear head of the deltoid. Since pressing movements build the front and (to a lesser degree) side deltoid heads, this move is often done to promote balanced shoulder development. It is usually performed for high reps, such as 10-15 reps per set or more, as part of a shoulder or upper-body workout.",8.777326406123672,6,6.25929954737972
1708,30 Back Plate Hyperextension,strength,Middle Back,other,intermediate,,8.329055824685778,12,8.801643120105837
1709,Seated Cable Rows,strength,Middle Back,cable,intermediate,"The cable seated row is a popular exercise to train the muscles of the upper back, including the lats (latissimus dorsi), traps, rhomboids, and rear deltoids, using a cable stack. It also targets the biceps to a lesser degree. The cable row can work well in a variety of rep-ranges, but is most popular in muscle-building workouts or as an accessory movement for strength workouts.",6.789486825519117,4,9.88054088253584
1710,Single-arm cable seated row,strength,Middle Back,cable,intermediate,"The single-arm cable seated row is a version of the cable row movement that trains the muscles of the upper back one side at a time. It targets a wide range of muscles including the lats (latissimus dorsi), traps, rhomboids, and rear deltoids. It also targets the biceps to a lesser degree. The single-arm row can work well in a variety of rep ranges but is most popular in muscle-building workouts or as an accessory movement for strength workouts.",7.940390518455769,5,9.742112937529031
1711,Paul Carter Lat Pull-Down,strength,Middle Back,cable,intermediate,"The lat pull-down is a cable-based exercise machine that’s ubiquitous in gyms around the world. This back builder is easy to learn and highly effective, allowing for variable resistance depending on where you place the pin in the stack.",8.601469351655396,3,3.03236155143244
1712,TBS Lat Pull-Down,strength,Middle Back,cable,intermediate,,7.768127035573681,3,9.920001181920526
1713,One-Arm Cable Read Delt Fly - Gethin Variation,strength,Middle Back,cable,intermediate,"The single-arm bent-over cable rear delt fly is an exercise targeting the rear deltoids. It is a great way to isolate this area of the shoulder and attack each side independently. It is usually performed for moderate to high reps, at least 8-12 reps per set, as part of an upper-body or shoulder-focused workout.",5.78978111181838,13,4.870681195337809
1714,UP Seated Cable Row,strength,Middle Back,cable,intermediate,"The cable seated row is a popular exercise to train the muscles of the upper back, including the lats (latissimus dorsi), traps, rhomboids, and rear deltoids, using a cable stack. It also targets the biceps to a lesser degree. The cable row can work well in a variety of rep-ranges, but is most popular in muscle-building workouts or as an accessory movement for strength workouts.",9.456864486183282,6,3.468522344864263
1715,UP Cable Straight-Arm Pull-Down,strength,Middle Back,cable,intermediate,"The straight-arm rope pull-down is a variation of the straight-arm lat pull-down performed using a cable stack machine and a rope grip. It can either be performed in an athletic upright stance, or slightly bent-over. It both stretches and contracts the muscles of the lats (latissimus dorsi) as well as providing additional activation to the other upper back muscles and the core. Because the triceps are also isometrically involved in the movement, it is usually performed for higher reps, like 8-15 reps or above.",8.56543082787926,7,3.3875630685276636
1716,UN Cable Pull-Through,strength,Middle Back,cable,intermediate,,6.035248695952209,11,5.096353863507559
1717,30 Back Close-Grip Seated Cable Row,strength,Middle Back,cable,intermediate,,3.650275734591306,8,8.884999574766884
1718,30 Back Incline Face-Up Cable Pull-Down,strength,Middle Back,cable,intermediate,,8.886609121680676,9,6.507786028213511
1719,30 Back Kneeling High Cable Pull-Down,strength,Middle Back,cable,intermediate,,7.429793890204817,7,3.229611938050108
1720,30 Back Leaning V-Bar Pull-Down,strength,Middle Back,cable,intermediate,,3.8324980741513017,11,3.2375593292137124
1721,30 Back Reverse-Grip Pull-Down,strength,Middle Back,cable,intermediate,,8.819061715663711,7,5.745631249325645
1722,30 Back Standing Low Cable Bar Row,strength,Middle Back,cable,intermediate,,8.548620947593513,3,6.221067817103577
1723,30 Back Standing Low Cable Rope Row,strength,Middle Back,cable,intermediate,,7.037703342172283,7,4.186496039137478
1724,30 Back Straight-Arm Bar Pull-Down,strength,Middle Back,cable,intermediate,,6.461372539324785,14,8.328849909041377
1725,30 Back Straight-Arm Rope Pull-Down,strength,Middle Back,cable,intermediate,,6.714956649473819,7,3.905174103238128
1726,30 Back Wide-Grip Behind-The-Head Pull-Down,strength,Middle Back,cable,intermediate,,6.67627104875954,4,4.218044690890197
1727,30 Back Wide-Grip Pull-Down,strength,Middle Back,cable,intermediate,,3.0028905499091376,12,9.298860513112587
1728,30 back Wide-Grip Seated Cable Row,strength,Middle Back,cable,intermediate,,9.940382751046219,5,5.708322680206514
1729,Rower,cardio,Middle Back,machine,intermediate,"The rower is a popular gym machine that is serious cardiovascular work, but also targets the legs, back, and arm muscles. It's a great way build overall aerobic and muscular fitness. It is popular in CrossFit-style workouts, but is also a staple in all types of gyms. It can be equally effective for HIIT-style interval workouts or for longer-duration endurance work.",3.2830515330261685,5,9.859160431205723
1730,Seated Cable Rows,strength,Middle Back,cable,intermediate,"The cable seated row is a popular exercise to train the muscles of the upper back, including the lats (latissimus dorsi), traps, rhomboids, and rear deltoids, using a cable stack. It also targets the biceps to a lesser degree. The cable row can work well in a variety of rep-ranges, but is most popular in muscle-building workouts or as an accessory movement for strength workouts.",8.27845169410882,9,8.143120155483103
1731,Smith machine bent-over row,strength,Middle Back,machine,intermediate,"The Smith machine bent-over row is an upper-body exercise targeting the muscles of the back, particularly the lats (latissimus dorsi). This movement can be programmed in low reps for strength or higher reps for muscle and strength endurance. It is often performed for moderate to high reps, such as 8-12 reps per set or more, as part of an upper-body or back-focused workout.",7.590036894623922,9,8.01577466151761
1732,Leverage High Row,strength,Middle Back,machine,beginner,The machine high row is an exercise targeting the lats and works the back overall.,9.977297337103579,8,6.209925664854158
1733,Machine Low Row,strength,Middle Back,machine,intermediate,The machine low row is an exercise targeting the back muscles.,6.300288755352023,12,6.4299363496393624
1734,Standing lat pull-down,strength,Middle Back,machine,intermediate,"The standing lat pull-down is a variation of the lat pull-down performed standing next to a cable stack rather than sitting on a bench or machine. It has all of the same benefits of a lat pull-down performed on a bench or machine, in addition to providing further activation to the core and lower body. If you are too tall to perform this movement, a kneeling lat pull-down provides all of the same benefits.",3.349936157229896,3,5.183623678651763
1735,30 Back Machine Seated Row,strength,Middle Back,machine,intermediate,,5.398701928754659,14,7.287807232607127
1736,30 Back Smith Machine Push-Up,strength,Middle Back,machine,intermediate,,7.219007387846604,11,4.637228614603519
1737,Mixed Grip Chin,strength,Middle Back,none,intermediate,,9.4811514766144,12,7.3745999550114405
1738,Rhomboids SMR,flexibility,Middle Back,none,intermediate,"Rhomboids self-myofascial release (SMR) is a self-administered soft-tissue treatment for the upper body, usually using a foam roller, lacrosse ball, or other ""trigger point"" massage tool. By applying pressure strategically to the rhomboid muscles of the mid back, some people find they can cause this often painful and tight area to relax or ""release."" Rhomboids SMR is often accompanied by SMR on the lats, or by stretches that target the rhomboids or lats.",9.73042747165781,5,4.845040729166308
1739,Spinal Stretch,flexibility,Middle Back,none,intermediate,,5.910648406805515,8,8.659877234045165
1740,Upper Back Stretch,flexibility,Middle Back,none,intermediate,,3.6280103080476067,10,4.664457050122548
1741,Middle Back Stretch,flexibility,Middle Back,none,intermediate,,4.757596674767894,6,9.94691839611674
1742,TBS Pull-Up,strength,Middle Back,none,intermediate,,9.28662648997587,3,5.554688157406883
1743,HM Angel Stretch,strength,Middle Back,none,intermediate,,6.138700816919778,13,3.4391192920041505
1744,UNS Foam Roll Upper Back,strength,Middle Back,none,intermediate,,5.683242770643305,6,8.578177805985389
1745,30 Back Neutral-Grip Pull-Down,strength,Middle Back,none,intermediate,,5.065244625081435,7,4.79960644249198
1746,30 Back Pull-Up,strength,Middle Back,none,intermediate,,5.371377875949887,9,8.87032668603915
1747,30 Back Reverse-Grip Pull-Up,strength,Middle Back,none,intermediate,,9.958629308777216,11,5.004104514304393
1748,ACFT Medicine ball overhead power throw,strength,Middle Back,medicine_ball,intermediate,"The medicine ball overhead power throw is an explosive exercise targeting the abdominals and hips. This specific exercise is part of the new Army Combat Fitness Test or ACFT. It can be performed for lower reps with a focus on power or for higher reps with a focus on fat loss and conditioning. It begins in a semi-squat position holding a medicine ball, which then gets ""scooped"" up and thrown overhead in one continuous movement.",7.712733735837295,6,6.705992069128309
1749,Upright Row - With Bands,strength,Traps,bands,beginner,,9.241447089948256,10,5.959124420255487
1750,Band seated row,strength,Traps,bands,intermediate,"The band seated row is a band alternative to the popular cable exercise and trains the muscles of the upper back, including the lats (latissimus dorsi), traps, rhomboids, and rear deltoids. It also targets the biceps to a lesser degree. The band row can work well in a variety of rep ranges, requiring a heavier band for muscle-building and strength workouts and a lighter band for weight-loss work and as an accessory movement.",9.954954082222923,14,8.922727516049038
1751,Barbell shrug,strength,Traps,barbell,intermediate,"The barbell shrug is an exercise targeting the traps (trapezius muscles). It is popular in strength and muscle-focused upper-body training, and is often trained on a shoulder day. With the assistance of straps, it can be loaded heavily, but it is still usually performed for moderate to high reps, such as 8-10 reps per set.",8.200052136007535,6,8.636044089093772
1752,Barbell behind-the-back shrug,strength,Traps,barbell,intermediate,"The barbell behind-the-back shrug is an exercise targeting the traps. Having the bar behind you helps keep your shoulders pulled up and back, rather than rounded forward. It is popular in strength and muscle-focused upper-body training, and is often trained on a shoulder day. With the assistance of straps, it can be loaded heavily, but it is still usually performed for moderate to high reps, such as 8-10 reps per set.",4.164922375018241,11,3.9901440610067294
1753,Clean Shrug,strength,Traps,barbell,beginner,,4.502667610985689,13,7.975273182277556
1754,Snatch Shrug,strength,Traps,barbell,beginner,,5.263649055540888,3,4.346945238013984
1755,Single-arm inverted row,strength,Traps,barbell,intermediate,"The single-arm inverted row is a bodyweight exercise targeting the muscles of the lats (latissimus dorsi) and upper back, using the bar of the Smith machine to hang and pull from. You can change the bar height to customize the difficulty level and desired angle of the row.",9.226637172337373,9,9.407545107368236
1756,Kettlebell sumo deadlift high pull,strength,Traps,kettlebells,intermediate,"The kettlebell sumo deadlift high pull is a dynamic kettlebell exercise that focuses on the muscles of the posterior chain, including the hamstrings, glutes, traps, rear delts, and upper back. It can be done in lower reps for power or strength, or higher reps for conditioning and fat loss. It can also be a component of a circuit-style kettlebell workout, either for time or reps.",5.777195273033353,6,9.243349576652143
1757,Standing dumbbell shrug,strength,Traps,dumbbell,intermediate,"The standing dumbbell shrug is a popular movement to build and strengthen the trapezius muscles. It's often trained on a bodybuilding-style shoulder or back training day, but can also work well in full-body or strength-focused training.",6.417743014199711,8,5.864758120830068
1758,Standing dumbbell upright row,strength,Traps,dumbbell,intermediate,"The standing dumbbell upright row is a popular movement for building stronger and bigger traps and shoulders. Many lifters combine this move with either their back or shoulder workout, since it involves both body parts. It is generally performed for moderate to high reps, such as 8-12 reps per set or more.",3.330051741841317,6,5.492407526197333
1759,Dumbbell pull-over,strength,Traps,dumbbell,intermediate,"The dumbbell pull-over is a popular muscle and strength-building exercise that targets the muscles of the chest, upper back, lats, and the serratus anterior. It was a favorite of old-school bodybuilders, who believed high-rep pull-overs helped build a V-taper shape in the torso.",6.415320601423256,7,5.682714097954419
1760,Standing Dumbbell Shrug - Gethin Variation,strength,Traps,dumbbell,intermediate,"The standing dumbbell shrug is a popular movement to build and strengthen the trapezius muscles. It’s a often trained on a bodybuilding-style shoulder or back training day, but can also work well in full-body or strength-focused training.",4.5423310044336125,11,7.493942546197185
1761,Single-arm dumbbell row,strength,Traps,dumbbell,intermediate,"The single-arm dumbbell row is a popular exercise for building the latissimus dorsi, or lat, muscles of the back. It is most often performed for moderate to high reps, such as 8-12 reps per arm or more, as part of a muscle-building upper-body or back-focused portion of a workout.",8.529076887549385,12,3.939594887986642
1762,Lying Face Down Plate Neck Resistance,strength,Neck,other,beginner,,4.963124577603729,4,6.404998611243844
1763,Lying Face Up Plate Neck Resistance,strength,Neck,other,beginner,,9.134879477119888,3,6.960835018228835
1764,Seated Head Harness Neck Resistance,strength,Neck,other,beginner,,8.524983795718105,6,6.180629667850003
1765,Cable straight-bar upright row,strength,Traps,cable,intermediate,"The cable straight-bar upright row is an isolation exercise for the traps and the medial deltoids. It may not be appropriate for all lifters depending on their shoulder health and injury history. It is usually performed for moderate to high reps, such as 8-12 reps per set or more, as part of an upper-body or shoulder-focused workout.",9.477585378504426,10,6.397174609474225
1766,Cable shrug,strength,Traps,cable,intermediate,"The cable shrug is an exercise targeting the traps, as well as hitting the shoulders and upper back. Cables allow for lighter loading which is beneficial for higher-rep sets.",3.688029232827571,9,6.22380812533528
1767,Smith machine shrug,strength,Traps,machine,intermediate,"The Smith machine shrug is an upper-body exercise targeting the traps (trapezius muscles). It is usually performed for moderate to high reps, such as 8-12 reps per set or more, as part of shoulder or trap-focused training.",9.970653228674049,12,6.822811747344291
1768,Leverage Shrug,strength,Traps,machine,intermediate,,3.8930002926934764,7,6.315699688349364
1769,Calf-Machine Shoulder Shrug,strength,Traps,machine,beginner,,3.633364522992051,13,9.367161453815868
1770,Smith machine behind-the-back shrug,strength,Traps,machine,intermediate,"The Smith machine behind-the-back shrug is an upper-body exercise targeting the traps (trapezius muscles). It is usually performed for moderate to high reps, such as 8-12 reps per set or more, as part of shoulder or trap-focused training.",9.59467893242608,4,8.641723713686883
1771,Smith machine upright row,strength,Traps,machine,intermediate,"The Smith machine upright row is an upper-body exercise targeting the muscles of the traps and shoulders. This movement is often performed for moderate to high reps, such as 8-12 reps per set or more, as part of an upper-body or shoulder-focused workout.",3.200585858866286,10,7.75109434389065
1772,Machine low row-,strength,Traps,machine,intermediate,"The machine low row is a popular exercise targeting the back muscles, particularly the lats (latissimus dorsi), rhomboids, and middle and lower trapezius. Machine row variations are often performed for moderate to high reps, such as 8-12 reps per set or more, as part of an upper-body or back-focused portion of a workout.",8.135898749971549,7,8.154840800955279
1773,Machine Shrug - Gethin Variation,strength,Traps,machine,intermediate,,7.146058703098006,12,9.545692474646476
1774,Smith machine single-arm shrug,strength,Traps,machine,intermediate,"The Smith machine single-arm shrug is an upper-body exercise targeting the traps (trapezius muscles). It is usually performed for moderate to high reps, such as 8-12 reps per set or more, as part of shoulder or trap-focused training.",9.592798633576468,11,4.108605331348386
1775,Isometric Neck Exercise - Sides,strength,Neck,none,beginner,,4.9100151730247426,6,5.012563122623369
1776,Isometric Neck Exercise - Front And Back,strength,Neck,none,beginner,,7.992914773319764,10,5.698056813322439
1777,Neck Bridge Prone,strength,Neck,none,beginner,,6.968951367829093,14,9.094743116529385
1778,Side Neck Stretch,flexibility,Neck,none,intermediate,,3.875985243497545,4,9.459357467890868
1779,Neck-SMR,flexibility,Neck,none,intermediate,,9.934007051781759,14,8.407599675205685
1780,Scapular Pull-Up,strength,Traps,none,beginner,,7.871952472068097,13,3.5067309924589556
1781,Single-leg depth squat,strength,Quadriceps,bands,intermediate,"The single-leg depth squat is an exercise targeting the muscles of the lower body, including the quads, glutes, and hamstrings. It is sometimes used as a substitute for the pistol squat, since it doesn't demand the same level of flexibility to perform. It is usually performed for low to moderate reps with a focus on proper form and control.",8.371485515058053,12,7.976970716304585
1782,Squats - With Bands,strength,Quadriceps,bands,beginner,,7.334460378689507,12,4.867434126724229
1783,Hip Flexion with Band,strength,Quadriceps,bands,beginner,,8.051030860635038,14,4.867553032590597
1784,Forward Band Walk,strength,Quadriceps,bands,beginner,,9.768111662785799,9,5.453586350693762
1785,Boss Everline Resistance-Band Pull Sprint,strength,Quadriceps,bands,intermediate,,4.17910710565355,11,8.238358439247115
1786,Banded jump squat,strength,Quadriceps,bands,intermediate,"The banded jump squat is an explosive bodyweight squat variation performed with a band around the thighs just above the knees. This increases muscle activation in the hips and glutes, while the squat targets the quads, hamstrings, and glutes. The banded jump squat can be performed for low reps as a power-focused exercise, or for higher reps to build muscle in the lower body, challenge conditioning, and burn fat.",8.26596917738217,13,3.68721261817284
1787,Speed Box Squat,strength,Quadriceps,bands,intermediate,"The banded barbell box squat is a strength and power exercise targeting the lower body. It is popular in powerlifting training, either performed with light weights as a power and speed exercise, or heavier for strength. It is usually performed to a box of a height that demands the squatter to decent to around parallel.",7.761562890844274,14,6.299033764134812
1788,HM Banded Squat Toe Tap,strength,Quadriceps,bands,intermediate,,3.8028415005163065,7,5.0539507487927615
1789,UP Band Abducted Squat,strength,Quadriceps,bands,intermediate,,7.7824042677441865,12,7.245367787429447
1790,FYR2 Lateral Band Walk,strength,Quadriceps,bands,intermediate,,4.0373666209807535,10,4.478276677117261
1791,FYR2 Banded Squat Hold-Pulse-Jump Complex,strength,Quadriceps,bands,intermediate,,4.86467579987263,4,3.0505409542174102
1792,Band split squat,strength,Quadriceps,bands,intermediate,"The band split squat is a band movement targeting the quads, glutes, and hamstrings. It can be performed either for time or reps, and is often included as part of a fat-loss or athleticism-focused circuit workout. Leaning back places more emphasis on the glutes and hamstrings, while standing straight up targets the quads.",7.015297033980227,12,4.618737316314725
1793,Band front squat,strength,Quadriceps,bands,intermediate,"The band front squat is a popular exercise for targeting the muscles of the lower body, including the quadriceps, glutes, and hamstrings. Holding band in the racked position also works the core and upper-back muscles to maintain posture while the lower body moves. Because the tension of the band changes as it stretches, the resistance more closely matches the natural strength curve of the squat. This movement is usually performed for moderate to high reps, at least 8-12 reps per set or more. If this movement hurts your knees, try performing it with a wider stance.",8.303302708234911,6,9.486932644613852
1794,Squat hold with band pull-apart,strength,Quadriceps,bands,intermediate,"The squat hold with band pull-apart is a combination of the squat hold and band pull-apart. It involves holding the squat position with the thighs at or below parallel to the ground while performing a band pull-apart. The band pull-apart is an exercise targeting the upper back muscles, including the trapezius, rear delts, and rhomboids. The squat hold band pull-apart can be performed for mobility purposes or to increase time under tension on lower-body muscles including the quads, glutes, and hamstrings.",5.967762608994731,8,9.155987404797635
1795,Banded squat toe tap,strength,Quadriceps,bands,intermediate,"The banded squat toe tap is a banded variation on the classic bodyweight squat, but with a lateral toe tap to add extra focus to the stabilizer muscles around the hips. It can be performed for time or for reps as part of a dynamic warm-up for the lower body, or in any lower-body portion of a workout.",6.706331257457032,12,5.406208395277226
1796,Band overhead squat,strength,Quadriceps,bands,intermediate,"The band overhead squat is a full-body, functional movement that works to build full-body strength and stability. It is a variation of the classic barbell exercise and can be used to train core strength and stability for Olympic weightlifting or CrossFit.",9.491564465950574,9,7.234654518381473
1797,Quadriceps SMR,flexibility,Quadriceps,foam_roll,intermediate,"Quadriceps self-myofascial release (SMR) is a self-administered soft-tissue treatment for the lower body, usually using a foam roller, lacrosse ball, or other ""trigger point"" massage tool. By applying pressure strategically to the quad muscles of the upper leg, some people find they can cause this often painful and tight muscle group to relax or ""release."" Quadriceps SMR is often accompanied by SMR on the calf, glute, or hip muscles, or by stretches that target the calves or quads.",4.691937193963574,11,3.2375156967034027
1798,Clean from Blocks,strength,Quadriceps,barbell,beginner,,8.82184752753787,4,3.997094444157902
1799,Barbell Full Squat,strength,Quadriceps,barbell,intermediate,"The barbell back squat is a popular compound movement that emphasizes building the lower-body muscle groups and overall strength. It's the classic way to start a leg day, and is a worthy centerpiece to a lower-body training program. The squat is a competitive lift in the sport of powerlifting, but is also a classic measurement of lower-body strength. With the barbell racked on the traps or upper back, the emphasis is placed on the posterior chain but the entire body gets worked. The back squat can be trained in everything from heavy singles to sets of 20 reps or higher.",7.080632181741624,11,3.9762455224383544
1800,Barbell back squat to box,strength,Quadriceps,barbell,intermediate,"The barbell back squat to box is a popular version of a classic lower-body exercise that utilizes a box at the bottom position of the movement. This allows the lifter to customize the depth of the squat, as well as limit the stretch reflex at the bottom of the squat. The movement targets the quadriceps, glutes, and hamstrings. The squat to box can be performed for low reps to build strength or power, or for higher reps to build muscle.",8.60611746291944,10,9.067582540886004
1801,Push-press,strength,Quadriceps,barbell,intermediate,"The push-press is an overhead press variation in which the barbell is pushed upward with assistance from the lower body. This ""push"" helps the weight travel through the sticking point of a strict press. The push-press is commonly performed as part of barbell complexes, power training for all types of athletics, or as a powerful shoulder exercise.",4.014010819507627,7,9.477089753153447
1802,Power snatch-,strength,Quadriceps,barbell,advanced,"The power snatch is a full-body lift in which the bar is pulled from the floor with a wide grip to the overhead position in one movement. The bar is received in the ""power"" position, with the hips higher than a full-depth squat position. The power snatch can be used as a learning tool for the full snatch, or to train muscular power and strength on its own. It is usually performed for low reps, focusing on power and movement quality.",5.42006140736492,7,4.637885838302193
1803,Hang Clean,strength,Quadriceps,barbell,beginner,,6.2681163334437455,6,9.47445498995736
1804,Barbell walking lunge,strength,Quadriceps,barbell,intermediate,"The barbell walking lunge tests your ability to maintain balance while challenging the quads, glutes, and hamstrings as well as the core muscles. Using a barbell allows you to overload the exercise. It can be performed for moderate reps, such as 8-15 per set or across the gym, or for higher reps as a conditioning and mental toughness challenge.",4.471976299791876,7,9.563890905853276
1805,Olympic Squat,strength,Quadriceps,barbell,beginner,,8.62085104469076,3,3.605760500023683
1806,Narrow-stance squat,strength,Quadriceps,barbell,advanced,"The narrow-stance squat is an exercise that targets the lower body with an emphasis on the quads. Many people will find they can't go as deep in a narrow-stance squat as with a wider squat, which is normal. The narrow-stance squat can be performed for time or reps in any workout.",7.038960956007203,11,6.9688827360794185
1807,Box Squat with Bands,strength,Quadriceps,barbell,beginner,,3.7792485283733335,4,4.94991306460569
1808,Weighted Jump Squat,strength,Quadriceps,barbell,beginner,,9.13838882471373,14,7.428517111721115
1809,Squat with Chains,strength,Quadriceps,barbell,beginner,,4.473096846681418,8,6.296217329296899
1810,Barbell Squat,strength,Quadriceps,barbell,intermediate,"The barbell back squat is a popular compound movement that emphasizes building the lower-body muscle groups and overall strength. It's the classic way to start a leg day, and is a worthy centerpiece to a lower-body training program. The squat is a competitive lift in the sport of powerlifting, but is also a classic measurement of lower-body strength. With the barbell racked on the traps or upper back, the emphasis is placed on the posterior chain but the entire body gets worked. The back squat can be trained in everything from heavy singles to sets of 20 reps or higher.",6.312377664948324,4,9.62532416531932
1811,Barbell front squat,strength,Quadriceps,barbell,intermediate,"The barbell front squat is a compound movement that emphasizes building the lower-body muscle groups. With the barbell racked in front of the body on the anterior delts, the front squat emphasizes the quads and glutes, but also upper back and core strength to remain upright. Front squats can be trained as an alternative to back squats, as an accessory movement for either squats or deadlifts, or for strength and muscle on their own. Many lifters and athletes prefer them to back squats, although they can be uncomfortable and difficult to learn at first.",3.6690135894231366,3,9.52826132336582
1812,Barbell forward lunge,strength,Quadriceps,barbell,advanced,"The barbell forward lunge is a popular lower-body exercise targeting the quads, glutes, and hamstrings. Using a barbell allows you to overload the exercise beyond body weight and perform the movement in strength or muscle-focused rep ranges. The forward lunge can be performed as part of a barbell complex, in a circuit, or on its own in the lower-body portion of any workout.",4.112988753810527,8,5.367879368080159
1813,Smith machine box squat,strength,Quadriceps,barbell,intermediate,"The Smith machine box squat is a machine-based exercise targeting the quads, glutes, and hamstrings. The Smith machine mimics a barbell but provides more stability. This movement can be programmed in low reps for strength or power or higher reps for muscle and strength endurance. It is often performed for moderate to high reps, such as 8-12 reps per set or more, as part of a full-body or lower-body workout.",9.524460267005756,4,8.914303163360028
1814,Barbell step-up,strength,Quadriceps,barbell,intermediate,"The barbell step-up is a great exercise for building lower-body strength and power. It targets all the same muscles as bodyweight step-ups, such as the quads, glutes, and hamstrings, but allows for greater muscular overload.",4.830314621300932,9,6.720908085763307
1815,Barbell Bulgarian split squat,strength,Quadriceps,barbell,intermediate,"The barbell Bulgarian split squat is a single-leg exercise targeting the quads, glutes, and hamstrings. It is easier to overload with the barbell than when using dumbbells. If balance is an issue, consider using a Smith machine or holding dumbbells at your side instead.",7.872880503478008,9,6.722832055765289
1816,Hang Clean - Below the Knees,strength,Quadriceps,barbell,beginner,,5.7614371072208606,10,8.375158543206982
1817,Barbell hack squat,strength,Quadriceps,barbell,advanced,"The barbell hack squat is a variety of deadlift performed with the barbell behind the legs. This forces the lifter into a body position similar to a squat and targets the quads and glutes. It is named after famed strongman George Hackenschmidt, who performed it as an overall leg-building exercise. The barbell hack squat can be used as a substitute for the machine hack squat, or as a lower-body strength and size movement on its own.",6.532992405218067,6,9.33920529095628
1818,Hack Squat,strength,Quadriceps,barbell,intermediate,"The hack squat is a machine-based exercise that targets the muscles of the legs, particularly the quadriceps. It is often used as an accessory for squats, but can also be the main lower-body movement in a workout. It is often performed for moderate to high reps, such as 8-12 reps per set or more.",5.424384651340959,13,6.636364997398117
1819,Barbell thruster,strength,Quadriceps,barbell,intermediate,"The barbell thruster is a full-body exercise that incorporates both squatting and pressing in one functional movement. It's especially common in contemporary CrossFit workouts, but also in general strength training. The barbell is usually cleaned into place first, but it could be performed taken from a squat rack in a front-rack position. The thruster can be performed in traditional strength-focused rep ranges to build strength in the press, or in higher reps for full-body conditioning.",9.417549720441652,3,4.86514939757228
1820,Split Jerk,strength,Quadriceps,barbell,beginner,,9.545226559147215,13,9.974631834568708
1821,Push-jerk,strength,Quadriceps,barbell,intermediate,"The push-jerk is a movement in which the barbell is pushed from the front rack position to overhead with help from the legs. It differs from the push-press in that the lifter dips under the bar rather than simply pushing it up. It is popular in CrossFit workouts and Olympic weightlifting, as well as power training for athletics. It is usually performed for low reps, focusing on power and movement quality.",6.965369581094359,9,3.3262492324465907
1822,Barbell back squat,strength,Quadriceps,barbell,intermediate,"The barbell back squat is a popular compound movement that emphasizes building the lower-body muscle groups and overall strength. It's the classic way to start a leg day, and is a worthy centerpiece to a lower-body training program. The squat is a competitive lift in the sport of powerlifting, but is also a classic measurement of lower-body strength. With the barbell racked on the traps or upper back, the emphasis is placed on the posterior chain but the entire body gets worked. The back squat can be trained in everything from heavy singles to sets of 20 reps or higher.",6.186888140893519,14,4.39312507213527
1823,Zercher squat,strength,Quadriceps,barbell,intermediate,The Zercher squat is a barbell exercise in which the bar is placed in the crease of your elbows as you perform a normal squat. This movement can be awkward at first but is extremely effective in building both size and strength.,4.961075889520416,4,8.604337025207741
1824,Jefferson Squats,strength,Quadriceps,barbell,beginner,,6.75743714444728,11,4.387223235806191
1825,Jerk Dip Squat,strength,Quadriceps,barbell,beginner,,4.00672554564781,14,6.209099126717496
1826,Barbell side split squat,strength,Quadriceps,barbell,intermediate,"The barbell side split squat is a variation of the split squat that targets the lower body, specifically the quads, and requires good hip mobility.",7.455004553136301,11,5.959199630093686
1827,Frankenstein Squat,strength,Quadriceps,barbell,beginner,,8.823930557516247,7,3.3934830839123897
1828,Barbell speed squat,strength,Quadriceps,barbell,intermediate,"The barbell speed squat targets the lower-body muscle groups using lighter weights to perform fast-paced back squats. Speed squats are popular in certain powerlifting training methodologies as a way to engrain form and lifting speed that can carry over to max-effort lifts. In this approach, they are usually performed in numerous sets of 3-5 reps with adequate rest in between. Speed squats are also sometimes performed with bands or chains adding extra resistance to the top half of the lift.",7.841567641234269,13,7.805548929248987
1829,Single-arm side deadlift,strength,Quadriceps,barbell,advanced,"The single-arm side deadlift is a compound exercise that strengthens the glutes, quads, hamstrings, back, and core. It has more of a core stability and anti-rotational component than other deadlift variations. The side deadlift is usually done for low to moderate reps, such as 5-8 reps per side, with a focus on posture and movement quality.",6.481905676236487,11,5.794887962156368
1830,Barbell Squat To A Bench,strength,Quadriceps,barbell,intermediate,"The barbell back squat to box takes a classic compound exercise for developing the lower body and adds the box element. Muscles worked include the quads, hips, glutes, and upper hamstrings.",4.992485244483619,11,4.519549980606242
1831,Clean Pull,strength,Quadriceps,barbell,beginner,,7.325142013480165,8,9.96360809538549
1832,Front Barbell Squat To A Bench,strength,Quadriceps,barbell,beginner,,5.814085200289578,3,7.44569927688929
1833,Barbell reverse lunge,strength,Quadriceps,barbell,intermediate,"The barbell reverse lunge is a popular lower-body exercise targeting the quads, glutes, and hamstrings. Using a barbell allows you to overload the exercise beyond body weight and perform the movement in strength or muscle-focused rep ranges. The reverse lunge can be performed as part of a barbell complex, in a circuit, or on its own in the lower-body portion of any workout.",9.86646957282794,6,7.851377895188698
1834,Split Clean,strength,Quadriceps,barbell,beginner,,8.220546428757487,5,7.974239217382036
1835,Close-stance dumbbell front squat,strength,Quadriceps,barbell,intermediate,"The close-stance dumbbell front squat is a popular exercise for targeting the muscles of the lower body, the quadriceps in particular. Holding dumbbells in the racked position also works the core and upper-back muscles to maintain posture while the lower body moves. Because the amount of weight you can use will be limited by what you can clean to the rack position, this movement is usually performed for moderate to high reps, at least 8-12 reps per set or more. If this movement hurts your knees, try performing it with a wider stance.",8.22730005462281,11,3.152241398046923
1836,Front Squat (Clean Grip),strength,Quadriceps,barbell,beginner,,6.51430784317726,5,4.055394886369411
1837,Barbell front squat to back squat,strength,Quadriceps,barbell,intermediate,"The barbell front squat to back squat is a complex that combines two fundamental barbell squat movements with a press in between to build overall strength, coordination, and endurance. This combo hits every muscle in the lower body, but also seriously challenges the upper-body musculature to control and transition the weight.",7.4117777116800525,14,7.056820159047386
1838,Squat Jerk,strength,Quadriceps,barbell,beginner,,5.742354552173529,7,4.390604180329195
1839,Barbell Front-To-Back Squat,strength,Quadriceps,barbell,intermediate,"The barbell front squat to back squat is a complex that combines two fundamental barbell squat movements with a press in between to build overall strength, coordination, and endurance. This combo hits every muscle in the lower body, but also seriously challenges the upper-body musculature to control and transition the weight.",7.0351967120367584,4,9.032749576403653
1840,Box Squat with Chains,strength,Quadriceps,barbell,beginner,,4.602634940438635,6,4.071951900740905
1841,Snatch from Blocks,strength,Quadriceps,barbell,beginner,,8.688341547474536,8,7.549757077767603
1842,Power Snatch from Blocks,strength,Quadriceps,barbell,beginner,,8.358411544308375,10,3.411756254617848
1843,Front Squat (Bodybuilder),strength,Quadriceps,barbell,intermediate,"The barbell front squat is a compound movement that emphasizes building the lower-body muscle groups. With the barbell racked in front of the body on the anterior delts, the front squat emphasizes the quads and glutes, but also upper back and core strength to remain upright. Front squats can be trained as an alternative to back squats, as an accessory movement for either squats or deadlifts, or for strength and muscle on their own. Many lifters and athletes prefer them to back squats, although they can be uncomfortable and difficult to learn at first.",6.63160929443794,12,9.29096407311502
1844,Barbell step-down reverse lunge,strength,Quadriceps,barbell,intermediate,"The barbell step-down reverse lunge is an exercise targeting the lower body, particularly the glutes and hamstrings. The front foot is slightly elevated during this movement, making the subsequent step-down more pronounced and difficult. These are usually performed for time or for relatively high reps, such as 10 reps or more per set.",7.610130675152093,5,3.8875370015304167
1845,Squat with Bands,strength,Quadriceps,barbell,beginner,,4.796301075983145,8,6.497964973088418
1846,Heaving Snatch Balance,strength,Quadriceps,barbell,beginner,,8.664016665305525,9,7.08441259586224
1847,Snatch Balance,strength,Quadriceps,barbell,beginner,,9.237228058332523,14,5.948914191213122
1848,Reverse Band Power Squat,strength,Quadriceps,barbell,beginner,,9.388267707621093,13,7.7479639146612085
1849,Paul Carter Back Squat,strength,Quadriceps,barbell,intermediate,"The barbell back squat is a popular compound movement that emphasizes building the lower-body muscle groups and overall strength. It's the classic way to start a leg day, and is a worthy centerpiece to a lower-body training program. The squat is a competitive lift in the sport of powerlifting, but is also a classic measurement of lower-body strength. With the barbell racked on the traps or upper back, the emphasis is placed on the posterior chain but the entire body gets worked. The back squat can be trained in everything from heavy singles to sets of 20 reps or higher.",8.806306892805942,14,6.640128374516301
1850,Paul Carter Barbell Split Squat,strength,Quadriceps,barbell,intermediate,"The barbell Bulgarian split squat is a single-leg, full-body exercise targeting the quads, glutes, and hamstrings. It is easier to overload with the barbell as opposed to using dumbbells.",9.441433217635169,7,8.758407148045073
1851,TBS High-Bar Back Squat,strength,Quadriceps,barbell,intermediate,"The barbell back squat is a popular compound movement that emphasizes building the lower-body muscle groups and overall strength. It's the classic way to start a leg day, and is a worthy centerpiece to a lower-body training program. The squat is a competitive lift in the sport of powerlifting, but is also a classic measurement of lower-body strength. With the barbell racked on the traps or upper back, the emphasis is placed on the posterior chain but the entire body gets worked. The back squat can be trained in everything from heavy singles to sets of 20 reps or higher.",6.56408731817643,4,5.265361298260484
1852,TBS Barbell Front Squat,strength,Quadriceps,barbell,intermediate,"The barbell front squat is a compound movement that emphasizes building the lower-body muscle groups. With the barbell racked in front of the body on the anterior delts, the front squat emphasizes the quads and glutes, but also upper back and core strength to remain upright. Front squats can be trained as an alternative to back squats, as an accessory movement for either squats or deadlifts, or for strength and muscle on their own. Many lifters and athletes prefer them to back squats, although they can be uncomfortable and difficult to learn at first.",5.162500686109631,7,7.089947434507641
1853,Squat - Gethin Variation,strength,Quadriceps,barbell,intermediate,"The barbell back squat is a popular compound movement that emphasizes building the lower-body muscle groups and overall strength. It's the classic way to start a leg day, and is a worthy centerpiece to a lower-body training program. The squat is a competitive lift in the sport of powerlifting, but is also a classic measurement of lower-body strength. With the barbell racked on the traps or upper back, the emphasis is placed on the posterior chain but the entire body gets worked. The back squat can be trained in everything from heavy singles to sets of 20 reps or higher.",6.954050347861292,9,9.923508423998832
1854,Front-To-Back Barbell Squat,strength,Quadriceps,barbell,intermediate,,9.182327183111848,11,7.148439541656774
1855,Barbell Lunge - Gethin Variation,strength,Quadriceps,barbell,intermediate,"The barbell forward lunge is a popular lower-body exercise targeting the quads, glutes, and hamstrings. Using a barbell allows you to overload the exercise beyond body weight and perform the movement in strength or muscle-focused rep ranges. The forward lunge can be performed as part of a barbell complex, in a circuit, or on its own in the lower-body portion of any workout.",9.700464625561521,14,8.60096288721535
1856,Rack Deadlift - Gethin Variation,strength,Quadriceps,barbell,intermediate,"The rack pull is a variation of the deadlift performed from an elevated height, either using boxes, safety pins, or the safeties in a squat rack. It targets all the same muscles as the deadlift, including the glutes, hamstrings, upper back, lower back, and grip. It can e used to strengthen deadlift lockout, but also as a deadlift alternative for people who can’t deadlift from the floor without pain.",9.291089595526463,11,5.5491170897388145
1857,Barbell Squat - Gethin Variation,strength,Quadriceps,barbell,intermediate,"The barbell back squat is a popular compound movement that emphasizes building the lower-body muscle groups and overall strength. It's the classic way to start a leg day, and is a worthy centerpiece to a lower-body training program. The squat is a competitive lift in the sport of powerlifting, but is also a classic measurement of lower-body strength. With the barbell racked on the traps or upper back, the emphasis is placed on the posterior chain but the entire body gets worked. The back squat can be trained in everything from heavy singles to sets of 20 reps or higher.",3.6597507134991636,13,9.857998497140693
1858,Barbell Good Morning - Gethin Variation,strength,Quadriceps,barbell,intermediate,"The barbell good morning is an exercise that targets glute, hamstring, and lower back development. It is often trained as an accessory movement to the deadlift, but also has value on its own. It is sometimes performed for reps in traditional strength-focused rep ranges such as 5-8 reps per set, but due to the risk posed to the lower back, is rarely treated as a max-effort single-rep lift.",7.74697717619122,5,8.839052530125837
1859,AM Barbell Squat,strength,Quadriceps,barbell,intermediate,"The barbell back squat is a popular compound movement that emphasizes building the lower-body muscle groups and overall strength. It's the classic way to start a leg day, and is a worthy centerpiece to a lower-body training program. The squat is a competitive lift in the sport of powerlifting, but is also a classic measurement of lower-body strength. With the barbell racked on the traps or upper back, the emphasis is placed on the posterior chain but the entire body gets worked. The back squat can be trained in everything from heavy singles to sets of 20 reps or higher.",3.478196341995398,3,4.933832214604043
1860,Plyometric Power Clean,strength,Quadriceps,barbell,intermediate,,9.301762105816719,7,7.722707709694326
1861,Banded Split Jerk,strength,Quadriceps,barbell,intermediate,,5.483946232970645,10,5.768536695815218
1862,UP Squat,strength,Quadriceps,barbell,intermediate,"The barbell back squat is a popular compound movement that emphasizes building the lower-body muscle groups and overall strength. It's the classic way to start a leg day, and is a worthy centerpiece to a lower-body training program. The squat is a competitive lift in the sport of powerlifting, but is also a classic measurement of lower-body strength. With the barbell racked on the traps or upper back, the emphasis is placed on the posterior chain but the entire body gets worked. The back squat can be trained in everything from heavy singles to sets of 20 reps or higher.",6.120892238231301,13,7.381464403074098
1863,UN Barbell Back Squat,strength,Quadriceps,barbell,intermediate,,8.816132463507206,7,9.77414178910932
1864,UN Barbell Box Squat,strength,Quadriceps,barbell,intermediate,,7.492704170985773,5,6.031405011717839
1865,UN Barbell Front Squat,strength,Quadriceps,barbell,intermediate,,9.013053618514917,14,7.959698841443604
1866,KV Bulgarian Split Squat,strength,Quadriceps,barbell,intermediate,,3.8053189257631836,9,9.926995967084366
1867,King Maker Barbell Back Squat,strength,Quadriceps,barbell,intermediate,"The barbell back squat is a popular compound movement that emphasizes building the lower-body muscle groups and overall strength. It's the classic way to start a leg day, and is a worthy centerpiece to a lower-body training program. The squat is a competitive lift in the sport of powerlifting, but is also a classic measurement of lower-body strength. With the barbell racked on the traps or upper back, the emphasis is placed on the posterior chain but the entire body gets worked. The back squat can be trained in everything from heavy singles to sets of 20 reps or higher.",4.731873163178759,3,4.993756799213843
1868,King Maker Barbell Deadlift,strength,Quadriceps,barbell,intermediate,"The barbell deadlift is a compound exercise used to develop overall strength and size in the posterior chain. It is a competition lift in the sport of powerlifting, but is also considered a classic benchmark of overall strength. When performed with the hands outside the knees, it is often called a ""conventional"" deadlift. When the feet are wide and the hands are inside the knees, it is a sumo deadlift.",6.347145683815459,6,5.882576480058356
1869,30 Legs Barbell Back Squat,strength,Quadriceps,barbell,intermediate,,8.895019901711308,8,4.054616250863878
1870,30 Legs Barbell Front Squat,strength,Quadriceps,barbell,intermediate,,9.754935395868387,9,9.776279535026958
1871,Barbell Back Squats,strength,Quadriceps,barbell,intermediate,,4.924544356318275,7,8.73847987893759
1872,Front Squats With Two Kettlebells,strength,Quadriceps,kettlebells,beginner,,7.788630057191375,5,6.883043965069616
1873,Kettlebell Pistol Squat,strength,Quadriceps,kettlebells,beginner,,4.403156903943766,5,7.204347149853104
1874,Goblet Squat,strength,Quadriceps,kettlebells,intermediate,"The goblet squat is a popular lower-body exercise where you hold a kettlebell or dumbbell in front of your chest as if you are supporting a heavy cup or goblet. It can help lifters of all levels improve their squat technique and hip mobility, but can also work as a muscle-building or strength accessory movement for experienced athletes. It also works well in combinations, complexes, and flows with other kettlebell movements like swings, presses, and cleans.",9.14839152764798,7,6.74956670080924
1875,Kettlebell Curtsy Lunge,strength,Quadriceps,kettlebells,beginner,,3.870014062015973,10,8.54114825804417
1876,Single-arm kettlebell overhead squat,strength,Quadriceps,kettlebells,advanced,"The single-arm kettlebell overhead squat is a popular kettlebell movement performed while holding a single kettlebell in a locked-out overhead position. It targets the muscles of the lower body dynamically, while also challenging and building shoulder stability and upper-back mobility. It can be trained in traditional strength or muscle-building rep ranges, in circuit or fat-loss training, or as part of a kettlebell combination or complex.",6.390352861780231,4,8.410524568273013
1877,Kettlebell side squat,strength,Quadriceps,kettlebells,intermediate,"The kettlebell side squat is a popular movement to build mobility and lateral strength in the hips. It can be performed for time or for reps, either on its own or as part of a kettlebell circuit, complex, or flow.",8.83378127153799,8,4.171170372190925
1878,Kettlebell sumo squat,strength,Quadriceps,kettlebells,intermediate,"The kettlebell sumo squat is a lower-body movement emphasizing the muscles of the hips, glutes, and quads. It shares attributes with both the kettlebell deadlift and the goblet squat, but is usually performed with a wider stance and the feet pointed more outward, similar to a sumo deadlift. Its unique stance helps the lifter keep an upright torso, as well as emphasize stretching the hips and adductor muscles.",6.729146464672586,13,7.779070618239313
1879,Kettlebell thruster progression,strength,Quadriceps,kettlebells,intermediate,"The kettlebell thruster progression is a kettlebell combination movement that includes a squat, curl, press, and overhead extension in a single sequence. It can work well with a light or moderate weight either for time or reps, in circuit-style training, or as a single kettlebell ""flow.""",8.16241196371995,12,3.4624078566701453
1880,Kettlebell power clean,strength,Quadriceps,kettlebells,intermediate,"The kettlebell power clean is an explosive kettlebell exercise where the lifter pulls the weight to shoulder level with a slight swing between the legs. It is often used as a drill to teach kettlebell clean technique, but is also a valuable power exercise in its own right. It can be performed in low rep ranges for strength or higher rep ranges for technique practice or muscle growth.",4.989180443025552,12,3.7844916940274764
1881,Kettlebell fire feet,cardio,Quadriceps,kettlebells,intermediate,"Kettlebell fire feet is a dynamic movement that works most of the major muscle groups in the body simultaneously, while also elevating the heart rate. It's a great movement to include in kettlebell or bodyweight circuit training to increase fatigue and burn serious calories.",5.371192231364214,5,3.2592032047972195
1882,Single Arm Overhead Kettlebell Squat,strength,Quadriceps,kettlebells,intermediate,"The single-arm kettlebell overhead squat is a popular kettlebell movement performed while holding a single kettlebell in a locked-out overhead position. It targets the muscles of the lower body dynamically, while also challenging and building shoulder stability and upper-back mobility. It can be trained in traditional strength or muscle-building rep ranges, in circuit or fat-loss training, or as part of a kettlebell combination or complex.",5.044160492689199,5,9.77012970436137
1883,Pulsing goblet squat,strength,Quadriceps,kettlebells,intermediate,"The pulsing goblet squat is a simple way to make a popular squat variation more taxing for the lower body and cardiovascular system. They can be done for time or reps, allowing you to get a significant training effect from a light weight in circuit-style training.",4.840585260752599,6,7.903116786028893
1884,Double-kettlebell alternating lunge to clean,strength,Quadriceps,kettlebells,intermediate,"The double-kettlebell alternating lunge to clean is a combination of kettlebell moves in a single sequence. This combination can be performed for time or for reps, often as circuit-style training for conditioning or fat loss, or in a kettlebell complex or flow.",7.485739968657084,8,9.62234985008858
1885,FYR Goblet Squat,strength,Quadriceps,kettlebells,intermediate,"The goblet squat is a popular lower-body exercise where you hold a kettlebell or dumbbell in front of your chest as if you are supporting a heavy cup or goblet. It can help lifters of all levels improve their squat technique and hip mobility, but can also work as a muscle-building or strength accessory movement for experienced athletes. It also works well in combinations, complexes, and flows with other kettlebell movements like swings, presses, and cleans.",7.116269925420289,11,5.033551122162428
1886,FYR Kettlebell Sumo Squat,strength,Quadriceps,kettlebells,intermediate,"The kettlebell sumo squat is a lower-body movement emphasizing the muscles of the hips, glutes, and quads. It shares attributes with both the kettlebell deadlift and the goblet squat, but is usually performed with a wider stance and the feet pointed more outward, similar to a sumo deadlift. Its unique stance helps the lifter keep an upright torso, as well as emphasize stretching the hips and adductor muscles.",8.744902292421147,10,3.2681002525061733
1887,Double-kettlebell front squat,strength,Quadriceps,kettlebells,intermediate,"The double-kettlebell front squat is a popular kettlebell movement performed while holding two kettlebells in the front-racked position. It targets the muscles of the lower body dynamically, and the muscles of the upper back and core isometrically. It can be trained in traditional strength or muscle-building rep ranges, in circuit or fat-loss training, or as part of a larger kettlebell combination or complex.",5.078706552181452,5,8.739032876960632
1888,FYR Kettlebell Squat Clean,strength,Quadriceps,kettlebells,intermediate,"The kettlebell squat clean is an explosive kettlebell exercise where the lifter pulls the weight to shoulder level with a slight swing between the legs. It is often used as a drill to teach kettlebell clean technique, but is also a valuable power exercise in its own right. It can be performed in low rep ranges for strength or higher rep ranges for technique practice or muscle growth.",4.425212900403238,14,9.233570096333342
1889,Single-arm kettlebell front squat,strength,Quadriceps,kettlebells,intermediate,"The single-arm kettlebell front squat is a popular kettlebell movement performed while holding a single kettlebell in the front-racked position. It targets the muscles of the lower body dynamically, and the muscles of the upper back and core isometrically. It can be trained in traditional strength or muscle-building rep ranges, in circuit or fat-loss training, or as part of a kettlebell combination or complex.",4.955673551037364,10,8.557740856698805
1890,Kettlebell front rack lunge,strength,Quadriceps,kettlebells,intermediate,"The kettlebell front rack lunge is a dynamic leg and core exercise in which a lifter performs lunges while holding a single kettlebell in the front-racked position. It is a unique coordination challenge, but also challenging to the musculature of the abdomen, lower body, shoulders, and upper back. It is most commonly performed for higher reps, such as 10-15 reps per side, or for time. It can work in circuit-style workouts, as well as in muscle or strength-focused workouts.",3.775675737901837,5,8.974978502321107
1891,HM Turkish Get-Up,strength,Quadriceps,kettlebells,intermediate,,3.685529627618719,6,5.991660514623515
1892,HM Single-Leg Romanian Deadlift,strength,Quadriceps,kettlebells,intermediate,,8.712399694094707,11,4.9576499111841725
1893,Taylor Single-Arm Kettlebell Front Squat,strength,Quadriceps,kettlebells,intermediate,,8.459811942752491,4,6.123978223593767
1894,Taylor Kettlebell Goblet Squat,strength,Quadriceps,kettlebells,intermediate,,5.969327160579498,12,3.3616268070485065
1895,Goblet squat-,strength,Quadriceps,kettlebells,intermediate,"The goblet squat is a popular lower-body exercise where you hold a kettlebell or dumbbell in front of your chest as if you are supporting a heavy cup or goblet. It can help lifters of all levels improve their squat technique and hip mobility, but can also work as a muscle-building or strength accessory movement for experienced athletes. It also works well in combinations, complexes, and flows with other kettlebell movements like swings, presses, and cleans.",4.945169753100601,12,3.799668635021046
1896,Holman Kettlebell Squat Clean,strength,Quadriceps,kettlebells,intermediate,,6.487525021632651,7,3.792893268142519
1897,Holman Kettlebell Swing,strength,Quadriceps,kettlebells,intermediate,,5.803884351563125,12,8.87885949673332
1898,Holman Kettlebell Swing Transfer,strength,Quadriceps,kettlebells,intermediate,,8.902247564974171,3,8.483240054512148
1899,Dumbbell goblet squat-,strength,Quadriceps,kettlebells,intermediate,"The goblet squat is a popular lower-body exercise in which a dumbbell or kettlebell is held in front of the chest with two hands, approximating how you might hold a heavy goblet. It is used as a teaching tool to help instruct and develop proper squat form, but is also effective for building size in the quads, glutes, and hamstrings. It can be performed for low reps to build strength, or for higher reps to build muscle and conditioning.",7.060065193299514,5,3.3541464134067
1900,Robertson Kettlebell Jump,strength,Quadriceps,kettlebells,intermediate,,7.39076917526508,4,5.433575022524234
1901,FYR2 Alternating Kettlebell Squat Clean,strength,Quadriceps,kettlebells,intermediate,,7.694276432958104,6,5.202578393459455
1902,FYR2 Banded Double-Kettlebell Squat Pulse,strength,Quadriceps,kettlebells,intermediate,,8.25539052978434,5,6.440161033568673
1903,FYR2 Double-Kettlebell Ballin' Lunge,strength,Quadriceps,kettlebells,intermediate,,7.136631191729789,9,8.204277454328995
1904,FYR2 Double-Kettlebell Front Rack Lunge,strength,Quadriceps,kettlebells,intermediate,,5.886751100715594,14,9.726431147632299
1905,FYR2 Double-Kettlebell Front Squat,strength,Quadriceps,kettlebells,intermediate,,5.993198343623787,7,7.418918783463641
1906,FYR2 Explosive Kettlebell Jump Squat,strength,Quadriceps,kettlebells,intermediate,,9.176665321804895,14,9.161002289086067
1907,FYR2 Kettlebell Goblet Squat,strength,Quadriceps,kettlebells,intermediate,,3.092195558731488,5,9.353069377135355
1908,FYR2 Kettlebell Reverse Lunge Switch Grip,strength,Quadriceps,kettlebells,intermediate,,7.587767846110898,5,4.569989448784227
1909,FYR2 Kettlebell Reverse Lunge to Kneeling Press,strength,Quadriceps,kettlebells,intermediate,,5.960856674848873,5,8.47361080080698
1910,FYR2 Kettlebell Sumo Squat Pulse,strength,Quadriceps,kettlebells,intermediate,,7.768850508191428,8,3.771195257770086
1911,FYR2 Reverse Lunge to Single-Leg Kettlebell Deadlift,strength,Quadriceps,kettlebells,intermediate,,8.671886656574431,6,3.745439287025822
1912,FYR2 Kettlebell Goblet-Squat-Deadlift Complex,strength,Quadriceps,kettlebells,intermediate,,8.237074596456926,6,6.2265145317938035
1913,FYR2 Kettlebell Squat-Press-Deadlift Complex,strength,Quadriceps,kettlebells,intermediate,,9.856853800250752,4,8.68081882901075
1914,Goblet Squats,strength,Quadriceps,kettlebells,intermediate,,7.76061523254107,4,7.422706378719461
1915,Dumbbell Goblet Squat,strength,Quadriceps,dumbbell,intermediate,"The goblet squat is a common exercise used in the early stages of learning to squat, or as a movement in general training programs for building size to the quads, glutes, and hamstrings.",9.376631793775246,11,4.713998454934285
1916,Dumbbell squat,strength,Quadriceps,dumbbell,intermediate,"The dumbbell squat is a classic lower-body exercise that targets the quadriceps, hamstrings, and glutes. While this variation is usually performed with relatively light weights for high reps, it can also be used as a substitute for squats or the trap-bar deadlift in any workout.",5.658447519280559,8,3.7137916664879014
1917,Dumbbell Lunges,strength,Quadriceps,dumbbell,intermediate,"The dumbbell split squat is a popular lower-body exercise to build strength and muscle one leg at a time. It can be used to teach proper lunge form, but is also valuable on its own when trained in traditional strength-focused rep ranges, such as 5-8 reps per set, or for higher reps to build muscle or for conditioning.",6.485917889001146,11,7.470738409945499
1918,Dumbbell reverse lunge,strength,Quadriceps,dumbbell,intermediate,"The dumbbell reverse lunge is a popular lower-body movement that targets the muscles of the quads, glutes, hamstrings, and hips. It also works the core and upper-back muscles to maintain posture while the lower body moves. Lunge variations are often performed for moderate to high reps, such as 8-12 reps per leg or more, as part of the lower-body portion of a workout. If this movement hurts your knees, try performing split squats instead.",7.939348957638674,10,9.167952369651847
1919,Split Squat with Dumbbells,strength,Quadriceps,dumbbell,intermediate,"The dumbbell Bulgaria split squat is a single-leg exercise targeting the quads, glutes, and hamstrings.",4.311141600237143,7,4.7730163274440995
1920,Dumbbell sumo squat,strength,Quadriceps,dumbbell,intermediate,"The dumbbell sumo squat is a popular lower-body movement using a single dumbbell held in front of the legs. It is performed with a wider than shoulder-width stance, which increases the demand on the glutes, hamstrings, and adductors while still benefiting the quads, core, and upper body. It is usually performed for moderate to high reps, at least 8-12 reps per set, as part of the lower-body portion of a workout.",4.605848513580734,11,3.141128259151738
1921,Dumbbell seated box jump,cardio,Quadriceps,dumbbell,intermediate,"The dumbbell seated box jump is an explosive exercise that builds the quadriceps as well as overall lower-body strength and explosiveness. All you need is a box, a bench, and a light dumbbell. Performing it from a seated position eliminates the stretch reflex in the lower body, forcing you to generate more power. This is an advanced move, so consider starting off with box jumps or squat jumps before progressing to this.",9.549829520713857,6,5.050705417337476
1922,Dumbbell step-up,strength,Quadriceps,dumbbell,intermediate,"The dumbbell step-up is a great exercise for building lower-body strength and power. It targets all the same muscles as bodyweight step-ups, such as the quads, glutes, and hamstrings, but allows for greater muscular overload.",9.083966073012908,9,7.536906542660603
1923,Dumbbell Walking Lunge,strength,Quadriceps,dumbbell,intermediate,"The dumbbell walking lunge tests your ability to maintain balance while challenging the quads, glutes, and hamstrings as well as core muscles.",8.547303101402042,8,5.9243034646678145
1924,Dumbbell Squat To A Bench,strength,Quadriceps,dumbbell,beginner,,4.985645963178133,8,7.110445159849831
1925,Dumbbell thruster,strength,Quadriceps,dumbbell,intermediate,"The dumbbell thruster, which begins with a squat and ends with an overhead press, works the entire body at once in a single fluid motion. This exercise is often performed with kettlebells, but dumbbells are also a great option.",4.278149861912722,5,3.3710487512835354
1926,Dumbbell front squat,strength,Quadriceps,dumbbell,intermediate,"The dumbbell front squat is a popular exercise for targeting the muscles of the lower body, including the quadriceps, glutes, and hamstrings. Holding dumbbells in the racked position also works the core and upper-back muscles to maintain posture while the lower body moves. Because the amount of weight you can use will be limited by what you can clean to the rack position, this movement is usually performed for moderate to high reps, at least 8-12 reps per set or more. If this movement hurts your knees, try performing it with a wider stance.",8.91041489315342,9,5.375977601313437
1927,Single-Arm Dumbbell Overhead Squat,strength,Quadriceps,dumbbell,beginner,,5.436066315473813,12,7.468145553167247
1928,Dumbbell lateral hop,cardio,Quadriceps,dumbbell,intermediate,"The dumbbell lateral hop is an explosive exercise that targets the muscles of the hips and legs. Adding dumbbells adds a challenge to the core, as well. Because balance can be a challenge, it is usually performed with relatively light weights, often as a component of fat-loss or athletic training.",3.3827046497970983,14,4.741622506414211
1929,Dumbbell lunge with biceps curl,strength,Quadriceps,dumbbell,intermediate,"The dumbbell lunge with biceps curl combines an isometric hold at the bottom of a lunge with a dumbbell biceps curl. The two exercises combine to target the legs, core, and biceps. The curl will determine the amount of weight you can use, but even a light weight will make the lunge hold seriously challenging.",9.519607910989594,3,4.87214546496738
1930,Dumbbell Pistol Squat,strength,Quadriceps,dumbbell,beginner,,3.720761798150642,4,5.239987311308406
1931,Dumbbell Squat Snatch,strength,Quadriceps,dumbbell,beginner,,8.49989545652678,9,4.726522917540672
1932,Dumbbell Alternating Lunge,strength,Quadriceps,dumbbell,beginner,,4.075914556501545,10,7.885709860106946
1933,Dumbbell jump squat,cardio,Quadriceps,dumbbell,intermediate,"The dumbbell jump squat is a popular movement combining an explosive lower-body movement with extra upper-body loading in the form of dumbbells held in the hands. Done with heavier weights, it can be trained for low reps with a power focus. With light weights, it is often done for higher reps for fat-loss and conditioning.",7.286086350051667,13,5.040651253112783
1934,Dumbbell Side Lunge,strength,Quadriceps,dumbbell,beginner,,6.247018401537769,10,8.728903079833092
1935,Boss Everline Dumbbell Lunge Jump,strength,Quadriceps,dumbbell,intermediate,,3.000018062909796,7,3.5828605887664264
1936,Dumbbell Fix Dumbbell Split Squat,strength,Quadriceps,dumbbell,intermediate,,6.011884862713852,12,4.233093366983433
1937,Single-leg dumbbell Romanian deadlift,strength,Quadriceps,dumbbell,intermediate,"The single-leg dumbbell Romanian deadlift is a movement targeting the muscles of the hamstrings, glutes, and back. The difference between a Romanian deadlift and a stiff-legged deadlift is the amount of knee bend. The knees are only slightly bent in a stiff-legged deadlift, while they bend more in a Romanian deadlift. Single-leg deadlifts are generally performed for low to moderate reps, such as 8-10 reps per set, with a focus on maximizing the hamstring stretch rather than moving heavy weight. If balance is a challenge, this movement is still very effective if performed while holding on to a stable object for support.",9.591120928079322,4,9.782307050841524
1938,Dumbbell Fix Dumbbell Alternating Reverse Lunge,strength,Quadriceps,dumbbell,intermediate,,7.101623076098658,10,9.073438702489598
1939,Dumbbell Fix Turkish Get-Up,strength,Quadriceps,dumbbell,intermediate,,5.881033076367874,4,3.369373427880592
1940,Seesaw lunge,strength,Quadriceps,dumbbell,intermediate,The seesaw lunge is a bodyweight exercise that combines both the forward and the reverse lunge. It can also be performed holding dumbbells or other weights. It can be performed for time or reps in the lower-body portion of any workout.,8.380884049774666,12,6.573764177621019
1941,FYR Dumbbell Front Squat,strength,Quadriceps,dumbbell,intermediate,"The dumbbell front squat targets the quads, glutes, and hamstrings, as well as the upper body and challenging core stability for building total body strength.",9.110342041138065,13,7.741446476397536
1942,Dumbbell split squat,strength,Quadriceps,dumbbell,intermediate,"The dumbbell split squat is a popular lower-body exercise to build strength and muscle one leg at a time. It can be used to teach proper lunge form, but is also valuable on its own when trained in traditional strength-focused rep ranges, such as 5-8 reps per set, or for higher reps to build muscle or for conditioning.",7.441100308687238,4,7.625332108629942
1943,Dumbbell deadlift,strength,Quadriceps,dumbbell,intermediate,"The dumbbell deadlift is a movement that targets the hamstrings, glutes, and back muscles. While it can be performed all the way from the ground, in the style of a barbell deadlift, it is more often performed from the top down as a Romanian deadlift. The dumbbell deadlift can be performed in low rep ranges to build posterior strength, or for moderate to high reps to build muscle and endurance.",7.472006497381513,8,9.191109502985128
1944,Single-arm stiff-legged deadlift,strength,Quadriceps,dumbbell,intermediate,"The single-arm stiff-legged deadlift is a dumbbell exercise that targets the hamstrings, glutes, lower and upper back, and core. The difference between a stiff-legged deadlift and a Romanian deadlift is primarily the amount of knee bend. The knees are only slightly bent in a stiff-legged deadlift, while they bend more in a Romanian deadlift. Stiff-legged deadlifts are generally performed for low to moderate reps, such as 8-10 reps per set, with a focus on maximizing the hamstring stretch rather than moving heavy weight. Feel free to wear a weight belt to protect your lower back.",9.261575551711772,6,9.43543635841633
1945,HM Dumbbell Overhead Squat,strength,Quadriceps,dumbbell,intermediate,,4.050990484226873,14,3.3851881436919244
1946,HM Dumbbell Squat,strength,Quadriceps,dumbbell,intermediate,,5.0366114282445045,7,7.493002303886941
1947,UNS Dumbbell Goblet Squat,strength,Quadriceps,dumbbell,intermediate,,4.876967195037858,4,9.725846986912103
1948,Single-Arm Dumbbell Snatch,strength,Quadriceps,dumbbell,intermediate,,9.046820466844846,12,7.640251475517027
1949,KV Dumbbell Lunges,strength,Quadriceps,dumbbell,intermediate,,5.6914257818110885,8,4.365863300865387
1950,Holman Squat to Biceps Curl,strength,Quadriceps,dumbbell,intermediate,,6.469900077211776,12,6.81030937555658
1951,Holman Burpee to Biceps Curl,strength,Quadriceps,dumbbell,intermediate,,5.2081322796280425,6,7.550872094189696
1952,Holman Slow Weighted Reverse Lunge,strength,Quadriceps,dumbbell,intermediate,,9.689589719807376,10,4.512934563939295
1953,Holman Slow Weighted Plie Squat,strength,Quadriceps,dumbbell,intermediate,,3.2951159125113163,12,7.4512123679861375
1954,Holman Weighted Lunge Jump with Biceps Curl,strength,Quadriceps,dumbbell,intermediate,,6.2840509891217025,12,7.622453800008042
1955,Holman Left Reverse Lunge Chest Press to Left Knee-Up Chest Press,strength,Quadriceps,dumbbell,intermediate,,5.340092186777271,9,4.112303418009274
1956,Holman Weighted Lunge Jump with Chest Press,strength,Quadriceps,dumbbell,intermediate,,8.211111170181233,12,8.068224023830416
1957,Holman Weighted Half Jack to Biceps Curl,strength,Quadriceps,dumbbell,intermediate,,7.533994852141593,4,4.624229047826187
1958,Holman Weighted Half Jack to Chest Press,strength,Quadriceps,dumbbell,intermediate,,7.760389380410436,8,9.282923350107168
1959,Holman 180 Jump to Renegade Side Raise,strength,Quadriceps,dumbbell,intermediate,,7.612004590975023,10,4.698374120184398
1960,Holman Right Reverse Lunge Biceps Curl to Right Knee-Up Biceps Curl,strength,Quadriceps,dumbbell,intermediate,,8.023267566645735,8,8.176608644234822
1961,Holman Roll-Back to Squat Thrust to Renegade Row,strength,Quadriceps,dumbbell,intermediate,,5.016929459232912,8,8.247787187011996
1962,Holman Roll-Back to Squat Thrust to Renegade Triceps Press,strength,Quadriceps,dumbbell,intermediate,,3.662161154655663,11,6.123975222350953
1963,Holman Weighted Narrow Squat Jump,strength,Quadriceps,dumbbell,intermediate,,8.20705991877092,7,7.539181770559381
1964,Holman Diagonal Deadlift,strength,Quadriceps,dumbbell,intermediate,,7.844375930216788,11,3.756520896613085
1965,Holman Weighted Burpee to Triceps Press,strength,Quadriceps,dumbbell,intermediate,,6.2387499349224,6,6.062893266499438
1966,Holman Squat Thrust Overhead Press,strength,Quadriceps,dumbbell,intermediate,,5.320801336142338,9,7.1640132218706265
1967,Holman Weighted Burpee to Chest Press,strength,Quadriceps,dumbbell,intermediate,,8.326432699687722,4,3.894637989889184
1968,Holman Squat to Right-Arm Overhead Press,strength,Quadriceps,dumbbell,intermediate,,7.761750608458661,14,8.635117749912414
1969,Holman Right Lunge Jump with Right Overhead Press,strength,Quadriceps,dumbbell,intermediate,,6.578496446119351,10,3.327118701206603
1970,Holman Left Lunge Jump with Left Overhead Press,strength,Quadriceps,dumbbell,intermediate,,5.508238590347412,11,9.389068109822047
1971,Holman Heavy Hip Drive,strength,Quadriceps,dumbbell,intermediate,,7.456782579820077,12,9.085196348349456
1972,Holman Squat to Left-Arm Overhead Press,strength,Quadriceps,dumbbell,intermediate,,6.664579656927785,10,6.1247395236020825
1973,Holman Weighted Lunge Jump to Floor Lunge Jump,strength,Quadriceps,dumbbell,intermediate,,5.92892832678833,11,6.998068010886169
1974,Holman Alternating Weighted Lunge Jump to Chest Press,strength,Quadriceps,dumbbell,intermediate,,3.4331811396482554,7,5.744050792437031
1975,Holman Weighted Burpee to Overhead Alternating Reverse Lunge,strength,Quadriceps,dumbbell,intermediate,,5.67741007897983,12,8.817177454858856
1976,Holman Weighted 180 Jump to Chest Press,strength,Quadriceps,dumbbell,intermediate,,4.59186758553864,11,9.49973773150387
1977,Holman Alternating Side Squat Overhead Press,strength,Quadriceps,dumbbell,intermediate,,9.365360289644602,14,7.9248123112064395
1978,Holman Right Lunge with Right Biceps Curl,strength,Quadriceps,dumbbell,intermediate,,3.126079329077348,4,7.019207572077684
1979,Holman Left Lunge with Left Biceps Curl,strength,Quadriceps,dumbbell,intermediate,,3.0269006887610477,6,8.462405431714721
1980,Holman Squat Thrust to Alternating Front Raise,strength,Quadriceps,dumbbell,intermediate,,3.487042635310807,11,4.655786744465937
1981,Dumbbell racked reverse lunge,strength,Quadriceps,dumbbell,intermediate,"The dumbbell racked reverse lunge is a popular lower-body movement that targets the muscles of the quads, glutes, hamstrings, and hips. Holding dumbbells in the racked position further challenges the core and upper-back muscles to maintain posture while the lower body moves. Lunge variations are often performed for moderate to high reps, such as 8-12 reps per leg or more, as part of the lower-body portion of a workout. If this movement hurts your knees, try performing split squats instead.",9.65447224328549,4,7.178701250788129
1982,Total Fitness Dumbbell Reverse Lunge,strength,Quadriceps,dumbbell,intermediate,"The dumbbell reverse lunge is a great single-leg movement that strengthens and builds the quads, hamstrings, and glutes.",4.251524223462354,3,7.669914576927401
1983,Single-arm dumbbell snatch-,strength,Quadriceps,dumbbell,intermediate,"The single-arm dumbbell snatch is an explosive exercise that builds full-body power and targets the muscles of the hips, back, and shoulders. It involves lifting a dumbbell from the ground to overhead in a single movement. It can be performed for low reps with a focus on power and speed, or for higher reps to build muscle or as part of a metabolic conditioning circuit.",6.099832861166531,8,5.132050449517081
1984,Total Fitness Dumbbell Step-Up,strength,Quadriceps,dumbbell,intermediate,"The dumbbell step-up is a great exercise for building lower-body strength and power. The dumbbell version is better for intermediate and advanced lifters than beginners, who should begin by performing these unweighted.",7.3162037685457735,6,6.3243803429647505
1985,Single-arm dumbbell front squat,strength,Quadriceps,dumbbell,intermediate,"The single-arm dumbbell front squat is an exercise that targets the quads, glutes, and hamstrings, as well as the upper body. It also challenges oblique strength due to the offset loading. It can be performed in strength and muscle-focused workouts, in circuit training, or as part of a larger dumbbell complex with movements like single-arm dumbbell clean and presses.",7.135391395762413,10,8.735508654322263
1986,King Maker Weighted Jump Squat,strength,Quadriceps,dumbbell,intermediate,"The dumbbell jump squat takes a classic bodybuilding move, the squat, and adds a plyometric element, the jump. It builds not only lower-body strength but also explosiveness.",5.418458127898974,4,8.952509775554052
1987,3D dumbbell lunge,strength,Quadriceps,dumbbell,intermediate,"The 3D dumbbell lunge is a sequence of lower-body exercises that target the muscles of the glutes, quads, and hamstrings from a variety of angles. It consists of one curtsy lunge with each leg, followed by one reverse lunge with each leg. This lunge variation is most commonly performed for multiple rounds as part of a lower-body circuit or workout.",4.4004465191644195,6,5.836322034663946
1988,MetaBurn Dumbbell Burpee,strength,Quadriceps,dumbbell,intermediate,,9.143525752707404,14,3.894623460210932
1989,Dumbbell jump squat with rotation,strength,Quadriceps,dumbbell,intermediate,"The dumbbell jump squat with rotation is a popular movement combining an explosive lower-body movement with extra upper-body loading in the form of dumbbells held in the hands. Each jump ends with the body turned 90 degrees, adding a rotational power component to the lift. It is usually performed with light weights for high reps in fat-loss and conditioning workouts.",8.336698841050858,8,3.1860714772827583
1990,MetaBurn Dumbbell Wide Squat to Rack,strength,Quadriceps,dumbbell,intermediate,,5.86504709896864,6,5.144499110969705
1991,MetaBurn Reverse Lunge To High Pull,strength,Quadriceps,dumbbell,intermediate,,3.005266240649745,7,9.474608932443015
1992,MetaBurn Reverse Lunge With Overhead Raise,strength,Quadriceps,dumbbell,intermediate,,8.674306038123657,6,8.437923265941526
1993,MetaBurn Squat to Triceps Extension,strength,Quadriceps,dumbbell,intermediate,,9.575763801429023,6,6.146467460222963
1994,30 Legs Dumbbell Goblet Squat,strength,Quadriceps,dumbbell,intermediate,,8.082066726482331,14,3.5813212353294093
1995,30 Legs Dumbbell Squat,strength,Quadriceps,dumbbell,intermediate,,9.94804030860036,11,7.810108305758651
1996,Dumbbell step-down reverse lunge,strength,Quadriceps,dumbbell,intermediate,"The dumbbell step-down reverse lunge is an exercise targeting the lower body, particularly the glutes and hamstrings. The front foot is slightly elevated during this movement, making the subsequent step-down more pronounced and difficult. These are usually performed for time or for relatively high reps, such as 10 reps or more per side.",9.844469808619552,9,5.869590919349742
1997,Tire flip,strength,Quadriceps,other,intermediate,"The tire flip is an exercise that works the entire body, starting from a deadlift position and ending with a giant tire being flipped over. Each flip moves the tire farther in one direction until a set has been completed. It can be performed for time or reps as part of a functional fitness or athleticism-focused workout.",6.984976089528828,12,7.913614317470457
1998,Single Leg Push-off,cardio,Quadriceps,other,beginner,,9.970050507533287,10,7.642927549260962
1999,Bear crawl sled drag,strength,Quadriceps,other,intermediate,"The bear crawl sled drag is an advanced variation of the bear crawl exercise involving added resistance from a sled or other weight. If no sled is available, other viable options include dragging chain, a barbell plate, or a tire. The bear crawl sled drag is an intense full-body movement that targets the cardiovascular system as well as a wide range of muscle groups, particularly the shoulders, core, and legs. It can be done in short bursts for power or circuit training, or for longer durations as cardiovascular conditioning.",7.268006114604896,8,9.115816822495306
2000,Bicycling,cardio,Quadriceps,other,intermediate,,8.648411000888952,10,7.5766926374167705
2001,Hex-bar deadlift,strength,Quadriceps,other,intermediate,"The hex bar deadlift is a variety of deadlift performed in a hexagonal barbell also known as a trap bar. The bar is held with a parallel (palms in) grip outside of the legs. It is biomechanically different from a barbell deadlift in that it lines up with a lifter's center of gravity, rather than placing the weight in front of their body. It activates all of the same muscle groups as conventional or sumo deadlifts, including the glutes, quads, hamstrings, lower back, lats, upper back, and grip.",6.192552366752464,3,7.781611817214161
2002,Skating,cardio,Quadriceps,other,beginner,,6.180119041228226,11,4.197133679226207
2003,Weighted sissy squat,strength,Quadriceps,other,intermediate,"The weighted sissy squat is an exercise primarily targeting the quadriceps. In sissy squats, the knees travel over the toes, placing the quads under a fairly extreme stretch. They are usually performed for moderate to high reps as part of a lower-body training session.",5.120519619284856,12,6.772723462035082
2004,Dumbbell step-up,strength,Quadriceps,dumbbell,intermediate,"The dumbbell step-up is a great exercise for building lower-body strength and power. It targets all the same muscles as bodyweight step-ups, such as the quads, glutes, and hamstrings, but allows for greater muscular overload.",9.296279300779421,14,5.743105798961636
2005,Yoke Walk,strength,Quadriceps,other,beginner,,9.204123974392855,14,7.874510861987877
2006,Front Cone Hops (or hurdle hops),cardio,Quadriceps,other,beginner,,5.7513736025488,14,8.855379919995247
2007,Weighted Squat,strength,Quadriceps,other,beginner,,9.172053354453285,12,7.686914363788107
2008,Bench skip,cardio,Quadriceps,other,intermediate,"The bench skip is an explosive lower-body exercise that involves alternating the position of the feet on top of a bench. It primarily targets the muscles of the lower body, but is also a serious cardiovascular challenge. It is often performed for high reps or for time as part of a fat-loss or athleticism-focused workout or circuit.",6.4931857520073315,4,7.162177492676338
2009,Backward Drag,strength,Quadriceps,other,beginner,,6.577919911331452,6,6.459385547902349
2010,Sled Push,strength,Quadriceps,other,intermediate,"The sled push is a conditioning exercise that targets the cardiovascular system and the muscles of the lower body. It involves pushing a sled along a turf or other flat surface either for time or distance. Depending on your type of equipment, you may be pushing handles or straps in front of the sled. It can be used as part of a dynamic warm-up or for power training, as a finisher, or as part of a conditioning workout or circuit.",3.006201669992578,11,4.330103706632951
2011,Barbell squat with plate slide,strength,Quadriceps,other,intermediate,"The barbell squat with plate slide is an exercise targeting the quadriceps, with the plate slide also working the adductors and abductors. It can help you get more total-leg and hip development out of squats, but is probably not the sort of thing you want to do with a seriously heavy load on your back.",5.0519298495323515,4,6.027259110553904
2012,Suspended split squat,strength,Quadriceps,other,intermediate,"The suspended split squat is a single-leg squat variation performed with the rear leg in a suspension strap system. This allows the rear leg to move slightly more naturally than it would be able to on a bench. The exercise targets the quads, hamstring, and glute muscles on the front leg, but also taxes and stretches the quads on the rear leg.",8.821143033185162,7,3.7141797550912403
2013,Intermediate Hip Flexor and Quad Stretch,flexibility,Quadriceps,other,beginner,,8.66661278666803,11,7.262726397123956
2014,Sled Drag - Harness,strength,Quadriceps,other,intermediate,,9.348785013279553,8,3.488974028800095
2015,Burpee over barbell,cardio,Quadriceps,other,intermediate,"The burpee over barbell is an exercise that takes the burpee, a popular functional fitness move, and separates each rep with a lateral jump across the barbell. It works the cardiovascular system, but also the chest, quads, glutes, hamstrings, and abs. This exercise is a favorite of many athletes, including obstacle race participants.",3.8045214506731675,11,9.306475334720052
2016,Dumbbell walking lunge-,strength,Quadriceps,other,intermediate,"The dumbbell walking lunge is a popular lower-body movement that targets the muscles of the quads, glutes, hamstrings, and hips. It also works the core and upper-back muscles to maintain posture while the lower body moves. The dumbbell walking lunge is often performed for moderate to high reps, such as 8-12 reps per leg or more, as part of the lower-body portion of a workout. If this movement hurts your knees, try performing reverse lunges or split squats instead.",6.161867615983198,13,5.2894865092266095
2017,Single-Leg Box Jump,cardio,Quadriceps,other,beginner,,8.583565331379512,12,9.30444125468162
2018,Conan's Wheel,strength,Quadriceps,other,beginner,,6.240654567261956,12,4.453640556176255
2019,Single-Leg Hop Progression,cardio,Quadriceps,other,beginner,,5.583921343148186,9,6.1508669432905565
2020,Rickshaw Deadlift,strength,Quadriceps,other,beginner,,8.008667943894661,13,5.054761223144062
2021,Single-cone sprint drill,cardio,Quadriceps,other,intermediate,"The single-cone sprint drill is an agility drill that involves moving quickly around a single cone. It demands that an athlete start, stop, and change directions all in a short period of time and a small space. It can be beneficial for football players and other athletes where quick changes of direction are important.",6.352035771619754,8,8.434650502021167
2022,Single-Leg Stride Jump,cardio,Quadriceps,other,beginner,,7.732024324631377,11,3.3546647263645744
2023,Trap Bar Jump,cardio,Quadriceps,other,beginner,,3.6272999449280086,8,5.111451584000137
2024,Single-Leg Lateral Hop,cardio,Quadriceps,other,beginner,,4.339424271630969,6,5.073987559017964
2025,Burpee Box-Jumps,cardio,Quadriceps,other,intermediate,,7.326239603613766,7,4.52587068631636
2026,Sandbag Load,strength,Quadriceps,other,beginner,,5.398935565852029,14,5.553975388645455
2027,Single-leg knee-tap squat,strength,Quadriceps,other,intermediate,"The single-leg knee-tap squat is a single-leg squat variation that involves “floating” the back leg over the ground on the descent until touching just the knee to the ground or a pad. It is similar to a lunge, but without touching the back foot to the ground. It is an intense strength and coordination challenge that can work in any strength- or athleticism-focused workout.",8.21165105109608,5,4.978838769724887
2028,Car Deadlift,strength,Quadriceps,other,beginner,,9.540268464892895,10,4.261099086961288
2029,Barbell Squat To A Box,strength,Quadriceps,other,beginner,,8.779929770470254,12,6.494680298161041
2030,Double Under,cardio,Quadriceps,other,beginner,,3.2620132334392453,3,8.442944855407436
2031,Plate push,cardio,Quadriceps,other,intermediate,"The plate push is a conditioning exercise that targets the cardiovascular system and the muscles of the lower body. It involves pushing a plate along turf or another flat surface either for time or distance. It can be used as part of a dynamic warm-up or for power training, as a finisher, or as part of a conditioning workout or circuit.",3.321432150950586,9,6.16199698078808
2032,Hybrid deadlift,strength,Quadriceps,other,intermediate,"The hybrid deadlift is a version of the barbell deadlift in which the lifter's stance is wider than a conventional position, but narrower than a wide sumo deadlift. The feet are just outside the shoulders and grip placement is just inside of the legs. Many non-competitive lifters find this position to be more spine friendly and strong than either of the other traditional stances. This variation of the deadlift has all the same benefits as the others, and is capable of building serious full-body and posterior chain strength.",5.528747017761795,13,3.546405030503245
2033,Boss Everline Suspension Side Run,strength,Quadriceps,other,intermediate,,9.610241962624592,12,6.710279927580232
2034,Boss Everline Lunge Sled Push,strength,Quadriceps,other,intermediate,,5.433019637523442,7,3.872501471967688
2035,Squat Bottom Position Hold,strength,Quadriceps,other,intermediate,,3.5079871319477736,8,8.901543648400676
2036,TRX Squat Jump,strength,Quadriceps,other,intermediate,,7.472986402842137,12,8.077446655981968
2037,Landmine squat,strength,Quadriceps,other,intermediate,"The landmine squat is a lower-body exercise that uses an angled barbell anchored at floor level in a landmine device. It can also be performed by sticking a barbell in the corner of a room, preferably in a towel to protect the walls. The landmine squat is similar in many ways to a goblet squat, but with slight differences due to the angle of the barbell. It can be trained in traditional muscle and strength-focused rep ranges or for higher reps.",6.693692610010308,8,6.588386419335903
2038,Dumbbell Bulgarian split squat,strength,Quadriceps,other,intermediate,"The dumbbell Bulgarian split squat is a single-leg exercise targeting the quads, glutes, and hamstrings. Overloading the movement with dumbbells usually presents less of a balance challenge than putting a barbell on the back. Dumbbell split squats are usually performed for moderate to high reps, such as 8-12 reps per leg, but they are also effective done with heavier weights in lower rep ranges.",6.10538144016471,10,6.075330080321862
2039,Holman Towel Alternating Prisoner Reverse Lunge,strength,Quadriceps,other,intermediate,,9.228398987525093,14,9.534189384203994
2040,Holman Weighted Burpee to Belly Touch,strength,Quadriceps,other,intermediate,,6.058710541475005,12,8.068825081566693
2041,Holman Weighted Burpee to Front Punch,strength,Quadriceps,other,intermediate,,8.294919022127448,9,3.6962681960776216
2042,Holman Weighted Low Squat Punch,strength,Quadriceps,other,intermediate,,8.545654323073443,11,9.455358887288183
2043,Holman Weighted Hook Punch to Squat Thrust,strength,Quadriceps,other,intermediate,,9.51212116849976,4,8.157907274761694
2044,Holman Towel Alternating Side Lunge Squat,strength,Quadriceps,other,intermediate,,7.43845471027636,13,7.229621123627514
2045,Holman Weighted Burpee to Renegade Side Punch,strength,Quadriceps,other,intermediate,,8.636535147704603,8,7.291457553418293
2046,Holman Weighted Reverse Lunge to Knee-Up Overhead Press,strength,Quadriceps,other,intermediate,,6.58352039289246,6,5.129909009116783
2047,Holman Lunge Jump with Overhead Press,strength,Quadriceps,other,intermediate,,9.609361580229297,4,9.641282939784919
2048,Holman Weighted Burpee to Belly Touch to Standing T,strength,Quadriceps,other,intermediate,,3.0788496693036134,3,7.941674622909955
2049,Holman Weighted Squat Jump,strength,Quadriceps,other,intermediate,,3.1835191889604837,4,8.686719128560926
2050,Holman Weighted Plie Squat,strength,Quadriceps,other,intermediate,,4.51381500723542,11,3.544792826322397
2051,Holman Heels-Elevated Sissy Squat,strength,Quadriceps,other,intermediate,,7.20476488810975,5,8.546458948248508
2052,Holman Squat Jump to Overhead Press,strength,Quadriceps,other,intermediate,,9.742286444746128,7,7.405994790891551
2053,Holman 180 Jump to Overhead Press,strength,Quadriceps,other,intermediate,,5.841604915025165,9,5.198185029292235
2054,Holman Weighted Burpee to Row,strength,Quadriceps,other,intermediate,,4.890581840408038,11,9.36186799858049
2055,Holman Weighted Burpee to 180 Jump,strength,Quadriceps,other,intermediate,,6.4153586843775035,13,3.222282033924603
2056,Holman Weighted 180 Jump,strength,Quadriceps,other,intermediate,,3.6034224520378366,11,7.280593908604063
2057,Holman Weighted Narrow-Mid-Wide Hop,strength,Quadriceps,other,intermediate,,4.423497562021376,12,8.201920351065212
2058,Holman Alternating Weighted Diagonal Burpee,strength,Quadriceps,other,intermediate,,6.038264938158522,7,6.6018739514856595
2059,Holman Towel Burpee to Push-Up,strength,Quadriceps,other,intermediate,,6.834145949277187,7,8.384654669029759
2060,Holman Towel Right Side Squat,strength,Quadriceps,other,intermediate,,9.866004527361063,14,5.2423381051291855
2061,ACFT Sprint-drag-carry,strength,Quadriceps,other,intermediate,"The sprint-drag-carry is a strength and endurance relay that is part of the new Army Combat Fitness Test or ACFT. It combines sprinting, reverse sled drag, side shuffle, and a farmer's carry to test overall strength and athletic conditioning. Practicing this relay as a drill is great for developing strenght, speed, endurance, and power, and can also be great conditioning work for lifters and athletes of all ability levels.",4.5425299544318705,5,9.148718876995193
2062,Cable Hip Adduction,strength,Quadriceps,cable,beginner,,9.39304017519904,11,9.247825112620855
2063,Cable Deadlifts,strength,Quadriceps,cable,beginner,,5.34671937769609,7,3.616067387595045
2064,KV Cable Squat,strength,Quadriceps,cable,intermediate,,9.27972956342895,8,9.176401380516683
2065,Single-Leg Press,strength,Quadriceps,machine,intermediate,"The single-leg leg press is an exercise targeting the quadriceps one leg at a time. Many lifters prefer the leg press to squatting for several reasons, including the perception that it’s safer for the spine.",5.842088579054762,11,3.089808456505529
2066,Stair climber,cardio,Quadriceps,machine,intermediate,"The stair climber is a popular cardio machine found in most commercial gyms. Along with burning a ton of calories, the stair climber also helps build strength in the lower body, especially the glutes. It can work well at higher speeds for interval-style conditioning training, but also works well at slower paces for steady-state cardio.",7.535538783152031,7,7.665970958262731
2067,Leg Press,strength,Quadriceps,machine,intermediate,The leg press is a machine exercise targeting the quadriceps. It’s favorite among lifters who prefer the seated position to standing with a load on the spine.,4.552324248763613,9,5.833405548086758
2068,Elliptical trainer,cardio,Quadriceps,machine,intermediate,"The elliptical trainer is a popular machine for cardiovascular training without the significant impact on your joints of running. On many machines, you can adjust the resistance level to make the movement more difficult for all four limbs. The elliptical is a mainstay in most commercial gyms, and can be equally effective for HIIT-style interval workouts or for longer-duration endurance work.",7.889797831986569,10,5.3142292593035885
2069,Narrow-stance leg press,strength,Quadriceps,machine,intermediate,"The narrow-stance leg press is a machine-based exercise that targets the muscles of the legs. It emphasizes the quads, particularly the muscles of the outer quads and hips. It is often used as an accessory for squats, or as a muscle-building movement during lower-body training when it is usually performed for moderate to high reps, such as 8-12 reps per set or more.",8.943035754148497,8,5.417116757640026
2070,Narrow Stance Hack Squats,strength,Quadriceps,machine,beginner,,8.678960424196788,8,3.935918434292169
2071,Stairmaster,cardio,Quadriceps,machine,intermediate,"The stair climber is a popular cardio machine found in most commercial gyms. Along with burning a ton of calories, the stair climber also helps build strength in the lower body, especially the glutes. It can work well at higher speeds for interval-style conditioning training, but also works well at slower paces for steady-state cardio.",8.617575761264462,5,9.258338819014199
2072,Machine Squat,strength,Quadriceps,machine,intermediate,,9.574046427228243,10,7.742577336495867
2073,Smith machine back squat,strength,Quadriceps,machine,intermediate,"The Smith machine back squat is a machine-based exercise targeting the muscles of the lower body. The Smith machine mimics a barbell but provides more stability. This movement can be programmed in low reps for strength or higher reps for muscle and strength endurance. It is often performed for moderate to high reps, such as 8-12 reps per set or more, as part of a full-body or lower-body workout.",8.433119374202859,7,6.859054192435885
2074,Leg Extensions,strength,Quadriceps,machine,intermediate,The leg extension is an isolation exercise for the quads.,5.613050039213318,13,6.047513218745493
2075,Treadmill running,cardio,Quadriceps,machine,intermediate,"Treadmill running is a popular cardiovascular exercise performed on a machine that is available in most gyms. Performing this exercise on a treadmill allows you to adjust the speed of your running and, depending on the machine, perform it on an adjustable incline. Many machines also have built-in heart rate monitors and timers to help you track your progress.",6.91275320882824,5,7.621051712000335
2076,Stationary bike,cardio,Quadriceps,machine,intermediate,"The stationary bike is a popular cardio machine found in most commercial gyms. Along with burning a ton of calories, the stationary bike also helps develop the lower body. Stationary bikes come in multiple variations, ranging from ones that resemble riding a bike, to recumbent bikes, to fan bikes that work both the arms and the legs. No matter the variation, a stationary bike can work well at higher speeds for interval-style conditioning training, but also works well at slower paces for steady-state cardio.",8.585026410013807,3,3.921802595946124
2077,Treadmill jogging,cardio,Quadriceps,machine,intermediate,"Treadmill jogging is a popular cardiovascular exercise performed on a machine that is available in most gyms. Performing this exercise on a treadmill allows you to adjust the speed of your jogging and, depending on the machine, perform it on an adjustable incline. Many machines also have built-in heart rate monitors and timers to help you track your progress.",7.272888920111867,9,9.947841117398866
2078,Recumbent Bike,cardio,Quadriceps,machine,beginner,,9.589776404984237,7,3.6863500038846917
2079,Smith machine leg press,strength,Quadriceps,machine,intermediate,"The Smith machine leg press is a machine-based movement that targets the quads, glutes, and hamstrings. It can serve as a substitute for the leg press or be programmed similarly to the leg press. It is usually performed for moderate to high reps, such as 8-12 reps per set or more, as part of lower-body training. If your Smith machine has safety bars, set them at a height that allows you a full range of motion while giving adequate protection from the weight potentially falling.",6.083024775768071,3,8.910343710576624
2080,Lying Machine Squat,strength,Quadriceps,machine,intermediate,,3.249619803931866,4,8.790606638731937
2081,Seated Leg Press,strength,Quadriceps,machine,intermediate,"The seated leg press is a lower body exercise that targets the quads, adductors, glutes, and hamstrings.",7.729308618366163,14,3.0798295586760958
2082,Smith machine pistol squat,strength,Quadriceps,machine,intermediate,"The Smith machine pistol squat is a machine-based exercise that targets the quads, glutes, and hamstrings. It is similar in form to a pistol squat but is performed with a bar on the shoulders. This adds extra resistance, but also eliminates some of the balance challenge of single-leg squats. This squat variation can be performed in low reps for strength or for higher reps for muscle gain.",3.8827592693276785,6,4.577507636465734
2083,Leverage Deadlift,strength,Quadriceps,machine,beginner,,7.155797309658198,9,6.9232749619975955
2084,Leg press-,strength,Quadriceps,machine,intermediate,"The leg press is a machine exercise targeting the leg muscles, including the quads, glutes, and hamstrings. It's a favorite among lifters who prefer the seated position to standing with a load on the spine. The leg press is often used as an accessory for squats or deadlifts, but can also be the main lower-body movement in a workout. It is often performed for moderate to high reps, such as 8-12 reps per set or more.",3.955095546597036,5,7.984809378887233
2085,TBS Hack Squat,strength,Quadriceps,machine,intermediate,"The hack squat is a machine-based exercise that targets the muscles of the legs, particularly the quadriceps. It is often used as an accessory for squats, but can also be the main lower-body movement in a workout. It is often performed for moderate to high reps, such as 8-12 reps per set or more.",5.909164936666169,10,4.948551112339347
2086,Leg Extensions - Gethin Variation,strength,Quadriceps,machine,intermediate,The leg extension is an isolation exercise for the quads.,7.116782478210514,14,9.091528651901793
2087,Seated leg press-,strength,Quadriceps,machine,intermediate,"The seated leg press is a machine-based exercise that targets the quads, glutes, and hamstrings. It is similar in many ways to larger leg press machines, but often utilizes a selectorized weight stack rather than plate loading. Leg press variations are often used as an accessory for squats or deadlifts, but can also be the main lower-body movement in a workout. This movement is often performed for moderate to high reps, such as 8-12 reps per set or more.",6.313706925533082,10,4.763015466799994
2088,Smith machine front squat,strength,Quadriceps,machine,intermediate,"The Smith machine front squat is a machine-based exercise targeting the muscles of the lower body. The Smith machine mimics a barbell but provides more stability. This movement can be programmed in low reps for strength or higher reps for muscle and strength endurance. It is often performed for moderate to high reps, such as 8-12 reps per set or more, as part of a full-body or lower-body workout.",4.7531322207597295,4,8.978392390958549
2089,Machine Deadlift - Gethin Variation,strength,Quadriceps,machine,intermediate,,4.103144861777766,3,8.858843862618174
2090,Single-leg hack squat,strength,Quadriceps,machine,intermediate,"The single-leg hack squat is a lower-body exercise mainly targeting the quads, performed one side at a time per set. It is often used as an accessory for squats, or as a muscle-building movement during lower-body training, and is usually performed for moderate to high reps, such as 8-12 reps per set or more.",7.791975769042849,10,8.640126601580008
2091,Narrow-stance hack squat,strength,Quadriceps,machine,intermediate,"The narrow-stance hack squat is a machine-based exercise that targets the muscles of the legs, particularly the quadriceps. It is often used as an accessory for squats, or as a muscle-building movement during lower-body training, and is usually performed for moderate to high reps, such as 8-12 reps per set or more.",3.858533008719184,5,7.743303284783312
2092,Alternating Single-Leg Curl - Gethin Variation,strength,Quadriceps,machine,intermediate,,3.059403139212396,9,5.353671298409732
2093,Stiff-Legged Deadlift - Gethin Variation,strength,Quadriceps,machine,intermediate,"The barbell stiff-legged deadlift targets the hamstrings, glutes, lower and upper back, as well as the core. It is a popular accessory movement for the deadlift, but also a muscle-building hamstring movement.",3.1659516576927147,7,5.352572633565865
2094,Single-Leg Press - Gethin Variation,strength,Quadriceps,machine,intermediate,"The single-leg leg press is an exercise targeting the quadriceps one leg at a time. Many lifters prefer the leg press to squatting for several reasons, including the perception that it’s safer for the spine.",9.848421832506855,11,5.951247669674824
2095,Hack squat-,strength,Quadriceps,machine,intermediate,"The hack squat is a machine-based exercise that targets the muscles of the legs, particularly the quadriceps. It is often used as an accessory for squats, but can also be the main lower-body movement in a workout. It is often performed for moderate to high reps, such as 8-12 reps per set or more.",8.944786227554948,9,5.757173308530967
2096,Smith machine lunge squat,strength,Quadriceps,machine,intermediate,"The Smith machine lunge squat is an exercise targeting the quads, glutes, and hamstrings. Using added weight allows you to overload the exercise beyond body weight and perform the movement in strength ranges. The Smith machine mimics a barbell but provides more stability.",9.980516679613778,14,6.070396550445238
2097,Hack Squat - Gethin Variation,strength,Quadriceps,machine,advanced,"The hack squat is a machine-based exercise that targets the muscles of the legs, particularly the quadriceps. It is often used as an accessory for squats, but can also be the main lower-body movement in a workout. It is often performed for moderate to high reps, such as 8-12 reps per set or more.",8.211123750906172,12,3.0447749642176234
2098,Leg Press - Gethin Variation,strength,Quadriceps,machine,intermediate,The leg press is a machine exercise targeting the quadriceps. It’s favorite among lifters who prefer the seated position to standing with a load on the spine.,4.065234644120089,4,7.876357444692693
2099,AM Leg Press,strength,Quadriceps,machine,intermediate,The leg press is a machine exercise targeting the quadriceps. It’s favorite among lifters who prefer the seated position to standing with a load on the spine.,6.912574087011487,7,6.901448600651046
2100,Leg extension,strength,Quadriceps,machine,intermediate,"The leg extension is a popular machine-based exercise for the legs, particularly the quadriceps. It is usually performed for moderate to high reps, such as 8-12 reps per set or more, as part of a leg pre-exhaust or as a muscle-building movement for lower-body training.",7.203067725671592,11,3.735304943976468
2101,UP Quad Extension,strength,Quadriceps,machine,intermediate,The leg extension is an isolation exercise for the quads.,5.377644088747791,4,3.4864960453151967
2102,UP Single-Leg Press,strength,Quadriceps,machine,intermediate,"The single-leg leg press is an exercise targeting the quadriceps one leg at a time. Many lifters prefer the leg press to squatting for several reasons, including the perception that it’s safer for the spine.",5.812969070618309,7,3.347943827620439
2103,UP Leg Press,strength,Quadriceps,machine,intermediate,The leg press is a machine exercise targeting the quadriceps. It’s favorite among lifters who prefer the seated position to standing with a load on the spine.,8.433020447165696,8,7.440406494230007
2104,Pop Squat On Leg Press,strength,Quadriceps,machine,intermediate,,3.6528353006167853,9,6.483987687256169
2105,King Maker Leg Press,strength,Quadriceps,machine,intermediate,The leg press is a machine exercise targeting the quadriceps. It’s favorite among lifters who prefer the seated position to standing with a load on the spine.,9.63469809491469,7,7.545092601373335
2106,Single-leg leg press,strength,Quadriceps,machine,intermediate,"The single-leg leg press is a machine exercise targeting the leg muscles, including the quads, glutes, and hamstrings. The leg press is often used as an accessory for squats or deadlifts, but can also be the main lower-body movement in a workout. It is often performed for moderate to high reps, such as 8-12 reps per set or more.",9.178925158170657,10,5.868116442378573
2107,King Maker Hack Squat,strength,Quadriceps,machine,intermediate,"The hack squat is a machine-based exercise that targets the muscles of the legs, particularly the quadriceps. It is often used as an accessory for squats, but can also be the main lower-body movement in a workout. It is often performed for moderate to high reps, such as 8-12 reps per set or more.",5.814747694426964,3,5.083697902436821
2108,30 Legs Feet-High Leg Press,strength,Quadriceps,machine,intermediate,,3.621187008187393,6,3.890142851347881
2109,30 Legs Leg Press,strength,Quadriceps,machine,intermediate,,6.803392453578199,11,3.3705160108977656
2110,30 Legs Leg Press Calf Raise,strength,Quadriceps,machine,intermediate,,5.276611598198484,6,9.197384420826
2111,30 Legs Lying Leg Curl,strength,Quadriceps,machine,intermediate,,9.26723706122044,12,7.368270205966641
2112,30 Legs Machine Hack Squat,strength,Quadriceps,machine,intermediate,,9.289634536872736,11,9.24298847423361
2113,30 Legs Single-Leg Leg Extension,strength,Quadriceps,machine,intermediate,,5.532895100334796,6,6.243678824643651
2114,30 Legs Single-Leg Leg Press,strength,Quadriceps,machine,intermediate,,4.110999146004072,6,5.154321955994418
2115,30 Legs Single-Leg Lying Leg Curl,strength,Quadriceps,machine,intermediate,,3.484477204284549,10,7.189861733906265
2116,30 Legs Smith Machine Split Squat,strength,Quadriceps,machine,intermediate,,4.052008854164452,13,8.853639167199582
2117,30 Legs Smith Machine Squat,strength,Quadriceps,machine,intermediate,,9.052495180159545,3,3.9114593913032
2118,Jumping rope,cardio,Quadriceps,none,intermediate,"Jumping rope is a classic conditioning exercise that is popular with everyone from children to boxers to CrossFit athletes. It targets many different muscles, including the calves, glutes, shoulders, and upper back, and is great for everything from fat loss to improving overall athletic performance.",8.949925920231301,14,6.704182554880141
2119,Forward lunge,strength,Quadriceps,none,intermediate,"The forward lunge is a lower-body bodyweight exercise targeting the quads, glutes, and hamstrings. It can also be performed holding dumbbells or other weights. The forward lunge places more emphasis on the quads than other lunge variations. It can be performed for time or reps in the lower-body portion of any workout.",8.534045458448833,8,7.780836717195122
2120,Side-to-side box skip,cardio,Quadriceps,none,intermediate,"The side-to-side box skip is an explosive lower-body exercise that involves jumping laterally over a bench or box, landing with one foot on top of the surface, and then switching positions. It primarily targets the muscles of the lower body, but is also a serious cardiovascular challenge. It is often performed for high reps or for time as part of a fat-loss or athleticism-focused workout or circuit.",5.893993689536758,6,9.242259782228702
2121,Bodyweight squat,strength,Quadriceps,none,intermediate,"The bodyweight squat is a fundamental exercise that strengthens the quads, glutes, and hamstrings. It can be performed as part of a dynamic warm-up, for time or reps during a workout, or for hip and spine mobility any time.",4.776503094745178,7,7.897467175084786
2122,Broad jump,cardio,Quadriceps,none,intermediate,"The broad jump is an explosive lower-body exercise. It is a common way to measure explosive hip and lower-body strength in athletes. The more explosive you are, the farther you'll be able to jump.",3.184768595522346,8,6.032560021669522
2123,Burpee,cardio,Quadriceps,none,intermediate,"The burpee is a high-intensity exercise that recruits the entire body to build strength and aerobic capacity. It is common in CrossFit workouts and group fitness classes, but can also be performed for time or reps in any fat-loss or athleticism-focused circuit or workout.",9.438143854753378,4,7.0594199085879765
2124,Trail Running/Walking,cardio,Quadriceps,none,intermediate,,4.462539374725095,11,9.443368999962315
2125,Scissors Jump,cardio,Quadriceps,none,advanced,"The alternating lunge jump is an explosive bodyweight exercise that targets the lower-body muscles, including the quads, glutes, and hamstrings. It can be performed for time or reps in power training, and is also effective in any fat-loss or athleticism-focused workout.",4.130373032551834,14,6.246875846306645
2126,Jumping jack-,cardio,Quadriceps,none,intermediate,"The jumping jack is a classic calisthenics exercise to improve overall conditioning. It’s one the most recognizable exercises on the planet, and it’s almost synonymous with training for military recruits. It can be done for time or reps, often in dynamic warm-ups or to mobilize the hips and shoulders.",9.482673656267995,11,9.646154667194256
2127,Arms-crossed jump squat,strength,Quadriceps,none,intermediate,"The arms-crossed jump squat is an explosive version of the jump squat. Crossing your arms eliminates any extra power that could come from swinging your arms, making the movement extra strict and challenging for the lower body. It can be performed for time or reps and is especially effective in a fat-loss or athleticism-focused circuit or workout.",6.030812422122699,13,7.558298905580189
2128,Bodyweight Reverse Lunge,strength,Quadriceps,none,intermediate,"The reverse lunge is a lower-body exercise targeting the quads, glutes, and hamstrings. The reverse lunge places more emphasis on the glutes than other lunge variations.",4.573852219019988,11,9.12089510904914
2129,Alien Squat,cardio,Quadriceps,none,beginner,,9.84001142662861,14,5.62771389575054
2130,Treadmill walking,cardio,Quadriceps,none,intermediate,"Treadmill walking is a popular cardiovascular exercise performed on a machine that is available in most gyms. Performing this exercise on a treadmill allows you to adjust the speed of your walking and, depending on the machine, perform it on an adjustable incline. Many machines also have built-in heart rate monitors and timers to help you track your progress.",9.391290808823216,13,3.2824366496337856
2131,Rocket Jump,cardio,Quadriceps,none,beginner,,9.826053016663849,12,4.5568442826113795
2132,Depth jump box jump,cardio,Quadriceps,none,intermediate,"The depth jump box jump is a plyometric exercise that entails jumping off one box, dropping into a squat, and then jumping up onto another box. These are all performed fluidly to complete one rep. Depth jumps have been a staple of high-level athletic programming for decades. They are usually performed for low reps with a focus on power and technique. If they hurt your knees or back, consider performing box jumps or squat jumps instead.",9.594606602731616,5,3.527687346704865
2133,Bodyweight Walking Lunge,strength,Quadriceps,none,intermediate,"The walking lunge is a lower-body exercise that targets the glutes, quads, and hamstrings while challenging stability and balance. It can be performed for reps, time, or distance in the lower-body portion of any workout.",9.502741142940728,9,7.319311064629327
2134,Walking High Knees,cardio,Quadriceps,none,intermediate,,5.137099731672879,10,4.424325560896156
2135,Lateral lunge,strength,Quadriceps,none,intermediate,"The lateral lunge is a lower-body bodyweight movement that works the quads, glutes, and hamstrings. It can also be performed holding dumbbells or other weights. It is often performed for reps as part of a dynamic warm-up or mobility routine but can also work in a circuit or other workouts.",7.9291391128736946,13,7.32003058509498
2136,Jump Squat,cardio,Quadriceps,none,intermediate,"The jump squat is an explosive bodyweight exercise targeting the quads, hamstrings, and glutes. It is also a serious cardiovascular challenge when done for reps. It can be performed as a power exercise to build jumping power, or in any fat-loss or athleticism-focused workout.",5.404992255068731,14,8.951007606084762
2137,Over bench jump,cardio,Quadriceps,none,intermediate,The over bench jump is a plyometric exercise requiring only a weight bench to perform. It improves jumping ability and athleticism while burning a lot of calories.,6.22619250603279,5,5.665215065506324
2138,Split Jump,cardio,Quadriceps,none,intermediate,"The alternating lunge jump is an explosive bodyweight exercise that targets the lower-body muscles, including the quads, glutes, and hamstrings. It can be performed for time or reps in power training, and is also effective in any fat-loss or athleticism-focused workout.",9.992581329937693,6,9.540887831574354
2139,90-degree jump squat,cardio,Quadriceps,none,intermediate,"The 90-degree jump squat is an explosive bodyweight exercise that targets the muscles of the lower body, including the quads, glutes, and hamstrings, as well as the cardiovascular system. It can be performed for time or reps, usually in a fat-loss or athleticism-focused circuit workout.",6.48357593176009,9,5.76980210065178
2140,Skip,cardio,Quadriceps,none,intermediate,"The skip is an exercise that builds power and explosiveness in the legs. It's commonly performed by children and in gym classes, but is also great for working the legs and hip flexors, making it a favorite warm-up for athletes who need to explode vertically.",9.412701663906514,8,8.190006864614904
2141,Kneeling hip flexor stretch,flexibility,Quadriceps,none,intermediate,"The kneeling hip flexor stretch is a stretch targeting greater flexibility in the front side of the hips. It targets a chronically tight muscle group and is often performed as part of a dynamic warm-up, a cool-down, or as recovery work after training.",3.619428265201252,4,7.536220725061853
2142,Iron Crosses (stretch),flexibility,Quadriceps,none,intermediate,,7.035341456579735,10,4.271290123266563
2143,All Fours Quad Stretch,flexibility,Quadriceps,none,beginner,,7.921213833930155,5,3.2662664767254936
2144,Lying quad stretch with band,flexibility,Quadriceps,none,intermediate,"The lying quad stretch with band is a simple way to stretch a chronically tight muscle group of the lower body. It is common in stretching and yoga classes but can also be performed individually as part of a warm-up, paired with movements in a workout, or as part of a cool-down or recovery strategy.",5.869278020153534,13,8.556632262121607
2145,One Half Locust,flexibility,Quadriceps,none,intermediate,,9.288594063189638,9,5.036383220818093
2146,Standing Hip Flexors,flexibility,Quadriceps,none,intermediate,,6.5595453260560035,14,3.2894120557853794
2147,Looking At Ceiling,flexibility,Quadriceps,none,intermediate,,6.992543488982225,11,7.24386763959725
2148,Rear Leg Raises,flexibility,Quadriceps,none,beginner,,4.659095263898147,4,3.1752006600657197
2149,On Your Side Quad Stretch,flexibility,Quadriceps,none,intermediate,,4.194643860198241,10,7.569103257733948
2150,On-Your-Back Quad Stretch,flexibility,Quadriceps,none,intermediate,,4.539587195508339,10,6.8016318151894435
2151,Standing Elevated Quad Stretch,flexibility,Quadriceps,none,intermediate,,4.771497690388529,5,6.030049674306346
2152,Thigh killa,strength,Quadriceps,none,intermediate,"The thigh killa is a challenging lower-body bodyweight exercise that builds muscular endurance with a series of hops and bodyweight squats. It can be performed for time or reps, usually in a circuit workout or as a lower-body finisher.",3.2462920786265004,14,9.120937034123243
2153,Southpaw sprawl,cardio,Quadriceps,none,intermediate,"The southpaw sprawl is a full-body movement that combines elements of a single-arm plank and a sprawl. It also has a rotational component, with a jumping leg-cross and torso twist in a single-arm plank position. It is a challenging move that trains balance, core strength, and many muscle groups, making it work well in a time-efficient bodyweight circuit workout.",3.7214044275540026,7,7.235524372250554
2154,Stride Jump Crossover,cardio,Quadriceps,none,intermediate,,8.989717680221217,3,3.756456331360935
2155,Side Standing Long Jump,cardio,Quadriceps,none,intermediate,,4.257012315626038,11,5.967812276738032
2156,Wall squat,strength,Quadriceps,none,intermediate,"The wall squat is a bodyweight exercise targeting the quadriceps, as well as other muscles in the lower body and core. The lifter's back is flat against a wall, and the back slides down and up the wall during each rep. If you don't have a smooth wall to slide on, the exercise can also be performed with an exercise ball between the back and the wall.",6.490273091738567,10,9.043248040449228
2157,Slide Jump Shot,cardio,Quadriceps,none,beginner,,3.908952163136033,11,3.1774110979918504
2158,Sprawl frog kick,cardio,Quadriceps,none,intermediate,"The sprawl frog kick is an explosive bodyweight exercise that targets multiple muscle groups across the upper and lower body. It is similar to a traditional sprawl, but with an extra hop in the middle of each rep. It can be performed for time or reps in any fat-loss or athleticism-focused circuit or workout.",4.25749354573271,8,3.660485098912861
2159,Lateral Speed Step,cardio,Quadriceps,none,intermediate,,8.486777395519848,8,6.852015759244287
2160,Side Hop-Sprint,cardio,Quadriceps,none,intermediate,,3.9329716967663035,4,6.804918256340933
2161,Pop squat,cardio,Quadriceps,none,intermediate,"The pop squat is an explosive bodyweight exercise that targets the lower-body muscles, including the quads, glutes, and hamstrings. It is similar to a jump squat, but alternates between a narrow and wide stance with each jump. It can be performed for time or reps in power training and is also effective in any fat-loss or athleticism-focused workout.",7.447216252349124,9,5.3552580536079795
2162,Star Jump,cardio,Quadriceps,none,beginner,,8.305451657885616,7,5.983896208439957
2163,Side Lunge Touching Heel,strength,Quadriceps,none,intermediate,"The side lunge cross-body heel-touch is a lower-body exercise targeting the quads, glutes, and hamstrings. The heel-touch adds a slight rotational challenge.",5.951555576040187,13,5.1255006497026985
2164,Lying Prone Quadriceps,flexibility,Quadriceps,none,beginner,,8.843705574386057,8,7.365062416093278
2165,Fast Kick With Arm Circles,cardio,Quadriceps,none,beginner,,5.6860582479769075,3,3.2754530476204624
2166,Single-leg box squat,strength,Quadriceps,none,intermediate,"The single-leg box squat is a bodyweight exercise that targets the muscles of the lower body, including the quads, glutes, and hamstrings. It is similar in form to a pistol squat, except that you sit to a box. This allows you to customize the depth of the movement to your movement abilities and mobility level. For this reason, the single-leg box squat is a popular movement for building leg strength in beginning trainees. It can be performed in lower strength-focused rep ranges, such as 5-8 reps per leg, or for higher reps for muscle building.",5.594774278908588,13,4.945844480899153
2167,Defensive Slide,cardio,Quadriceps,none,beginner,,6.2720168334727635,6,8.056762990491254
2168,Quick Leap,cardio,Quadriceps,none,intermediate,,5.918003002351221,5,6.4456517009076055
2169,Vertical Mountain Climber,cardio,Quadriceps,none,beginner,,8.194354700285567,3,3.990734089300477
2170,Reverse Burpee,cardio,Quadriceps,none,beginner,,5.37996443049896,3,8.90086733369114
2171,Football Up-Down,cardio,Quadriceps,none,beginner,,4.101749082447626,5,3.8213799602600256
2172,Jump lunge heel kick,cardio,Quadriceps,none,intermediate,"The jump lunge heel kick is a high-intensity, full-body exercise targeting the quads, glutes, and hamstrings. It combines a jump lunge with a standing hamstring stretch in a unique combo that also challenges balance. It can be performed for time or reps as part of a fat-loss or athleticism-focused circuit or workout.",9.306966417380703,12,9.769436801154868
2173,Burpee box jump,cardio,Quadriceps,none,intermediate,"The burpee box jump is an explosive bodyweight exercise that combines a burpee with a leap onto a box or step. First, you perform a traditional burpee, and then instead of jumping into the air, you jump onto a box. This makes you focus on power generation in the jump, making each rep more challenging. Burpee box jumps are often performed for high reps as part of metabolic conditioning circuits or workouts.",5.529279365962986,11,5.500634277475721
2174,Linear Depth Jump,cardio,Quadriceps,none,intermediate,,4.965086127731393,6,9.157050907965886
2175,Slow Jog,cardio,Quadriceps,none,beginner,,6.073432651092512,8,8.038283317258891
2176,High knees,cardio,Quadriceps,none,intermediate,"High knees is a full-body, cardio-based exercise with an emphasis on the lower body. It is often performed for reps or time as part of a dynamic warm-up.",5.622912729561854,3,7.2596197338130874
2177,Jumping Jack,cardio,Quadriceps,none,intermediate,"The jumping jack is a classic calisthenics exercise to improve overall conditioning. It’s one the most recognizable exercises on the planet, and it’s almost synonymous with training for military recruits. It can be done for time or reps, often in dynamic warm-ups or to mobilize the hips and shoulders.",6.055556685309125,7,7.972754761722541
2178,Square Hop,cardio,Quadriceps,none,beginner,,7.991615626618082,12,3.342980189665105
2179,Running lunge,cardio,Quadriceps,none,intermediate,"The running lunge is a dynamic exercise that targets the lower body. It combines elements of a reverse lunge with a step-up, in that the front leg fully extends and the rear leg flexes up in front of the body. It targets a wide range of muscles in the lower body, including the quads, glutes, and hamstrings. It can be performed for time or reps in any lower-body workout, or in a fat-loss or athleticism-focused circuit.",8.098067681133953,4,5.476637289575262
2180,In-out jump squat,cardio,Quadriceps,none,intermediate,"The in-out jump squat is a bodyweight squat variation that alternates wide and narrow jump squats. It targets the lower-body muscles, including the quads, glutes, adductors, and hamstrings, and also provides a serious cardiovascular challenge. It can be performed for time or reps and is especially effective in a fat-loss or athleticism-focused circuit or workout.",3.4033151234312866,5,4.074152469327078
2181,Gorilla squat,cardio,Quadriceps,none,intermediate,"The gorilla squat is a bodyweight sequence that combines two reverse lunges and a bodyweight squat. It could also be performed with dumbbells, kettlebells, or other weights. It targets most of the muscles of the lower body, including the quads, glutes, and hamstrings. It can be performed for time or reps in the lower-body portion of any workout.",7.8504530029050414,3,7.197036965740474
2182,Burpee tuck jump,cardio,Quadriceps,none,intermediate,The burpee tuck jump is an explosive version of the burpee exercise that adds a tuck jump to the top of each rep. It can be performed for time or reps in any fat-loss or athleticism-focused circuit or workout.,3.2159026688559393,8,5.24683514743379
2183,Speed skater,cardio,Quadriceps,none,intermediate,"The speed skater is an explosive version of the lateral lunge that involves jumping from side to side and landing on a single leg, then touching the ground. It challenges the lower-body muscles, including the quads, hips, and glutes, and the cardiovascular system, while training lateral movement.",3.560885807271464,11,3.78310576237645
2184,Jumping knee up-down,cardio,Quadriceps,none,intermediate,"The jumping knee up-down is an explosive bodyweight movement that consists of a knee up-down followed by a jump squat. It targets the muscles of the lower body, including the quads, glutes, and hamstrings, but is also a challenging power and conditioning exercise.",4.1232713305479,12,8.623556483533228
2185,Jump Lunge To Feet Jack,cardio,Quadriceps,none,intermediate,,7.258325089615425,8,6.807368129775219
2186,Reverse Lunge Rotation,strength,Quadriceps,none,intermediate,,7.2510003246646635,3,4.527702486393984
2187,Alternating standing knee-pull stretch,flexibility,Quadriceps,none,intermediate,"The alternating standing knee-pull stretch targets range of motion in the hips, hamstrings, and lower back. It's a common movement in dynamic warm-ups for athletics or lower-body training, but can also be used to ""limber up"" for activity anytime.",3.563029046525421,3,6.33592483139083
2188,Seal jack,strength,Quadriceps,none,intermediate,"The seal jack is a variation on the jumping jack, one the most common calisthenic exercises on the planet. The difference between this movement and the jumping jack has to do with the arm motion. Instead of the arms coming together overhead, they come together in front of the body, like a seal clapping its fins.",9.222951932999667,11,6.310899544258453
2189,Kneeling quad thoracic stretch,strength,Quadriceps,none,intermediate,"The kneeling quad thoracic stretch is a stretch targeting greater range of motion in your thoracic spine. It is commonly included in dynamic warm-ups or cool-downs, but can also be performed as full-body mobility work any time.",4.364798150856281,4,3.302681530940836
2190,Single-Leg Squat With Knee Tap,strength,Quadriceps,none,advanced,"The single-leg knee-tap squat is a single-leg squat variation that involves “floating” the back leg over the ground on the descent until touching just the knee to the ground or a pad. It is similar to a lunge, but without touching the back foot to the ground. It is an intense strength and coordination challenge that can work in any strength- or athleticism-focused workout.",5.488284267934015,7,8.478785254027137
2191,Shuttle run,cardio,Quadriceps,none,intermediate,"The shuttle run is an athletic conditioning drill that’s great for developing speed and power, as well as changing direction. It’s a favorite of football and basketball players, but it can also be great conditioning work for lifters and athletes of all ability levels.",5.835926547872778,8,3.3776670150802723
2192,Squat Isometric Hold,cardio,Quadriceps,none,advanced,"The hack squat is a machine-based exercise that targets the muscles of the legs, particularly the quadriceps. It is often used as an accessory for squats, but can also be the main lower-body movement in a workout. It is often performed for moderate to high reps, such as 8-12 reps per set or more.",8.920135454399372,5,6.991594889504728
2193,Wall sit,strength,Quadriceps,none,intermediate,"The wall sit is an exercise targeting the quadriceps and core muscle. It involves descending into a squat position while leaning against a wall, then holding that position for a predetermined length of time. It's a classic leg endurance-building exercise for basketball players and gymnasts.",4.5350487925026535,4,9.121316706117625
2194,Walking lunge with hip extension,strength,Quadriceps,none,intermediate,"The walking lunge with hip extension is a combination of two movements, both targeting the lower body. The added hip extension places more of an emphasis on the glutes. It is a great inclusion in a dynamic warm-up for the lower body, but can also be performed for time or reps in any workout.",5.7963763128738925,7,5.053117422693651
2195,Squat with alternating side leg raise,strength,Quadriceps,none,intermediate,"The squat with alternating side leg raise is a bodyweight version of the squat, but with a lateral leg lift to add extra focus to the abductor muscles. It can be performed for time or for reps as part of a dynamic warm-up for the lower body, or in any lower-body portion of a workout.",7.992657864029068,14,7.872050727270832
2196,Lateral Squats,strength,Quadriceps,none,intermediate,"The lateral lunge is a lower-body bodyweight movement that works the quads, glutes, and hamstrings. It can also be performed holding dumbbells or other weights. It is often performed for reps as part of a dynamic warm-up or mobility routine but can also work in a circuit or other workouts.",3.554924206274942,10,6.032215418358636
2197,Walking lunge with twist,strength,Quadriceps,none,intermediate,"The walking lunge with twist is an exercise that targets the lower body and the obliques. The twist not only works the obliques, it also opens up the thoracic spine. It is a great inclusion in a dynamic warm-up for a lower-body or full-body workout, but can also be performed for time or reps in any workout.",6.64758445712107,10,5.741263291845376
2198,Boss Everline Backward Lunge Walk,strength,Quadriceps,none,intermediate,,7.875639142459666,11,9.594136980211545
2199,Reverse Diagonal Skaters,strength,Quadriceps,none,intermediate,,9.442311011968169,12,6.807215388999288
2200,FYR Air Squat,strength,Quadriceps,none,intermediate,"The bodyweight squat is a fundamental exercise that strengthens the quads, glutes, and hamstrings. It can be performed as part of a dynamic warm-up, for time or reps during a workout, or for hip and spine mobility any time.",4.933182556503232,6,9.689017799116826
2201,FYR Tuck Jump,strength,Quadriceps,none,intermediate,"The tuck jump is a vertical jump, an explosive lower-body exercise that is a common way to measure explosive hip and lower-body strength in athletes. The more explosive you are, the higher you'll be able to jump.",7.306827602967365,14,9.637658238138519
2202,Push-up sprawl tuck jump,strength,Quadriceps,none,intermediate,"The push-up sprawl tuck jump is an explosive bodyweight sequence that combines three movements: the push-up, the sprawl, and the tuck jump. It is similar to a burpee, but with a tuck jump at the top. It can be performed for time or reps in any fat-loss or athleticism-focused circuit or workout.",7.321420703968229,3,5.317052870797798
2203,FYR Running Lunge,strength,Quadriceps,none,intermediate,"The running lunge is a dynamic exercise that targets the lower body. It combines elements of a reverse lunge with a step-up, in that the front leg fully extends and the rear leg flexes up in front of the body. It targets a wide range of muscles in the lower body, including the quads, glutes, and hamstrings. It can be performed for time or reps in any lower-body workout, or in a fat-loss or athleticism-focused circuit.",3.602982258007365,7,3.8984306348992352
2204,FYR Jumping Lunge,strength,Quadriceps,none,intermediate,"The alternating lunge jump is an explosive bodyweight exercise that targets the lower-body muscles, including the quads, glutes, and hamstrings. It can be performed for time or reps in power training, and is also effective in any fat-loss or athleticism-focused workout.",7.72855763565761,3,8.102299941048948
2205,FYR Sprawl Frog Kick,strength,Quadriceps,none,intermediate,"The sprawl frog kick is an explosive bodyweight exercise that targets multiple muscle groups across the upper and lower body. It is similar to a traditional sprawl, but with an extra hop in the middle of each rep. It can be performed for time or reps in any fat-loss or athleticism-focused circuit or workout.",7.082787815605923,13,8.540616649819743
2206,Jump squat-,strength,Quadriceps,none,intermediate,"The jump squat is an explosive bodyweight exercise targeting the quads, hamstrings, and glutes. It is also a serious cardiovascular challenge when done for reps. It can be performed as a power exercise to build jumping power, or in any fat-loss or athleticism-focused workout.",3.080162561618774,9,8.677834768242574
2207,FYR Sprinter Burpee,cardio,Quadriceps,none,intermediate,,7.424805898266419,7,7.935865921792615
2208,Single-leg burpee,strength,Quadriceps,none,intermediate,"The single-leg burpee is an advanced variation of the burpee exercise that involves performing all parts of the sequence with one leg at a time. It is usually performed alternating legs with each rep, but could be performed one side at a time. Performing one leg at a time increases the challenge to all parts of the body, especially the working leg, core, and shoulders.",5.737613379469597,9,5.651197931373241
2209,FYR Gorilla Squat,strength,Quadriceps,none,intermediate,"The gorilla squat is a bodyweight sequence that combines two reverse lunges and a bodyweight squat. It could also be performed with dumbbells, kettlebells, or other weights. It targets most of the muscles of the lower body, including the quads, glutes, and hamstrings. It can be performed for time or reps in the lower-body portion of any workout.",3.882527504769358,6,4.390906658068577
2210,Banded compass jump squat,strength,Quadriceps,none,intermediate,"The banded compass jump squat is an explosive squat variation performed with a band around the thighs just above the knees. This increases muscle activation in the hips and glutes, while the squat targets the quads, hamstrings, and glutes. The landing for each jump is a 90-degree rotation from the starting position. The banded compass jump squat can be performed for low reps as a power-focused exercise, or for higher reps to build muscle in the lower body, challenge conditioning, and burn fat.",9.76696093881607,7,4.774541609934504
2211,In-out sprawl,strength,Quadriceps,none,intermediate,"The in-out sprawl is a full-body movement that combines elements of a plank and a sprawl. It demands an explosive full-body jump from a plank position. It is a challenging move that trains balance, core strength, and many muscle groups, making it work well in a time-efficient bodyweight circuit workout.",4.202805588520453,12,6.876160039235848
2212,Knee-tuck kick-up,strength,Quadriceps,none,intermediate,"The knee-tuck kick-up is a bodyweight movement that targets the muscles of the abs, the rectus abdominis or ""six-pack"" muscles in particular. It can be performed for time or reps in the ab-focused portion of any workout.",5.343873296112218,13,6.647289776681847
2213,Bear crawl donkey kick,strength,Quadriceps,none,intermediate,"The bear crawl donkey kick is a more advanced version of the bear crawl exercise that adds a donkey kick. It adds an extra coordination and shoulder challenge to an already intense full-body movement that targets the cardiovascular system as well as a wide range of muscle groups, the shoulders, core, and legs in particular. It can be done as a full-body warm-up, in short bursts for power or circuit training, or for longer durations as cardiovascular conditioning.",6.6112250156563945,13,6.949940604534476
2214,Southpaw sprawl with push-up,strength,Quadriceps,none,intermediate,"The southpaw sprawl with push-up is a full-body movement that combines elements of a plank and a sprawl, with the addition of a push-up. It also has a rotational component, with a jumping leg-cross and torso twist in a straight-arm plank position. It is a challenging move that trains balance, core strength, and many muscle groups, making it work well in a time-efficient bodyweight circuit workout.",4.0929003593362125,9,4.341104956038761
2215,Bouncing lunge,strength,Quadriceps,none,intermediate,"The bouncing lunge is a bodyweight movement targeting the quads. It can be performed either for time or reps, and is often included as part of a fat-loss or athleticism-focused circuit workout.",9.048402592664004,12,9.751125240923267
2216,Bodyweight Squat - Gethin Variation,strength,Quadriceps,none,intermediate,"The bodyweight squat is a fundamental exercise that strengthens the quads, glutes, and hamstrings. It can be performed as part of a dynamic warm-up, for time or reps during a workout, or for hip and spine mobility any time.",4.118058347090827,3,6.68382024699236
2217,FYR Alternating Lunge,strength,Quadriceps,none,intermediate,"The forward lunge is a lower-body bodyweight exercise targeting the quads, glutes, and hamstrings. It can also be performed holding dumbbells or other weights. The forward lunge places more emphasis on the quads than other lunge variations. It can be performed for time or reps in the lower-body portion of any workout.",4.339981249879918,5,6.969123242063656
2218,Bodyweight Walking Lunge - Gethin Variation,strength,Quadriceps,none,intermediate,"The walking lunge is a lower-body exercise that targets the glutes, quads, and hamstrings while challenging stability and balance. It can be performed for reps, time, or distance in the lower-body portion of any workout.",4.3829384395983,9,5.398137794950685
2219,Seated Quad Contraction,strength,Quadriceps,none,intermediate,,3.338583441621752,14,4.130147579844219
2220,HM Squat with Alternating Leg Extension,strength,Quadriceps,none,intermediate,,9.78719944302139,9,6.547468705789079
2221,HM Air Squat,strength,Quadriceps,none,intermediate,,7.271426230711251,4,6.7127987811402905
2222,HM Alternating Jump Lunge,strength,Quadriceps,none,intermediate,,9.76680332514154,9,3.8273082276144264
2223,HM Alternating Lunge-In-Place,strength,Quadriceps,none,intermediate,,6.500899748433385,6,5.559527196122499
2224,HM Alternating Side Lunge,strength,Quadriceps,none,intermediate,,6.484965683661792,13,6.177773084158431
2225,HM Sumo Pulse,strength,Quadriceps,none,intermediate,,7.283098485109482,5,6.46350769687307
2226,HM Sumo Squat,strength,Quadriceps,none,intermediate,,7.04325715518569,4,8.556822468350925
2227,HM Alternating Side-Kick,strength,Quadriceps,none,intermediate,,6.466025956357356,14,5.226439386872419
2228,HM Tuck-Up Burpee,strength,Quadriceps,none,intermediate,,8.884532034562174,3,5.8427426642597
2229,HM Bear Crawl,strength,Quadriceps,none,intermediate,,5.516467588561596,9,8.696612367043585
2230,HM Bear Stance Fire Hydrant,strength,Quadriceps,none,intermediate,,5.349739741334906,14,4.92094683701664
2231,HM Walking Frankenstein,strength,Quadriceps,none,intermediate,,5.316737119642017,13,3.9977216180470165
2232,HM Walking Hip Stretch,flexibility,Quadriceps,none,intermediate,,8.862853688959568,12,5.146629592046925
2233,HM Wide Jump Squat,strength,Quadriceps,none,intermediate,,6.945156413805198,14,5.134520035597825
2234,HM Boxer Shuffle,strength,Quadriceps,none,intermediate,,8.30653213939165,14,5.366736362513609
2235,HM Running Lunge,cardio,Quadriceps,none,intermediate,,4.635244891729261,9,9.405402406083407
2236,HM Bulgarian Split Squat On Chair,strength,Quadriceps,none,intermediate,,8.237281279894084,5,3.227384575904703
2237,HM Burpee,strength,Quadriceps,none,intermediate,,7.951010335517866,3,5.960579289610686
2238,HM Butterfly,strength,Quadriceps,none,intermediate,,9.280544527636057,7,4.51448964459092
2239,HM Alternating Lunge Push-Up,strength,Quadriceps,none,intermediate,,7.340260347696891,14,4.161167630541832
2240,HM Comet,strength,Quadriceps,none,intermediate,,3.326194073633344,10,3.844035154162384
2241,HM Couch Stretch,strength,Quadriceps,none,intermediate,,3.1543972492872605,3,7.708260213184236
2242,HM Down Up,strength,Quadriceps,none,intermediate,,8.373002487861148,14,9.353602703620865
2243,HM Duck Walk,strength,Quadriceps,none,intermediate,,3.411554536689961,12,4.318224899164851
2244,HM Fragon,strength,Quadriceps,none,intermediate,,5.110050677663177,12,3.6970191240943513
2245,HM Frankenstein,strength,Quadriceps,none,intermediate,,6.541854773257839,9,7.747249168888196
2246,HM Single-Leg Squat on Chair,strength,Quadriceps,none,intermediate,,9.145326783349518,11,4.277634279094102
2247,HM Single-Leg Touchdown,strength,Quadriceps,none,intermediate,,8.474685560953471,13,8.697341818461812
2248,HM Speed Skater,strength,Quadriceps,none,intermediate,,4.643142231162692,9,7.5268325616398775
2249,HM Squat Jump,strength,Quadriceps,none,intermediate,,5.262281601749404,3,8.695010952516743
2250,HM Squat Lunge,strength,Quadriceps,none,intermediate,,4.390115736432347,10,5.873386026142906
2251,HM Garland Pose,strength,Quadriceps,none,intermediate,,4.748096884019903,3,6.043612343080651
2252,HM High Knees,strength,Quadriceps,none,intermediate,,8.672105251383995,12,3.0585808688199534
2253,HM In-And-Out Squat,strength,Quadriceps,none,intermediate,,3.379893562644035,3,3.602946821042054
2254,HM In-And-Out Squat Jump,strength,Quadriceps,none,intermediate,,6.276967181284332,9,9.301835771774886
2255,HM Jumping Jack,strength,Quadriceps,none,intermediate,,4.390603499454061,13,8.738434251106902
2256,HM Jumping Knee-Up,strength,Quadriceps,none,intermediate,,6.054320326754831,11,6.089628929676874
2257,HM Jumping Rope,strength,Quadriceps,none,intermediate,,3.9013047256038087,11,5.792025796521651
2258,HM Right Calf-Spike Sumo Pulse,strength,Quadriceps,none,intermediate,,9.114835391246727,9,5.60332784552523
2259,HM Reverse Lunge with Kick,strength,Quadriceps,none,intermediate,,5.632637400725278,11,5.688964237887316
2260,HM Left Knee-Up,strength,Quadriceps,none,intermediate,,7.197071557792628,5,4.088330402776072
2261,HM Left-Leg Lunge And Kick-Out,strength,Quadriceps,none,intermediate,,5.230557179236636,9,6.4689381864552935
2262,HM Mountain Pose,strength,Quadriceps,none,intermediate,,8.852827845212872,12,6.017421015903178
2263,HM Butt Kickers,strength,Quadriceps,none,intermediate,,6.466214091637212,8,9.534581103243745
2264,HM Right-Leg Lunge And Kick-Out,strength,Quadriceps,none,intermediate,,7.758727733805104,5,5.615040751501569
2265,HM Sumo Get-Up,strength,Quadriceps,none,intermediate,,5.987182773719393,7,8.123795375711733
2266,AM Jump Squat,strength,Quadriceps,none,intermediate,"The jump squat is an explosive bodyweight exercise targeting the quads, hamstrings, and glutes. It is also a serious cardiovascular challenge when done for reps. It can be performed as a power exercise to build jumping power, or in any fat-loss or athleticism-focused workout.",9.794925788937281,5,7.186975016226058
2267,AM Bodyweight Squat,strength,Quadriceps,none,intermediate,"The bodyweight squat is a fundamental exercise that strengthens the quads, glutes, and hamstrings. It can be performed as part of a dynamic warm-up, for time or reps during a workout, or for hip and spine mobility any time.",9.385182847038624,7,8.840055073072575
2268,High knees sprawl drill,strength,Quadriceps,none,intermediate,"The high knees sprawl drill is a full-body, cardio and strength-focused exercise. It can be performed for reps or time in a fast-paced circuit or other workout.",6.930605991012694,14,5.594589891905265
2269,UP Bulgarian Split Squat,strength,Quadriceps,none,intermediate,"The dumbbell Bulgaria split squat is a single-leg exercise targeting the quads, glutes, and hamstrings.",3.1664065572543523,6,6.7460113277350295
2270,UN Forward Lunge,strength,Quadriceps,none,intermediate,,8.964408843621797,13,7.796459463296558
2271,UN Front Foot Elevated Split Squat,strength,Quadriceps,none,intermediate,,7.124954794022551,10,3.7114934951456773
2272,UNS Half-Kneeling Hip Flexor Stretch,strength,Quadriceps,none,intermediate,,8.730550439742252,4,5.7551667955054455
2273,UNS Low Depth Jump,strength,Quadriceps,none,intermediate,,5.760837318047253,7,8.966251376597388
2274,UNS Forward-To-Reverse Lunge,strength,Quadriceps,none,intermediate,,8.562455988951504,14,6.411258569625557
2275,Holman Towel Squat Thrust,strength,Quadriceps,none,intermediate,,7.100182584751311,3,9.277336614205694
2276,Holman Towel Alternating Prisoner Squat,strength,Quadriceps,none,intermediate,,6.799380745912551,14,8.497338650292583
2277,Holman Towel Alternating Lateral Lunge,strength,Quadriceps,none,intermediate,,6.473770411946937,14,8.82122600314235
2278,Holman Squat Pull-Through Jump,strength,Quadriceps,none,intermediate,,4.747184086027749,8,8.195378116526474
2279,Holman 180 Jump,strength,Quadriceps,none,intermediate,,7.475228882086679,4,6.527673311863992
2280,Holman Foot-Elevated Knee-Up to Squat,strength,Quadriceps,none,intermediate,,7.513645144581297,10,8.57344554382734
2281,Holman Feet-Elevated Squat Thrust,strength,Quadriceps,none,intermediate,,7.003399627219849,6,6.54333500006102
2282,Holman Hands-Elevated Lunge Jump,strength,Quadriceps,none,intermediate,,9.340913227813115,13,9.715272878554162
2283,Holman Hands-Elevated Jack to Split Jump,strength,Quadriceps,none,intermediate,,6.059982214545158,13,4.508693428040846
2284,Holman Hands-Elevated Wide Squat Thrust,strength,Quadriceps,none,intermediate,,4.0762429730397995,13,8.64737749010941
2285,Holman Hands-Elevated Squat Thrust to Split Jack,strength,Quadriceps,none,intermediate,,9.500414292988701,6,7.104474639639139
2286,Holman Squat Jump,strength,Quadriceps,none,intermediate,,4.243685995546943,14,9.236128151332231
2287,Holman Squat Pulse,strength,Quadriceps,none,intermediate,,9.324182338601851,3,3.5568261753013717
2288,Holman Jump-Out Push-Up,strength,Quadriceps,none,intermediate,,6.547799878198353,13,4.219919003385829
2289,Holman Alternating Forward Lunge,strength,Quadriceps,none,intermediate,,8.581012986279527,7,9.886471735779056
2290,Holman Burpee to Jump,strength,Quadriceps,none,intermediate,,5.748336860038796,8,5.3172245369023186
2291,Holman Pilates Single-Leg Stretch,strength,Quadriceps,none,intermediate,,6.572826666208112,13,7.596591534073212
2292,Holman Alternating Reverse Prisoner Lunge,strength,Quadriceps,none,intermediate,,9.19083335926247,11,7.753918533953449
2293,Holman Narrow-Wide Squat Jump to 180 Jump,strength,Quadriceps,none,intermediate,,6.158399497315995,5,6.017302315654781
2294,Holman 180 Jump to Lunge,strength,Quadriceps,none,intermediate,,6.544780705050059,4,3.5646053683628165
2295,Holman Imaginary Jump Rope,strength,Quadriceps,none,intermediate,,8.273164321705185,5,3.5241037275105516
2296,Holman Fast Feet with Hands Up,strength,Quadriceps,none,intermediate,,4.695581952917795,13,5.914195780502808
2297,Holman Hands-Elevated Alternating Lunge Jump,strength,Quadriceps,none,intermediate,,9.66520676361247,4,5.647585135309791
2298,Holman Right Split Lunge,strength,Quadriceps,none,intermediate,,6.410401734556353,5,4.051878800219793
2299,Holman Left Split Lunge,strength,Quadriceps,none,intermediate,,9.871374450762229,3,6.946935785486911
2300,Holman Plyometric Jump,strength,Quadriceps,none,intermediate,,5.21938811855407,4,3.223252909495581
2301,Holman Quad Touch Jump,strength,Quadriceps,none,intermediate,,6.7025769817220535,11,9.290213141754691
2302,Holman Skate,strength,Quadriceps,none,intermediate,,4.790305307697068,13,5.105960600736207
2303,Holman Lunge Jump,strength,Quadriceps,none,intermediate,,5.526979658200585,12,9.984830228916302
2304,Holman Flying Squat Thrust,strength,Quadriceps,none,intermediate,,8.29780038907119,10,5.788489194537896
2305,Holman 90-Degree Jump,strength,Quadriceps,none,intermediate,,4.416223067728228,9,9.85749369381856
2306,Holman Half Jack to 180 Jump,strength,Quadriceps,none,intermediate,,3.903379255610139,4,3.2934282910461765
2307,Holman Quick Feet to Quad Touch Jump,strength,Quadriceps,none,intermediate,,4.276599974090864,14,3.5929555519283403
2308,Holman Squat Thrust to Push-Up to Super Woman,strength,Quadriceps,none,intermediate,,9.507997639291496,9,4.5996794863991255
2309,Holman Plyometric Jump to 180 Jump,strength,Quadriceps,none,intermediate,,3.6449235496076486,10,7.707541351412033
2310,Holman Standing Heel Click to Hands Down Heel Click,strength,Quadriceps,none,intermediate,,7.42739705430471,7,4.898531199009552
2311,Holman Burpee to 180 Jump,strength,Quadriceps,none,intermediate,,8.81567448546555,9,8.472448892718038
2312,Holman Traveling Low Jack to Belly Touch,strength,Quadriceps,none,intermediate,,9.045524869083502,14,5.663291265710731
2313,Holman Flying Squat Thrust to Shoulder Tap,strength,Quadriceps,none,intermediate,,6.995114054699446,5,4.457553972303013
2314,Holman Squat Jump to Alternating Side Lunge Jump,strength,Quadriceps,none,intermediate,,6.841025885879887,8,6.775330658845487
2315,Holman Low Squat with Low Diagonal Dumbbell Punch,strength,Quadriceps,none,intermediate,,6.121727360284382,8,8.553695413759211
2316,Holman Right Leg Hop to Right Reverse Lunge,strength,Quadriceps,none,intermediate,,4.75945477595321,3,6.708131626218709
2317,Holman Left Leg Hop to Left Reverse Lunge,strength,Quadriceps,none,intermediate,,4.603487559307598,4,3.2468267466155587
2318,Holman Burpee to Open Stance,strength,Quadriceps,none,intermediate,,5.181242099656139,14,4.6952087765999195
2319,Holman Diagonal Squat Thrust to Renegade Forward Punch,strength,Quadriceps,none,intermediate,,5.7151905512010615,5,6.973275002926979
2320,Holman Bear Crawl,strength,Quadriceps,none,intermediate,,4.5071100824918915,3,7.340596095531609
2321,Holman Bear Crawl to Donkey Kick,strength,Quadriceps,none,intermediate,,7.554512732069547,6,6.9231037643756785
2322,Holman Bear Crawl to Froggy Push-Up,strength,Quadriceps,none,intermediate,,4.938391227878295,7,7.7416596355115574
2323,Holman Bear Crawl to Shoulder Tap,strength,Quadriceps,none,intermediate,,6.905581235658429,14,7.051648522792796
2324,Holman Burpee to Tuck Jump,strength,Quadriceps,none,intermediate,,9.134763328865066,11,6.261671209731185
2325,Holman Burpee to Flying Squat Thrust to Tuck Jump,strength,Quadriceps,none,intermediate,,6.346714599236533,4,5.612788362785487
2326,Holman Forward Lunge to Reverse Lunge,strength,Quadriceps,none,intermediate,,5.1885333229284285,10,7.192090683887605
2327,Holman Renegade Lunge Jump,strength,Quadriceps,none,intermediate,,6.225062155615722,5,4.086024424767311
2328,Holman Squat Jump to Lunge Jump,strength,Quadriceps,none,intermediate,,7.250320159101221,14,9.382772804626736
2329,Holman Prisoner Reverse Lunge,strength,Quadriceps,none,intermediate,,3.1563401178424826,10,3.279857864598087
2330,Holman Wide-to-Narrow Squat Jump,strength,Quadriceps,none,intermediate,,7.639824085352285,12,6.64887665767535
2331,Holman Donkey Run,strength,Quadriceps,none,intermediate,,8.40428711781951,10,7.142502650932712
2332,Holman Weighted Wide-to-Narrow Squat Jump,strength,Quadriceps,none,intermediate,,4.340090231069279,6,7.4475299371794
2333,Holman Wide-to-Narrow Donkey Kick,strength,Quadriceps,none,intermediate,,9.991645962460419,4,6.896421232208956
2334,Holman Mule Kick,strength,Quadriceps,none,intermediate,,5.932648971179946,4,3.172239207575609
2335,Holman Goal Post to Squat,strength,Quadriceps,none,intermediate,,9.367188953196013,5,6.683817829469244
2336,Holman Frogger Squat to Heel Click,strength,Quadriceps,none,intermediate,,3.009635106645778,14,6.19441763045333
2337,Holman Stair Sprint,strength,Quadriceps,none,intermediate,,3.5810338149015766,6,6.203998831445849
2338,Holman Stair Bear Crawl,strength,Quadriceps,none,intermediate,,5.479239224499159,12,7.583466709016129
2339,Holman Burpee to Flying Squat Thrust,strength,Quadriceps,none,intermediate,,5.102836798962903,3,4.702565557957939
2340,Holman Flying Squat Thrust to Push-Up,strength,Quadriceps,none,intermediate,,9.454337930747432,12,9.313683511052371
2341,Holman Foot-Elevated Step-To-Lunge,strength,Quadriceps,none,intermediate,,8.657122553516356,7,7.269303420524492
2342,Holman Split Lunge,strength,Quadriceps,none,intermediate,,7.753761256365639,12,6.00385528053097
2343,Holman Stair Climb,strength,Quadriceps,none,intermediate,,6.093091859305422,10,8.003235024163434
2344,Holman Burpee to Flying Jack,strength,Quadriceps,none,intermediate,,4.484759559731572,3,7.214190072710638
2345,Holman Right Reverse Lunge,strength,Quadriceps,none,intermediate,,7.97120667693674,14,3.4797248771935156
2346,Holman Left Reverse Lunge,strength,Quadriceps,none,intermediate,,9.550244791631531,4,4.141839990386446
2347,Holman Squat Tap to Hop,strength,Quadriceps,none,intermediate,,9.243059686554876,5,4.323687646341603
2348,Holman Squat Tap to Jump-Forward-Jump-Back,strength,Quadriceps,none,intermediate,,7.470575708570718,4,8.984111253995604
2349,Holman Squat Hip Drive,strength,Quadriceps,none,intermediate,,4.846116051221241,6,7.43448293943158
2350,Holman Alternating Double Lunge Hop,strength,Quadriceps,none,intermediate,,4.168929775532014,4,9.085881493356572
2351,Holman Right Reverse Lunge to Front Kick,strength,Quadriceps,none,intermediate,,3.1814793263929504,7,8.573199878573075
2352,Holman Right Leg Forward Lunge Hop,strength,Quadriceps,none,intermediate,,8.498587630244966,5,8.655412960384098
2353,Holman Right Squat Thrust,strength,Quadriceps,none,intermediate,,7.13995696053066,4,5.0243188964849566
2354,Holman Left Reverse Lunge to Front Kick,strength,Quadriceps,none,intermediate,,7.913538497878644,10,9.321278399983017
2355,Holman Left Leg Forward Lunge Hop,strength,Quadriceps,none,intermediate,,8.167353540977816,13,4.855581826944775
2356,Holman Left Side Diagonal Burpee,strength,Quadriceps,none,intermediate,,8.054234620684682,7,7.08859234860593
2357,Holman Left Squat Thrust,strength,Quadriceps,none,intermediate,,4.771377774570544,7,7.385606509319269
2358,Holman Wide Squat Thrust,strength,Quadriceps,none,intermediate,,3.342473084832123,7,7.886746071364513
2359,Holman Alternating Single-Leg Hop to Squat to 180 Jump,strength,Quadriceps,none,intermediate,,3.2583598898385704,12,5.936890385189736
2360,Holman Right Lunge Hop to Chest Press,strength,Quadriceps,none,intermediate,,9.216969604746371,10,3.63290304721796
2361,Holman Left Lunge Hop to Overhead Press,strength,Quadriceps,none,intermediate,,8.215110092210896,12,5.983943166817117
2362,Holman 180 Jump Hop Forward Hop Back,strength,Quadriceps,none,intermediate,,7.141599505107926,4,9.22835076676093
2363,Holman Right Split Squat,strength,Quadriceps,none,intermediate,,8.60938185418798,13,6.84071241606641
2364,Holman Left Split Squat,strength,Quadriceps,none,intermediate,,4.040938591339104,9,9.550692724265874
2365,Holman Double Squat Pulse to 180 Jump,strength,Quadriceps,none,intermediate,,8.499813660891444,14,7.850481251735229
2366,Holman Towel Left Side Squat,strength,Quadriceps,none,intermediate,,6.2240966138204605,12,5.901182589049913
2367,Holman Alternating Lunge Jump,strength,Quadriceps,none,intermediate,,4.319975642459935,7,5.018304829815188
2368,Holman Lunge Jump to Squat Jump,strength,Quadriceps,none,intermediate,,4.246791140007576,9,6.1724993000119195
2369,Holman Burpee with Belly Touch,strength,Quadriceps,none,intermediate,,8.083337643581322,7,8.552910946512604
2370,Bootstrapper squat,strength,Quadriceps,none,intermediate,"The bootstrapper squat is a movement that improves mobility, muscular strength, and flexibility in the hips and hamstrings. It is usually performed as part of a dynamic warm-up for the lower body to mobilize the hips and improve squat form.",7.319797931764179,3,9.252300764840662
2371,Total Fitness Broad Jump,strength,Quadriceps,none,intermediate,"The broad jump is an explosive lower-body exercise. It is a common way to measure explosive hip and lower-body strength in athletes. The more explosive you are, the farther you'll be able to jump.",6.216379195604817,11,6.118480118509349
2372,Total Fitness Lateral Lunge,strength,Quadriceps,none,intermediate,"The lateral lunge is a lower-body bodyweight movement that works the quads, glutes, and hamstrings. It can also be performed holding dumbbells or other weights. It is often performed for reps as part of a dynamic warm-up or mobility routine but can also work in a circuit or other workouts.",3.7959038606938185,9,9.763015736657007
2373,Lateral shuffle,strength,Quadriceps,none,intermediate,"The lateral shuffle is a common exercise in sports training and gym classes. It involves taking steps to one side and then steps to the other side. It can be performed as part of a circuit for athletes of any level, but is also a great movement for beginners.",6.205823325281349,4,6.055187268536338
2374,Total Fitness Skip,strength,Quadriceps,none,intermediate,"The skip is an exercise that builds power and explosiveness in the legs. It's commonly performed by children and in gym classes, but is also great for working the legs and hip flexors, making it a favorite warm-up for athletes who need to explode vertically.",9.043541154876527,9,4.0390784463546785
2375,Total Fitness Spider Lunge,strength,Quadriceps,none,intermediate,"The spider lunge stretch is a lower-body stretch targeting the hips, groin, and quads. It can be part of a dynamic warm-up or mobility work performed anytime.",4.219653552992797,6,6.801256322131646
2376,Spider lunge stretch,strength,Quadriceps,none,intermediate,"The spider lunge stretch is a lower-body stretch targeting the hips, groin, and quads. It can be part of a dynamic warm-up or mobility work performed anytime.",6.8044553867625766,4,8.746580504951366
2377,Spider lunge with T-rotation,strength,Quadriceps,none,intermediate,"The spider lunge with T-rotation is an exercise that produces a deep stretch in the glutes and hamstrings while also rotating and mobilizing the thoracic spine region. It is a great movement to include in a dynamic warm-up, or as mobility work anytime.",3.590237577808394,13,5.233302365604023
2378,Standing quad stretch,strength,Quadriceps,none,intermediate,"The standing quad stretch is a simple exercise designed to stretch the quadriceps, the big muscles that cover most of the thighs. This is a static stretch, meaning it’s usually performed by holding the stretched position for a certain length of time.",5.107069617981146,11,3.121432073069551
2379,Vertical jump,strength,Quadriceps,none,intermediate,"The vertical jump is an explosive lower-body exercise that is a common way to measure explosive hip and lower-body strength in athletes. The more explosive you are, the higher you'll be able to jump.",7.111898039525499,10,6.506671613116899
2380,King Maker Burpee,strength,Quadriceps,none,intermediate,"The burpee is a high-intensity exercise that recruits the entire body to build strength and aerobic capacity. It is common in CrossFit workouts and group fitness classes, but can also be performed for time or reps in any fat-loss or athleticism-focused circuit or workout.",4.379130378567851,12,4.829253862659652
2381,King Maker Explosive High Jump,strength,Quadriceps,none,intermediate,"The tuck jump is a vertical jump, an explosive lower-body exercise that is a common way to measure explosive hip and lower-body strength in athletes. The more explosive you are, the higher you'll be able to jump.",4.221683945752716,11,4.145694037966835
2382,Muscle Beach Skip,strength,Quadriceps,none,intermediate,,3.559807347169188,6,8.180112273735467
2383,Muscle Beach Broad Jump,strength,Quadriceps,none,intermediate,,8.508319601707989,14,5.372958301322494
2384,Muscle Beach Sprint,strength,Quadriceps,none,intermediate,,7.993336661541718,8,6.879279195997859
2385,Muscle Beach Front Kick,strength,Quadriceps,none,intermediate,,5.890106507379971,9,9.607382189013023
2386,Muscle Beach Side Kick,strength,Quadriceps,none,intermediate,,3.334154374856931,7,6.728092124953868
2387,Muscle Beach Spin Kick,strength,Quadriceps,none,intermediate,,3.097433559417344,12,7.0581195548616185
2388,Muscle Beach Freestyle Kick,strength,Quadriceps,none,intermediate,,4.5971677357628735,3,8.923676894405938
2389,MetaBurn Alternating Curtsy Lunge To Squat,strength,Quadriceps,none,intermediate,,6.324076123827222,8,4.043132558637259
2390,MetaBurn Alternating Curtsy Lunge With High Knee,strength,Quadriceps,none,intermediate,,6.479547668896123,10,8.842550691388755
2391,MetaBurn Alternating Diagonal Sprawl,strength,Quadriceps,none,intermediate,,9.228931997827917,8,5.375614139401561
2392,MetaBurn Alternating Lateral Sprawl,strength,Quadriceps,none,intermediate,,9.859939548086356,12,4.6036508988276825
2393,MetaBurn Curtsy Lunge,strength,Quadriceps,none,intermediate,,6.80635761729244,13,3.907182714488117
2394,MetaBurn Frogger,strength,Quadriceps,none,intermediate,,3.879325225538147,4,9.841689547528388
2395,MetaBurn High Knee Rotation,strength,Quadriceps,none,intermediate,,8.16133939446852,14,7.8949075407006895
2396,MetaBurn Side-To-Side Lunge,strength,Quadriceps,none,intermediate,,6.520822907866162,3,5.379701934202526
2397,MetaBurn Star Jump,strength,Quadriceps,none,intermediate,,8.330375487930445,10,5.248350587904206
2398,MetaBurn Tuck Jump With Knee Slap,strength,Quadriceps,none,intermediate,,6.052560560904345,14,7.005414587312779
2399,MetaBurn Lateral Bounding Hop,strength,Quadriceps,none,intermediate,,7.537604873288482,3,3.4855863031139096
2400,MetaBurn Double Lunge,strength,Quadriceps,none,intermediate,,9.401015170284952,6,6.6108913756439405
2401,Robertson Sprinter Step-Up,strength,Quadriceps,none,intermediate,,6.517891210376471,6,6.985254098481901
2402,FYR2 Front Kick-Through,strength,Quadriceps,none,intermediate,,7.086260255551599,13,6.4864581818429325
2403,Lunge high-knee clap,strength,Quadriceps,none,intermediate,"The lunge high-knee clap is a full-body, cardio-based exercise with emphasis on the lower body. It includes a clap under the front leg to make the movement more powerful and strict. It can be performed either for time or reps and is a great inclusion in a fat-loss or athleticism-focused circuit workout.",3.286394329122146,12,9.76699709952516
2404,FYR2 Plyo Split Squat,strength,Quadriceps,none,intermediate,,9.045053750985137,4,4.316518169104576
2405,FYR2 Reverse Burpee,strength,Quadriceps,none,intermediate,,7.678281917417649,14,8.461664656349974
2406,FYR2 Reverse Burpee to Regular Burpee,strength,Quadriceps,none,intermediate,,8.26007941538684,7,4.17079941444971
2407,FYR2 Reverse Burpee Tuck Jump,strength,Quadriceps,none,intermediate,,4.686725343785006,10,3.6058103626435565
2408,FYR2 Sprawlee,strength,Quadriceps,none,intermediate,,5.645233982429277,3,5.805963424563661
2409,FYR2 Squat Hold,strength,Quadriceps,none,intermediate,,5.026551230459579,9,3.6583001588859143
2410,FYR2 Squat Jump,strength,Quadriceps,none,intermediate,,6.215953324676493,14,7.450865778115814
2411,FYR2 Squat Pulse,strength,Quadriceps,none,intermediate,,8.539998768317009,10,7.358965418122667
2412,Sprinter burpee,strength,Quadriceps,none,intermediate,The sprinter burpee is an explosive version of the burpee exercise that adds a sprinter jump to the top of each rep. It can be performed for time or reps in any fat-loss or athleticism-focused circuit or workout.,9.719697585511959,11,6.499184683671221
2413,Shuttle run training,strength,Quadriceps,none,intermediate,"Shuttle run training is an athletic conditioning drill that’s great for developing speed and power, as well as changing direction. It’s a favorite of football and basketball players, but it can also be great conditioning work for lifters and athletes of all ability levels.",5.997795016417928,8,5.4663610914681815
2414,Medicine ball ninja,cardio,Quadriceps,medicine_ball,intermediate,"The medicine ball ninja is a dynamic medicine ball movement that challenges both the upper and lower body, while also elevating the heart rate. It's a great movement to include in medicine ball or bodyweight circuit training to increase fatigue and burn serious calories while hammering the muscles of the legs.",6.956726030283109,14,8.23284102760666
2415,FYR Air Ball Plus Medicine Ball Jumping Sprawl,strength,Quadriceps,medicine_ball,intermediate,"The medicine ball air ball to jumping sprawl is a series of bodyweight and medicine ball movement strung together into a single sequence. They collectively target virtually every muscle in the body, as well as seriously challenging the cardiovascular system. It can be a single-movement workout if done for high reps, or part of a larger circuit workout.",9.491660772200456,3,6.991217406025534
2416,Medicine ball cowboy squat,strength,Quadriceps,medicine_ball,intermediate,"The medicine ball cowboy squat is an explosive exercise targeting the lower body, although several upper-body muscles play important supporting roles. The move involves performing jumping squats while holding a medicine ball overhead. It's commonly performed as part of a bodyweight and medicine ball circuit focused on fat loss or athleticism.",5.322186765773843,3,6.2572312989876
2417,Medicine ball jumping jill,strength,Quadriceps,medicine_ball,intermediate,"The medicine ball jumping jill is an explosive medicine ball exercise that is similar to a jumping jack but performed holding a medicine ball between the hands. It can be performed for time or reps in a dynamic warm-up or fat-loss or conditioning circuit, usually paired with other bodyweight or medicine ball movements.",3.5003171628156116,8,5.688821647646491
2418,Alternate Leg Diagonal Bound,cardio,Quadriceps,none,beginner,,5.042068502143646,8,4.269265176921499
2419,Sit Squats,flexibility,Quadriceps,none,beginner,,9.624968483996684,4,8.907392096485431
2420,Frog Hops,flexibility,Quadriceps,none,beginner,,7.264945358353071,11,5.325398340492127
2421,Dumbbell lateral hop to sprint,cardio,Quadriceps,none,intermediate,"The dumbbell lateral hop to sprint is a multi-part explosive exercise combining weighted hops with weighted sprinting. Adding dumbbells adds a challenge to the core and shoulders. Because balance can be a challenge, it is usually performed with relatively light weights, often as a component of fat-loss or athletic training.",3.768117565513913,11,7.979277379827377
2422,Smith machine lunge sprint,strength,Quadriceps,none,intermediate,"The Smith machine lunge sprint is a lower-body power exercise performed with the bar of a Smith machine on the back. It is similar to an alternating jump lunge or ""scissor lunge,"" but with added weight. The contained bar of the Smith machine makes it safer and less of a balance challenge than using a free weight.",9.571890016153333,6,7.124860962971642
2423,Sissy squat,strength,Quadriceps,none,intermediate,"The sissy squat is a bodyweight squat variation that involves letting the knees travel far over the toes, placing an extreme stretch on the quads. This movement targets the quad muscles directly and can be performed in partial or full ranges of motion based on knee health and pain.",8.106149502404662,11,8.310305976635401
2424,Wall ball toss,cardio,Quadriceps,exercise_ball,intermediate,"The wall ball toss is an explosive full-body exercise utilizing a medicine ball. It involves squatting down, then explosively pressing a weighted ball into the air and catching it on a bounce off of a vertical surface. It is common in CrossFit workouts and can be performed for time or reps.",4.5636430890230315,4,6.676678926653189
2425,Bosu Ball Squat,strength,Quadriceps,exercise_ball,beginner,,8.675696670547723,13,9.912381950062088
2426,Exercise ball Bulgarian split squat,strength,Quadriceps,exercise_ball,intermediate,"The exercise ball Bulgarian split squat is an exercise that builds the quads, hamstrings, and glutes one leg at a time. The exercise ball is used to support the trailing shin and foot. Due to the balance challenge, this version of the split squat is usually performed for moderate to high reps with body weight only or light weights in the hands. If balance is a problem, you can stick the ball in the corner of a room while performing the exercise.",5.526214701911589,4,3.8555794865739497
2427,Internal Rotation with Band,strength,Shoulders,bands,beginner,,9.97441761445768,4,9.687940647619538
2428,Band Pull Apart,strength,Shoulders,bands,intermediate,"The band pull-apart is an exercise targeting the upper back muscles, including the trapezius, rear delts, and rhomboids. The band creates dynamic tension, allowing you to really focus on contracting these muscles, making it a great activation drill prior to upper-body lifting.",4.645553881535343,8,7.14163921728923
2429,Back Flyes - With Bands,strength,Shoulders,bands,beginner,,6.923828544111579,3,4.620154116554479
2430,Lateral Raise - With Bands,strength,Shoulders,bands,beginner,,6.375849385043095,3,3.9838661544853777
2431,Shoulder Press - With Bands,strength,Shoulders,bands,beginner,,7.308883723360887,9,7.21515510220497
2432,External Rotation with Band,strength,Shoulders,bands,beginner,,7.393007767531826,12,9.775108606439929
2433,FYR Band Pull-Apart,strength,Shoulders,bands,intermediate,,5.106705773129133,4,7.08823995616871
2434,HM Lateral Raise,strength,Shoulders,bands,intermediate,,6.580411143118072,8,6.753620792645336
2435,Rusin Banded Over-And-Back,strength,Shoulders,bands,intermediate,,8.933244412856375,14,3.1122852572266617
2436,Rusin Banded Face Pull,strength,Shoulders,bands,intermediate,,6.6182885930590505,9,9.034092705482971
2437,UP Band Pull-Apart,strength,Shoulders,bands,intermediate,,8.203119268201108,11,5.766770651360559
2438,Jordan Shallow Band-Resisted Thread the Needle,strength,Shoulders,bands,intermediate,,4.779320120593486,13,5.892699061837485
2439,30 Shoulders Seated Banded Barbell Shoulder Press,strength,Shoulders,bands,intermediate,,4.4329865007067735,8,3.643804534719047
2440,Band shoulder press,strength,Shoulders,bands,intermediate,"The band shoulder press is a deltoid exercise and an alternative to the classic dumbbell shoulder press. The dynamic tension of the band forces the core to stabilize the body and more closely matches the strength curve of the shoulder press. It can be performed in low reps, such as 5-8 reps per set, to build shoulder strength, or for higher reps to build muscle and for conditioning. It can work as the main focus of a shoulder day but is also popular as an accessory movement to the bench press or barbell military press.",5.8657318887714105,12,8.983462662782081
2441,Band lateral raise,strength,Shoulders,bands,intermediate,"The band lateral raise is a shoulder exercise that targets the medial or middle head of the deltoid muscle. It's a variation of the dumbbell lateral raise, a staple strength-training move. The band lateral raise is a great option for warm-up or accessory work on upper-body training days. The dynamic tension of the band provides constant tension and matches the strength curve of the movement. It is usually performed for moderate to high reps, at least 8-12 reps, as part of the upper-body or shoulder-focused portion of a workout.",5.0694946598448265,11,8.649884125338318
2442,Band upright row,strength,Shoulders,bands,intermediate,"The band upright row is a popular movement for building stronger and bigger traps and shoulders and similar to the dumbbell upright row. Many lifters combine this move with either their back or shoulder workout, since it involves both body parts. Using the band provides dynamic resistance and is easier on the shoulder than using a barbell. It is generally performed for moderate to high reps, such as 8-12 reps per set or more.",5.520061665850022,6,5.980237439518391
2443,Staggered-stance band shoulder press,strength,Shoulders,bands,intermediate,"The staggered-stance band shoulder press is a deltoid exercise and a variation of the band shoulder press. The dynamic tension of the band forces the core to stabilize the body, and the staggered-stance provides more stability and relieves tension on the back. It can be performed in low reps, such as 5-8 reps per set, to build shoulder strength, or for higher reps to build muscle and for conditioning. It can work as the main focus of a shoulder day but is also popular as an accessory movement to the bench press or barbell military press.",7.543467692014969,11,6.196985764151902
2444,Single-arm banded landmine press,strength,Shoulders,bands,intermediate,"The single-arm banded landmine press is an upper-body exercise that uses an angled barbell anchored at floor level in a landmine device. It can also be performed by sticking a barbell in the corner of a room, preferably in a towel to protect the walls. The band adds constant tension and dynamic resistance to the exercise. The movement focuses primarily on the muscles of the shoulders or deltoids and can be trained in traditional muscle and strength-focused rep ranges or for higher reps.",8.36017812738808,4,8.928870785724452
2445,Band front raise rear fly row combo,strength,Shoulders,bands,intermediate,"The band front raise rear fly row combo is a combination of three different shoulder exercises to build and strengthen the anterior, middle deltoids, and posterior portions of the shoulders. It requires a continuous loop band to provide constant, dynamic tension throughout the movement. In addition to the front and rear delts, this exercise works the arms, chest, back, and core, making it a great time-efficient shoulder burnout or accessory movement on an upper-body day.",7.97668933999818,11,9.851838456365254
2446,Jordan Shallow Foam Roller Thoracic Extension,strength,Shoulders,foam_roll,intermediate,,8.062441670247193,9,9.631148617947549
2447,Jordan Shallow Thread the Needle (with Foam Roller),strength,Shoulders,foam_roll,intermediate,,5.715557770341825,8,5.218440385867158
2448,Clean and press,strength,Shoulders,barbell,intermediate,"The clean and press is a full-body lift comprised of two movements: the clean, where the bar is pulled from the floor and caught in the front rack position in three pulls or phases, followed by the overhead press. Decades ago, it was contested in the Olympics. Today, it remains a worthy centerpiece of a power and strength training program, and has full-body benefits when done for low reps as well as moderate to high reps.",8.748947516736742,7,6.560426583873838
2449,Clean and jerk,strength,Shoulders,barbell,intermediate,"The clean and jerk is a full-body lift that is one of two contested lifts in Olympic weightlifting competitions. It is comprised of two movements: the clean, where the bar is pulled from the floor and caught in the front rack position in three pulls or phases, followed by the jerk overhead. The clean and jerk hits every muscle from head to toe and can be the centerpiece of a lifting program. It is also popular in CrossFit and athletic training programs. It is usually performed in low rep ranges, focusing on power and movement quality.",8.062003183567814,8,9.49929407773805
2450,Military press,strength,Shoulders,barbell,intermediate,"The military press is a compound movement used to build size and strength in the shoulders. It was once contested as a fourth powerlift, but is rarely competed anymore. However, being able to press a significant weight overhead remains a popular marker of upper-body strength. The military press can be trained as a strength lift or in traditional muscle-building rep ranges as part of full-body, shoulder-focused, or upper-body training.",4.314078900295835,6,7.991090899740421
2451,Seated barbell shoulder press,strength,Shoulders,barbell,intermediate,"The seated barbell shoulder press is a classic exercise for building muscle and strength in the shoulders. The triceps also play a significant role in pressing the barbell overhead. Performing the movement seated reduces help from the lower body and decreases the risk of overextending the lumbar spine during the movement. This press variation can be the primary pressing movement on an upper-body or shoulder day, or an effective accessory movement later in a workout.",9.374512226646532,12,6.352415624610957
2452,Snatch-Grip Behind-The-Neck Overhead Press,strength,Shoulders,barbell,beginner,,7.87853066021192,12,3.4960232675851626
2453,Standing Bradford press,strength,Shoulders,barbell,intermediate,"The standing Bradford press is an obscure yet effective shoulder exercise that alternates front presses with behind-the-neck presses. It can be used as a warm-up for other press variations on a shoulder day, or as a muscle-building movement on its own in a shoulder or upper-body focused workout. It is usually performed for relatively high reps, such as 8-15 reps per set or higher, or just to the point of fatigue.",7.0561405570754605,5,5.292305504943933
2454,Barbell Shoulder Press,strength,Shoulders,barbell,intermediate,"The seated barbell shoulder pressis a classic exercise for building muscle and strengthening the shoulders, particularly but not exclusively the front heads. The triceps also play a significant roles in pressing the barbell overhead.",6.935284486708797,10,3.828173714020831
2455,Barbell rear delt bent-over row,strength,Shoulders,barbell,intermediate,"The barbell rear delt bent-over row is a movement used to target the shoulders as well as the upper-back muscles. It is performed with lighter weights than a traditional barbell bent-over row, and is usually performed for higher reps, such as 8-15 reps per set, as part of a back or upper-body workout.",4.735512163902239,10,4.883398615417002
2456,Barbell upright row,strength,Shoulders,barbell,intermediate,The barbell upright row is a barbell exercise that builds stronger and bigger traps. Many lifters combine this move with either their back or shoulder workout since it involves both body parts.,8.366850860557765,8,9.96078811482524
2457,Bradford/Rocky Presses,strength,Shoulders,barbell,beginner,,6.1909607583175745,9,4.60772257488515
2458,Lying rear delt fly,strength,Shoulders,barbell,intermediate,"The lying rear delt fly is an upper-body exercise that targets the rear deltoid of the shoulder. By performing the movement lying face down on a bench, it eliminates momentum from the rest of the body. This movement is usually performed for moderate to high reps, such as 8-12 reps per set or more, as part of the upper-body or shoulder-focused portion of a workout.",7.550584632346212,9,8.965088753567432
2459,Machine Shoulder (Military) Press,strength,Shoulders,barbell,intermediate,The machine shoulder press is an upper body exercise targeting the deltoids.,6.234754788894316,9,6.783398989587021
2460,Standing Barbell Press Behind Neck,strength,Shoulders,barbell,intermediate,"The standing behind-the-head press is a classic shoulder exercise that was used widely during bodybuilding's professed Golden Era. In addition to the deltoids, it also works the trapezius and triceps muscles. It may not be a good choice for some people's shoulders, depending on their injury history. It can be trained in strength-focused rep ranges, but is more commonly trained in moderate to high reps, such as 8-15 reps per set.",8.19563103281465,3,4.342372608335939
2461,Barbell front raise,strength,Shoulders,barbell,intermediate,"The barbell front raise is an upper-body isolation exercise that targets the shoulders. It is usually performed for moderate to high reps, such as 8-12 reps or higher, as part of the shoulder-focused part of any workout.",6.662264550469944,5,8.699958407954302
2462,Overhead bar front raise,strength,Shoulders,barbell,intermediate,"The overhead bar front raise is an exercise targeting the muscles of the traps (trapezius), especially the upper traps, as well as the front or anterior shoulders. It can also be performed with a weight plate or dumbbell, providing a neutral grip that may be more shoulder-friendly for some lifters. Overhead raises are most common for high reps (at least 8-12 reps per set or higher) on a shoulder, trap, or other upper-body-focused muscle-building day.",9.545478403135656,4,8.623081338926925
2463,Incline barbell shoulder protraction,strength,Shoulders,barbell,intermediate,"The incline barbell shoulder protraction is an upper-body movement that targets strength and mobility in the scapula or shoulder blades. This can help increase pressing strength and prevent injury. It also helps develop the serratus anterior, an often-neglected muscle around the ribcage that can aid in shoulder health and upper-body muscle definition. Because it targets such small muscles, this exercise is usually performed with light weight for high reps, such as 8-12 reps per set or more.",4.229995300970767,5,9.663817650779825
2464,Behind-the-head push-press,strength,Shoulders,barbell,intermediate,The behind-the-head push-press is an overhead press variation in which the barbell starts in the back rack position and is pushed overhead with assistance from the lower body. It is most often seen in training for Olympic weightlifting. It can be part of a barbell complex or performed for low reps focusing on power and movement quality.,5.717235504233788,6,5.905152672644386
2465,Rack Delivery,strength,Shoulders,barbell,beginner,,5.478217186433052,9,4.447504339305586
2466,Smith Incline Shoulder Raise,strength,Shoulders,barbell,beginner,,3.268646939565128,6,4.804374071964341
2467,Tall Muscle Snatch,strength,Shoulders,barbell,beginner,,4.48777685176062,5,9.009635118124713
2468,Axle Clean And Press,strength,Shoulders,barbell,beginner,,7.409969202183973,8,6.201709753438486
2469,Jerk Balance,strength,Shoulders,barbell,beginner,,3.583825639150199,7,3.235067305969672
2470,Seated EZ-bar shrug,strength,Shoulders,barbell,intermediate,"The seated EZ-bar shrug is an exercise targeting the trapezius muscle, that V-shaped muscle that forms a triangle where the shoulders meet the neck. It is usually performed for moderate to high reps during an upper-body or shoulders and traps-focused workout.",5.187764820033416,13,5.945512975576089
2471,Paul Carter Barbell Seated Military Press,strength,Shoulders,barbell,intermediate,"The seated barbell shoulder pressis a classic exercise for building muscle and strengthening the shoulders, particularly but not exclusively the front heads. The triceps also play a significant roles in pressing the barbell overhead.",7.78490365014731,11,6.856872177107263
2472,TBS Barbell Military Press,strength,Shoulders,barbell,intermediate,"The military press is a compound movement used to build size and strength in the shoulders. It was once contested as a fourth powerlift, but is rarely competed anymore. However, being able to press a significant weight overhead remains a popular marker of upper-body strength. The military press can be trained as a strength lift or in traditional muscle-building rep ranges as part of full-body, shoulder-focused, or upper-body training.",4.225873417447964,4,6.052017247549991
2473,Incline Front Barbell Raise - Gethin Variation,strength,Shoulders,barbell,intermediate,"The incline face-down bar front raise is an upper-body exercise targeting the shoulders. Because it is performed face down on an angled bench, it has a greater range of motion than standing or upright-seated raises and hits the shoulders from a different angle. Raise variations are usually performed for moderate to high reps, such as 8-12 reps per set or more, as part of upper-body or shoulder-focused training.",3.5446892627928617,13,6.180356103952613
2474,Barbell Front Raise - Gethin Variation,strength,Shoulders,barbell,intermediate,"The barbell front raise is an upper-body isolation exercise that targets the shoulders. It is usually performed for moderate to high reps, such as 8-12 reps or higher, as part of the shoulder-focused part of any workout.",3.930859289595508,11,9.949110734581556
2475,Single-arm barbell lateral raise,strength,Shoulders,barbell,intermediate,"The single-arm barbell lateral raise is an isolation exercise targeting the shoulders. It is more challenging than using a dumbbell and has an instability component that may make the deltoid muscles work harder. It is generally performed one side at a time for moderate to high reps, such as 8-15 reps per set, as part of a shoulder-focused workout.",8.83271513458927,12,4.718517394846769
2476,AM Upright Row,strength,Shoulders,barbell,intermediate,The barbell upright row is a barbell exercise that builds stronger and bigger traps. Many lifters combine this move with either their back or shoulder workout since it involves both body parts.,4.662500658085976,5,5.843223436089658
2477,AM Barbell Shoulder Press,strength,Shoulders,barbell,intermediate,"The standing barbell shoulder press is a compound movement used to build size and strength in the shoulders. The shoulder press can be trained as a strength lift or in traditional muscle-building rep ranges as part of full-body, shoulder-focused, or upper-body training.",8.35069335608853,13,4.477824855984979
2478,Standing barbell shoulder press,strength,Shoulders,barbell,intermediate,"The standing barbell shoulder press is a compound movement used to build size and strength in the shoulders. The shoulder press can be trained as a strength lift or in traditional muscle-building rep ranges as part of full-body, shoulder-focused, or upper-body training.",4.076826332689653,7,5.072490710319711
2479,King Maker Barbell Thruster,strength,Shoulders,barbell,intermediate,"The barbell thruster is a full-body exercise that incorporates both squatting and pressing in one functional movement. It's especially common in contemporary CrossFit workouts, but also in general strength training. The barbell is usually cleaned into place first, but it could be performed taken from a squat rack in a front-rack position. The thruster can be performed in traditional strength-focused rep ranges to build strength in the press, or in higher reps for full-body conditioning.",6.427662687483818,11,7.123477791958217
2480,Single-arm incline cable cross-over,strength,Shoulders,barbell,intermediate,"The single-arm incline cable cross-over is an isolation movement that uses a cable stack and a bench to target the upper part of the pectoral muscles. Working the chest one side at a time allows you to focus on balance between the sides of your chest and really feel the chest muscles contracting. It is common in upper-body and chest-focused muscle-building workouts, often in combination with other presses or flyes to target the chest from different angles.",8.372776994511085,3,9.077671810201188
2481,Barbell bear complex,strength,Shoulders,barbell,intermediate,"The barbell bear complex is a series of barbell lifts that run together in a single sequence: a barbell power clean, front squat, push-press, back squat, and another push-press from behind the neck. It trains the entire body for both building strength and improving conditioning. It is often performed for rounds, either with or without rest between rounds.",9.517255728541464,8,7.822510704040448
2482,30 Shoulders Barbell Shrug,strength,Shoulders,barbell,intermediate,,4.2726263872141335,12,4.6651063835536135
2483,30 Shoulders Incline Face-Up Straight-Bar Front Raise,strength,Shoulders,barbell,intermediate,,5.957729823539197,3,8.670206959823709
2484,30 Shoulders Seated Dumbbell Shoulder Press,strength,Shoulders,barbell,intermediate,,3.834101930148498,13,4.351353201707856
2485,30 Shoulders Standing Behind-The-Head Shoulder Press,strength,Shoulders,barbell,intermediate,,6.819976907501473,14,8.46447807511143
2486,30 Shoulders Standing Barbell Press,strength,Shoulders,barbell,intermediate,,7.434299493343246,8,6.474695794257809
2487,FYR2 Wide Overhead Press,strength,Shoulders,barbell,intermediate,,5.051355874935878,5,9.171580990387538
2488,Single-arm kettlebell push-press,strength,Shoulders,kettlebells,intermediate,"The single-arm kettlebell push-press is a popular kettlebell movement that involves performing a press with help from the muscles of the lower body. It is preceded by a clean at the start of each set, and optionally you can perform a clean between each rep. It can be trained in traditional strength or muscle-building rep ranges, in circuit or fat-loss training, or as part of a larger kettlebell combination or complex.",7.632790332897389,13,8.66040030271241
2489,Two-Arm Kettlebell Military Press,strength,Shoulders,kettlebells,beginner,,6.47124169484526,7,7.313791823257639
2490,Alternating Kettlebell Press,strength,Shoulders,kettlebells,beginner,,7.80564235989398,11,3.5164788037539343
2491,Single-arm kettlebell snatch,strength,Shoulders,kettlebells,intermediate,"The single-arm kettlebell snatch is a kettlebell exercise that involves lifting a kettlebell overhead in a single motion. It is popular as a full-body strength and conditioning movement, but it's also competed for reps in Russian-style girevoy sport. A ""snatch test"" of max reps in 5 or 10 minutes is also a common measurement of conditioning in kettlebell training. It can be performed from the ground or with a swing",7.657182858178575,6,3.6054752441160334
2492,Single-arm kettlebell clean and jerk,strength,Shoulders,kettlebells,intermediate,"The single-arm kettlebell clean and jerk is a popular kettlebell movement that is performed both in an exercise setting and competitively as a part of Russian-style girevoy sport. It differs from a clean and push-press in that the lifter ""dips"" under the weight rather than simply using the legs to help push the weight up. Each rep of a clean and jerk is preceded by a clean at the start of each set. It can be trained in traditional strength or muscle-building rep ranges, in circuit or fat-loss training, or as part of a larger kettlebell combination or complex.",9.913486146162345,13,6.875427494468607
2493,Kettlebell pirate ship,strength,Shoulders,kettlebells,intermediate,"The kettlebell pirate ship is a rotational shoulder and core-focused kettlebell movement. It demands the lifter raise the kettlebell to the side in both directions, emphasizing core strength in the transverse abdominis and obliques in particular. It is best learned with a light weight, using controlled movements in both directions.",6.337763491522484,4,4.237438521694581
2494,Two-Arm Kettlebell Clean,strength,Shoulders,kettlebells,beginner,,4.135033423528343,9,4.953713484299626
2495,Double Kettlebell Push Press,strength,Shoulders,kettlebells,intermediate,"The double-kettlebell push-press is a popular kettlebell movement that involves performing a press with help from the muscles of the lower body. It is preceded by a double clean at the start of each set, and optionally you can perform a clean between each rep. It can be trained in traditional strength or muscle-building rep ranges, in circuit or fat-loss training, or as part of a larger kettlebell combination or complex.",9.528912667403128,4,5.288466520971527
2496,Kettlebell Seated Press,strength,Shoulders,kettlebells,beginner,,6.261524752052445,11,8.257172874819096
2497,Double Kettlebell Jerk,strength,Shoulders,kettlebells,beginner,,5.155366292213534,8,9.237783979121565
2498,Kettlebell Arnold Press,strength,Shoulders,kettlebells,beginner,,3.59751762190953,12,3.824532221014996
2499,Double-kettlebell windmill,strength,Shoulders,kettlebells,intermediate,"The double-kettlebell windmill is an advanced kettlebell exercise emphasizing core strength and shoulder and hip mobility and stability. Because it involves holding one weight overhead while holding another under the torso, it builds strength across the core and stability in the shoulders. It doesn't work well in a metcon or conditioning setting, and shouldn't be performed under intense fatigue.",3.8606539992832594,8,4.168259614829637
2500,One-Arm Kettlebell Split Snatch,strength,Shoulders,kettlebells,beginner,,4.138539331129545,12,7.25936562948319
2501,One-Arm Kettlebell Para Press,strength,Shoulders,kettlebells,beginner,,4.82352871277649,5,5.995895883434988
2502,One-Arm Kettlebell Split Jerk,strength,Shoulders,kettlebells,beginner,,9.143308202925656,9,8.9726257609235
2503,One-Arm Kettlebell Military Press To The Side,strength,Shoulders,kettlebells,beginner,,3.665475168913754,3,4.28594448625207
2504,One-Arm Kettlebell Jerk,strength,Shoulders,kettlebells,beginner,,9.261040307679199,10,4.508951041031754
2505,Double Kettlebell Snatch,strength,Shoulders,kettlebells,beginner,,5.675699507784277,10,5.129270231903199
2506,Two-Arm Kettlebell Jerk,strength,Shoulders,kettlebells,beginner,,9.737966511986421,12,4.617971417784992
2507,FYR Kettlebell Power Clean,strength,Shoulders,kettlebells,intermediate,"The kettlebell power clean is an explosive kettlebell exercise where the lifter pulls the weight to shoulder level with a slight swing between the legs. It is often used as a drill to teach kettlebell clean technique, but is also a valuable power exercise in its own right. It can be performed in low rep ranges for strength or higher rep ranges for technique practice or muscle growth.",4.92790753764376,8,5.339684828679024
2508,Kettlebell upright row,strength,Shoulders,kettlebells,intermediate,"The kettlebell upright row is an exercise targeting the muscles of the traps (trapezius), as well as the posterior muscles of the shoulders or deltoid muscles. It is common as a light- or moderate-weight accessory movement in upper-body or shoulder training, usually in rep ranges of 8-12 or more. It may not be appropriate for some people, depending on their shoulder health.",8.580450043483152,10,4.837504218835077
2509,Kettlebell upright row and press,strength,Shoulders,kettlebells,intermediate,"The kettlebell upright row and press is a combination of two popular kettlebell movements in a single sequence. This combination can be performed for time or for reps, often as circuit-style training for conditioning or fat loss, or in a kettlebell complex or flow.",8.679503265113858,11,7.117353102724391
2510,Single-arm kettlebell thruster,strength,Shoulders,kettlebells,intermediate,"The single-arm kettlebell thruster is a popular kettlebell movement that combines a kettlebell front squat with a kettlebell press. It is preceded by a clean at the start of each set, and you can perform a clean between each rep if you choose. It can be trained in traditional strength or muscle-building rep ranges, in circuit or fat-loss training, or as part of a kettlebell combination or complex.",9.436553645545327,10,7.861571741562399
2511,Double-kettlebell shoulder press,strength,Shoulders,kettlebells,intermediate,"The double-kettlebell shoulder press is a popular movement in strength and muscle-focused kettlebell workouts. Each set is started by cleaning the weights up to the rack position. The weights can optionally be re-cleaned between each rep, which is known as a clean and press. The double press can be trained in traditional strength or muscle-growth rep ranges (e.g., 5x5 or 8-12 reps per set), or in circuit-style fat-loss training or kettlebell complexes.",7.169333328400495,9,3.516425932656814
2512,Double-kettlebell push-press,strength,Shoulders,kettlebells,intermediate,"The double-kettlebell push-press is a popular kettlebell movement that involves performing a press with help from the muscles of the lower body. It is preceded by a double clean at the start of each set, and optionally you can perform a clean between each rep. It can be trained in traditional strength or muscle-building rep ranges, in circuit or fat-loss training, or as part of a larger kettlebell combination or complex.",7.773487397979771,6,6.516112418627287
2513,HM Kettlebell Windmill,strength,Shoulders,kettlebells,intermediate,,3.8268952950431916,6,8.320516027033065
2514,HM Kettlebell Z-Press,strength,Shoulders,kettlebells,intermediate,,8.381036567792709,10,5.783837193748173
2515,Taylor Half-Kneeling Kettlebell Halo,strength,Shoulders,kettlebells,intermediate,,5.2657886458751895,13,3.5541364563649704
2516,Taylor Towel Kettlebell Farmer's Walk,strength,Shoulders,kettlebells,intermediate,,4.368830080383789,10,3.0131492468081356
2517,FYR2 Double-Kettlebell Alternating Press,strength,Shoulders,kettlebells,intermediate,,3.515532480289173,3,3.725560847235392
2518,FYR2 Double-Kettlebell Thruster,strength,Shoulders,kettlebells,intermediate,,8.828581412356488,13,9.58036137266075
2519,FYR2 Half-Kneeling Kettlebell Clean,strength,Shoulders,kettlebells,intermediate,,4.8372349370819085,14,4.423423499408231
2520,FYR2 Kettlebell Clean and Press,strength,Shoulders,kettlebells,intermediate,,7.979613608790121,8,5.066874346514928
2521,FYR2 Kettlebell High Pull to Overhead Press,strength,Shoulders,kettlebells,intermediate,,5.087305950387844,3,8.687942358026287
2522,FYR2 Kettlebell Swing Clean and Press,strength,Shoulders,kettlebells,intermediate,,4.848848190788026,7,3.05489279960978
2523,FYR2 Single-Arm Kettlebell Press,strength,Shoulders,kettlebells,intermediate,,5.828341881706118,14,8.355991116277334
2524,FYR2 Ascending-Rep High-Pull-Press Complex,strength,Shoulders,kettlebells,intermediate,,7.2456108155892185,10,3.4041661444470805
2525,Dumbbell front raise to lateral raise,strength,Shoulders,dumbbell,intermediate,"The dumbbell front raise to lateral raise is a dumbbell complex that combines two exercises that build and strengthen the middle deltoids and the anterior deltoids of the shoulders. It is usually performed one rep of each movement at a time, although you could perform more reps of each, or increase the reps in successive rounds (e.g., 1 rep in round 1, 2 reps in round 2, etc.). No matter how you perform it, it targets both the anterior and medial deltoids, making it a great time-efficient shoulder burnout or accessory movement on an upper-body day.",9.77113587848341,12,7.784167651312464
2526,Single-arm palm-in dumbbell shoulder press,strength,Shoulders,dumbbell,intermediate,"The single-arm palm-in dumbbell shoulder press builds the shoulder muscles but with two major differences from the standard dumbbell shoulder press. It's done one arm at a time and the wrist stays neutral throughout the movement. It can be performed standing or seated. A single dumbbell press can be pursued as a strength goal, or trained in traditional muscle-building rep ranges such as 8-15 reps per set or more.",5.709903648671034,13,6.820453007686446
2527,Standing palms-in shoulder press,strength,Shoulders,dumbbell,intermediate,"The standing palms-in shoulder press is a dumbbell exercise targeting the shoulders. It can be performed in strength-focused rep ranges, such as 5-8 reps per set, or for higher reps to build muscle or for conditioning.",3.0031237514831473,8,8.1392508269536
2528,Seated Dumbbell Press,strength,Shoulders,dumbbell,intermediate,"The seated dumbbell shoulder pressis an exercise for building muscle and strengthening the shoulders, particularly but not exclusively the front heads. The triceps also assist. Some lifters feel that using dumbbells versus a barbell reduced injury risk.",3.909125791893979,13,7.456508028064395
2529,Standing dumbbell shoulder press,strength,Shoulders,dumbbell,intermediate,"The standing dumbbell shoulder press is a classic deltoid-building exercise that is common in gyms around the world. Performing the move standing up as opposed to seated allows more weight to be used and taxes the core more than seated presses. The standing press is worthy of being the main movement in a muscle-building shoulder workout, but is also a great strength movement and accessory for the bench press.",4.938353860951773,13,8.376988002589126
2530,Single-arm lateral raise,strength,Shoulders,dumbbell,intermediate,"The single-arm lateral raise is a shoulder exercise that targets the medial or middle head of the deltoid muscle. It's a staple strength-training move and is a great option for accessory work on upper-body training days. Hold on to a post for balance, or do it free-standing to challenge core strength and stability. It is usually performed for moderate to high reps, at least 8-12 reps per side, as part of the upper-body or shoulder-focused portion of a workout.",6.222717951652811,14,5.034099457240355
2531,Power Partials,strength,Shoulders,dumbbell,beginner,,7.574336724678283,10,8.387591104285335
2532,Incline dumbbell reverse fly,strength,Shoulders,dumbbell,intermediate,"The incline dumbbell reverse fly is an upper-body exercise targeting the posterior or rear deltoids, as well as the postural muscles of the upper back. Because it targets such small muscles, this exercise is usually performed with light weight for high reps, such as 10-15 reps per set or more.",3.20377717982055,6,7.4656981552603465
2533,Overhead dumbbell front raise,strength,Shoulders,dumbbell,intermediate,"The overhead dumbbell front raise takes the dumbbell front raise one step further, extending the motion all the way above the head. In addition to the shoulders, it activates and strengthens the muscles of the traps and upper back. It is usually performed for moderate to high reps, such as 8-15 reps or more. It can be part of a dynamic upper-body warm-up, performed as a muscle-building upper-body movement, or as a burnout movement on shoulder day.",6.018759054923914,8,8.21868402579512
2534,Seated dumbbell shoulder press,strength,Shoulders,dumbbell,intermediate,"The seated dumbbell shoulder press is a popular exercise for building muscle and strength in the shoulders. The triceps also work hard in this lift. Many lifters find using dumbbells to be more comfortable and shoulder-friendly for this press variation than a barbell. This can be the primary pressing movement on an upper-body or shoulder day, or an effective accessory movement later in a workout.",8.643541542780321,12,3.5889748694599954
2535,Alternating standing shoulder press,strength,Shoulders,dumbbell,intermediate,"The alternating standing shoulder press is a popular dumbbell exercise targeting the shoulders. It can be performed in strength-focused rep ranges, such as 5-8 reps per set, or for higher reps to build muscle or for conditioning.",8.024636357377487,13,5.0811501567262685
2536,Single-arm incline rear delt raise,strength,Shoulders,dumbbell,intermediate,"The single-arm incline rear delt raise is an upper-body exercise targeting the posterior deltoids or shoulder muscles, as well as the postural muscles of the upper back. Training each side independently can help correct imbalances in size, strength, and shoulder stability. Because it targets such small muscles, this exercise is usually performed with light weight for high reps, such as 10-15 reps per set or more.",7.295394276619534,3,6.998021194143835
2537,Alternating dumbbell front raise,strength,Shoulders,dumbbell,intermediate,"The alternating dumbbell front raise is a single-joint exercise targeting the shoulder muscles, particularly the front or anterior deltoids. Performing the movement one shoulder at a time gives a momentary rest to each side while the other is working, potentially allowing you to do more reps during each set. It is usually performed for moderate to high reps, at least 8-12 reps per set, as part of an upper-body or shoulder-focused workout.",3.929223936008143,4,9.571772269024212
2538,Alternating Deltoid Raise,strength,Shoulders,dumbbell,intermediate,The dumbbell front raise to lateral raise combines two exercises that build and strengthen the middle deltoids and the anterior deltoids of the shoulders.,9.744762850584575,5,8.731942384754042
2539,Single-dumbbell front raise,strength,Shoulders,dumbbell,intermediate,"The single-dumbbell front raise is an isolation movement that targets the shoulders. In particular, it focuses on the anterior or front head of the deltoid muscles. By performing it with one dumbbell at a time, you can focus on each shoulder muscle independently and try to address muscular imbalances between shoulders. This movement is usually performed for moderate to high reps, at least 8-12 reps per set, as part of an upper-body or shoulder-focused workout.",5.082909365822497,8,9.587223414828381
2540,Arnold press,strength,Shoulders,dumbbell,intermediate,"Named after the iconic bodybuilder and movie star, the Arnold press adds rotation to a classic shoulder press. It allows the hands to rotate naturally, while also hitting all three heads of the deltoids in one motion. It is usually performed for moderate to high reps, such as 8-12 reps or more, as part of the upper-body or shoulder-focused portion of a workout.",8.787366986951197,13,7.111222284258231
2541,Single-arm standing shoulder press,strength,Shoulders,dumbbell,intermediate,"The single-arm standing shoulder press is a popular exercise to build size and strength the shoulders and triceps. Most lifters find they can go heavier (per arm) on this movement than if they are pressing two dumbbells simultaneously, making it an effective strength movement as well as a muscle-building movement in higher reps.",5.4142418336064715,7,9.826268199443941
2542,Dumbbell front raise,strength,Shoulders,dumbbell,intermediate,"The dumbbell front raise is a single-joint exercise targeting the shoulder muscles, particularly the front or anterior deltoids. It is usually performed for moderate to high reps, at least 8-12 reps per set, as part of an upper-body or shoulder-focused workout.",3.132030721641981,7,4.797925088739001
2543,Bent-over dumbbell rear delt row,strength,Shoulders,dumbbell,intermediate,"The bent-over dumbbell rear delt row is a popular upper-body exercise that targets the muscles on the backside of the shoulder joint, specifically the medial and rear heads of the deltoid. Since pressing movements build the front and (to a lesser degree) side deltoid heads, this move is often done to promote balanced shoulder development. It is usually performed for high reps, such as 10-15 reps per set or more, as part of a shoulder or upper-body workout.",5.856119990194264,11,5.269281152284492
2544,Incline dumbbell front raise,strength,Shoulders,dumbbell,intermediate,"The incline dumbbell front raise is an upper-body exercise targeting the shoulders. Because it is performed face down on an angled bench, it has a greater range of motion than standing or upright-seated raises and hits the shoulders from a different angle. Raise variations are usually performed for moderate to high reps, such as 8-12 reps per set or more, as part of upper-body or shoulder-focused training.",9.359203629641609,4,6.76475370520165
2545,Side Lateral Raise,strength,Shoulders,dumbbell,intermediate,"The dumbbell lateral raise is an upper body isolation exercise for building shoulder strength and muscle. It's a staple strength training move and is a great option for accessory work on upper body training days. This exercise particularly focuses on the lateral or medial head of the deltoid, making them appear wider and more developed.",5.747041713668058,3,6.663266820605882
2546,Dumbbell external shoulder rotation,strength,Shoulders,dumbbell,intermediate,"The dumbbell external shoulder rotation is a lightweight dumbbell exercise intended to maintain the health of the shoulder joints, including the rotator cuffs. It is often used as a warm-up or prehab for a shoulder or chest-focused workout with lots of pressing.",8.287761772027737,14,6.333865326753371
2547,Single-arm incline lateral raise,strength,Shoulders,dumbbell,intermediate,"The single-arm incline lateral raise is an exercise targeting the lateral or medial head of the shoulder muscles. It is performed lying sideways on an incline bench set to around 45 degrees, which helps to increase the range of motion in the lift and enforce strict form. Because it targets such small muscles, this exercise is usually performed with light weight for high reps, such as 8-12 reps per set or more.",5.413484902675219,5,9.217361714935173
2548,Seated rear delt fly,strength,Shoulders,dumbbell,intermediate,"The seated rear delt fly is an upper-body exercise that targets the real deltoid of the shoulder. By performing the movement seated, it eliminates momentum from the rest of the body. This movement is usually performed for moderate to high reps, such as 8-12 reps per set or more, as part of the upper-body or shoulder-focused portion of a workout.",9.470148670779977,9,5.931146577363053
2549,Dumbbell Raise,strength,Shoulders,dumbbell,beginner,,9.237832297380535,8,3.8980310206446482
2550,Seated Side Lateral Raise,strength,Shoulders,dumbbell,intermediate,"The seated dumbbell lateral raiseis an iconic exercise for developing the shoulders. If you’ve ever worked out with weights, chances are you’ve done this move at some point. Proper execution is paramount to avoid injury.",9.255784797871714,4,8.18275254298118
2551,Dumbbell Lying Rear Lateral Raise,strength,Shoulders,dumbbell,intermediate,"The incline dumbbell reverse fly is an upper-body exercise targeting the posterior or rear deltoids, as well as the postural muscles of the upper back. Because it targets such small muscles, this exercise is usually performed with light weight for high reps, such as 10-15 reps per set or more.",5.598933780706947,7,5.391940534133834
2552,Head-on-bench dumbbell rear delt raise,strength,Shoulders,dumbbell,intermediate,"The head-on-bench dumbbell rear delt raise is an exercise targeting the posterior shoulder muscles, or rear deltoids. This variation of the bent-over rear delt raise often helps to better isolate this area of the shoulder. Because it targets such small muscles, this exercise is usually performed with light weight for high reps, such as 10-15 reps per set or more.",9.18697815441118,14,5.791658825448713
2553,Cuban press,strength,Shoulders,dumbbell,intermediate,"The Cuban press is an exercise that targets the muscles of the shoulders, rotator cuff, and upper back. It combines a shoulder external rotation with a dumbbell press, training multiple muscles and motions in a single sequence. It can be performed standing, or as a more difficult variation face-down on an incline bench. It is usually performed with relatively light weight as part of a dynamic warm-up for upper-body lifting.",7.410376778437857,7,8.314494456087951
2554,Reverse Flyes With External Rotation,strength,Shoulders,dumbbell,beginner,,7.701327059335206,7,5.470893505173219
2555,Single-arm side lying rear fly,strength,Shoulders,dumbbell,intermediate,"The single-arm side lying rear fly is an upper-body exercise that targets the rear deltoid of the shoulder. By performing the movement lying on a bench, it eliminates momentum from the rest of the body. This movement is usually performed for moderate to high reps, such as 8-12 reps per set or more, as part of the upper-body or shoulder-focused portion of a workout.",7.621375446808854,5,3.6031840441555234
2556,Single-arm dumbbell upright row,strength,Shoulders,dumbbell,intermediate,"The single-arm dumbbell upright row is a popular movement for building stronger and bigger traps and shoulders. Many lifters combine this move with either their back or shoulder workout, since it involves both body parts. It is generally performed for moderate to high reps, such as 8-12 reps per set or more.",5.541079999280186,6,7.147266355210214
2557,Dumbbell Scaption,strength,Shoulders,dumbbell,beginner,,3.3620656305924728,10,4.075119484493333
2558,See-Saw Press (Alternating Side Press),strength,Shoulders,dumbbell,beginner,,6.093718127000265,5,9.227527337898653
2559,Dumbbell Incline Shoulder Raise,strength,Shoulders,dumbbell,beginner,,9.763937974759045,12,6.299870519940344
2560,Single-arm half-kneeling shoulder press,strength,Shoulders,dumbbell,intermediate,"The single-arm half-kneeling shoulder press is a popular exercise to target the deltoid muscles while also developing strength and stability in the core and hips. Balance can be a challenge, which is one reason why this movement is generally trained lighter than standing single-arm shoulder presses. The half-kneeling press can be used as an accessory lift for the shoulder press or bench press, or simply as a technique to make shoulder presses stricter and more athletic.",4.9578870044625525,12,8.655003817252762
2561,Dumbbell Clean And Jerk,strength,Shoulders,dumbbell,beginner,,5.105628936220265,6,9.30713463390828
2562,Dumbbell shoulder press with body rotation,strength,Shoulders,dumbbell,intermediate,"The dumbbell shoulder press with body rotation is a twist on the traditional dumbbell shoulder press. Rather than pressing straight overhead, you twist your torso and hips to the side during each rep. It hits the deltoid muscles just like a shoulder press, but adds a challenge to the core, hips, and back muscles. Due to the potential balance challenge of twisting and pressing at the same time, it is commonly performed with light to moderate weights.",3.080760707311297,9,5.45210627118504
2563,Dumbbell Fix Dumbbell Military Press,strength,Shoulders,dumbbell,intermediate,,7.421636504983342,12,9.017159155331262
2564,Dumbbell Fix Standing Dumbbell Arnold Press,strength,Shoulders,dumbbell,intermediate,,7.151980871059075,5,8.40226006907923
2565,Dumbbell Fix Dumbbell Single-Arm Snatch,strength,Shoulders,dumbbell,intermediate,,8.405363078955837,7,3.6763795388852047
2566,Paul Carter Rear-Delt Fly,strength,Shoulders,dumbbell,intermediate,"The seated rear delt fly is an upper-body exercise that targets the real deltoid of the shoulder. By performing the movement seated, it eliminates momentum from the rest of the body. This movement is usually performed for moderate to high reps, such as 8-12 reps per set or more, as part of the upper-body or shoulder-focused portion of a workout.",7.5363806724811715,14,9.689814601184164
2567,FYR Dumbbell Shoulder Press,strength,Shoulders,dumbbell,intermediate,The standing dumbbell shoulder press is a classic deltoid-builder (especially the front deltoids) that’s ubiquitous in gyms around the world. Performing the move standing up as opposed to seated allows for more weight to be used.,6.715945079106888,5,8.857074117731727
2568,FYR Single-Arm Dumbbell Press,strength,Shoulders,dumbbell,intermediate,"The single-arm standing shoulder press builds shoulder muscle but with two major differences from the standard seated dumbbell shoulder press. It’s done one arm at a time, as well as standing, which may allow more weight to be used.",9.063010064402427,14,5.807924525391806
2569,FYR Dumbbell Tempo L-Raise,strength,Shoulders,dumbbell,intermediate,"The dumbbell lateral raise is an upper body isolation exercise for building shoulder strength and muscle. It's a staple strength training move and is a great option for accessory work on upper body training days. This exercise particularly focuses on the lateral or medial head of the deltoid, making them appear wider and more developed.",6.175609815897339,3,9.164348845890418
2570,Dumbbell seesaw shoulder press,strength,Shoulders,dumbbell,intermediate,"The dumbbell seesaw shoulder press is an exercise targeting the deltoids and triceps. The difference between this movement and the alternating shoulder press is that both dumbbells keep moving throughout each rep, rather than having one weight be stationary while the other moves. This piston-style pressing increases time under tension and may allow you to complete more total reps than with alternating reps.",5.339844743991348,13,5.334694186296739
2571,FYR Dumbbell front raise to lateral raise,strength,Shoulders,dumbbell,intermediate,The dumbbell front raise to lateral raise combines two exercises that build and strengthen the middle deltoids and the anterior deltoids of the shoulders.,7.874293456954606,12,9.230871701215868
2572,FYR Dumbbell Arnold Press,strength,Shoulders,dumbbell,intermediate,"Named after the iconic bodybuilder/movie star, the Arnold press adds rotation to a classic shoulder press, hitting all three heads of the deltoids in one motion.",8.37239414276866,14,3.495493699534161
2573,FYR Dumbbell Military Press to Dumbbell High Pull to V-up,strength,Shoulders,dumbbell,intermediate,,4.442916840756121,3,6.140408374032807
2574,FYR Dumbbell Thruster,strength,Shoulders,dumbbell,intermediate,"The dumbbell thruster, which begins with a squat and ends with an overhead press, works the entire body at once in a single fluid motion. This exercise is often performed with kettlebells, but dumbbells work great, too.",9.739677151750275,4,9.572740827337078
2575,Dumbbell hang snatch,strength,Shoulders,dumbbell,intermediate,"The dumbbell hang snatch is an explosive exercise that builds full-body power and targets the muscles of the hips, back, and shoulders. Performing the movement from the hang position, rather than from the ground, emphasizes explosive hip and upper-body power. It can be performed for low reps with a focus on power and speed, or for higher reps to build muscle or as part of a metabolic conditioning circuit.",4.495182741774436,3,4.9605677947965265
2576,Surfer sprawl,strength,Shoulders,dumbbell,intermediate,"The surfer sprawl is an explosive bodyweight exercise that targets multiple muscle groups across the upper and lower body. It is similar to a burpee, but instead of jumping at the top, you end in a ""surfer position,"" alternating sides with each rep. It can be performed for time or reps in any fat-loss or athleticism-focused circuit or workout. The surfer position offers a unique way to challenge the body by staying in a low position rather than standing up after the plank.",8.956881941600315,4,9.501141591558525
2577,Dumbbell clean and press,strength,Shoulders,dumbbell,intermediate,"The dumbbell clean and press is a full-body movement that targets both the lower and upper body. The clean utilizes the muscles of the hips, legs, glutes, back, and biceps, while the press utilizes the shoulders and triceps. It can be trained in low to moderate reps for strength, or for higher reps, such as 8-12 reps per set or more, for muscle building or metabolic conditioning.",9.206333989800424,11,9.799427625916032
2578,Standing One-Arm Shoulder Press - Gethin Variation,strength,Shoulders,dumbbell,intermediate,"The single-arm standing shoulder press builds shoulder muscle but with two major differences from the standard seated dumbbell shoulder press. It’s done one arm at a time, as well as standing, which may allow more weight to be used.",9.778235001647817,14,5.433828085514407
2579,Incline Front Dumbbell Raise - Gethin Variation,strength,Shoulders,dumbbell,intermediate,The incline dumbbell front raise is an isolation exercise targeting the shoulders,5.092121391669261,5,9.980987877716391
2580,Dumbbell lateral raise,strength,Shoulders,dumbbell,intermediate,"The dumbbell lateral raise is a shoulder exercise that targets the medial or middle head of the deltoid muscle. It's a staple strength-training move and is a great option for accessory work on upper-body training days. It is usually performed for moderate to high reps, at least 8-12 reps, as part of the upper-body or shoulder-focused portion of a workout.",7.394019433701902,6,8.564337564215874
2581,Incline Rear-Delt Fly - Gethin Variation,strength,Shoulders,dumbbell,intermediate,"The incline dumbbell reverse fly is an upper-body exercise targeting the posterior or rear deltoids, as well as the postural muscles of the upper back. Because it targets such small muscles, this exercise is usually performed with light weight for high reps, such as 10-15 reps per set or more.",4.5344843234151755,7,3.945934218321144
2582,Incline Bench Rear Dumbbell Fly - Gethin Variation,strength,Shoulders,dumbbell,intermediate,"The incline dumbbell reverse fly is an upper-body exercise targeting the posterior or rear deltoids, as well as the postural muscles of the upper back. Because it targets such small muscles, this exercise is usually performed with light weight for high reps, such as 10-15 reps per set or more.",3.274610555480355,8,5.659798771644898
2583,Dumbbell front raise and press,strength,Shoulders,dumbbell,intermediate,"The dumbbell front raise and press combines two upper-body moves into one challenging sequence targeting the deltoid muscles. It's a simple way to boost your heart rate while getting a good upper-body pump, and is a natural fit in time-efficient upper-body or circuit training.",7.2394808405830915,4,6.28029782127163
2584,Rotator cuff warm-up,strength,Shoulders,dumbbell,intermediate,"The rotator cuff warm-up is a simple exercise targeting the rotator cuffs through weighted shoulder external rotation. It's a classic way to warm up the shoulder prior to sports or training, as well as a common rehab movement. The rotator cuffs are a notorious injury-prone structure in the shoulders of Major League pitchers and other athletes. This is a movement most commonly done for moderate to high reps, such as 8-12 reps or more per set.",8.58784915388833,14,6.9346723590802375
2585,Seated Lateral Raise - Gethin Variation,strength,Shoulders,dumbbell,intermediate,"The seated dumbbell lateral raiseis an iconic exercise for developing the shoulders. If you’ve ever worked out with weights, chances are you’ve done this move at some point. Proper execution is paramount to avoid injury.",4.165929957461695,11,5.918465664488977
2586,Single-arm dumbbell arc row,strength,Shoulders,dumbbell,intermediate,"The single-arm dumbbell arc row is an exercise for building the latissimus dorsi, or lat, muscles of the back. This variation has more of an arcing shape than the traditional single-arm dumbbell row, which may increase the mind-muscle connection and hit the back from a different angle. You probably won't be able to go as heavy on this as on a traditional row.",3.1321745926980884,10,7.166252423333023
2587,Incline Rear Delt Raises - Gethin Variation,strength,Shoulders,dumbbell,intermediate,"The incline dumbbell reverse fly is an upper-body exercise targeting the posterior or rear deltoids, as well as the postural muscles of the upper back. Because it targets such small muscles, this exercise is usually performed with light weight for high reps, such as 10-15 reps per set or more.",9.70090558870459,9,9.083236283863945
2588,Incline Dumbbell Y Raise,strength,Shoulders,dumbbell,intermediate,,5.923873533683059,8,7.739238876809235
2589,HM Bent-Over Rear-Delt Fly,strength,Shoulders,dumbbell,intermediate,,8.293132524455576,12,3.770871390252166
2590,HM Dumbbell Shoulder Press,strength,Shoulders,dumbbell,intermediate,,9.956398169206672,12,8.792145641524964
2591,HM Single-Leg Overhead Dumbbell Press,strength,Shoulders,dumbbell,intermediate,,7.140397148358738,3,7.267632772609587
2592,6 Way Shoulder Raise,strength,Shoulders,dumbbell,intermediate,,7.04572214528266,7,8.576723932516458
2593,Seated dumbbell lateral raise,strength,Shoulders,dumbbell,intermediate,"The seated dumbbell lateral raise is an exercise that targets the shoulder muscles, particularly the medial or middle head of the deltoids. Performing it on a bench helps enforce strict form and eliminate swinging or using momentum to move the weights. Lateral raise variations are usually performed for moderate to high reps, such as 8-12 reps per set or more, as part of the upper-body or shoulder-focused portion of a workout.",4.911745442341292,4,7.181220668876416
2594,AM Dumbbell Shoulder Press,strength,Shoulders,dumbbell,intermediate,"The seated dumbbell shoulder pressis an exercise for building muscle and strengthening the shoulders, particularly but not exclusively the front heads. The triceps also assist. Some lifters feel that using dumbbells versus a barbell reduced injury risk.",9.288224234325039,3,7.358403340642202
2595,AM Dumbbell Side Raise,strength,Shoulders,dumbbell,intermediate,"The dumbbell lateral raise is an upper body isolation exercise for building shoulder strength and muscle. It's a staple strength training move and is a great option for accessory work on upper body training days. This exercise particularly focuses on the lateral or medial head of the deltoid, making them appear wider and more developed.",5.135737152181568,11,9.904891175537953
2596,AM Front Raise,strength,Shoulders,dumbbell,intermediate,"The alternating dumbbell front raise is an isolation movement that targets the shoulders. By using one arm at a time, you can use more weight than when you use both arms at once. Bodybuilders use this exercise to zero in on the front shoulders, but the simple movement also makes it great for people new to lifting weights.",9.097084092226705,7,8.201981929746399
2597,UP Dumbbell Lateral Raise,strength,Shoulders,dumbbell,intermediate,"The dumbbell lateral raise is an upper body isolation exercise for building shoulder strength and muscle. It's a staple strength training move and is a great option for accessory work on upper body training days. This exercise particularly focuses on the lateral or medial head of the deltoid, making them appear wider and more developed.",9.125676396197445,13,3.263640226533388
2598,UP Seated Dumbbell Overhead Press,strength,Shoulders,dumbbell,intermediate,"The seated dumbbell shoulder pressis an exercise for building muscle and strengthening the shoulders, particularly but not exclusively the front heads. The triceps also assist. Some lifters feel that using dumbbells versus a barbell reduced injury risk.",8.955673115634866,12,6.6782284437862085
2599,AA Incline Bench Dumbbell Reverse Fly,strength,Shoulders,dumbbell,intermediate,,7.327625042336534,14,5.8040674645479235
2600,CM Forward Shoulder Press,strength,Shoulders,dumbbell,intermediate,,8.511843861471352,13,8.748008032158562
2601,Dumbbell Halo,strength,Shoulders,dumbbell,intermediate,,9.105613782109312,12,5.4973873411702066
2602,Standing Dumbbell Scap Raise,strength,Shoulders,dumbbell,intermediate,,9.797395833660879,12,9.364984576252317
2603,Holman Overhead Press,strength,Shoulders,dumbbell,intermediate,,4.5024260011844754,9,3.009576746734428
2604,Holman Slow Weighted Half Jack to Overhead Press,strength,Shoulders,dumbbell,intermediate,,6.982443814557188,11,3.5580931564421636
2605,Holman Slow Arnold Press,strength,Shoulders,dumbbell,intermediate,,9.218873811001405,6,4.449507884901162
2606,Holman Boat Arnold Press with Feet Push-Out,strength,Shoulders,dumbbell,intermediate,,8.24719322281949,12,7.670530911329088
2607,Holman Dumbbell Hip Drive to Overhead Press,strength,Shoulders,dumbbell,intermediate,,6.0136567157350935,13,8.982641972601687
2608,Holman Squat Thrust to Alternating Renegade Triceps Press,strength,Shoulders,dumbbell,intermediate,,5.257688839297065,7,5.848243166066544
2609,Holman Cheer Press,strength,Shoulders,dumbbell,intermediate,,7.925151455956372,5,8.832360013011272
2610,Holman Left Arm Press with Right Arm Hold,strength,Shoulders,dumbbell,intermediate,,3.009086440350518,10,7.659666933951659
2611,Holman Right Arm Press with Left Arm Hold,strength,Shoulders,dumbbell,intermediate,,9.180977961424924,9,6.397906848256859
2612,Holman Left Front Raise with Right Hold,strength,Shoulders,dumbbell,intermediate,,7.9599363271406895,7,8.605458582478464
2613,Holman Right Front Raise with Left Hold,strength,Shoulders,dumbbell,intermediate,,4.485815918825619,9,5.958922200098991
2614,Holman Alternating Front Raise to Side Raise,strength,Shoulders,dumbbell,intermediate,,3.790403607434488,10,8.117424999402967
2615,Holman Heavy Right Arm Overhead Press,strength,Shoulders,dumbbell,intermediate,,6.944125191191757,4,5.185744148699866
2616,Holman Heavy Left Arm Overhead Press,strength,Shoulders,dumbbell,intermediate,,7.737791439181876,6,6.292813708531325
2617,Holman Right Arm Heavy Overhead Press,strength,Shoulders,dumbbell,intermediate,,5.094615843002599,9,6.484736829354803
2618,Holman Right Diagonal Lunge to Overhead Press,strength,Shoulders,dumbbell,intermediate,,6.007985092095996,8,9.515623176954854
2619,Holman Left Arm Heavy Overhead Press,strength,Shoulders,dumbbell,intermediate,,8.90083129847418,7,6.080810430454851
2620,Holman Weighted Palms-In Overhead Press,strength,Shoulders,dumbbell,intermediate,,6.675030604080025,10,4.111397559901867
2621,Dumbbell racked carry,strength,Shoulders,dumbbell,intermediate,"The dumbbell racked carry involves carrying dumbbells for time or distance, while holding them close to the shoulders in a front-racked position. Similar to a dumbbell farmer's carry, it can be a challenging finisher to any workout, or work well in fat-loss circuit training or as an accessory movement to heavy lifts like the deadlift.",3.070427883687488,8,7.883829016202599
2622,Dumbbell clean and push-press,strength,Shoulders,dumbbell,intermediate,"The dumbbell clean and push-press is a full-body movement that targets both the lower and upper body. The clean utilizes the muscles of the hips, legs, glutes, back, and biceps, while the push-press utilizes the shoulders and triceps. It differs from the clean and press in that the push-press allows you to use lower-body momentum to power through the most difficult part of the press. It can be trained in low to moderate reps for strength, or for higher reps, such as 8-12 reps per set or more, for muscle building or metabolic conditioning.",6.3843265362201835,10,4.205280978858866
2623,Total Fitness Dumbbell Farmer's Carry,strength,Shoulders,dumbbell,intermediate,"The dumbbell farmer's walk or carry is an exercise with roots in competitive strongman training, but which is also popular in CrossFit and functional training. It can be a challenging finisher to any workout, or work well in fat-loss circuit training or as an accessory movement to heavy lifts like the deadlift.",9.265686190645635,11,5.106588573798707
2624,Single-arm dumbbell racked carry,strength,Shoulders,dumbbell,intermediate,"The single-arm dumbbell racked carry involves carrying a single dumbbell for time or distance, while holding it close to the shoulders in a front-racked position. Similar to a dumbbell farmer's carry, it can be a challenging finisher to any workout, or work well in fat-loss circuit training or as an accessory movement to heavy lifts like the deadlift.",5.566433401830661,14,6.5855263092492615
2625,Jordan Shallow Dumbbell Pull-Over,strength,Shoulders,dumbbell,intermediate,,6.671152087434457,9,4.809312131205206
2626,King Maker Dumbbell Lateral Raise,strength,Shoulders,dumbbell,intermediate,"The dumbbell lateral raise is an upper body isolation exercise for building shoulder strength and muscle. It's a staple strength training move and is a great option for accessory work on upper body training days. This exercise particularly focuses on the lateral or medial head of the deltoid, making them appear wider and more developed.",4.993778132284961,12,8.398202603272459
2627,Dumbbell shadow boxing,strength,Shoulders,dumbbell,intermediate,"Dumbbell shadow boxing is a more advanced version of a popular conditioning exercise. By adding a pair of lightweight dumbbells, you can greatly increase the challenge to both the shoulders and cardiovascular system.",5.58517574953104,9,4.431511787689473
2628,King Maker Dumbbell Farmer's Carry,strength,Shoulders,dumbbell,intermediate,"The dumbbell farmer's walk or carry is an exercise with roots in competitive strongman training, but which is also popular in CrossFit and functional training. It can be a challenging finisher to any workout, or work well in fat-loss circuit training or as an accessory movement to heavy lifts like the deadlift.",7.585977697188433,9,5.252775123555002
2629,King Maker Dumbbell Shrug,strength,Shoulders,dumbbell,intermediate,"The standing dumbbell shrug is a popular movement to build and strengthen the trapezius muscles. It’s a often trained on a bodybuilding-style shoulder or back training day, but can also work well in full-body or strength-focused training.",6.482570540007741,12,3.329034933599959
2630,30 Shoulders Alternating Dumbbell Front Raise,strength,Shoulders,dumbbell,intermediate,,9.226426501443175,8,4.381331738066271
2631,30 Shoulders Bent-Over Dumbbell Reverse Fly,strength,Shoulders,dumbbell,intermediate,,9.271871988991634,3,4.684902077425324
2632,30 Shoulders Dumbbell Front Raise,strength,Shoulders,dumbbell,intermediate,,3.344297823248652,9,4.808763320745563
2633,30 Shoulders Dumbbell Lateral Raise,strength,Shoulders,dumbbell,intermediate,,3.7115723134141314,11,9.846969099333204
2634,30 Shoulders Dumbbell Shrug,strength,Shoulders,dumbbell,intermediate,,5.753246997059615,8,8.564630600205726
2635,30 Shoulders Incline Face-Down Dumbbell Reverse Fly,strength,Shoulders,dumbbell,intermediate,,9.322468928064083,6,8.334624555437273
2636,30 Shoulders Seated Dumbbell Front Raise,strength,Shoulders,dumbbell,intermediate,,6.114936177208819,13,6.237493006135053
2637,30 Shoulders Seated Dumbbell Side Raise,strength,Shoulders,dumbbell,intermediate,,5.294976895327595,6,9.449458871594992
2638,30 Shoulders Neutral-Grip Arnold Press,strength,Shoulders,dumbbell,intermediate,,4.918169128865155,5,3.449143130951846
2639,30 Shoulders Standing Dumbbell Upright Row,strength,Shoulders,dumbbell,intermediate,,6.559812974878983,12,6.691499524483133
2640,MetaBurn 3-Way Shoulder Raise,strength,Shoulders,dumbbell,intermediate,,9.65437486250302,9,9.474226022093555
2641,MetaBurn Dumbbell Overhead Press,strength,Shoulders,dumbbell,intermediate,,6.349148586165578,4,7.365284894012702
2642,MetaBurn Single-Leg Arnold Press,strength,Shoulders,dumbbell,intermediate,,3.1288605398388705,12,5.98981940524052
2643,RG Forward-Leaning Dumbbell Upright Row,strength,Shoulders,dumbbell,intermediate,,3.176938539563652,10,9.257023372213661
2644,RG Alternating Seated Dumbbell Lateral Raise,strength,Shoulders,dumbbell,intermediate,,5.244927781832262,5,3.1795916397316
2645,RG Seated Dumbbell Shoulder Press,strength,Shoulders,dumbbell,intermediate,,8.224516698887623,6,6.884182778811727
2646,FYR2 Dumbbell Clean and Jerk,strength,Shoulders,dumbbell,intermediate,,5.673332645666129,12,3.613742895553564
2647,FYR2 Dumbbell Cross-Body Front Raise,strength,Shoulders,dumbbell,intermediate,,7.228419244862288,7,4.102519718029371
2648,FYR2 Dumbbell Front Raise,strength,Shoulders,dumbbell,intermediate,,5.544707852856779,11,7.240689157562176
2649,FYR2 Dumbbell Lateral Raise,strength,Shoulders,dumbbell,intermediate,,3.2877443431989457,11,3.1019843235223488
2650,FYR2 Lateral Raise Hold,strength,Shoulders,dumbbell,intermediate,,9.270269767020062,6,3.033046985377828
2651,FYR2 Seesaw Dumbbell Military Press,strength,Shoulders,dumbbell,intermediate,,4.577623863258545,11,5.869464888598649
2652,FYR2 Single-Dumbbell Halo,strength,Shoulders,dumbbell,intermediate,,5.01308050418643,13,8.061290608265638
2653,FYR2 Single-Dumbbell Overhead Press,strength,Shoulders,dumbbell,intermediate,,6.648849640024171,11,5.336223522108249
2654,Car driver,strength,Shoulders,other,intermediate,"The car driver is a variation of the plate front raise exercise where the lifter holds a weight plate in front of them and twists it from side to side, similar to a steering wheel. It targets the muscles of the shoulders, the front or anterior deltoids in particular, but is also challenging to the core and upper-back muscles. It can provide variety in a shoulder-focused muscle-building workout or as part of an upper-body or full-body circuit.",5.476541822472191,13,4.512201581694397
2655,Arnold press,strength,Shoulders,dumbbell,intermediate,"Named after the iconic bodybuilder and movie star, the Arnold press adds rotation to a classic shoulder press. It allows the hands to rotate naturally, while also hitting all three heads of the deltoids in one motion. It is usually performed for moderate to high reps, such as 8-12 reps or more, as part of the upper-body or shoulder-focused portion of a workout.",9.871126720972228,11,6.862927772633355
2656,Front Plate Raise,strength,Shoulders,other,intermediate,"The plate front raise is a variation of the dumbbell front raise where the lifter holds a weight plate between two hands, rather than using a dumbbell, barbell, or other weight. It can provide variety in a shoulder-focused muscle-building workout, or as part of an upper body or full-body circuit.",5.476887189435729,10,7.680033399149185
2657,Battle ropes,strength,Shoulders,other,intermediate,"Battle ropes are an explosive training tool that involves moving the rope in waves with the other end of the rope anchored at ground level. There are many different types of waves, but the most common is alternating waves with the left and right hands. The battle ropes can be performed for short bursts as power training, for longer durations as cardiovascular training, or as a component of a conditioning or fat-loss circuit.",3.0488508126673084,4,6.85893138139173
2658,Seated rear delt fly,strength,Shoulders,dumbbell,intermediate,"The seated rear delt fly is an upper-body exercise that targets the real deltoid of the shoulder. By performing the movement seated, it eliminates momentum from the rest of the body. This movement is usually performed for moderate to high reps, such as 8-12 reps per set or more, as part of the upper-body or shoulder-focused portion of a workout.",6.058000402044533,10,4.944230052263619
2659,Circus Bell,strength,Shoulders,other,beginner,,3.606705969656547,11,5.702229779823041
2660,Landmine Linear Jammer,strength,Shoulders,other,intermediate,"The linear jammer is an explosive pressing movement performed using an angled barbell anchored at floor level in a landmine device. It can also be performed by sticking a barbell in the corner of a room, preferably in a towel to protect the walls. The linear jammer involves pressing the weight into the air, then catching it with the other hand. The movement focuses primarily on the muscles of the shoulders or deltoids. It can be trained in traditional muscle and strength-focused rep ranges, for lower reps with a focus on explosive pressing power, or for higher reps.",5.207643335079943,13,3.8056514000631974
2661,Crucifix,strength,Shoulders,other,beginner,,7.943345141250074,14,3.920434323698591
2662,Bar shoulder extension stretch,flexibility,Shoulders,other,beginner,The bar shoulder extension stretch is a technique to increase overhead mobility (known as shoulder flexion) and thoracic extension with the help of a bar or other stable object. It is often used as part of a warm-up before upper-body training.,5.496702952986533,8,8.125263420791939
2663,Chair Upper Body Stretch,flexibility,Shoulders,other,beginner,,5.191786671043152,10,8.669137595830207
2664,Sled Reverse Flye,strength,Shoulders,other,intermediate,,9.071527552933073,13,9.387384970638564
2665,Plate shoulder circle big to small,strength,Shoulders,other,intermediate,"The plate shoulder circle big to small is an exercise targeting the shoulder complex. Typically, this is considered a warm-up move rather than a working exercise. It warms up the shoulder joint and works small and hard-to-attack muscles such as the rotator cuff group.",4.878260233247298,12,6.8201529273230665
2666,Sled Overhead Backward Walk,strength,Shoulders,other,beginner,,3.0273031600324463,9,8.053430179405948
2667,Log Lift,strength,Shoulders,other,beginner,,3.4265356157518605,13,7.027256855334638
2668,Standing suspended rear delt fly,strength,Shoulders,other,intermediate,"The standing suspended rear delt fly is a bodyweight movement targeting the shoulders and upper back using a suspension strap system or gymnastic rings. It can be performed for time or reps as part of a dynamic warm-up for an upper-body strength workout, or in the workout itself either in traditional muscle-building rep ranges or for higher reps.",8.74218306893549,3,5.125589183909165
2669,Waiter's carry,strength,Shoulders,other,intermediate,"The waiter's carry is a type of loaded carry that targets the core, shoulders, and upper back. A weight is raised overhead with a single arm before the lifter begins walking in that position. It resembles a waiter carrying a tray overhead—hence the name. It can be performed for time or distance.",9.722989501942312,9,7.757475757147132
2670,Towel dumbbell front raise,strength,Shoulders,other,intermediate,The towel dumbbell front raise is a variation of the dumbbell front raise that involves hanging a dumbbell from a towel held in the hands. It could also be performed with a kettlebell or weight plate. It can provide variety in a shoulder-focused muscle-building workout or as part of an upper-body or full-body circuit.,4.49591484430172,8,5.746574324685246
2671,Reach-roll-lift combo,flexibility,Shoulders,other,intermediate,"The reach-roll-lift combo is a mobility drill for the upper back and shoulders. It can be part of a dynamic warm-up for upper-body workouts, or as postural training anytime.",9.917037250267343,6,9.87124066947936
2672,Upright Row - Gethin Variation,strength,Shoulders,other,intermediate,The barbell upright row is a barbell exercise that builds stronger and bigger traps. Many lifters combine this move with either their back or shoulder workout since it involves both body parts.,9.421239688115516,12,7.495713017052926
2673,Squat Press Shoulder Press - Gethin Variation,strength,Shoulders,other,intermediate,,8.387918908198337,8,8.7025109861589
2674,Plate lateral raise,strength,Shoulders,other,intermediate,"The plate lateral raise is an exercise targeting the side heads of the shoulder muscles or deltoids. It closely resembles the more popular dumbbell lateral raise, but is performed with light plates, making the movement slightly more difficult. It is usually performed for moderate to high reps as part of a shoulder or upper-body workout.",3.158408043366374,12,6.85113540362803
2675,Standing Military Press - Gethin Variation,strength,Shoulders,other,intermediate,"The military press is a compound movement used to build size and strength in the shoulders. It was once contested as a fourth powerlift, but is rarely competed anymore. However, being able to press a significant weight overhead remains a popular marker of upper-body strength. The military press can be trained as a strength lift or in traditional muscle-building rep ranges as part of full-body, shoulder-focused, or upper-body training.",8.102254848911581,7,7.168576868061564
2676,Bent-over plate rear delt raise,strength,Shoulders,other,intermediate,"The bent-over plate rear delt raise is an exercise targeting the rear heads of the shoulders, or deltoids. You can also use dumbbells or other light weights for a similar effect. This movement is usually performed as part of a dynamic warm-up or as a high-rep burnout movement on a shoulder or back day.",9.306131083732954,11,5.494006489810905
2677,Single-arm landmine press,strength,Shoulders,other,intermediate,"The single-arm landmine press is an upper-body exercise that uses an angled barbell anchored at floor level in a landmine device. It can also be performed by sticking a barbell in the corner of a room, preferably in a towel to protect the walls. The angle of a landmine press is usually somewhere between an incline press and a military press, and the movement focuses primarily on the muscles of the shoulders or deltoids. It can be trained in traditional muscle and strength-focused rep ranges or for higher reps.",6.554783395921426,3,3.331578056525235
2678,Plate front raise,strength,Shoulders,other,intermediate,"The plate front raise is a variation of the front raise where the lifter holds a weight plate between two hands, rather than using a dumbbell, barbell, or other weight. It can provide variety in a shoulder-focused muscle-building workout or as part of an upper-body or full-body circuit.",8.549921253251831,10,6.1322042431200865
2679,Holman Slow Overhead Press,strength,Shoulders,other,intermediate,,6.913195207297407,5,9.296844340855202
2680,30 Shoulders Plate Front Raise,strength,Shoulders,other,intermediate,,9.844748427619747,4,8.95943602164887
2681,Single-arm landmine push-press,strength,Shoulders,other,intermediate,"The single-arm landmine push-press is an explosive upper-body exercise that uses an angled barbell anchored at floor level in a landmine device. It can also be performed by sticking a barbell in the corner of a room, preferably in a towel to protect the walls. The angle of a landmine press is usually somewhere between an incline press and a military press, and the movement focuses primarily on the muscles of the shoulders or deltoids. It can be trained in traditional muscle and strength-focused rep ranges or for higher reps.",3.9540321693823266,12,4.975845156140947
2682,Single-arm cable front raise,strength,Shoulders,cable,intermediate,"The single-arm cable front raise is an isolation exercise targeting the anterior and medial deltoids or shoulder muscles. The single-arm version of this movement allows you to focus on each side independently. Because grip will be a limitation, it is usually performed for moderate to high reps, at least 8-12 reps per set, as part of an upper-body or shoulder-focused workout.",5.800496602929975,10,6.511108018041762
2683,Cable Internal Rotation,strength,Shoulders,cable,beginner,,3.053088363694669,4,5.949067714952777
2684,Seated face pull,strength,Shoulders,cable,intermediate,"The seated face pull is a cable exercise targeting the shoulder muscles, particularly the rear delts, and the muscles of the upper back. This can help build healthier shoulders and posture, and increase shoulder stability. It is usually performed for moderate to high reps as part of a dynamic warm-up for an upper-body workout or in the main part of a shoulder-focused workout.",5.243213742036433,6,9.934747027522329
2685,Single-arm bent-over cable rear delt fly,strength,Shoulders,cable,intermediate,"The single-arm bent-over cable rear delt fly is an exercise targeting the rear deltoids. It is a great way to isolate this area of the shoulder and attack each side independently. It is usually performed for moderate to high reps, at least 8-12 reps per set, as part of an upper-body or shoulder-focused workout.",4.551802229338447,11,5.850535255855849
2686,Seated cable shoulder press,strength,Shoulders,cable,intermediate,"The seated cable shoulder press is a multijoint machine-based exercise that focuses on the deltoid or shoulder muscles, as well as the triceps. It's most common in muscle-building workouts and rep ranges, usually 8-12 reps or more.",9.79014042136641,14,8.261824594450523
2687,Standing face pull,strength,Shoulders,cable,intermediate,"The standing face pull is an isolation exercise primarily targeting the rear deltoids, traps, and upper back. It is most often performed with a rope attachment.",5.708124568677451,14,6.077266389311356
2688,Standing cable rear delt row,strength,Shoulders,cable,intermediate,"The standing cable rear delt row primarily targets the rear deltoids. This movement also hits the traps, rhomboids, and biceps. It is usually performed for moderate to high reps, at least 8-12 reps per set, as part of an upper-body or shoulder-focused workout.",6.570408864611473,6,9.037529413581108
2689,Standing Low-Pulley Deltoid Raise,strength,Shoulders,cable,intermediate,"The single-arm cable lateral raise is an isolation exercise targeting the shoulders, specifically the medial deltoid. This movement also hits the traps and upper back, and allows you to focus on each side independently. Because grip is a limitation, it is usually performed for moderate to high reps, like at least 8-12 reps per set, as part of an upper body or shoulders-focused workout.",7.38529534710336,12,7.0951258639859445
2690,Standing crossed-cable rear delt fly,strength,Shoulders,cable,intermediate,"The standing crossed-cable rear delt fly is an isolation exercise for the rear deltoids. It is usually performed for moderate to high reps, at least 8-12 reps per set, as part of an upper-body or shoulder-focused workout.",7.544748486966006,5,6.731630923301042
2691,Cable Shoulder Press,strength,Shoulders,cable,beginner,,7.165280619994152,12,7.27109560657427
2692,Alternating Cable Shoulder Press,strength,Shoulders,cable,beginner,,5.451300144119648,10,9.767702736645957
2693,Cable Seated Lateral Raise,strength,Shoulders,cable,intermediate,,3.1783482379030574,6,5.586709501155605
2694,Single-arm lying cable front raise,strength,Shoulders,cable,intermediate,"The single-arm lying cable front raise is an isolation exercise for the shoulders, performed lying on the back, either on a bench or the ground, and lifting the cable over the torso one arm at a time. This movement is usually performed for moderate to high reps for a burn and pump as part of a shoulder-focused workout.",6.982815643377258,11,9.84132899409072
2695,Lying cable front raise,strength,Shoulders,cable,intermediate,"The lying cable front raise is an isolation exercise for the shoulders, particularly the front deltoids. It is performed lying on the back, either on a bench or the ground, with the cable lifted over the torso. This movement is usually performed for moderate to high reps for a burn and pump as part of a shoulder-focused workout.",6.757245227426884,12,8.560173975703599
2696,Cable Rear Delt Fly - Gethin Variation,strength,Shoulders,cable,intermediate,"The standing crossed-cable rear delt fly is an isolation exercise for the rear deltoids. It is usually performed for moderate to high reps, at least 8-12 reps per set, as part of an upper-body or shoulder-focused workout.",6.084734544258403,11,3.9066128139407006
2697,One-Arm Cable Side Raise - Gethin Variation,strength,Shoulders,cable,intermediate,"The single-arm cable lateral raise is an isolation exercise targeting the shoulders, specifically the medial deltoid. This movement also hits the traps and upper back, and allows you to focus on each side independently. Because grip is a limitation, it is usually performed for moderate to high reps, like at least 8-12 reps per set, as part of an upper body or shoulders-focused workout.",3.850272432310548,10,5.6677901998153715
2698,Rope Face Pull - Gethin Variation,strength,Shoulders,cable,intermediate,"The standing face pull is an isolation exercise primarily targeting the rear deltoids, traps, and upper back. It is most often performed with a rope attachment.",3.510617290664202,5,3.6857779890030202
2699,Lying cable lateral raise,strength,Shoulders,cable,intermediate,"The lying cable lateral raise is an isolation exercise that targets the medial or middle deltoid muscle of the shoulders. It is most common in muscle-building shoulder or upper-body workouts, usually in higher rep ranges of at least 8-12 reps per set.",3.7371724058657687,9,7.755781240003759
2700,Cable seated row,strength,Shoulders,cable,intermediate,"The cable seated row is a popular exercise to train the muscles of the upper back, including the lats (latissimus dorsi), traps, rhomboids, and rear deltoids, using a cable stack. It also targets the biceps to a lesser degree. The cable row can work well in a variety of rep ranges but is most popular in muscle-building workouts or as an accessory movement for strength workouts.",6.785528809493075,5,5.753666246048516
2701,Single-arm cable lateral raise,strength,Shoulders,cable,intermediate,"The single-arm cable lateral raise is an isolation exercise targeting the shoulders, specifically the medial deltoid. This movement also hits the traps and upper back and allows you to focus on each side independently. Because grip is a limitation, it is usually performed for moderate to high reps, at least 8-12 reps per set, as part of an upper-body or shoulder-focused workout.",9.351367942497784,3,6.039670234581162
2702,UP Cable Face Pull,strength,Shoulders,cable,intermediate,"The standing face pull is an isolation exercise primarily targeting the rear deltoids, traps, and upper back. It is most often performed with a rope attachment.",9.067804809164826,12,5.162858047546465
2703,AA Cable Leaning Side Raise,strength,Shoulders,cable,intermediate,,3.5637847630904798,10,3.1741876563309677
2704,30 Shoulders Bent-Over Low Cable Reverse Fly,strength,Shoulders,cable,intermediate,,8.902446720909058,14,4.3816944882219815
2705,30 Shoulders Cable Rope Face Pull,strength,Shoulders,cable,intermediate,,8.13398713965271,14,6.023229227508193
2706,30 Shoulders Cable Straight-Bar Front Raise,strength,Shoulders,cable,intermediate,,9.964405665271208,9,7.137428023787746
2707,30 Shoulders Cable Straight-Bar Upright Row,strength,Shoulders,cable,intermediate,,3.892300976737155,4,8.09122234738893
2708,30 Shoulders High Cable Reverse Fly,strength,Shoulders,cable,intermediate,,6.5884541246113955,12,5.479005591541813
2709,30 Shoulders Single-Arm Bent-Over Cable Reverse Fly,strength,Shoulders,cable,intermediate,,8.931012332195847,12,7.19477681643855
2710,30 Shoulders Single-Arm Cable Front Raise,strength,Shoulders,cable,intermediate,,5.209072165812151,10,3.530189546019569
2711,30 Shoulders Single-Arm Leaning Cable Lateral Raise,strength,Shoulders,cable,intermediate,,9.039617615611064,12,9.366013497433237
2712,RG 3-Way Single-Arm Rear Delt Cable Fly,strength,Shoulders,cable,intermediate,,5.1896832466074905,14,6.515942578779252
2713,RG Single-Arm Cross-Body Cable Front Raise,strength,Shoulders,cable,intermediate,,6.084814504258075,10,5.704157831594575
2714,Smith machine shoulder press,strength,Shoulders,machine,intermediate,"The Smith machine shoulder press is a machine-based exercise targeting the deltoid muscles. The Smith machine mimics a barbell but provides more stability. This movement can be programmed in low reps for strength or higher reps for muscle and strength endurance. It is often performed for moderate to high reps, such as 8-12 reps per set or more, as part of a shoulder or upper-body focused workout.",7.2358163077546225,14,5.663609565897724
2715,Machine shoulder press,strength,Shoulders,machine,intermediate,"The machine shoulder press is a machine-based exercise targeting the deltoid muscles. It approximates the motion of a free-weight shoulder press, but uses a selectorized weight-stack or plate-loaded machine. Many such machines also allow you to choose between different grips and grip widths. Machine shoulder presses are often done for moderate to high reps, such as 8-12 reps per set or more, as part of the upper-body or shoulder-focused portion of a workout.",4.9055389049585525,6,9.602737623132313
2716,Reverse Machine Flyes,strength,Shoulders,machine,intermediate,"The machine rear delt fly is an exercise targeting the rear head of the shoulder muscle or deltoids, as well as the muscles of the upper back. It's sort of the reverse of the machine chest fly, and is sometimes performed on the same machine, but facing the opposite direction. Because it targets such small muscles, this exercise is usually performed with light weight for high reps, such as 10-15 reps per set or more.",4.994890998236576,5,4.801245482741586
2717,Single-arm Smith machine upright row,strength,Shoulders,machine,intermediate,"The single-arm Smith machine upright row is an upper-body exercise targeting the muscles of the traps and shoulders. This movement is often performed for moderate to high reps, such as 8-12 reps per set or more, as part of an upper-body or shoulder-focused workout.",4.874789928198126,10,3.4136782221100876
2718,Machine Lateral Raise,strength,Shoulders,machine,intermediate,,4.852744029853818,12,7.170724082484518
2719,Smith machine behind-the-neck press,strength,Shoulders,machine,intermediate,"The Smith machine behind-the-neck press is a machine-based exercise targeting the deltoids. The Smith machine mimics a barbell but provides more stability. This movement can be programmed in low reps for strength or higher reps for muscle and strength endurance. It is often performed for moderate to high reps, such as 8-12 reps per set or more, as part of a shoulder or upper-body focused workout.",4.401294450917109,6,9.63710157904788
2720,Smith Machine Behind-The-Neck Press - Gethin Variation,strength,Shoulders,machine,intermediate,"The Smith machine behind-the-neck press is a machine-based exercise targeting the deltoids. The Smith machine mimics a barbell but provides more stability. This movement can be programmed in low reps for strength or higher reps for muscle and strength endurance. It is often performed for moderate to high reps, such as 8-12 reps per set or more, as part of a shoulder or upper-body focused workout.",5.526525032660566,7,3.7896154043987624
2721,30 Shoulders Leg Press Shoulder Press,strength,Shoulders,machine,intermediate,,9.89032292937992,12,6.665466043199046
2722,30 Shoulders Machine Shoulder Press,strength,Shoulders,machine,intermediate,,6.957061206945495,5,9.091931664206289
2723,30 Shoulders Pec-Deck Reverse Fly,strength,Shoulders,machine,intermediate,,4.649204903708458,3,4.589092151710208
2724,30 Shoulders Smith Machine Behind-The-Head Press,strength,Shoulders,machine,intermediate,,4.3336978956080765,12,5.43393244107537
2725,30 Shoulders Smith Machine Shoulder Press,strength,Shoulders,machine,intermediate,,7.430220953666704,9,5.682117205916811
2726,Handstand push-up,strength,Shoulders,none,intermediate,"The handstand push-up is an exercise targeting the shoulders, although other muscles assist in the completion of the reps. It is common in both CrossFit workouts and advanced bodyweight or calisthenics training. Given the degree of difficulty, beginners will need to progress to this move.",5.180544346520257,9,6.195755357827751
2727,Upward Stretch,flexibility,Shoulders,none,intermediate,,3.305622443117204,12,9.025738539311694
2728,Shoulder Circles,flexibility,Shoulders,none,intermediate,,7.123029701651768,11,9.355210841500277
2729,Cross-body shoulder stretch,flexibility,Shoulders,none,intermediate,"The cross-body shoulder stretch targets increased flexibility in the shoulders. It is a common inclusion in upper-body dynamic warm-ups prior to training or sports, but can also be performed anytime to ""limber up"" the upper body.",5.658138184913833,6,9.180245384163662
2730,Arm circle,flexibility,Shoulders,none,intermediate,"The arm circle is a non-weighted exercise targeting the shoulders. It involves extending your arms to the sides and drawing small circles in the air with your hands. It is common in warm-ups for both training and athletics, and is often performed simply until someone feels a burn, rather than for a set amount of reps.",5.315684985925566,8,5.533879508088009
2731,Seated Front Deltoid,flexibility,Shoulders,none,beginner,,7.64203383864682,5,9.21249392170714
2732,Shoulder Raise,flexibility,Shoulders,none,intermediate,,4.220637209846877,8,5.625260727841817
2733,Hand Stand Push-Up,strength,Shoulders,none,intermediate,"The handstand push-up is an exercise targeting the shoulders, although other muscles assist in the completion of the reps. It is common in both CrossFit workouts and advanced bodyweight or calisthenics training. Given the degree of difficulty, beginners will want to progress to this move.",4.912133507561126,9,5.576887872728757
2734,Wall walk,strength,Shoulders,none,intermediate,"The wall walk is a challenging exercise that works the entire body. From a push-up position, the hands walk back as the feet walk up the wall, then the whole movement is reversed. This is not for beginners, who will need to progress to this exercise.",3.820834722139345,3,8.073850375971976
2735,Return Push from Stance,cardio,Shoulders,none,intermediate,,9.82232267008094,9,6.827420161721157
2736,Wall shoulder tap,strength,Shoulders,none,intermediate,"The wall shoulder tap is a bodyweight shoulder exercise that is a popular movement for gymnasts, cheerleaders, and other athletes who need to spend a lot of time in dynamic handstand movements. Beginning in a handstand position with toes touching the wall, one hand is raised to touch the opposing shoulder. This continues in alternating fashion for the duration of the set.",6.852034425554331,11,8.900918640967594
2737,Bear crawl shoulder tap,strength,Shoulders,none,intermediate,"The bear crawl shoulder tap is a variation of the bear crawl that involves touching the opposing shoulder while in a static bear crawl hold. It adds an extra coordination and core challenge to an already intense full-body movement that targets the cardiovascular system as well as a wide range of muscle groups. It can be done as a full-body warm-up, or as part of a bodyweight circuit or flow.",6.727601044660911,9,5.035753560530054
2738,Shadow boxing,cardio,Shoulders,none,intermediate,"Shadow boxing is an exercise typically used in combat sports and fighting. However, it can also make a great cardio session for anyone to implement in a fast-paced circuit or as active rest. It is usually performed for time or rounds.",3.737924834693465,6,4.184978639730986
2739,Bear crawl fire feet,cardio,Shoulders,none,intermediate,"Bear crawl fire feet is a variation of the bear crawl that involves running in place while in a static bear crawl hold. It adds an extra coordination and full-body challenge to an already intense full-body movement that targets the cardiovascular system as well as a wide range of muscle groups. It can be done as a full-body warm-up, or as part of a bodyweight circuit or flow.",3.8322444195946828,5,3.924952976164543
2740,Wall sprawl,cardio,Shoulders,none,intermediate,"The wall sprawl is a bodyweight exercise targeting the shoulders, although numerous other muscles are recruited to complete the exercise. From an all-fours position, you kick up onto the wall, then back down. It's a serious cardiovascular challenge that is usually performed as part of a fat-loss or athleticism-focused workout.",4.988043786315664,4,8.191064649464526
2741,Bent Over Shoulder Y,flexibility,Shoulders,none,intermediate,"The lying rear delt Y works the shoulders, specifically the rear heads. The range of motion differs from the lying rear delt fly. At the midpoint, the arms and torso form a Y—hence the name.",9.706714060018447,3,8.370379714302475
2742,Shoulder L,strength,Shoulders,none,intermediate,"The bent-over shoulder rotation is an upper-body exercise that helps strengthen the muscles around the rotator cuff for a stable shoulder joint. It is usually performed as part of a dynamic warm-up for the shoulders. It can be performed with body weight, light dumbbells or weight plates, or bands.",4.101965390413997,3,5.568026595586124
2743,Shoulder Dislocation Stretch-Dowel,flexibility,Shoulders,none,intermediate,,5.832712308780715,4,6.882076006080645
2744,TBS Inverted Row,strength,Shoulders,none,intermediate,"The Smith machine inverted row is a bodyweight exercise targeting the muscles of the lats (latissimus dorsi) and upper back, using the bar of the Smith machine to hang and pull from. You can change the bar height to customize the difficulty level and desired angle of the row. This variation is usually performed for moderate to high reps, such as 8-12 reps per set or more.",5.291990708441887,12,6.110537014051937
2745,PVC Shoulder Stretch,flexibility,Shoulders,none,intermediate,,8.651743202353899,9,5.543818809058479
2746,Shoulder T,flexibility,Shoulders,none,intermediate,"The bent-over plate rear delt raise is an exercise targeting the rear heads of the shoulders, aka deltoids. You can also use dumbbells or other light weights for a similar effect. This movement is usually performed as part of a dynamic warm-up, or as a high-rep burnout movement on a shoulder or back day.",7.844105716965732,6,6.59637332046192
2747,HM Arm Circle,strength,Shoulders,none,intermediate,,5.162778841459508,7,5.893179672088607
2748,HM Shoulder Stretch,flexibility,Shoulders,none,intermediate,,9.784852453841141,9,8.20974886502863
2749,HM Shoulder Stretch on Floor,flexibility,Shoulders,none,intermediate,,6.765234225375228,5,9.987080396314663
2750,HM Shoulder Tap,flexibility,Shoulders,none,intermediate,,3.648710864847079,7,5.861343122210256
2751,HM Hand-On-Wall Stretch,strength,Shoulders,none,intermediate,,9.038523211119307,10,7.601439349681578
2752,HM Jumping Arm Circle,strength,Shoulders,none,intermediate,,4.013977156524224,8,9.224004074258445
2753,Kipping Clapping Pull-Up,strength,Shoulders,none,intermediate,,9.995067045240372,13,8.945715373483775
2754,Holman Kneeling Overhead Press to Donkey Kick,strength,Shoulders,none,intermediate,,6.631138519944784,4,4.167044554121533
2755,Floor angel,strength,Shoulders,none,intermediate,The floor angel is a stretch targeting shoulder mobility and activation of the shoulder stabilizer muscles. It also targets a range of postural muscles in the upper back.,6.604131986961358,5,9.039552970147959
2756,Shoulder extension stretch,strength,Shoulders,none,intermediate,"The shoulder extension stretch is focused on bringing more flexibility to the shoulder joint. It increases range of motion in shoulder extension, or moving the arms behind the back. It can be performed as part of a warm-up or mobility and flexibility work post-workout or anytime.",7.70375850701516,10,6.36623916619766
2757,Backward Medicine Ball Throw,cardio,Shoulders,medicine_ball,beginner,,7.856845037086132,11,4.280053238040158
2758,Medicine ball scoop throw,cardio,Shoulders,medicine_ball,intermediate,"The medicine ball scoop throw is an explosive exercise targeting the abdominals and hips. It can be performed for lower reps with a focus on power or for higher reps with a focus on fat loss and conditioning. It begins in a semi-squat position holding a medicine ball, which then gets ""scooped"" up and thrown overhead in one continuous movement.",4.372802546316203,14,9.751548776266098
2759,Standing Two-Arm Overhead Throw,cardio,Shoulders,medicine_ball,beginner,,7.721674259160453,8,3.2370263552704284
2760,Incline face-down bar front raise,strength,Shoulders,e-z_curl_bar,intermediate,"The incline face-down bar front raise is an upper-body exercise targeting the shoulders. Because it is performed face down on an angled bench, it has a greater range of motion than standing or upright-seated raises and hits the shoulders from a different angle. Raise variations are usually performed for moderate to high reps, such as 8-12 reps per set or more, as part of upper-body or shoulder-focused training.",3.1652997545791837,3,6.146488983781101
2761,Incline anti-gravity shoulder press,strength,Shoulders,e-z_curl_bar,intermediate,"The incline anti-gravity shoulder press is an upper-body exercise targeting the shoulders and upper back. It works the rear delts and upper-back muscles isometrically to hold the weight up, while dynamically training the lateral and front delts. Because of the challenge of holding the weight up, this press variation is usually performed with relatively light weights for moderate reps, such as 8-12 reps per set or more, as part of upper-body or shoulder training.",3.906793347363544,9,6.177840713233644
2762,30 Shoulders EZ-Bar Front Raise,strength,Shoulders,e-z_curl_bar,intermediate,,4.597387617624131,3,5.661975642122029
2763,Side Wrist Pull,flexibility,Shoulders,none,beginner,,4.383173010810214,5,9.345471661923016
2764,Elbow Circles,flexibility,Shoulders,none,beginner,,6.935259349096606,3,9.183779207164054
2765,Kneeling Arm Drill,cardio,Shoulders,none,beginner,,4.553896779656812,5,6.2461061801927125
2766,Bent-over shoulder rotation,strength,Shoulders,exercise_ball,intermediate,"The bent-over shoulder rotation is an upper-body exercise that helps strengthen the muscles around the rotator cuff for a stable shoulder joint. It is usually performed as part of a dynamic warm-up for the shoulders. It can be performed with body weight, light dumbbells or weight plates, or bands.",7.132683908345577,11,8.421763331154683
2767,Band overhead triceps press,strength,Triceps,bands,intermediate,"The band overhead triceps press is a dynamic arm exercise utilizing a looped exercise band. It could also be performed with an exercise band with handles. It targets the triceps muscles and can be performed for time or reps, either in traditional muscle-building rep ranges such as 12-15 reps per set, or higher rep ranges such as 30, 50, or more.",6.082643955781305,9,3.4316991664622094
2768,Band overhead triceps extension,strength,Triceps,bands,intermediate,"The band overhead triceps extension is a single-joint exercise focused on the triceps that uses the dynamic resistance of the band. The overhead position of the arms targets the long head of the triceps. Many lifters save this move for last in their triceps workout, performing it for moderate to high reps, such as 8-12 reps or more per set.",6.937726588801571,4,6.07163613325792
2769,Band straight-arm pull-down,strength,Triceps,bands,intermediate,"The band straight-arm pull-down is a non-gym or at home variation of the straight-arm lat pull-down performed using a cable stack machine. It can either be performed in an athletic upright stance, or slightly bent over. It both stretches and contracts the muscles of the lats (latissimus dorsi) as well as providing additional activation to the other upper back muscles and the core. Because the triceps are also isometrically involved in the movement, it is usually performed for higher reps, such as 8-15 reps or more.",5.660922010089923,12,3.892444303340151
2770,Band skullcrusher,strength,Triceps,bands,intermediate,The band skullcrusher is a variation of the popular bench exercise targeting the triceps muscles. It is usually performed for moderate to high reps as part of an upper-body or arm-focused workout.,6.965320840155702,4,4.451701188962748
2771,Single-arm band kick-back,strength,Triceps,bands,intermediate,"The single-arm band kick-back is an isolation exercise that targets the triceps. This is a common burnout move performed for moderate to high reps, such as 8-12 reps per set or more, as part of an upper-body or arm-focused workout.",4.783158420987007,13,7.624822401065831
2772,Incline EZ-bar skullcrusher,strength,Triceps,barbell,intermediate,The incline EZ-bar skullcrusher is a popular exercise targeting the triceps muscles. The incline angle helps to target the long head of the triceps in particular. This exercise is usually performed for moderate to high reps as part of an upper-body or arm-focused workout.,8.481488002322848,6,9.652789502770386
2773,Decline Close-Grip Bench To Skull Crusher,strength,Triceps,barbell,beginner,,8.351795057353943,11,6.795261829587682
2774,Bench Press - Powerlifting,strength,Triceps,barbell,intermediate,,4.462640935863448,3,9.5026261254193
2775,Behind-the-head skullcrusher,strength,Triceps,barbell,intermediate,"The behind-the-head skullcrusher is a variation on a triceps exercise that has been a staple of bodybuilders for decades. In this version, instead of the bar coming down lightly to the forehead, the bar tracks over the top of the head without touching it. Skullcrushers are usually performed for moderate to high reps, such as 8-12 reps per set or more, as part of an upper-body or arm-focused workout. If a straight bar is uncomfortable for your wrists or elbows, try using an angled EZ-bar.",8.831674759212092,3,9.445535065961481
2776,Standing barbell overhead triceps extension,strength,Triceps,barbell,intermediate,"The standing barbell overhead triceps extension is an isolation movement targeting the triceps. The overhead position targets the long head of the triceps in particular. This movement is generally performed for moderate to high reps as part of the arms-focused portion of a workout. If holding a straight bar bothers the wrists or elbows, it can alternately be performed with an EZ-bar or neutral-grip bar.",7.3797789091187225,9,4.095334432829425
2777,Reverse-grip bench press,strength,Triceps,barbell,intermediate,"The reverse-grip bench press is a popular barbell exercise targeting the chest, triceps, and forearms. The main difference between this exercise and the standard bench press is that the grip is underhand, not overhand. This helps target both the upper chest and the triceps. This lift can feel awkward at first, so go light and don't be afraid to use a spotter.",4.415953533946293,10,3.3501916291954297
2778,Bench Press with Chains,strength,Triceps,barbell,beginner,,6.958348696541998,3,7.248067019978126
2779,Floor Press,strength,Triceps,barbell,beginner,,6.01895161250032,9,3.824073235397803
2780,One Arm Floor Press,strength,Triceps,barbell,beginner,,3.53506771333145,7,6.109642238440349
2781,Pin Presses,strength,Triceps,barbell,beginner,,9.366950438542819,4,7.006861016174056
2782,JM Press With Bands,strength,Triceps,barbell,beginner,,4.4550086556512,3,5.931263226041643
2783,JM Press,strength,Triceps,barbell,beginner,,3.0279302978798226,13,7.302101446145879
2784,Floor Press with Chains,strength,Triceps,barbell,beginner,,7.4939076588930575,11,8.82017030100064
2785,Reverse Band Bench Press,strength,Triceps,barbell,beginner,,8.184355479255,9,5.735763717112322
2786,Decline Barbell Triceps Extension - Gethin Variation,strength,Triceps,barbell,intermediate,The decline EZ-bar skullcrusher is an upper body isolation exercise targeting the triceps.,7.402823780212736,8,4.225260124649557
2787,AM Skullcrusher,strength,Triceps,barbell,intermediate,"The EZ-bar skullcrusher is a popular exercise targeting the triceps muscles. The EZ-bar is used more often than a straight bar. As for the name, that’s worst-case scenario. The bar should actually come down behind the head. It is usually performed for moderate to high reps as part of an upper body or arms-focused workout. No need to chase a 1RM on this move!",8.913324396027237,10,6.028805092855273
2788,30 Arms Close-Grip Bench Press,strength,Triceps,barbell,intermediate,,8.122859288545344,14,7.610183292852976
2789,30 Arms Barbell Skullcrusher,strength,Triceps,barbell,intermediate,,4.5725668443560785,9,7.8147215995316985
2790,FYR2 Sprawl Over Kettlebell,strength,Triceps,kettlebells,intermediate,,4.7573180145679945,8,7.506185788259971
2791,Dumbbell floor press,strength,Triceps,dumbbell,intermediate,"The dumbbell floor press is a multijoint pressing exercise performed lying on the floor. It can be performed either with the knees bent or flat. The floor press limits the range of motion you would achieve with a regular dumbbell bench press, but still targets the chest, triceps, and anterior delts. This allows you to press more weight than in a dumbbell bench press, and perhaps put less stress on the shoulders.",9.534979091523917,9,6.7901929786765365
2792,Seated triceps press,strength,Triceps,dumbbell,intermediate,"The seated triceps press is a popular arm-building exercise that targets the triceps with a single dumbbell held by both hands, extending it up behind your head. While you can go surprisingly heavy on this movement, it is usually performed for moderate to high reps, such as 8-12 reps per set or more, as part of the upper-body or arm-focused portion of a workout. If you're going heavy, having someone help get the weight into position is a good idea.",9.850236823914912,10,4.961711846086807
2793,Tricep Dumbbell Kickback,strength,Triceps,dumbbell,intermediate,The single-arm triceps kick-back is an isolation move from a bent-over position used to increase size and strength of the triceps.,4.819019608019941,4,5.480045029840028
2794,Standing Dumbbell Triceps Extension,strength,Triceps,dumbbell,intermediate,,5.103405164657234,8,4.916764923477446
2795,Double-arm triceps kick-back,strength,Triceps,dumbbell,intermediate,"The double-arm triceps kick-back is a popular movement to increase size and strength of the triceps. It is usually performed for moderate to high reps, at least 8-12 reps, as part of an upper-body or arm-focused workout.",4.52304121595434,3,4.574011036981383
2796,Single-arm dumbbell triceps extension,strength,Triceps,dumbbell,intermediate,"The single-arm dumbbell triceps extension is a popular exercise targeting the triceps one side at a time. It targets all three heads of the triceps, but when performed with the arm overhead, it can be especially effective at building the long head of the triceps. This exercise is usually performed for moderate to high reps, at least 8-12 reps per set, as part of the upper-body or arm-focused portion of a workout.",4.1204608865355,11,4.272654790384928
2797,Decline Dumbbell Triceps Extension,strength,Triceps,dumbbell,beginner,,9.165331393436857,12,5.144382263619521
2798,Dumbbell skullcrusher,strength,Triceps,dumbbell,intermediate,"The dumbbell skullcrusher is a triceps exercise that has been a staple of bodybuilders for decades. Skullcrushers are usually performed for moderate to high reps, such as 8-12 reps per set or more, as part of an upper-body or arm-focused workout.",7.693302616316852,12,3.0454682649920537
2799,One Arm Pronated Dumbbell Triceps Extension,strength,Triceps,dumbbell,beginner,,8.358962394155398,13,5.712438132966479
2800,One Arm Supinated Dumbbell Triceps Extension,strength,Triceps,dumbbell,beginner,,5.706055649765938,13,4.478259835611944
2801,Seated Bent-Over Two-Arm Dumbbell Triceps Extension,strength,Triceps,dumbbell,beginner,,4.2664460683472,5,5.367166171629112
2802,Tate Press,strength,Triceps,dumbbell,beginner,,8.055611133852237,6,4.866084354329988
2803,Standing Bent-Over One-Arm Dumbbell Triceps Extension,strength,Triceps,dumbbell,intermediate,The single-arm triceps kick-back is an isolation move from a bent-over position used to increase size and strength of the triceps.,4.6463508479747,6,8.190559230139636
2804,Seated Bent-Over One-Arm Dumbbell Triceps Extension,strength,Triceps,dumbbell,beginner,,9.258962875713259,8,8.193417936979257
2805,Dumbbell Tricep Extension -Pronated Grip,strength,Triceps,dumbbell,beginner,,9.555646329502837,9,7.256536549271693
2806,V-sit with overhead triceps extension,strength,Triceps,dumbbell,intermediate,"The V-sit with overhead triceps extension is a hybrid movement that trains the abdominal and triceps muscles simultaneously. It can address multiple muscle groups in a time-efficient muscle-building or circuit-style workout, while also providing a cardiovascular challenge.",7.713803070691971,13,5.461050968093112
2807,PJR Pull-Over,strength,Triceps,dumbbell,intermediate,,4.959616162544638,10,6.489433037941004
2808,Paul Carter Dumbbell Kick-Back,strength,Triceps,dumbbell,intermediate,The single-arm triceps kick-back is an isolation move from a bent-over position used to increase size and strength of the triceps.,5.983022254760689,13,6.0655415071476
2809,Single-arm dumbbell skullcrusher,strength,Triceps,dumbbell,intermediate,"The single-arm dumbbell skullcrusher is a triceps exercise that has been a staple of bodybuilders for decades. Skullcrushers are usually performed for moderate to high reps, such as 8-12 reps per set or more, as part of an upper-body or arms-focused workout.",5.217720730228819,10,9.892234326894656
2810,Dumbbells-together incline bench press,strength,Triceps,dumbbell,intermediate,"The dumbbells-together incline bench press is an exercise targeting the pectoral muscles, particularly the upper pecs. Squeezing the dumbbells together forces the chest muscles to work hard during the entire press. This press variation is usually performed for moderate to high reps, such as 8-12 reps per set or more, as part of upper-body or chest-focused training.",5.278617505432254,14,9.01432688783235
2811,Incline dumbbell overhead triceps extension,strength,Triceps,dumbbell,intermediate,The incline dumbbell overhead triceps extension is a popular exercise targeting the triceps muscles. The incline angle helps to target the long head of the triceps in particular. This exercise is usually performed for moderate to high reps as part of an upper-body or arm-focused workout.,4.522756765825961,11,3.1717552536441334
2812,Dumbbell Crush Press,strength,Triceps,dumbbell,intermediate,,7.247841233284296,6,7.983908885594259
2813,Holman Hovering Renegade Triceps Press,strength,Triceps,dumbbell,intermediate,,8.651212071441856,10,7.116491006010025
2814,Holman Heavy Triceps Press to Overhead Press,strength,Triceps,dumbbell,intermediate,,6.415756996164387,3,5.5463542394530805
2815,Total Fitness Close-Grip Dumbbell Press,strength,Triceps,dumbbell,intermediate,"The close-grip dumbbell bench press puts a spin on a mainstay of workout enthusiasts worldwide. It’s a classic move for building a bigger, stronger chest. The difference here is that the dumbbells are held closer together.",3.026390209364284,11,9.438868359702639
2816,Dumbbell row to triceps kick-back,strength,Triceps,dumbbell,intermediate,"The dumbbell row to triceps kick-back is a dumbbell complex that combines two movements that collectively target the muscles of the lats (latissimus dorsi), upper back, and triceps. It also isometrically targets the core, hamstrings, and glutes. It is usually performed one rep of each movement at a time, although you could perform more reps of each, or increase the reps in successive rounds (e.g., 1 rep in round 1, 2 reps in round 2, etc.). No matter how you structure the sets and reps, it is a time-efficient way to hit two crucial upper-body muscles in any workout.",9.394693074705497,11,9.203881367879639
2817,Rolling triceps press,strength,Triceps,dumbbell,intermediate,"The rolling triceps press is a dynamic triceps exercise that is popular as a bench press accessory movement among powerlifters. It can be done in traditional muscle-building rep ranges, such as 8-12 reps per set, or for very high reps of 50-100 reps per set to boost triceps size and strength. It can be performed on a bench or on the floor if a bench is unavailable.",7.315641528805778,8,6.97507737026673
2818,MetaBurn Skullcrusher to Ab Crunch,strength,Triceps,dumbbell,intermediate,,8.223587190180083,10,9.514855047188867
2819,FYR2 Single-Dumbbell Triceps Extension,strength,Triceps,dumbbell,intermediate,,6.25578603667946,6,6.266334045044081
2820,30 Arms Overhead Dumbbell Triceps Extension,strength,Triceps,dumbbell,intermediate,,8.793495259515117,8,8.76390215033891
2821,30 Arms Dumbbell Skullcrusher,strength,Triceps,dumbbell,intermediate,,8.766289629048591,3,6.3488883850986815
2822,30 Arms Dumbbell Kick-Back,strength,Triceps,dumbbell,intermediate,,4.665491420096631,10,8.937147496109265
2823,30 Arms BFR Dumbbell Kick-Back,strength,Triceps,dumbbell,intermediate,,6.692579219381569,14,4.179415091663289
2824,Dumbbell saw triceps skullcrusher,strength,Triceps,dumbbell,intermediate,"The dumbbell saw triceps skullcrusher is a variation of the classic skullcrusher triceps exercise that has been a staple of bodybuilders for decades. It combines a dumbbell skullcrusher with a dumbbell shoulder press. It is usually performed for moderate to high reps, such as 8-12 reps per set or more, as part of an upper-body or arm-focused workout.",7.637456800471706,13,7.764469312800961
2825,Chain Handle Extension,strength,Triceps,other,beginner,,5.452132262228038,12,5.1695431331210235
2826,Sled Overhead Triceps Extension,strength,Triceps,other,beginner,,8.527487353916063,14,3.005924192643338
2827,Body Triceps Press Using Flat Bench,strength,Triceps,other,intermediate,The bodyweight triceps press is an arm movement that involves performing overhead presses in a face-down position on a Smith machine or other raised bar. It is a surprisingly difficult movement that hammers all three heads of the triceps and can easily be scaled upward or downward in difficulty by moving the bar.,7.98657525480506,11,7.933673156943489
2828,Suspended Triceps Press,strength,Triceps,other,beginner,,9.809827399628634,8,6.3662975816747185
2829,Seated triceps push-down,strength,Triceps,other,intermediate,The seated triceps push-down is a triceps exercise that is performed with a rope attachment. The seated position helps eliminate the use of momentum. It is usually performed for moderate to high reps as part of the arm-focused portion of a workout.,7.874270434421197,5,5.22847379016138
2830,Machine triceps extension-,strength,Triceps,other,intermediate,"The machine triceps extension is a popular exercise to build size and strength in the triceps muscles. It approximates the motion of a free-weight skullcrusher, but uses a selectorized weight-stack or plate-loaded machine. Machine triceps extensions are often done for moderate to high reps, such as 8-12 reps per set or more, as part of the upper-body or arm-focused portion of a workout.",9.149013136187591,12,6.9821880808781005
2831,Holman Overhead Weighted Triceps Press,strength,Triceps,other,intermediate,,3.2149225808889548,13,7.060118700190108
2832,30 Arms Weighted Triceps Dip,strength,Triceps,other,intermediate,,7.514231379146497,14,3.972912611909923
2833,Cable V-bar push-down,strength,Triceps,cable,intermediate,"The cable V-bar push-down is a popular gym exercise for targeting the triceps. It utilizes an angled bar, which can allow you to move heavier weights more comfortably than a straight bar or rope. It is usually performed for moderate to high reps, such as 8-12 reps or more per set, as part of an upper-body or arm-focused workout.",3.095917568090425,11,5.898893251730445
2834,Reverse Grip Triceps Pushdown,strength,Triceps,cable,intermediate,"The reverse-grip cable straight-bar push-down is a twist on the popular cable straight-bar push-down. The difference has to do with how the hands are positioned holding the bar: the palms facing up rather than down. Because grip will be a limiting factor, this movement is usually performed for moderate to high reps, such as 8-12 reps per set or higher.",7.135211585949312,10,5.553319504757582
2835,Kneeling cable triceps extension,strength,Triceps,cable,intermediate,The kneeling cable triceps extension is a single-joint exercise meant to isolate the triceps muscles using a high pully on a cable stack and a bench. It can also be performed in a tall-kneeling stance from a low pully. It is most commonly used in muscle-building triceps or arm workouts.,6.15116771106399,10,8.243860892134537
2836,Single-arm cable triceps extension,strength,Triceps,cable,intermediate,"The single-arm cable triceps extension is a single-joint isolation exercise for building the triceps. It involves driving a handle attached to a cable stack overhead to full extension. It is usually performed for moderate to high reps, such as 8-12 reps per set or more, as part of an upper-body or arm-focused workout.",4.9608276415949355,12,7.641546546401692
2837,Dip Machine,strength,Triceps,cable,intermediate,"The dip machine is a machine exercise that mimics a triceps dip, a bodyweight exercise performed on parallel bars or on a pull-up and dip station. It targets the triceps first, but also stretches and strengthens the chest and shoulders. Dips with a triceps focus are usually performed with an upright torso, the knees bent and crossed, and the arms close to the body. Dips can be performed for low reps for strength or higher reps for muscle growth.",5.369215988765253,5,6.52182186055521
2838,Triceps Pushdown,strength,Triceps,cable,intermediate,"The cable V-bar push-down is a popular gym exercise for targeting the triceps. It utilizes an angled bar, which can allow you to move heavier weights more comfortably than a straight bar or rope. It is usually performed for moderate to high reps, such as 8-12 reps or more per set, as part of an upper-body or arm-focused workout.",5.059888860285457,9,8.180058140673705
2839,Low cable overhead triceps extension,strength,Triceps,cable,intermediate,"The low cable overhead triceps extension is a single-joint isolation exercise for building the triceps. It involves lying on a bench and then driving the rope handle to full extension. It is usually performed for moderate to high reps, such as 8-12 reps per set or more, as part of an upper-body or arm-focused workout.",5.571761909340416,4,7.10178787904577
2840,Lying cable triceps extension,strength,Triceps,cable,intermediate,The lying cable triceps extension is an isolation exercise performed lying on either a bench or the floor. This movement is usually performed for moderate to high reps for a burn and pump as part of an arm-focused workout.,4.074118814231129,7,9.008729752301623
2841,Low Cable Triceps Extension,strength,Triceps,cable,beginner,,5.459377343106748,9,3.3024864340040034
2842,Cable overhead triceps extension,strength,Triceps,cable,intermediate,"The cable overhead triceps extension is a cable exercise performed in a seated position, targeting the triceps muscles. While it hits all three heads of the triceps, the overhead position helps to target the long head in particular. The seated position helps eliminate the use of momentum. It is usually performed for moderate to high reps as part of the arm-focused portion of a workout.",5.618681259112466,5,7.577954865403042
2843,Single-arm low cable triceps extension,strength,Triceps,cable,intermediate,"The single-arm low cable triceps extension is a single-joint isolation exercise for building the triceps. It involves driving a handle attached to a cable stack overhead to full extension. It is usually performed for moderate to high reps, such as 8-12 reps per set or more, as part of an upper-body or arm-focused workout.",5.14266728824134,10,8.704368930478031
2844,Incline cable straight-bar triceps extension,strength,Triceps,cable,intermediate,"The incline cable straight-bar triceps extension is a single-joint arm exercise performed on an incline bench. This incline position offers a great stretch and range of motion, potentially targeting the long head of the triceps more than some other triceps exercises. It is usually performed for moderate to high reps as part of the arm-focused portion of a workout.",5.714534297490932,8,3.927765580709435
2845,Paul Carter Overhead Rope Triceps Extension,strength,Triceps,cable,intermediate,"The rope overhead triceps extension is a single-joint exercise focused on the triceps and using a cable stack with a rope handle. The overhead position targets the long head of the triceps in particular. Many lifters save this move for last in their triceps workout, performing it for moderate to high reps, like at least 8-12 reps or higher.",3.0181034639641156,8,6.055935374131786
2846,TBS Rope Cable Push-Down,strength,Triceps,cable,intermediate,"The cable rope push-down is a popular exercise targeting the triceps muscles. It's easy to learn and perform, making it a favorite for everyone from beginners to advanced lifters. It is usually performed for moderate to high reps, such as 8-12 reps or more per set, as part of an upper-body or arm-focused workout.",8.488843806870834,4,4.753524707596181
2847,Single-arm cable triceps kick-back,strength,Triceps,cable,intermediate,"The single-arm cable triceps kick-back is an isolation exercise that targets the triceps. This is a common burnout move performed for moderate to high reps, such as 8-12 reps per set or more, as part of an upper-body or arm-focused workout.",7.541835214368554,13,4.533784822624957
2848,Incline cable rope triceps extension,strength,Triceps,cable,intermediate,"The incline cable rope triceps extension is a single-joint arm exercise performed on an incline bench. This incline position offers a great stretch and range of motion, potentially targeting the long head of the triceps more than some other triceps exercises. It is usually performed for moderate to high reps as part of the arm-focused portion of a workout.",8.085994603744378,11,9.70662414885468
2849,Reverse-grip cable straight-bar push-down,strength,Triceps,cable,intermediate,"The reverse-grip cable straight-bar push-down is a twist on the popular cable straight-bar push-down. The difference has to do with how the hands are positioned holding the bar: the palms facing up rather than down. Because grip will be a limiting factor, this movement is usually performed for moderate to high reps, such as 8-12 reps per set or higher.",3.8316638129283285,12,8.715981014000185
2850,Kneeling Cable Triceps Extension - Gethin Variation,strength,Triceps,cable,intermediate,"The kneeling cable triceps extension is an single-joint exercise meant to isolate the triceps muscles, using a high pully on a cable stack and a bench. It can also be performed in a tall-kneeling stance from a low pully. It is most commonly used in muscle-building triceps or overall arms workouts.",9.230301035912479,5,7.547891297869008
2851,Cable Overhead Triceps Extension - Gethin Variation,strength,Triceps,cable,intermediate,The overhead triceps extension is an isolation exercise that is performed with a cable. It is usually performed for moderate to high reps as part of the arm-focused portion of a workout.,3.8646238296109656,11,6.992029638220686
2852,Reverse-Grip Cable Triceps Pushdown - Gethin Variation,strength,Triceps,cable,intermediate,"The reverse-grip cable straight-bar push-down is a twist on the popular cable straight-bar push-down. The difference has to do with how the hands are positioned holding the bar: the palms facing up rather than down. Because grip will be a limiting factor, this movement is usually performed for moderate to high reps, such as 8-12 reps per set or higher.",7.213411846718451,5,4.0813444578380444
2853,Cable Triceps Extension - Gethin Variation,strength,Triceps,cable,intermediate,"The cable rope push-down is a popular exercise targeting the triceps muscles. It's easy to learn and perform, making it a favorite for everyone from beginners to advanced lifters. It is usually performed for moderate to high reps, such as 8-12 reps or more per set, as part of an upper-body or arm-focused workout.The cable rope push-down is a popular exercise targeting the triceps muscles. It's easy to learn and perform, making it a favorite for everyone from beginners to advanced lifters. It is usually performed for moderate to high reps, such as 8-12 reps or more per set, as part of an upper-body or arm-focused workout.",7.771966397466375,8,9.238010857836564
2854,Single-arm incline triceps extension,strength,Triceps,cable,intermediate,The single-arm incline triceps extension is a dumbbell exercise targeting the triceps. The incline angle helps to target the long head of the triceps in particular. This exercise is usually performed for moderate to high reps as part of an upper-body or arm-focused workout.,8.032770527597311,9,3.5435702336813497
2855,Triceps Overhead Extension with Rope - Gethin Variation,strength,Triceps,cable,intermediate,The overhead triceps extension is an isolation exercise that is performed with a cable. It is usually performed for moderate to high reps as part of the arm-focused portion of a workout.,9.731802657427618,6,6.7484418841300755
2856,Cable rope push-down,strength,Triceps,cable,intermediate,"The cable rope push-down is a popular exercise targeting the triceps muscles. It's easy to learn and perform, making it a favorite for everyone from beginners to advanced lifters. It is usually performed for moderate to high reps, such as 8-12 reps or more per set, as part of an upper-body or arm-focused workout.",5.820087308377874,6,5.634394114366659
2857,Cable straight-bar push-down,strength,Triceps,cable,intermediate,"The cable straight-bar push-down is a popular gym exercise for targeting the triceps. It is usually performed for moderate to high reps, such as 8-12 reps or more per set, as part of an upper-body or arm-focused workout.",7.986557203200122,7,5.115532781771809
2858,Straight-arm bar pull-down,strength,Triceps,cable,intermediate,"The straight-arm bar pull-down is a variation of the straight-arm lat pull-down performed using a cable stack machine. It can either be performed in an athletic upright stance, or slightly bent over. It both stretches and contracts the muscles of the lats (latissimus dorsi) as well as providing additional activation to the other upper back muscles and the core. Because the triceps are also isometrically involved in the movement, it is usually performed for higher reps, such as 8-15 reps or more.",4.008622622595283,11,7.892843143496288
2859,AM Rope Triceps Pushdown,strength,Triceps,cable,intermediate,"The cable rope push-down is a popular exercise targeting the triceps muscles. It's easy to learn and perform, making it a favorite for everyone from beginners to advanced lifters. It is usually performed for moderate to high reps, such as 8-12 reps or more per set, as part of an upper-body or arm-focused workout.",7.362716356661093,14,9.50305644355121
2860,AM Bar Triceps Push-Down,strength,Triceps,cable,intermediate,"The cable straight-bar push-down is a popular gym exercise for targeting the triceps. It is usually performed for moderate to high reps, such as 8-12 reps or more per set, as part of an upper-body or arm-focused workout.",4.4806813428420025,10,6.765098861115604
2861,Rope overhead triceps extension,strength,Triceps,cable,intermediate,"The rope overhead triceps extension is a single-joint exercise focused on the triceps that uses a cable stack with a rope handle. The overhead position targets the long head of the triceps in particular. Many lifters save this move for last in their triceps workout, performing it for moderate to high reps, such as 8-12 reps or more per set.",4.099379844605015,11,9.604576778419853
2862,UP Rope Push-down,strength,Triceps,cable,intermediate,"The cable rope push-down is a popular exercise targeting the triceps muscles. It's easy to learn and perform, making it a favorite for everyone from beginners to advanced lifters. It is usually performed for moderate to high reps, such as 8-12 reps or more per set, as part of an upper-body or arm-focused workout.",9.331891026348067,14,8.191585936396411
2863,UP Triceps Extension Straight-Bar Push-Down,strength,Triceps,cable,intermediate,"The cable straight-bar push-down is a popular gym exercise for targeting the triceps. It is usually performed for moderate to high reps, such as 8-12 reps or more per set, as part of an upper-body or arm-focused workout.",6.996558989795231,10,8.065128227942456
2864,LD Cable One-Arm Upright Row,strength,Triceps,cable,intermediate,,9.69617387669762,13,5.899640157848527
2865,30 Arms Underhand Cable Straight-Bar Push-Down,strength,Triceps,cable,intermediate,,4.028820088260803,7,3.7624027279261263
2866,30 Arms Single-Arm Reverse-Grip Cable Push-Down,strength,Triceps,cable,intermediate,,4.374798733877881,7,9.456754865117116
2867,30 Arms Cable V-Bar Push-Down,strength,Triceps,cable,intermediate,,3.2148243732041784,4,3.8583183277424817
2868,30 Arms Cable Straight-Bar Push-Down,strength,Triceps,cable,intermediate,,8.577100206189272,9,4.508602569922537
2869,30 Arms Cable Rope Push-Down,strength,Triceps,cable,intermediate,,4.357568867732381,11,6.512129209769428
2870,30 Arms Cable Rope Overhead Triceps Extension,strength,Triceps,cable,intermediate,,4.823505266048108,10,3.047154188327981
2871,BFR underhand straight-bar push-down,strength,Triceps,cable,intermediate,"The blood flow restriction (BFR) underhand straight-bar push-down is an arm movement that builds triceps size and strength using a cable stack, straight-bar grip, and blood flow restriction bands. It is popular in high-rep ""pump""-style arm workouts. The bands should be placed as high as possible on your arms, at a tightness of no greater than 8 on a scale of 10. Most BFR workouts recommend using a far lighter weight than usual, perhaps as low as 25-50 percent of a normal working weight.",6.937095324103575,12,5.894028797455258
2872,BFR overhand straight-bar push-down,strength,Triceps,cable,intermediate,"The blood flow restriction (BFR) overhand straight-bar push-down is an arm movement that builds triceps size and strength using a cable stack, straight-bar grip, and blood flow restriction bands. It is popular in high-rep ""pump""-style arm workouts. The bands should be placed as high as possible on your arms, at a tightness of no greater than 8 on a scale of 10. Most BFR workouts recommend using a far lighter weight than usual, perhaps as low as 25-50 percent of a normal working weight.",5.0435769881304555,9,6.181273735501952
2873,BFR cable rope push-down,strength,Triceps,cable,intermediate,"The blood flow restriction (BFR) cable rope push-down is an arm movement that builds triceps size and strength using a cable stack, rope grip, and blood flow restriction bands. It is popular in high-rep ""pump""-style arm workouts. The bands should be placed as high as possible on your arms, at a tightness of no greater than 8 on a scale of 10. Most BFR workouts recommend using a far lighter weight than usual, perhaps as low as 25-50 percent of a normal working weight.",8.389264305272146,11,9.537765713405843
2874,Triceps Pressdown,strength,Triceps,cable,intermediate,,5.707305304418015,9,4.221897801940807
2875,Machine Triceps Extension,strength,Triceps,machine,intermediate,The machine triceps extension is an isolation exercise targeting the tricep muscles.,4.95923629399032,14,5.5421077015465015
2876,Smith machine end-grip shoulder press,strength,Triceps,machine,intermediate,"The Smith machine end-grip shoulder press is a machine-based exercise targeting the shoulder muscles. It is performed holding the end of the bar in the Smith machine on the outside of the rack. It is usually performed for moderate to high reps, such as 8-12 reps per set or more, as part of an upper-body or shoulder-focused workout.",7.667235310991927,7,7.887147586004609
2877,Assist machine triceps push-down,strength,Triceps,machine,intermediate,"The assist machine triceps push-down is a triceps-focused exercise that is performed on an assisted pull-up or dip station. It is performed by pressing downward on the knee pad of the machine, against the resistance of the weight. It approximates the motion of a triceps cable rope push-down, but with open hands. This variation is often performed for moderate to high reps, such as 8-12 reps per set or more, as part of upper-body or arm-focused training.",5.648937841045745,14,9.107764855023046
2878,Smith machine close-grip bench press-,strength,Triceps,machine,intermediate,"The Smith machine close-grip bench press is a machine-based movement targeting the chest and triceps. The Smith machine mimics a barbell but provides more stability. This movement can be programmed in low reps for strength or higher reps for muscle and strength endurance. It is often performed for moderate to high reps, such as 8-12 reps per set or more, as part of a chest, arms, or upper-body focused workout.",3.9318482821751446,9,3.6439565896365447
2879,Machine Triceps Extension - Gethin Variation,strength,Triceps,machine,intermediate,The machine triceps extension is an isolation exercise targeting the tricep muscles.,8.487193511748739,11,5.651852658680156
2880,Overhead Machine Triceps Extension - Gethin Variation,strength,Triceps,machine,intermediate,The machine triceps extension is an isolation exercise targeting the tricep muscles.,6.979640621891561,4,8.415738827612994
2881,30 Arms Machine Triceps Dip,strength,Triceps,machine,intermediate,,9.588067816081509,7,8.531988211550733
2882,Triceps dip,strength,Triceps,none,intermediate,"The triceps dip is a bodyweight exercise performed on parallel bars or on a pull-up and dip station. It targets the triceps first, but also stretches and strengthens the chest and shoulders. Dips with a triceps focus are usually performed with an upright torso, the knees bent and crossed, and the arms close to the body. Dips can be performed for low reps for strength or higher reps for muscle growth.",6.851706528920145,14,3.117389947430577
2883,Weighted bench dip,strength,Triceps,none,intermediate,The weighted bench dip is a highly effective exercise for building the triceps. The resistance comes from a combination of body weight and added weight—usually a weight plate.,4.74247803536754,7,4.288173509104682
2884,Push-Ups - Close Triceps Position,strength,Triceps,none,intermediate,"The close push-up is an upper-body exercise that targets the chest, triceps, and shoulders. The close hand position places more emphasis on the triceps.",4.402200389848057,11,3.8117806111115593
2885,Parallel Bar Dip,strength,Triceps,none,intermediate,"The triceps dip is a bodyweight exercise performed on parallel bars or on a pull-up and dip station. It targets the triceps first, but also stretches and strengthens the chest and shoulders. Dips with a triceps focus are usually performed with an upright torso, the knees bent and crossed, and the arms close to the body. Dips can be performed for low reps for strength or higher reps for muscle growth.",7.513080611495381,3,5.188019538412005
2886,Ring dip,strength,Triceps,none,intermediate,"The ring dip is an upper-body strength exercise performed on gymnastic rings. It targets the muscles of the chest, triceps, and shoulders, but is also quite taxing to the core. It is generally considered to be more difficult than dips performed on parallel bars. It is common in gymnastics training and CrossFit workouts, but is also a simple way to make dips more challenging for any strength athlete.",5.76872143752114,5,9.621221128051095
2887,Feet-elevated bench dip,strength,Triceps,none,intermediate,"The feet-elevated bench dip is a popular bodyweight exercise for building the triceps, chest, and shoulders. Elevating the feet brings more chest and shoulder into the movement, but also allows for extra weight on the hips. If these bother your shoulders, try performing them between two benches or chairs rather than on a single bench.",6.892994919303247,8,7.622954523631711
2888,Bodyweight triceps press,strength,Triceps,none,intermediate,The bodyweight triceps press is an arm movement that involves performing overhead presses in a face-down position on a Smith machine or other raised bar. It is a surprisingly difficult movement that hammers all three heads of the triceps and the difficulty can easily be scaled up or down by moving the bar.,6.060367585638003,7,5.86455613652563
2889,Standing Towel Triceps Extension,strength,Triceps,none,beginner,,9.136415681451489,14,7.661342512934106
2890,Tricep Side Stretch,flexibility,Triceps,none,intermediate,,4.224580375702482,5,8.299220539532108
2891,Triceps Stretch,flexibility,Triceps,none,intermediate,,4.910497084046236,11,5.396075460513996
2892,Overhead Triceps,flexibility,Triceps,none,beginner,,4.437937337845951,4,9.625611555953101
2893,Russian Bar Dip,strength,Triceps,none,intermediate,"The Russian dip is a chest-and-triceps building exercise that resembles the chest dip, albeit with a twist that makes it even harder and more taxing.",6.5611186130599055,9,9.842625335970325
2894,Straight-arm plank with kick-back,strength,Triceps,none,intermediate,"The straight-arm plank with kick-back is a hybrid movement that trains the abdominal and triceps muscles simultaneously. It can address multiple muscle groups in a time-efficient muscle-building or circuit-style workout, while also providing an additional cardiovascular challenge.",3.1784315765772524,3,6.93037523242114
2895,TBS Dip,strength,Triceps,none,intermediate,The triceps dip is a machine version of an exercise that many lifters perform using parallel bars or two parallel benches. The machine is found in many gyms.,7.415155364046593,4,6.470110906242919
2896,Bench Dips - Gethin Variation,strength,Triceps,none,intermediate,"The bench dip is a highly effective exercise for building the triceps. The resistance comes from the body itself, rather than weight.",3.0553388753715867,5,3.9912931604358
2897,Banded dip,strength,Triceps,none,intermediate,"The banded dip is a bodyweight exercise targeting the chest, triceps, and shoulders. This variation utilizes an exercise band to help support the lifter in the bottom part of the movement. This makes pushing out of the hole easier, and may combat the shoulder pain that some lifters feel when they perform dips. The top of the movement receives less help from the band, putting more stress on the triceps.",5.068322327218179,10,5.552659295285489
2898,Bench Dip - Gethin Variation,strength,Triceps,none,intermediate,"The bench dip is a highly effective exercise for building the triceps. The resistance comes from the body itself, rather than weight.",4.708437549119912,13,7.515834623891761
2899,HM Chair Dip,strength,Triceps,none,intermediate,,5.739223794001078,14,3.113540360445943
2900,Bench dip,strength,Triceps,none,intermediate,"The bench dip is a highly effective exercise for building the triceps. The resistance comes from the body itself, rather than added weight.",9.212229437493331,11,3.6235514325612233
2901,Holman Step Triceps Dip,strength,Triceps,none,intermediate,,6.15109818804882,12,3.019272416532377
2902,Holman Chair Triceps Dip,strength,Triceps,none,intermediate,,4.587456842118211,4,9.080269791918585
2903,Bodyweight Triceps Rope Press,strength,Triceps,none,intermediate,,6.168582978308521,9,8.012011963262092
2904,Holman Heavy Triceps Overhead Press,strength,Triceps,none,intermediate,,4.751518319904396,14,7.170359211957354
2905,Holman Couch Triceps Dip,strength,Triceps,none,intermediate,,8.121344224593656,6,6.935484053211134
2906,FYR2 Triceps Push-Up,strength,Triceps,none,intermediate,,5.2724517607760095,5,6.540772548664218
2907,30 Arms Triceps Dip,strength,Triceps,none,intermediate,,3.0090646590597823,11,3.472116551082254
2908,30 Arms Close-Grip Push-Up,strength,Triceps,none,intermediate,,7.962354285833965,11,5.2993839408504035
2909,30 Arms BFR Close-Grip Push-Up,strength,Triceps,none,intermediate,,9.053768099245547,5,6.7545739420704205
2910,Supine Chest Throw,cardio,Triceps,medicine_ball,beginner,,5.287152521552336,3,4.284791050959074
2911,Decline EZ-bar skullcrusher,strength,Triceps,e-z_curl_bar,intermediate,"The decline EZ-bar skullcrusher is a popular exercise targeting the triceps muscles. The angle of the bench creates a greater range of motion than flat bench skullcrushers, as well as targeting the lateral head of the muscle. This exercise is usually performed for moderate to high reps as part of an upper-body or arm-focused workout.",3.4730283684727223,3,6.607699739811668
2912,EZ-Bar Skullcrusher,strength,Triceps,e-z_curl_bar,intermediate,"The EZ-bar skullcrusher is a popular exercise targeting the triceps muscles. The EZ-bar is used more often than a straight bar. As for the name, that’s worst-case scenario. The bar should actually come down behind the head. It is usually performed for moderate to high reps as part of an upper body or arms-focused workout. No need to chase a 1RM on this move!",9.856617144663728,6,7.198487324086331
2913,EZ-bar skullcrusher-,strength,Triceps,e-z_curl_bar,intermediate,"The EZ-bar skullcrusher is a popular exercise targeting the triceps muscles. Contrary to what the name implies, the bar should actually come down behind the head. It is usually performed for moderate to high reps as part of an upper-body or arms-focused workout.",6.5367766107019545,6,9.519972874057494
2914,Lying Close-Grip Barbell Triceps Press To Chin,strength,Triceps,e-z_curl_bar,beginner,,5.833746438872908,7,9.499073925928727
2915,EZ-Bar Skullcrusher - Gethin Variation,strength,Triceps,e-z_curl_bar,intermediate,"The EZ-bar skullcrusher is a popular exercise targeting the triceps muscles. The EZ-bar is used more often than a straight bar. As for the name, that’s worst-case scenario. The bar should actually come down behind the head. It is usually performed for moderate to high reps as part of an upper body or arms-focused workout. No need to chase a 1RM on this move!",6.399955297277701,6,4.8355093075379365
2916,TBS Skullcrusher,strength,Triceps,e-z_curl_bar,intermediate,"The EZ-bar skullcrusher is a popular exercise targeting the triceps muscles. The EZ-bar is used more often than a straight bar. As for the name, that’s worst-case scenario. The bar should actually come down behind the head. It is usually performed for moderate to high reps as part of an upper body or arms-focused workout. No need to chase a 1RM on this move!",5.550120315671194,4,3.9054926094389315
2917,30 Arms EZ-Bar Skullcrusher,strength,Triceps,e-z_curl_bar,intermediate,,3.301270821914363,6,4.4056782029221
