interaction_id,user_id,exercise_id,rating,completed,sets,reps,weight,duration_minutes,timestamp
0,user_102,860,3.2718715802406493,1,3,10,9.997491581800288,8,2025-09-03 20:00:57.541896
1,user_871,130,3.692285115200832,0,3,11,93.85527090157501,2,2025-06-03 20:00:57.542975
2,user_955,2324,4.731189060173008,0,2,8,52.477466025838915,3,2024-12-13 20:00:57.543520
3,user_566,1267,3.769357483807299,1,4,12,60.75448519014384,5,2025-01-17 20:00:57.544549
4,user_166,1297,2.6998730749470443,0,4,11,12.203823484477883,8,2025-11-07 20:00:57.544549
5,user_205,1955,3.4737199105233194,1,3,13,52.00680211778108,4,2025-02-05 20:00:57.545521
6,user_476,702,2.9118571690371207,1,3,14,92.18742350231169,8,2025-05-11 20:00:57.546113
7,user_251,1016,4.600446385974764,1,2,12,27.134903177389592,5,2025-03-07 20:00:57.546113
8,user_921,2264,4.1718091447842305,1,4,12,7.455064367977082,7,2025-12-03 20:00:57.546113
9,user_343,1152,3.118479922318633,1,4,10,19.884240408880515,8,2025-07-02 20:00:57.547752
10,user_418,2336,4.349220129605481,1,4,8,62.329812682755794,2,2025-11-09 20:00:57.548761
11,user_47,502,3.0868010318324024,1,2,10,59.12977877077271,6,2025-11-07 20:00:57.550455
12,user_960,2660,2.533118579543975,1,4,8,71.06628896857873,3,2025-10-10 20:00:57.551451
13,user_863,2790,3.392104093826969,1,2,11,90.7566473926093,7,2025-04-25 20:00:57.552450
14,user_748,1678,2.60537083565104,0,4,10,16.122128725400444,2,2025-06-25 20:00:57.553466
15,user_556,1597,3.371855641885613,1,3,11,80.36720768991145,4,2025-03-01 20:00:57.554454
16,user_957,1354,2.6129785346267482,1,3,8,27.213224938463533,9,2025-08-18 20:00:57.556436
17,user_972,1768,2.820110927354006,1,3,10,41.7411003148779,5,2025-05-01 20:00:57.557444
18,user_818,1257,4.2264681632667545,1,2,11,36.3629602379294,1,2025-10-21 20:00:57.558534
19,user_267,1636,2.9169695458244673,1,2,10,60.956433397989684,2,2025-05-06 20:00:57.560044
20,user_565,854,3.2388770497167636,1,3,12,48.9452760277563,6,2025-04-09 20:00:57.561044
21,user_835,202,2.8704856776305547,1,2,14,80.31397563798959,5,2025-09-05 20:00:57.562047
22,user_197,1930,3.2562118661858017,1,4,13,69.58128067908818,3,2025-07-17 20:00:57.564046
23,user_763,1955,4.271744345621218,0,4,14,22.649577519793795,7,2025-02-07 20:00:57.565354
24,user_488,1959,4.3102741079808675,1,2,8,20.907162073771367,3,2025-03-24 20:00:57.565886
25,user_763,2191,3.9195313115684685,1,2,11,52.965057835600646,2,2025-02-11 20:00:57.566914
26,user_253,452,4.129941397124211,1,4,10,72.59556788702393,3,2025-07-13 20:00:57.566914
27,user_53,1696,3.390911435888655,1,4,8,16.162871409461378,6,2025-08-30 20:00:57.567910
28,user_851,253,3.0874165059957357,1,2,8,17.592525267734537,4,2025-02-26 20:00:57.568909
29,user_397,1300,2.3915725538203807,1,4,10,65.76128923003434,1,2025-06-19 20:00:57.568909
30,user_459,954,3.315064471641852,1,3,13,39.30977246667604,6,2025-03-23 20:00:57.570000
31,user_282,2074,2.614109625253371,1,3,8,57.69038846263591,1,2025-01-29 20:00:57.570000
32,user_815,658,4.7399243875992765,0,3,12,27.95603417967586,6,2025-09-04 20:00:57.570992
33,user_891,1768,4.198387140635565,1,2,8,55.27649668354899,3,2025-06-07 20:00:57.570992
34,user_115,190,2.525240477410571,1,4,9,55.68012624583501,6,2025-10-15 20:00:57.571993
35,user_322,1895,3.7015513342186237,0,3,14,99.00538501042632,2,2025-08-07 20:00:57.571993
36,user_154,2537,3.1788936801741414,1,4,13,35.94911512197552,7,2025-11-16 20:00:57.573500
37,user_866,1841,3.280392263184117,1,2,11,51.13423988609378,9,2025-11-06 20:00:57.573500
38,user_684,19,4.665440663986042,1,4,14,2.7616771873704704,2,2025-01-24 20:00:57.574506
39,user_799,2774,4.494101305252056,1,4,8,15.50416167277442,6,2025-02-01 20:00:57.574506
40,user_569,2352,2.5534398631853885,1,2,11,21.582102749684317,5,2025-08-31 20:00:57.575505
41,user_195,773,2.8325913763026334,0,3,14,69.95122107671938,8,2025-02-07 20:00:57.575505
42,user_655,268,2.946402762419437,1,3,14,25.08605273466612,5,2025-01-28 20:00:57.575505
43,user_790,1150,2.756891357123438,1,2,8,17.329432007084577,1,2025-04-17 20:00:57.578021
44,user_801,1119,3.882727120140548,1,2,8,95.48652806631941,7,2025-06-03 20:00:57.579021
45,user_446,580,4.202490855480478,1,4,10,24.773098950115745,3,2025-09-17 20:00:57.579021
46,user_696,1243,4.2219097140731146,1,3,9,49.16158751168324,7,2025-09-03 20:00:57.580786
47,user_288,1757,4.387317026714668,1,3,9,94.9145731591386,4,2025-02-25 20:00:57.581333
48,user_179,2809,3.0009068055973382,1,2,11,61.585116438991385,7,2025-03-29 20:00:57.581333
49,user_496,895,4.377967640895826,1,3,10,64.32882184423532,1,2025-06-16 20:00:57.582365
50,user_426,1636,3.568508709316729,1,4,11,27.396112732113377,2,2025-04-03 20:00:57.582910
51,user_498,753,3.223445072387034,1,2,9,31.89756302937613,2,2025-08-19 20:00:57.583432
52,user_616,825,4.476005546923347,1,2,12,96.75805515202475,4,2024-12-20 20:00:57.583432
53,user_456,2239,4.7262751237311855,1,4,11,37.201808579278314,7,2025-09-07 20:00:57.584471
54,user_663,2710,3.776429887919663,1,2,13,90.25529066795667,4,2025-05-09 20:00:57.585465
55,user_341,396,2.7802410622628613,1,2,11,1.083765148029836,9,2025-09-27 20:00:57.585465
56,user_264,2502,3.051784042221175,1,3,14,8.328441119525964,5,2025-09-04 20:00:57.586466
57,user_395,1492,3.133818007081562,1,4,8,11.3464602017448,5,2025-10-31 20:00:57.586466
58,user_185,2445,2.9549911256848604,1,4,10,11.706701642760587,9,2025-09-29 20:00:57.587448
59,user_953,2539,4.885215758283359,1,3,14,42.609147504694114,8,2025-06-25 20:00:57.588449
60,user_392,2842,2.7644808471908386,0,4,12,37.06421470668909,4,2025-07-20 20:00:57.588449
61,user_510,216,3.116024968678818,1,3,11,8.350071669866876,6,2025-06-28 20:00:57.589447
62,user_90,713,2.848837878961846,1,3,11,11.881791626807193,9,2025-12-11 20:00:57.589447
63,user_386,1996,3.997718585504852,1,2,14,47.77148908802277,9,2025-02-03 20:00:57.590450
64,user_928,933,4.679408316666365,1,2,12,32.268638827758366,6,2025-05-13 20:00:57.590450
65,user_202,2811,2.85682674191704,0,4,10,96.9302535619099,2,2025-10-26 20:00:57.591954
66,user_232,1549,3.551381834319347,1,4,11,95.87024074078462,8,2024-12-19 20:00:57.591954
67,user_971,667,3.7629149786254157,1,3,11,64.68483616687239,8,2025-06-09 20:00:57.592958
68,user_315,539,2.0436467414678905,1,2,12,91.09271844938425,6,2025-09-21 20:00:57.593465
69,user_882,255,4.181238229402651,1,2,9,8.274842003530614,2,2025-04-05 20:00:57.594468
70,user_876,1028,2.963194442104047,1,4,8,37.673896993794074,9,2025-01-04 20:00:57.594468
71,user_826,2842,2.8588894055063947,1,2,9,3.682186763599138,1,2025-02-04 20:00:57.596544
72,user_517,475,4.002621849859092,1,2,9,84.96473906774115,1,2025-09-18 20:00:57.598602
73,user_77,2504,4.023490296882371,1,4,12,60.617463445088006,1,2025-02-27 20:00:57.599600
74,user_33,2142,3.166157005989796,1,3,10,52.01635011119934,1,2025-10-19 20:00:57.600596
75,user_235,388,3.625756731721723,0,4,8,58.99558971376361,7,2025-05-19 20:00:57.601596
76,user_228,2900,4.574811539416541,1,3,13,60.808784954188525,2,2025-03-01 20:00:57.602596
77,user_334,2906,4.262605856345473,0,3,11,54.744630689911155,1,2025-01-11 20:00:57.604601
78,user_541,758,4.952953618463497,1,3,8,49.21162930795382,4,2025-10-04 20:00:57.605683
79,user_545,2100,3.113801160465246,1,3,10,57.96499344717384,3,2025-08-23 20:00:57.607186
80,user_760,2895,2.449374047576444,1,4,10,51.52360548642109,2,2025-10-12 20:00:57.607186
81,user_633,1028,4.243836637461647,1,3,12,3.180468148516513,6,2025-12-11 20:00:57.608780
82,user_644,2280,3.3930169778560413,1,3,12,32.1582764680029,9,2025-10-26 20:00:57.610787
83,user_120,2261,3.856429951288307,0,3,10,92.08724005318132,1,2025-11-16 20:00:57.611360
84,user_803,1280,3.090753488813655,1,4,14,92.40417591074332,7,2025-09-25 20:00:57.612368
85,user_215,364,2.612384103166156,0,4,10,71.33495858845524,7,2025-04-18 20:00:57.613384
86,user_362,1774,3.415115783087455,1,4,12,18.228387847595805,7,2025-03-14 20:00:57.613384
87,user_230,2133,3.1704542058061715,1,2,8,34.29268642782603,9,2025-10-05 20:00:57.614911
88,user_393,66,2.8509473653235173,1,3,9,55.77422659504374,8,2025-04-20 20:00:57.615944
89,user_594,2472,4.086421147686653,1,3,9,24.435315546465453,6,2025-04-27 20:00:57.615944
90,user_376,1312,2.8968805205220667,1,3,13,80.58648867411435,8,2025-02-04 20:00:57.616734
91,user_136,758,2.8610247910947213,0,4,12,98.23786169086064,6,2025-01-24 20:00:57.617240
92,user_467,1755,2.995604721848322,1,3,8,71.84572708365536,8,2025-11-16 20:00:57.618267
93,user_434,2220,4.225705599323749,1,3,9,32.367923640424365,3,2025-05-14 20:00:57.618267
94,user_224,531,3.7706903615285006,1,3,12,50.6103956359347,4,2025-01-13 20:00:57.619265
95,user_258,901,3.8466418003390914,1,3,12,6.337497047276774,2,2025-11-29 20:00:57.619934
96,user_167,1619,3.417846056032571,1,4,14,47.15761885501584,7,2025-09-09 20:00:57.620954
97,user_94,1604,3.435146572671191,1,3,13,93.29380670999547,9,2025-09-27 20:00:57.620954
98,user_546,2560,4.244022039689375,1,4,8,75.05019247653135,3,2025-05-13 20:00:57.621953
99,user_164,2052,3.790067047537601,1,3,9,90.7866130462516,9,2025-04-19 20:00:57.621953
100,user_41,2136,2.749606808791203,1,4,12,30.13778741641421,7,2025-10-10 20:00:57.623459
101,user_142,992,3.953509450955278,1,2,14,38.38912213732114,5,2025-08-30 20:00:57.623459
102,user_103,1970,2.0663240868154453,1,3,11,79.4025189270296,1,2025-04-25 20:00:57.624467
103,user_922,419,2.6176043065222747,1,2,8,70.69804612434591,7,2025-02-26 20:00:57.624467
104,user_253,2243,4.754885656229812,1,2,13,82.12573046720128,4,2024-12-12 20:00:57.625465
105,user_215,2062,4.201017240023461,1,2,12,22.92513952326415,2,2025-09-08 20:00:57.626454
106,user_626,2802,3.8530819866988555,1,4,13,90.84505613336283,6,2025-07-31 20:00:57.626983
107,user_711,2070,3.2585078650589803,1,3,10,15.33514031160802,8,2025-05-16 20:00:57.628009
108,user_622,1639,3.8910818092680395,1,4,9,77.1246668519738,9,2025-10-22 20:00:57.629008
109,user_28,2826,3.2951373095308942,1,3,12,98.48411989623345,4,2025-06-13 20:00:57.629008
110,user_824,1854,2.472681555566954,1,4,8,74.42496518432888,4,2025-02-02 20:00:57.630007
111,user_116,936,2.6352629488480845,1,2,9,91.98556164127605,2,2025-05-16 20:00:57.630007
112,user_474,417,4.080676612939452,0,4,10,24.822644275715188,9,2025-06-15 20:00:57.630007
113,user_709,1879,4.387736286244457,1,2,14,27.75871726294181,2,2025-10-24 20:00:57.631531
114,user_966,848,2.6004447145873675,1,2,14,59.53850173200438,7,2025-05-15 20:00:57.632242
115,user_317,2079,2.917732170975152,1,2,12,37.77259474401693,8,2025-11-23 20:00:57.632242
116,user_17,768,2.8725113912895726,1,2,9,49.7011948821249,3,2025-01-27 20:00:57.633881
117,user_643,1920,3.7519964942913444,1,4,14,75.32462207474508,3,2025-07-03 20:00:57.633881
118,user_379,2134,3.871591486037134,1,4,14,67.18927435987284,8,2025-10-19 20:00:57.634900
119,user_760,2626,3.512143290889695,1,4,9,80.53149673579051,8,2025-09-25 20:00:57.634900
120,user_287,2861,2.81951691709046,1,2,13,29.314773026101328,2,2025-12-05 20:00:57.636007
121,user_329,774,4.579664901682124,1,2,10,12.27768896627085,3,2025-11-06 20:00:57.636007
122,user_284,2747,3.2636918578462413,1,4,9,82.51073314226598,3,2025-08-15 20:00:57.637006
123,user_395,1555,3.130968805553413,1,3,13,36.275789466594546,5,2024-12-22 20:00:57.637961
124,user_499,2901,3.822483836176638,1,4,13,47.10654526938144,1,2025-08-19 20:00:57.639007
125,user_208,2573,4.128736617291329,1,3,12,40.255004359698056,9,2025-04-10 20:00:57.640004
126,user_277,2541,3.0092169665326964,1,4,12,1.8390676547466733,2,2025-08-06 20:00:57.641007
127,user_852,2089,4.173790852680836,1,3,9,55.417800251579344,9,2025-09-27 20:00:57.642003
128,user_598,341,4.128014867156938,1,2,12,17.53712786234496,1,2025-06-05 20:00:57.642647
129,user_633,1599,4.491345491972757,1,3,10,18.437092067896323,5,2025-02-23 20:00:57.643303
130,user_370,793,3.41220769412873,1,4,13,47.60504021990997,8,2025-04-10 20:00:57.644388
131,user_405,2116,3.9376931093282654,1,3,11,53.98427789081934,3,2025-04-29 20:00:57.645362
132,user_243,364,3.187292554725489,1,2,8,35.15401611342188,1,2025-05-09 20:00:57.645985
133,user_60,938,2.475585832959162,1,2,14,7.593341036962209,2,2025-04-27 20:00:57.645985
134,user_107,171,2.846107191660094,1,2,12,79.00135587918561,9,2025-02-04 20:00:57.645985
135,user_496,11,2.6705507890118985,1,4,14,80.65611478614497,7,2025-05-28 20:00:57.647541
136,user_199,2513,3.2367240691511268,1,2,9,3.94268113685059,7,2025-03-05 20:00:57.647541
137,user_85,249,3.9710475463311075,1,4,12,73.10236714582817,3,2025-06-19 20:00:57.648679
138,user_839,1521,4.678428387109444,1,4,10,31.910047324325564,7,2025-03-14 20:00:57.649677
139,user_525,1182,3.820281362987549,1,2,9,88.4998356523281,8,2025-06-12 20:00:57.649677
140,user_363,38,3.2062851983220613,1,2,12,62.58913764370091,2,2025-02-04 20:00:57.650677
141,user_738,545,2.0351577018429214,0,4,12,52.8937134027212,3,2025-11-03 20:00:57.650677
142,user_813,28,3.741355774949814,1,2,11,98.40834691992951,9,2024-12-18 20:00:57.651684
143,user_339,388,4.70467372009279,1,2,10,46.73107665376526,8,2025-07-07 20:00:57.651684
144,user_323,145,3.0331608494462197,1,4,9,79.79893221433834,5,2025-05-28 20:00:57.652680
145,user_806,1463,2.3963020841768126,1,4,13,61.34113892107077,9,2025-05-27 20:00:57.652680
146,user_563,771,4.583551457191818,1,3,10,17.652803200550828,9,2025-04-15 20:00:57.654895
147,user_505,2306,4.810554278893858,1,2,12,62.97779229961531,7,2025-06-18 20:00:57.656450
148,user_520,1043,4.710252123994928,1,4,10,22.444057183666068,8,2025-09-14 20:00:57.658276
149,user_328,579,2.714626853125262,1,3,10,87.74608626303804,3,2025-08-11 20:00:57.659408
150,user_540,1218,4.271749551394671,1,4,9,40.845321307069874,6,2025-01-18 20:00:57.660418
151,user_250,1199,4.541804826952736,1,3,12,22.018320194981133,5,2025-09-22 20:00:57.661418
152,user_113,1324,4.263466212936811,1,3,10,86.44928803073485,1,2025-03-25 20:00:57.662545
153,user_215,2383,2.7345656135398397,1,2,10,86.72942009598023,9,2025-03-18 20:00:57.663461
154,user_362,2604,4.533337344794577,1,3,11,15.86051052930737,9,2025-11-11 20:00:57.665002
155,user_534,425,4.584647795222836,1,4,12,74.35082562916078,2,2024-12-21 20:00:57.666045
156,user_257,588,3.8871431762153335,1,3,10,98.11861780274235,1,2024-12-17 20:00:57.667048
157,user_222,2913,3.001707375589205,1,2,10,12.844871809319136,3,2025-09-29 20:00:57.669011
158,user_232,1247,3.8244296530895805,1,2,12,78.88069818707443,4,2024-12-25 20:00:57.669518
159,user_483,1265,4.553694214169357,1,2,11,6.73506014687717,6,2025-06-02 20:00:57.670527
160,user_21,473,4.010200981841056,1,4,12,2.2123551528997254,6,2025-09-24 20:00:57.671665
161,user_927,2506,2.630062861768306,1,3,9,27.362666628166586,4,2025-09-04 20:00:57.672654
162,user_396,38,3.6493298670821677,1,3,14,68.0499302074713,6,2025-11-15 20:00:57.673663
163,user_706,2896,4.053839934863302,1,2,12,90.95245109478184,5,2025-09-19 20:00:57.674281
164,user_773,1682,3.448944269380171,1,2,10,3.113408288451136,9,2025-03-07 20:00:57.675291
165,user_523,1809,2.8967164157843355,1,4,11,18.552551570312115,1,2025-09-10 20:00:57.676431
166,user_308,519,4.284883640116102,1,4,12,13.124487768238758,5,2025-11-18 20:00:57.677426
167,user_827,377,4.223854280008657,1,3,14,48.152235151255006,7,2025-03-14 20:00:57.678066
168,user_893,1259,3.1827533674133464,1,4,13,58.19714019143988,5,2025-01-02 20:00:57.678066
169,user_583,394,2.2101384646441016,1,2,12,7.244688779455888,2,2025-09-08 20:00:57.679200
170,user_165,1567,4.607577504435877,1,2,10,48.0506947257829,8,2025-11-01 20:00:57.679200
171,user_400,2635,4.371042294261899,1,4,13,61.81557343181191,4,2025-07-04 20:00:57.680202
172,user_713,935,3.5618406660129094,1,2,12,7.857849715502074,6,2025-08-31 20:00:57.681213
173,user_193,89,3.018830116583969,1,3,14,20.01502442448101,7,2025-02-10 20:00:57.681213
174,user_871,1994,4.85084810426673,1,2,9,93.52018152994597,8,2025-06-17 20:00:57.682460
175,user_859,1107,3.6915725004361373,1,4,14,8.011484638467515,4,2025-05-18 20:00:57.683104
176,user_899,21,5.0,1,3,13,8.162998203058958,6,2025-11-30 20:00:57.683104
177,user_86,1560,3.655406090955216,1,3,10,97.58652558191314,4,2025-06-22 20:00:57.684240
178,user_903,2356,3.9878227038695084,1,3,10,22.845474133129873,8,2024-12-16 20:00:57.684240
179,user_58,1737,4.071135179305932,1,2,12,41.83997886676527,1,2025-01-14 20:00:57.685247
180,user_816,2909,3.9541203380002496,1,2,11,73.53502986657526,4,2025-07-13 20:00:57.686245
181,user_561,1712,3.251394860520378,1,2,11,2.9394445756507293,2,2025-04-28 20:00:57.686245
182,user_577,2382,2.91368635002959,1,4,9,91.2363345616691,3,2025-04-19 20:00:57.687246
183,user_529,2068,3.441829968743336,1,4,9,71.58249646820886,7,2025-02-17 20:00:57.688794
184,user_939,525,2.9872229645042774,1,2,14,59.291839983178185,7,2025-09-19 20:00:57.689837
185,user_129,837,3.586364509629682,1,2,8,39.90459461371111,3,2025-04-27 20:00:57.690835
186,user_260,2046,3.8583827401571935,1,4,14,23.46740382615511,3,2025-08-16 20:00:57.691837
187,user_269,2639,3.7688057800370207,1,3,11,82.88833658826094,1,2025-08-01 20:00:57.692975
188,user_275,1799,3.750379895317155,1,2,10,73.64020150656405,5,2025-05-22 20:00:57.694017
189,user_164,2352,3.4251108710567464,1,4,14,55.81402495938629,4,2025-01-12 20:00:57.695557
190,user_641,968,3.36381477181849,0,4,10,45.21990282834353,5,2025-10-14 20:00:57.696206
191,user_836,1184,3.0259729429036497,1,3,11,14.834320096208886,5,2025-04-14 20:00:57.697903
192,user_215,1274,3.4581638373512407,1,4,10,48.88465802569202,6,2025-01-06 20:00:57.698951
193,user_150,2431,3.1732442379489965,1,3,9,73.28989183413418,8,2025-01-05 20:00:57.698951
194,user_128,1014,2.6881155196520976,1,3,14,69.26259522261645,7,2025-08-15 20:00:57.700919
195,user_217,2474,3.957015676933393,1,3,9,61.78472402012139,8,2025-02-12 20:00:57.701915
196,user_743,587,4.099144688685933,1,2,10,94.08753563380648,5,2025-02-11 20:00:57.701915
197,user_68,2408,2.870197088775263,1,3,9,60.49539226905408,9,2025-07-04 20:00:57.703041
198,user_680,1112,3.1606786077251368,1,2,10,87.8515561301348,6,2025-08-02 20:00:57.704596
199,user_613,18,4.210960377117642,1,3,12,79.78136488586345,3,2024-12-12 20:00:57.705285
200,user_330,1367,3.489796475420433,1,2,11,60.98318054986945,5,2025-01-30 20:00:57.706931
201,user_604,1496,3.3325980808905116,1,2,10,22.726962726315147,3,2025-08-24 20:00:57.706931
202,user_841,961,2.87545213597203,1,3,13,91.42365159514699,9,2025-11-30 20:00:57.708664
203,user_132,303,2.6585038348244385,1,4,10,76.48832615421283,6,2025-02-13 20:00:57.710719
204,user_497,2411,3.3794642948933826,1,4,10,6.026739028956085,5,2025-07-24 20:00:57.711674
205,user_469,786,4.1405957119846875,1,2,11,25.677656772050796,4,2025-11-15 20:00:57.713677
206,user_668,2798,4.2278880997812776,0,3,9,39.99052068041562,4,2025-09-13 20:00:57.714675
207,user_344,349,4.489446769956363,1,4,11,18.143834769562694,7,2025-02-03 20:00:57.716194
208,user_240,444,3.698707351530186,1,2,9,11.230434441121917,7,2025-08-16 20:00:57.717196
209,user_276,2773,2.962427916594992,1,3,8,64.66059134228601,8,2025-08-13 20:00:57.718194
210,user_636,2729,3.862338388247285,1,2,11,27.48060355481361,3,2025-09-03 20:00:57.719705
211,user_59,2904,3.375687993537973,0,3,8,42.3944812913302,5,2025-06-20 20:00:57.720324
212,user_560,482,2.959870476896227,1,3,12,64.1971500443266,7,2025-07-05 20:00:57.721334
213,user_522,649,3.546635452729965,1,2,12,5.845461410855391,9,2025-03-29 20:00:57.722341
214,user_319,1826,4.836139618043425,1,2,14,72.45168513986181,7,2025-03-07 20:00:57.722341
215,user_699,2349,4.461466091104704,1,3,13,57.83869170064091,7,2025-08-25 20:00:57.723848
216,user_35,743,3.5653516543072508,1,2,10,34.35604747757039,7,2025-05-30 20:00:57.723848
217,user_780,2608,3.8578509171971938,1,2,11,23.3712081910433,5,2025-03-23 20:00:57.724855
218,user_229,1735,3.2313131676905513,1,4,13,66.94869551981901,7,2025-06-23 20:00:57.725858
219,user_769,2661,4.058927974812945,1,3,14,46.52056122837182,8,2025-07-15 20:00:57.725858
220,user_811,1465,2.5046538056811483,1,3,13,45.037093625818514,1,2025-07-29 20:00:57.725858
221,user_514,1679,4.314706792443394,1,4,11,97.41646286280155,6,2025-12-07 20:00:57.727365
222,user_871,1271,4.606548849989592,1,3,13,8.912443211601662,7,2025-02-27 20:00:57.727365
223,user_160,1012,4.070858456819952,1,3,11,70.87446977429764,4,2025-07-14 20:00:57.728372
224,user_113,2796,2.6478561459044054,1,2,8,30.552431065802356,4,2025-06-05 20:00:57.729507
225,user_406,1689,3.8805596260667015,1,4,13,91.93919732144174,6,2025-01-30 20:00:57.731081
226,user_100,243,4.040914679273783,1,3,13,72.14220673287318,3,2025-01-10 20:00:57.731081
227,user_6,947,3.9505551734044286,1,4,12,2.2893824976120247,2,2025-05-20 20:00:57.732933
228,user_787,2001,3.542947782915789,1,3,8,92.27571905133944,1,2025-08-24 20:00:57.733605
229,user_335,821,3.2373491164399764,1,4,10,39.86630277723131,9,2025-07-24 20:00:57.733605
230,user_116,2529,4.25387883515575,1,2,14,50.61418628402441,2,2025-01-30 20:00:57.734741
231,user_446,389,4.026994209222896,0,4,13,60.255316384286495,7,2025-02-28 20:00:57.734741
232,user_516,1953,3.6556666225185284,1,2,14,69.50352288585532,9,2025-09-20 20:00:57.735746
233,user_904,1122,2.9686715218987776,0,3,13,10.10458110106467,1,2025-03-27 20:00:57.736391
234,user_771,1638,3.6334969683616793,1,2,11,65.57236725616563,6,2025-04-25 20:00:57.736391
235,user_689,1508,3.6283549985175165,1,3,12,35.42362404447745,6,2025-11-28 20:00:57.737427
236,user_454,1764,4.209103306377268,1,3,10,41.85806216239353,6,2025-09-24 20:00:57.738452
237,user_660,2697,2.9490921289852152,1,4,12,21.52018720172375,5,2025-04-14 20:00:57.738452
238,user_492,2385,2.30602696971673,1,2,11,26.60192780053807,5,2025-03-05 20:00:57.739510
239,user_509,1731,2.618879268935209,1,3,10,37.58882851457693,4,2025-10-31 20:00:57.739510
240,user_20,2601,3.665463630670042,1,2,8,84.08715794259226,8,2025-03-10 20:00:57.740402
241,user_283,714,3.519952343698038,1,4,13,63.66696821672073,1,2025-01-03 20:00:57.740402
242,user_855,2514,3.697830464218344,0,4,10,65.90355342036808,3,2025-07-13 20:00:57.741910
243,user_16,1668,3.962091302090893,1,3,14,29.65355812876552,4,2025-05-15 20:00:57.741910
244,user_390,2546,3.7742951711996806,0,3,13,76.43726622217359,6,2025-08-23 20:00:57.742917
245,user_367,1246,2.78197325617506,1,2,8,38.19396396528959,2,2025-10-24 20:00:57.743420
246,user_803,2883,3.3208437185773247,1,3,14,96.84887775943838,5,2025-07-01 20:00:57.743420
247,user_651,1882,4.6123135436131655,1,3,12,58.24226582072465,2,2025-12-01 20:00:57.744465
248,user_521,782,3.114977223921106,0,4,13,43.940498969445215,9,2025-08-20 20:00:57.745553
249,user_789,2461,3.545848934517097,1,4,13,1.2714889986893518,5,2025-08-12 20:00:57.746189
250,user_543,1245,3.9164391431067944,1,2,13,84.19985528900615,8,2025-04-18 20:00:57.746189
251,user_646,662,3.14128997524415,1,4,13,75.31873359134028,9,2025-11-20 20:00:57.746189
252,user_859,769,3.1998439758763206,1,4,14,50.5852692951829,8,2025-10-29 20:00:57.747950
253,user_460,2325,3.6743215531040856,1,2,8,50.83605469162799,6,2025-11-23 20:00:57.747950
254,user_22,2460,3.081334999498766,1,2,14,16.08481739577462,8,2025-08-05 20:00:57.749091
255,user_875,1284,2.5718467152784252,1,4,9,65.75603127780231,9,2025-12-02 20:00:57.749091
256,user_404,2349,2.402058468982408,1,2,8,55.42265141320166,6,2025-04-22 20:00:57.750086
257,user_601,313,3.22230133411007,0,2,13,20.24805601652374,2,2025-11-22 20:00:57.750086
258,user_586,1778,2.9469690454809805,1,3,11,38.53758830473618,4,2025-11-22 20:00:57.751729
259,user_905,2583,4.610998560486751,1,3,12,66.30420045004922,6,2024-12-18 20:00:57.752739
260,user_404,2249,2.2371718427149525,1,2,14,87.42624706102377,3,2025-05-10 20:00:57.754281
261,user_740,335,4.631292051713591,1,3,9,59.936896566293385,3,2025-07-06 20:00:57.755292
262,user_187,59,4.54513725317213,1,2,11,78.48969771114676,6,2025-08-17 20:00:57.756289
263,user_926,867,2.2895077194636104,1,2,11,12.237675732517793,1,2025-06-12 20:00:57.757300
264,user_480,1169,2.7086815628502743,1,4,10,73.36158300423125,6,2025-02-14 20:00:57.758989
265,user_160,2448,3.914375412281457,1,4,10,68.59112710498637,7,2025-07-28 20:00:57.759996
266,user_601,836,2.755575289106863,1,2,10,2.4191763891355245,6,2025-05-28 20:00:57.760998
267,user_848,1900,2.440191283355494,1,4,9,85.27280198757113,3,2025-10-04 20:00:57.762997
268,user_348,1956,1.6429463497544567,1,3,9,8.060151375712465,7,2025-02-20 20:00:57.763996
269,user_930,640,2.6002508334182566,1,3,8,15.890816766935355,9,2025-11-11 20:00:57.765505
270,user_595,1687,2.840496166623588,1,3,13,3.6287622613502157,7,2025-07-02 20:00:57.766514
271,user_950,269,3.9908415702785742,1,3,14,44.973984245054,6,2025-10-29 20:00:57.767113
272,user_840,1836,3.5265287165076895,1,3,8,77.18577261816213,6,2025-08-07 20:00:57.768229
273,user_398,2001,4.016652649301732,1,4,11,12.798820853358638,7,2025-07-11 20:00:57.769227
274,user_491,895,2.9477593268115667,1,2,10,72.51557275511148,5,2025-02-10 20:00:57.769866
275,user_914,370,4.177790129284103,1,2,12,11.409578488793336,2,2025-08-17 20:00:57.769866
276,user_707,894,3.3164808757549133,1,2,12,22.740949586137894,9,2025-09-17 20:00:57.770903
277,user_176,528,2.7752119808873594,1,3,13,84.69187280885599,5,2025-12-07 20:00:57.771901
278,user_513,2069,3.2182799020788337,1,4,12,74.92837126957764,8,2025-02-21 20:00:57.771901
279,user_955,570,4.451967420543098,1,4,14,49.72559303146882,7,2025-03-10 20:00:57.773409
280,user_531,1177,4.580966906728048,1,2,14,87.95818549515292,9,2025-06-27 20:00:57.773409
281,user_57,880,3.6158175263429637,0,2,13,34.3663192609103,1,2025-10-31 20:00:57.774419
282,user_226,773,3.5983181019698645,1,4,10,44.10721582507837,8,2025-03-19 20:00:57.774419
283,user_585,7,2.935011562208526,1,2,11,27.644169058339607,8,2025-10-18 20:00:57.775415
284,user_904,558,1.620201300363558,1,3,14,61.34731386391763,3,2025-03-04 20:00:57.775415
285,user_625,1898,3.5316874247854653,1,2,11,20.201566840248997,8,2025-09-02 20:00:57.776415
286,user_927,1915,3.7246542142348433,1,3,13,85.6873936075094,9,2025-11-30 20:00:57.777448
287,user_906,2861,3.4721448210911405,1,2,14,48.53589831598871,5,2025-11-21 20:00:57.777448
288,user_669,268,3.1949434097361977,0,2,11,89.02580530178021,5,2025-04-29 20:00:57.778078
289,user_700,264,3.61381510784285,1,3,13,71.02427986233116,9,2024-12-13 20:00:57.778078
290,user_875,2504,3.9544154402219065,1,3,9,24.433994078646613,8,2025-05-08 20:00:57.779214
291,user_189,1440,2.8799750507402484,1,3,8,73.96713007267637,2,2025-02-01 20:00:57.780209
292,user_74,2326,3.24077552801763,1,4,13,97.91049380151546,3,2025-02-26 20:00:57.780209
293,user_723,2319,3.621926466293157,1,4,11,68.166948240162,6,2025-05-25 20:00:57.781213
294,user_659,123,3.887872420621215,1,4,13,36.037781993034756,5,2025-04-29 20:00:57.781213
295,user_312,948,2.7029116256350214,1,3,11,87.1204482263052,7,2024-12-22 20:00:57.782460
296,user_763,844,4.141103821444967,1,4,14,16.90810703559925,2,2025-10-27 20:00:57.782966
297,user_549,141,4.3732800478405345,1,3,10,41.27611292660261,4,2025-03-06 20:00:57.783527
298,user_423,2903,3.1941213238926722,1,4,9,69.93153751262037,4,2025-06-22 20:00:57.783527
299,user_326,2810,3.651790103538698,1,2,11,63.50891059097188,4,2025-08-14 20:00:57.784581
300,user_933,1460,2.5446480884676337,1,2,11,30.126526076000037,5,2025-04-29 20:00:57.785544
301,user_954,2381,3.0459323728242467,1,4,11,87.72394571622004,2,2024-12-16 20:00:57.785544
302,user_636,1621,3.9477753907312643,1,3,11,58.280683508348964,2,2025-04-01 20:00:57.786544
303,user_660,1348,3.915589138404995,1,2,10,48.83746289829387,5,2025-05-25 20:00:57.786544
304,user_444,1928,4.487598814891215,1,2,12,69.44504561307087,8,2025-01-14 20:00:57.787546
305,user_437,2221,3.2505470849699227,1,2,10,89.2523289954846,6,2025-04-24 20:00:57.788541
306,user_532,1573,3.8199822646856965,1,4,11,10.422480280834767,6,2025-09-27 20:00:57.789538
307,user_940,578,3.3710637455359462,1,3,9,47.289713281090485,9,2025-03-30 20:00:57.789538
308,user_583,1110,3.4534288475628676,0,2,11,60.40716770712192,8,2024-12-15 20:00:57.790543
309,user_448,440,3.8922508988400653,1,2,10,19.609771273839293,3,2025-04-19 20:00:57.790543
310,user_851,1847,4.481334459792766,1,2,13,83.33170714730124,4,2024-12-24 20:00:57.792052
311,user_601,1830,4.181858934648351,1,2,13,39.67968470863165,6,2025-04-23 20:00:57.792052
312,user_776,1367,3.1065983141188447,1,4,10,50.74119387178089,9,2025-11-03 20:00:57.793060
313,user_396,1727,2.6240153341305903,1,4,10,13.148911989798162,1,2025-06-27 20:00:57.793566
314,user_619,18,3.4156746335316273,1,2,8,82.37903842212947,7,2025-04-06 20:00:57.794596
315,user_452,519,2.909260835210402,1,3,14,71.75721247315944,7,2025-06-18 20:00:57.794596
316,user_686,1875,3.6458557686991684,1,4,11,36.90530217609166,3,2025-04-17 20:00:57.795605
317,user_411,935,3.171407581201312,1,2,11,8.018001408190345,9,2025-03-29 20:00:57.796265
318,user_958,104,3.404492757516488,1,3,9,13.8871326396517,9,2025-11-03 20:00:57.796265
319,user_539,770,4.152659889773533,1,4,12,90.24533072858418,6,2024-12-27 20:00:57.797278
320,user_295,2305,2.9833850046777695,1,2,14,57.71998867345508,5,2025-05-13 20:00:57.797791
321,user_573,48,2.89594157136373,1,2,14,81.67232025585446,6,2025-03-03 20:00:57.798501
322,user_276,1461,2.852011578297133,0,2,12,86.17424949182954,2,2025-02-27 20:00:57.799564
323,user_450,2242,3.541803039915093,1,4,8,43.098522051329624,8,2025-09-28 20:00:57.799564
324,user_559,2719,3.6521701214390765,1,2,14,51.16813865815117,5,2025-12-05 20:00:57.800555
325,user_195,2468,3.168754005982163,1,2,14,15.445974722332378,2,2025-08-08 20:00:57.800555
326,user_394,816,3.6110616511865268,1,3,8,10.52591851970124,1,2024-12-12 20:00:57.801558
327,user_433,2884,3.055586080144768,1,4,10,96.40174071177023,4,2025-07-11 20:00:57.802556
328,user_154,2037,2.9257362238191837,1,3,10,14.706185056658839,5,2025-11-12 20:00:57.802556
329,user_937,2532,3.368194735092299,1,2,9,37.48035677817963,3,2025-09-16 20:00:57.803555
330,user_645,1731,4.0071616291053,0,4,14,15.158429286987996,1,2025-08-25 20:00:57.804508
331,user_735,1301,3.0780939114704386,1,2,8,55.37114853580112,2,2024-12-12 20:00:57.805016
332,user_853,820,3.8904219901434693,1,2,10,17.71709252718655,5,2025-11-21 20:00:57.805016
333,user_299,138,4.613860438569589,1,4,8,58.0467600993696,8,2025-08-09 20:00:57.806523
334,user_482,908,2.8973564542559496,1,2,10,88.0314762148927,8,2025-05-12 20:00:57.807072
335,user_760,2809,4.16708179006352,1,4,12,14.798414736583476,5,2025-07-20 20:00:57.808082
336,user_612,2211,3.832220126974105,1,4,11,3.798156328985347,6,2025-12-07 20:00:57.808082
337,user_183,1043,3.780953212383053,1,3,11,96.96077268480954,3,2025-07-18 20:00:57.809089
338,user_665,2667,4.563025125386084,1,3,11,28.57835555258702,1,2025-05-10 20:00:57.810309
339,user_406,398,3.974303138205757,1,2,10,57.727902923313124,3,2025-05-07 20:00:57.810309
340,user_81,603,3.260561214189669,1,2,10,20.04745155284028,9,2025-01-18 20:00:57.811327
341,user_115,2384,3.3226077929750284,1,4,14,88.34647629860606,5,2025-11-29 20:00:57.812328
342,user_942,1724,3.9785318202708204,1,3,9,13.443512940812186,5,2025-05-22 20:00:57.812328
343,user_193,695,2.879292794789897,1,3,14,99.05460327701334,2,2025-03-23 20:00:57.813328
344,user_793,112,2.9381358318664135,1,4,12,0.566581452956727,8,2025-06-07 20:00:57.814059
345,user_127,200,2.8217641813158347,1,4,9,10.440412974808144,7,2025-03-22 20:00:57.814059
346,user_801,941,3.480927178102469,0,4,10,54.91303362771727,2,2025-10-28 20:00:57.814059
347,user_572,2130,2.436288471926746,1,3,8,50.06242680704178,6,2025-06-07 20:00:57.815589
348,user_321,449,3.4906570639993904,1,3,14,40.13060242197122,7,2025-08-14 20:00:57.815589
349,user_893,1590,3.6178558696494196,1,2,14,47.64369863437916,1,2025-04-23 20:00:57.816607
350,user_669,436,3.740619274294402,1,4,14,86.69334683518836,4,2025-10-19 20:00:57.817608
351,user_563,659,3.7607112776892664,1,3,9,71.39526325065899,4,2025-10-20 20:00:57.817608
352,user_407,2894,3.53010495374944,1,4,9,40.14456309131936,2,2025-01-08 20:00:57.817608
353,user_759,353,4.379830019455539,1,2,11,40.24466374336689,9,2025-04-15 20:00:57.819123
354,user_860,1809,3.4775481897207383,0,3,8,34.03707463057627,9,2025-01-26 20:00:57.819123
355,user_156,667,2.483565385706473,1,2,10,27.039328638452552,2,2025-09-03 20:00:57.820264
356,user_849,818,4.425448981083986,1,4,12,11.602268134816928,7,2025-05-08 20:00:57.821136
357,user_924,928,2.931314105800302,1,2,14,0.43632696503090873,7,2025-05-13 20:00:57.821136
358,user_916,234,3.0957534693963655,1,2,11,70.25405015348069,9,2025-11-21 20:00:57.822138
359,user_851,1746,3.0341853146551303,1,3,8,36.005046590097834,7,2025-11-14 20:00:57.823647
360,user_552,1378,2.2792589691951113,1,2,11,85.89566854206295,2,2025-04-27 20:00:57.824657
361,user_396,1123,2.895273717175462,1,2,8,86.97631766817108,6,2025-09-03 20:00:57.825657
362,user_620,1878,3.223120616991968,1,4,11,73.85974581323308,6,2025-07-16 20:00:57.825657
363,user_539,2535,4.408944829012515,1,2,11,8.534133648432485,3,2025-11-29 20:00:57.827292
364,user_312,2096,3.0204595876978604,1,2,9,1.4693388654953843,5,2025-09-01 20:00:57.828422
365,user_791,2005,2.498906272109264,1,3,9,3.142182151127293,3,2025-08-23 20:00:57.828422
366,user_613,2064,3.8725500775657706,1,2,11,4.165681838268243,6,2025-01-25 20:00:57.829432
367,user_851,118,3.2218069613410893,1,4,8,52.129604765413895,6,2025-06-14 20:00:57.830007
368,user_681,1722,3.237647275006097,1,4,12,34.18037054921825,7,2025-12-05 20:00:57.830527
369,user_755,2059,2.3232200719328033,0,4,12,64.64587416379305,7,2025-04-28 20:00:57.831141
370,user_622,306,3.3351099486386695,1,3,10,30.29157288331926,3,2025-07-08 20:00:57.832291
371,user_609,1249,3.3384831936697688,1,4,11,47.38098283979466,4,2025-09-13 20:00:57.832924
372,user_103,392,3.0939012739455443,1,4,14,56.12935429484027,6,2025-04-23 20:00:57.833522
373,user_528,1594,2.2031414923244834,1,4,9,89.60751117945733,9,2025-02-14 20:00:57.833522
374,user_338,2314,3.010691105552353,1,4,11,64.28189148001742,1,2025-10-24 20:00:57.834614
375,user_686,2611,3.188863831160818,1,3,11,53.8813009039619,9,2025-06-21 20:00:57.834614
376,user_241,2841,3.5824285491849883,1,3,13,52.96597239456199,5,2025-10-27 20:00:57.835626
377,user_452,2645,4.044769360847386,1,3,9,18.030793542277813,3,2025-12-06 20:00:57.835626
378,user_92,2567,4.223930873875897,1,3,8,19.692570445342838,3,2025-04-04 20:00:57.836623
379,user_559,2743,3.185547025656961,1,3,13,56.95397795671037,5,2025-09-14 20:00:57.837536
380,user_273,2006,3.094853083805198,1,4,12,90.78987937796194,2,2025-03-14 20:00:57.837536
381,user_618,1834,2.6690089111016952,1,3,9,75.73102071344388,8,2024-12-25 20:00:57.838532
382,user_494,1629,3.6962360814712865,1,3,13,85.520698501837,9,2025-09-29 20:00:57.839530
383,user_547,1636,3.5876415539120243,1,3,14,63.43636888716871,8,2025-06-25 20:00:57.840532
384,user_763,871,3.2347859091742164,0,2,10,2.916976364526447,3,2024-12-13 20:00:57.842040
385,user_652,1196,4.357051749860046,1,2,13,39.783662550215695,2,2025-08-05 20:00:57.843051
386,user_671,600,3.675313480839287,1,2,13,91.84264321454087,1,2024-12-18 20:00:57.843051
387,user_602,2765,4.660652016136506,1,2,11,38.63231730764659,5,2025-09-12 20:00:57.844432
388,user_81,2371,2.598013800596511,1,3,9,67.95499271339084,9,2025-05-05 20:00:57.845419
389,user_579,708,3.373044059769842,1,4,12,51.669838522626776,3,2025-08-25 20:00:57.846013
390,user_699,2246,3.905439804611483,1,3,11,49.75398521461022,4,2025-08-25 20:00:57.846013
391,user_220,2600,4.460825055962229,1,4,13,20.707580921085523,9,2025-01-22 20:00:57.846013
392,user_889,270,3.9455119538523253,0,4,14,33.21910331156046,2,2025-11-18 20:00:57.847678
393,user_535,289,3.5169816282495114,1,4,12,28.24724263700037,7,2024-12-12 20:00:57.847678
394,user_580,862,4.173838241769168,0,2,11,52.251018108558846,5,2025-02-02 20:00:57.848784
395,user_649,2727,2.756385717943224,1,3,12,30.39425122550273,3,2025-06-16 20:00:57.848784
396,user_341,1838,2.7031023388718376,1,4,8,84.84253790905247,7,2025-02-01 20:00:57.849774
397,user_305,2749,2.51712129219687,1,4,10,18.161396775660265,6,2025-04-28 20:00:57.850771
398,user_550,2551,4.126930604507292,1,4,14,54.44969591038651,2,2025-04-01 20:00:57.850771
399,user_253,520,4.784467247838748,1,3,13,26.5326137555467,4,2025-10-25 20:00:57.851783
400,user_435,1134,3.4851966949234257,1,2,14,50.889055559105586,4,2025-09-22 20:00:57.851783
401,user_488,894,4.401682524410582,1,4,14,46.17161438131191,1,2025-06-28 20:00:57.852779
402,user_508,1661,2.8975381041129458,0,2,12,21.339334797568952,4,2025-02-07 20:00:57.852779
403,user_244,1538,2.966061113963512,1,2,11,67.10552838599145,7,2025-06-03 20:00:57.853779
404,user_64,1497,3.227091583594919,1,3,8,2.519341395922936,4,2025-09-25 20:00:57.854687
405,user_825,1824,3.732633376220204,1,2,14,23.497340499595275,3,2025-06-27 20:00:57.855294
406,user_338,2240,2.90961975510222,1,3,10,95.24671166878468,9,2025-07-17 20:00:57.856804
407,user_94,451,3.025826370286364,1,3,13,67.2702994208898,5,2025-01-18 20:00:57.858319
408,user_518,374,3.6059719926932003,1,3,11,67.40199190587927,1,2025-08-21 20:00:57.858319
409,user_11,2378,4.130625265616928,1,2,13,33.40499656687692,9,2025-01-12 20:00:57.859711
410,user_68,2165,2.6357274888399966,0,2,10,67.7540945503534,2,2025-10-26 20:00:57.860658
411,user_678,451,2.3609707604410994,1,3,14,63.22821536376399,7,2025-08-06 20:00:57.861848
412,user_821,759,2.9863550301801496,1,3,13,54.778469438331946,9,2025-09-21 20:00:57.862425
413,user_473,1491,2.866371942788487,1,4,8,39.76123785528706,3,2025-03-21 20:00:57.863064
414,user_97,1826,2.5390700934373434,1,3,9,60.363720055937506,7,2025-05-07 20:00:57.863705
415,user_668,1518,2.4980213139592506,1,4,8,9.206698608247542,3,2025-09-19 20:00:57.864351
416,user_482,2414,4.022908644044143,1,3,14,56.36599710287622,9,2024-12-25 20:00:57.864351
417,user_559,744,3.3855194599766274,1,4,11,0.20185177482339167,4,2025-10-08 20:00:57.865364
418,user_594,1177,4.077666374095308,1,4,12,20.263263413534315,6,2024-12-21 20:00:57.865874
419,user_609,2461,2.5112189372636564,1,2,8,38.56135128656481,7,2025-02-10 20:00:57.866516
420,user_136,82,3.9451152480919287,1,3,13,97.70069544389435,1,2025-01-16 20:00:57.867155
421,user_369,1818,4.248742628652829,1,4,11,74.83843496762313,9,2025-03-16 20:00:57.867788
422,user_643,2426,3.8747919521027105,1,3,9,71.40527233781268,8,2025-11-03 20:00:57.868428
423,user_368,2804,3.6907270393452434,1,4,14,35.59710324883943,5,2025-02-16 20:00:57.868956
424,user_943,801,2.9664108549753223,1,3,8,67.28716685980798,2,2025-09-09 20:00:57.869627
425,user_303,1526,2.642120005444624,1,3,14,82.29838050417675,8,2025-06-21 20:00:57.870262
426,user_386,1993,3.161545763015373,1,4,13,37.11129384301278,9,2025-08-27 20:00:57.870904
427,user_856,294,3.0462703077468114,1,2,13,85.9823835391276,2,2025-10-17 20:00:57.871533
428,user_186,2900,3.499664855619877,1,3,9,49.94317698668353,2,2025-04-04 20:00:57.872092
429,user_618,1572,3.881461504557211,1,3,9,50.00801182715826,9,2025-05-21 20:00:57.872092
430,user_771,255,3.5991064236454995,0,4,8,76.44407280755044,6,2025-04-14 20:00:57.873614
431,user_120,1637,2.784903936421865,1,2,12,78.65223823908471,5,2025-04-14 20:00:57.874173
432,user_454,2668,2.895535756560211,1,2,11,92.45610553768049,8,2025-04-22 20:00:57.875189
433,user_534,1688,4.633961066665943,1,4,9,82.85555979060814,9,2025-04-19 20:00:57.875570
434,user_310,1837,2.42723089100054,1,4,8,31.860896276360716,9,2025-12-06 20:00:57.877188
435,user_108,2594,3.318313687639421,1,2,13,79.44856336484906,7,2025-09-27 20:00:57.878707
436,user_470,2461,5.0,1,2,14,17.925325573928074,4,2025-08-22 20:00:57.879709
437,user_918,1068,3.4345557823370423,1,2,9,53.18890790075142,2,2025-09-09 20:00:57.880961
438,user_661,757,3.6452100726254137,1,3,8,21.189433044010908,7,2025-04-09 20:00:57.881563
439,user_558,2805,2.3707475446623327,1,3,14,74.9390452801159,8,2025-10-01 20:00:57.882798
440,user_362,1532,3.749047281285561,1,4,9,41.1864740417496,1,2024-12-23 20:00:57.883327
441,user_498,140,3.748421883972493,1,3,12,53.25040664159818,1,2025-04-11 20:00:57.884009
442,user_831,294,3.2167448587242613,1,2,9,89.56747776187787,7,2025-02-01 20:00:57.884651
443,user_816,1126,3.596966220625098,1,2,13,79.27581135728128,9,2025-04-05 20:00:57.885288
444,user_764,2588,4.732088619376219,1,2,13,72.3443662354912,8,2025-02-03 20:00:57.885922
445,user_832,504,3.498429386732904,1,2,10,12.73864160003393,6,2025-04-23 20:00:57.886556
446,user_198,717,4.665878485197277,1,4,10,1.3367683259395635,9,2025-04-24 20:00:57.887195
447,user_657,2482,4.0219366799144876,1,3,13,47.92600899145375,9,2024-12-17 20:00:57.887835
448,user_291,731,3.180339587846498,1,2,12,98.92177539577501,4,2025-05-05 20:00:57.888365
449,user_634,1769,3.017065990755789,1,4,10,35.05205342861618,8,2025-10-14 20:00:57.888993
450,user_950,2621,3.273602052055827,0,4,10,92.92884022620595,2,2025-10-11 20:00:57.889621
451,user_255,2608,2.3014210008909615,1,4,11,9.537160227305863,8,2025-05-19 20:00:57.890250
452,user_47,1955,3.2286402023076204,1,2,13,80.30020719578371,4,2025-05-17 20:00:57.890877
453,user_354,2532,3.7279111610733833,1,2,10,16.98810060507353,9,2025-05-06 20:00:57.892108
454,user_901,2448,4.319634768928458,1,3,11,85.25849549383427,5,2025-10-11 20:00:57.892661
455,user_937,2891,2.2668960845519175,1,2,10,27.09426983163654,8,2025-08-30 20:00:57.893255
456,user_58,1848,2.6209573366564003,1,3,11,74.5753379076126,1,2025-05-08 20:00:57.893255
457,user_513,2443,2.65630784395465,1,4,9,95.84978356677402,1,2025-10-11 20:00:57.894387
458,user_805,2552,4.049155096119051,1,2,13,26.951186229227265,5,2025-08-24 20:00:57.894387
459,user_780,922,2.9735859977126156,1,3,9,66.19689447938686,4,2025-03-08 20:00:57.895396
460,user_886,837,4.332791983472097,1,2,11,21.723088645301083,5,2025-10-10 20:00:57.895967
461,user_533,1093,4.348656519456199,1,4,14,55.73371695730081,8,2025-02-13 20:00:57.895967
462,user_689,1240,3.335370472975102,1,3,9,84.4871347755229,1,2025-06-13 20:00:57.897110
463,user_892,1573,2.853870119049115,0,4,12,74.81839120488463,3,2024-12-12 20:00:57.897679
464,user_858,1698,3.120903496362014,1,4,11,89.17108652027459,5,2025-02-11 20:00:57.897679
465,user_500,2850,3.3192254675822825,0,4,13,91.6603301642411,1,2024-12-21 20:00:57.898825
466,user_927,2254,3.8976891243675658,1,2,12,40.233495523733275,3,2025-11-17 20:00:57.899825
467,user_67,1596,3.0024066536883924,1,4,10,67.61253975882903,9,2025-03-11 20:00:57.899825
468,user_47,2258,2.842796994223202,1,2,14,21.16358985698612,3,2025-07-16 20:00:57.900825
469,user_779,1585,3.479144214852501,1,2,9,71.51001612837,9,2025-11-28 20:00:57.900825
470,user_714,287,4.977078716875143,1,3,14,92.50471753430145,5,2025-01-03 20:00:57.901835
471,user_424,570,2.7471266478690315,1,2,13,27.528821345186017,3,2025-01-25 20:00:57.902834
472,user_63,2886,3.3969998994637653,1,3,9,66.7760591603153,2,2025-08-22 20:00:57.902834
473,user_928,374,3.186746634700861,1,4,11,45.48724428028682,4,2025-05-04 20:00:57.902834
474,user_165,2690,4.219331103175542,1,3,12,83.37919509188274,2,2025-02-23 20:00:57.904378
475,user_437,1610,3.0672364210314567,1,4,13,70.26402058582289,8,2025-05-17 20:00:57.905479
476,user_639,2387,3.434692332531237,1,4,10,73.74260857706773,8,2025-03-31 20:00:57.906987
477,user_510,1096,3.3113556119501344,1,2,9,69.12118093865404,7,2025-02-02 20:00:57.907594
478,user_263,1230,3.7417851780562144,1,2,8,85.25474212459704,3,2025-12-01 20:00:57.908223
479,user_97,1969,2.9017667082859515,1,3,9,47.49509652637482,2,2024-12-19 20:00:57.908792
480,user_727,905,3.9441988345785495,1,2,13,16.60218236428608,8,2025-02-19 20:00:57.910845
481,user_235,2103,3.614491290817375,1,4,13,63.05809415830923,8,2025-10-13 20:00:57.910845
482,user_649,38,2.292512064061976,1,2,9,80.90236402916764,2,2025-06-29 20:00:57.911932
483,user_382,1879,3.3500528603518376,1,4,13,48.45379950800108,7,2025-12-01 20:00:57.911932
484,user_301,2143,2.96195161569402,1,3,10,0.3140906048122116,7,2025-07-20 20:00:57.912925
485,user_64,2782,2.3913019405053673,1,2,14,5.697872699736828,8,2025-04-30 20:00:57.912925
486,user_776,2837,4.2709210446681585,1,2,14,19.924595440831403,7,2025-06-28 20:00:57.913926
487,user_524,2896,4.820579769545787,1,3,10,52.27601415618698,9,2025-01-14 20:00:57.914933
488,user_427,1234,2.599270514635136,1,4,14,45.3989911199699,9,2025-05-02 20:00:57.914933
489,user_829,2535,3.165405462629878,1,2,8,17.54916273813574,3,2025-09-26 20:00:57.914933
490,user_187,1881,3.8681273060756975,1,2,12,66.1667259629189,6,2025-06-04 20:00:57.916249
491,user_421,2167,3.501325456493914,1,3,10,21.87098003235832,6,2025-04-30 20:00:57.917236
492,user_719,405,3.6908919487259695,1,3,8,78.56431035291273,3,2025-03-31 20:00:57.917236
493,user_698,1200,3.9365103117877283,1,2,14,33.76493019992346,4,2025-01-01 20:00:57.918250
494,user_126,1960,3.0677012412418057,1,4,13,75.16761720229192,2,2025-03-11 20:00:57.918250
495,user_499,2764,2.165780623048686,1,2,8,35.121938734878086,1,2025-10-15 20:00:57.919242
496,user_327,2033,4.350627779588364,1,2,14,0.6435211496795712,9,2025-06-06 20:00:57.919842
497,user_271,886,3.090804533126755,1,3,14,59.69106905466561,7,2025-11-29 20:00:57.919842
498,user_607,497,3.585831155890275,1,2,13,20.444837246427305,7,2025-01-09 20:00:57.920856
499,user_935,1490,3.8173320234937647,1,2,11,50.98540095504577,5,2025-06-15 20:00:57.921846
500,user_925,416,3.6113049620705477,1,2,12,11.159299995724748,9,2025-10-01 20:00:57.921846
501,user_666,1291,4.3466623451663,1,3,13,5.552503280915055,7,2025-06-24 20:00:57.924045
502,user_862,2320,3.139309596032959,1,4,13,36.588580955688045,6,2025-06-03 20:00:57.925095
503,user_498,821,2.2863332052422676,0,2,10,41.85822855314891,8,2025-02-10 20:00:57.926145
504,user_148,1473,3.2527021367154987,1,2,13,67.84999682926379,6,2025-11-14 20:00:57.927141
505,user_961,1573,4.097922623505343,1,4,11,73.90669759393725,1,2025-02-16 20:00:57.927735
506,user_675,2105,3.971334062080752,1,4,11,99.01088460868658,3,2025-04-18 20:00:57.927735
507,user_871,1719,3.757971490336101,1,2,9,34.338670217764424,8,2025-09-06 20:00:57.928832
508,user_446,2507,3.7657830758598165,1,4,8,23.99893638699575,8,2025-09-27 20:00:57.928832
509,user_286,2519,3.422652628683567,1,2,8,91.32326804214563,3,2025-04-06 20:00:57.929827
510,user_919,2557,3.3431924269604667,1,2,10,75.70481146986255,1,2025-03-16 20:00:57.929827
511,user_162,459,4.426904281154535,1,3,14,40.24062592993117,2,2025-01-06 20:00:57.931420
512,user_139,1494,2.478332578474832,1,3,8,72.97119064974223,3,2025-07-16 20:00:57.931420
513,user_851,1456,3.4685166719875027,1,2,13,48.58174289126315,4,2025-02-21 20:00:57.932514
514,user_764,249,4.207532547467992,1,2,9,54.66956820721302,1,2024-12-14 20:00:57.933117
515,user_111,1326,2.6779769921436043,0,4,9,10.585323587790885,3,2025-05-12 20:00:57.933117
516,user_871,1686,3.6293033616848716,1,2,14,25.393777192369615,5,2025-04-19 20:00:57.934213
517,user_692,310,3.8304012009689545,1,4,12,58.507844220620306,5,2025-09-30 20:00:57.934213
518,user_570,2799,4.348365454615922,1,4,11,22.30620615427569,7,2025-09-13 20:00:57.935220
519,user_716,890,3.4945371053477383,1,2,12,81.87402294840508,9,2025-08-31 20:00:57.936225
520,user_734,2745,3.0460962210613047,0,2,11,52.35864852214529,6,2025-11-02 20:00:57.936225
521,user_612,2158,2.569807494610249,1,2,14,68.87625408113654,5,2025-01-11 20:00:57.937219
522,user_208,21,2.9178450660760804,1,4,8,32.8179482797612,1,2025-06-29 20:00:57.938224
523,user_848,495,2.8357002809542218,1,3,10,22.123869644606398,8,2025-07-22 20:00:57.938224
524,user_821,268,2.0651291501522895,1,3,12,93.374942300147,1,2025-05-09 20:00:57.939952
525,user_929,2073,2.8057396124084955,1,3,11,24.977216244651977,2,2025-07-19 20:00:57.941064
526,user_387,2832,3.6397925715980812,1,4,10,4.4040379388464395,3,2025-01-09 20:00:57.941971
527,user_418,1938,3.6188587460013424,1,4,9,83.36440104751723,8,2025-01-29 20:00:57.942580
528,user_380,144,3.798024245697778,1,3,12,7.0108139641256955,4,2025-02-19 20:00:57.943194
529,user_186,1743,2.821630718370486,1,3,11,41.91828759021213,2,2025-02-28 20:00:57.943194
530,user_770,757,2.5615347746081727,1,4,11,91.64205445320663,9,2025-03-01 20:00:57.944287
531,user_457,657,2.4426080476417424,0,2,12,39.82277939580116,2,2025-06-24 20:00:57.944287
532,user_381,2220,3.1271291398704983,1,3,9,24.950307968274178,9,2025-04-27 20:00:57.945295
533,user_201,1235,2.8139558792735224,1,4,14,27.199860534435604,1,2025-09-07 20:00:57.945891
534,user_387,958,4.753816779456842,1,3,13,44.057352801230735,1,2025-07-15 20:00:57.945891
535,user_879,2806,2.653923893961555,1,4,9,2.5769598764351143,7,2025-03-17 20:00:57.946986
536,user_224,1553,4.221750860292262,1,4,11,54.645854172812435,9,2025-04-19 20:00:57.947584
537,user_247,2415,2.424065807706613,1,3,13,72.42325476119493,7,2025-08-07 20:00:57.947584
538,user_936,1048,3.524353563208282,1,4,10,2.370775364451838,5,2025-05-12 20:00:57.948690
539,user_684,2550,4.827703556544147,1,3,9,92.64637979561849,2,2025-10-19 20:00:57.949689
540,user_330,783,2.0453219562463536,0,3,13,78.1615479196399,4,2025-04-10 20:00:57.949689
541,user_641,826,3.6591511624263346,1,4,14,75.14529444593437,7,2025-10-10 20:00:57.950679
542,user_891,2059,3.4190337541718776,1,2,11,81.73053122132367,5,2025-09-13 20:00:57.950679
543,user_719,2851,2.8455462341971156,1,2,14,87.06884554574394,7,2025-03-17 20:00:57.951680
544,user_969,1094,2.9945310814919024,1,4,14,39.457231531892376,4,2025-03-12 20:00:57.951680
545,user_460,617,3.671257531016828,1,2,10,91.08026709698133,4,2025-03-06 20:00:57.952683
546,user_837,830,2.422818665883508,1,2,13,3.4672704226066386,3,2025-11-08 20:00:57.953688
547,user_652,829,3.1240855966241403,1,3,11,89.56899442666165,4,2025-01-17 20:00:57.954634
548,user_742,1938,3.4312167047776785,1,2,11,10.559154597664,5,2025-01-03 20:00:57.955824
549,user_637,277,4.170254046371012,1,2,11,8.122963480667266,9,2025-08-28 20:00:57.957416
550,user_606,2182,4.620439786023452,1,4,10,98.51745550906747,2,2025-06-08 20:00:57.959127
551,user_883,1161,2.648626111650307,1,2,13,2.353249441409877,8,2025-08-05 20:00:57.959127
552,user_906,886,3.1087316661620146,1,4,8,88.99133763628625,1,2025-10-26 20:00:57.960230
553,user_180,2665,2.5780496065439493,1,3,11,10.28425921574767,8,2025-02-09 20:00:57.960230
554,user_170,2540,3.3418362107084585,1,2,13,21.87138889065392,5,2025-04-10 20:00:57.961239
555,user_719,1260,2.972276318943104,1,3,10,11.344081710391674,2,2025-07-05 20:00:57.962035
556,user_473,2059,2.7910452271170545,0,2,9,84.2015661506744,7,2025-10-13 20:00:57.963236
557,user_577,320,1.9870960634443116,1,3,10,63.34117402421271,9,2025-09-25 20:00:57.963236
558,user_193,526,3.092355237390542,1,2,9,54.66963282963398,5,2025-07-19 20:00:57.964224
559,user_727,673,4.4689577687553275,1,3,13,71.4718833502036,4,2025-11-20 20:00:57.964224
560,user_205,2686,3.301623750285697,1,2,12,67.96331823951436,2,2025-02-21 20:00:57.964224
561,user_194,662,3.1490792329952626,0,4,10,92.42870707946612,5,2025-08-30 20:00:57.965827
562,user_754,1485,2.7178113929907397,1,2,12,83.72630071385088,7,2025-10-27 20:00:57.966946
563,user_799,1579,2.9644536871563676,1,3,14,49.897111691376594,5,2025-08-25 20:00:57.966946
564,user_794,371,2.325923212990867,1,4,8,1.3634023905821469,3,2025-03-14 20:00:57.967932
565,user_475,82,3.461281758424071,1,3,14,81.527633109056,4,2025-02-24 20:00:57.967932
566,user_644,325,2.7781322425697548,1,2,11,22.572772383912742,8,2025-04-09 20:00:57.968932
567,user_640,1878,4.597461067432498,0,4,14,97.67943728275861,6,2025-05-08 20:00:57.969528
568,user_527,2658,3.9548129844407796,1,2,14,31.830409469234734,2,2025-01-06 20:00:57.970156
569,user_325,7,4.488659258032165,1,4,8,63.239625646550856,3,2025-05-29 20:00:57.971163
570,user_474,2259,4.517862321291516,1,3,10,73.02491895295712,9,2025-09-17 20:00:57.971163
571,user_475,2099,3.409864165845506,1,2,13,23.2541331620855,8,2025-05-26 20:00:57.972167
572,user_809,857,2.9730475754971306,1,2,11,65.19008655624606,7,2025-03-19 20:00:57.972167
573,user_206,2486,3.508848209811343,1,3,9,82.00675020556494,6,2025-09-05 20:00:57.973710
574,user_426,1471,3.786530183032082,1,2,10,80.99244203028994,4,2025-03-24 20:00:57.973710
575,user_266,2406,3.195615668397738,1,2,11,70.17382738772572,3,2025-08-17 20:00:57.974752
576,user_420,45,4.160138705485548,1,2,13,30.301750698203,4,2025-08-16 20:00:57.974752
577,user_259,1098,4.087747483980496,1,4,13,30.723896184772048,6,2025-05-11 20:00:57.975749
578,user_428,790,3.3854236387042893,1,2,13,46.672809376795044,1,2025-07-01 20:00:57.975749
579,user_781,2381,3.120120389911187,0,2,10,45.17394759814438,4,2025-09-10 20:00:57.977294
580,user_684,2126,4.15404283037957,0,4,14,61.642817737187,6,2025-04-12 20:00:57.977294
581,user_505,421,3.984807255245007,1,2,9,73.04924774822994,1,2025-05-16 20:00:57.978396
582,user_168,329,4.222291376291253,1,3,10,33.80844093662614,1,2025-04-20 20:00:57.978396
583,user_948,1211,2.728858831118668,1,2,11,20.883093549458998,4,2025-12-11 20:00:57.979397
584,user_70,2525,2.6153449877540327,1,4,11,54.027889318742105,9,2025-07-19 20:00:57.979397
585,user_155,507,3.869335470274266,1,4,14,86.9937832897689,4,2025-11-25 20:00:57.979397
586,user_550,303,3.835668992418852,1,3,13,31.501037237673156,2,2025-08-26 20:00:57.980996
587,user_267,2269,2.011999776139583,1,3,12,19.519716457188252,1,2024-12-31 20:00:57.980996
588,user_598,1113,4.2797885307552335,0,3,10,51.6283299197674,5,2025-11-12 20:00:57.982734
589,user_760,2080,2.593234825316882,1,3,13,2.2066148682290843,9,2025-04-10 20:00:57.982734
590,user_404,843,2.7050453510671217,1,4,9,64.39565794476135,5,2025-06-23 20:00:57.983385
591,user_949,273,4.422141614048709,1,4,9,38.32153659472517,5,2025-06-09 20:00:57.984478
592,user_928,2411,3.1629204260739625,1,2,13,21.81743295932732,6,2025-11-17 20:00:57.984478
593,user_502,1590,4.604173908786781,1,4,13,16.462842825866876,3,2025-08-15 20:00:57.985165
594,user_432,264,3.249544897526661,1,4,9,54.29981326052693,7,2025-08-11 20:00:57.986266
595,user_878,1410,4.2817299770916195,1,2,14,59.800911732874965,6,2025-09-26 20:00:57.986266
596,user_348,903,2.5855361934975525,1,4,12,2.5809392863181735,8,2025-01-03 20:00:57.987273
597,user_15,1356,2.689149221880556,1,2,11,25.810392916046844,5,2025-01-19 20:00:57.987273
598,user_14,838,5.0,0,4,13,45.42783967898225,1,2025-02-09 20:00:57.988216
599,user_11,1723,4.298198534558827,1,3,8,16.607485233351373,7,2025-06-24 20:00:57.989218
600,user_133,2030,3.48509841334265,1,4,10,76.59715748551791,9,2025-04-24 20:00:57.989218
601,user_467,2779,3.3975321993859806,1,3,8,9.842418910136875,3,2025-12-06 20:00:57.990215
602,user_791,2653,3.357158790876661,0,3,14,20.778342096169144,7,2025-02-14 20:00:57.990215
603,user_369,174,3.9813437958766826,1,4,12,28.060081323791596,9,2025-05-23 20:00:57.990215
604,user_146,34,4.597047624973076,1,2,11,48.987047671774455,1,2025-10-22 20:00:57.991759
605,user_938,2773,3.441901194320155,1,3,10,33.419271417310995,7,2025-05-06 20:00:57.992803
606,user_859,1979,3.6005073805859453,1,2,13,5.961732534465902,3,2025-09-05 20:00:57.992803
607,user_126,1506,4.141473092253743,1,3,12,61.8610289093939,6,2025-07-15 20:00:57.993965
608,user_527,2587,3.517167598238396,1,4,14,57.17893159359805,8,2025-09-18 20:00:57.993965
609,user_920,2112,3.8145831824504723,1,4,14,48.38025398606472,7,2024-12-25 20:00:57.993965
610,user_157,1612,3.748715841589813,1,2,14,55.347177620984986,2,2025-09-15 20:00:57.995600
611,user_882,1326,3.928851171768866,0,3,14,78.02126485356335,4,2024-12-30 20:00:57.996281
612,user_645,1370,4.3074206986514865,1,3,12,48.8177675310814,7,2025-07-17 20:00:57.996281
613,user_100,2676,4.889327563269124,0,2,9,28.818452595952948,2,2025-02-18 20:00:57.996281
614,user_133,2296,3.842654553150808,1,3,10,17.440926711149952,3,2025-05-01 20:00:57.998048
615,user_663,1554,2.9008930507789197,1,2,11,40.736552421283236,3,2025-06-05 20:00:57.998048
616,user_0,2019,2.978166490129864,1,3,8,31.607768384326405,3,2025-05-15 20:00:57.999190
617,user_24,527,3.1055052936014977,1,2,8,32.7420958733448,1,2025-01-10 20:00:58.000189
618,user_747,1462,2.4395208873968217,1,2,9,6.7376871521925725,9,2025-10-25 20:00:58.000879
619,user_490,2598,2.990623146708355,1,3,13,71.48995340913137,2,2025-09-15 20:00:58.001889
620,user_755,380,3.6684602187823567,1,2,14,15.378370551321618,4,2025-10-04 20:00:58.002889
621,user_246,787,4.591282863530436,1,4,9,81.60790423433512,4,2025-08-25 20:00:58.005442
622,user_329,1118,4.173832623203713,1,2,13,25.619151443935493,3,2025-02-17 20:00:58.006403
623,user_908,1187,3.5392473019880883,1,2,9,91.17258769127757,9,2025-02-07 20:00:58.007419
624,user_198,1781,2.3252118942242337,1,4,12,93.45438807155155,3,2025-05-29 20:00:58.008936
625,user_734,2136,3.7923931160473643,1,4,8,18.245804065249004,9,2025-11-29 20:00:58.009947
626,user_633,731,3.011101967271318,1,3,10,64.52185758446639,5,2025-05-12 20:00:58.010944
627,user_826,1490,2.2695375306741714,1,3,8,37.02321856845767,9,2025-11-07 20:00:58.011944
628,user_182,2317,2.245906072823036,0,4,13,10.90136156409287,8,2025-05-16 20:00:58.013978
629,user_731,2642,2.421510762428854,1,4,12,85.86981212445738,2,2025-11-06 20:00:58.013978
630,user_920,517,3.1657426310108794,1,2,14,50.05793174308313,8,2025-01-15 20:00:58.015068
631,user_537,1307,4.07088292948054,1,3,12,13.730003271557024,5,2025-10-19 20:00:58.015650
632,user_183,1894,3.3656901262874963,1,3,10,80.32449046648063,1,2025-07-08 20:00:58.016368
633,user_190,1223,4.295211030625731,1,4,10,63.835057742043176,8,2025-12-05 20:00:58.017501
634,user_282,2048,3.5958537485535325,1,2,10,83.64421924698698,5,2025-06-17 20:00:58.017501
635,user_574,1507,3.958141020075394,1,4,14,47.720007941796126,5,2025-10-25 20:00:58.017501
636,user_223,2050,2.703463932783885,1,4,12,92.21919280512843,1,2025-11-18 20:00:58.019136
637,user_627,2710,3.157353153777234,1,3,13,32.61078525125735,6,2025-11-15 20:00:58.019136
638,user_270,561,2.3072858659427546,1,4,12,29.827245423412275,8,2024-12-25 20:00:58.020277
639,user_700,1951,4.396642702582563,1,2,12,97.57788185489326,9,2024-12-28 20:00:58.020277
640,user_97,1105,3.5063187048220357,1,2,8,13.83715947205566,8,2024-12-30 20:00:58.021177
641,user_309,2433,2.92092307781384,0,3,8,59.53663701568727,4,2025-09-18 20:00:58.021177
642,user_444,756,4.2157269169973794,1,3,14,75.21143326969748,5,2024-12-27 20:00:58.022183
643,user_389,2640,4.439097731876584,1,2,12,92.06914007786196,3,2025-08-29 20:00:58.022183
644,user_164,1511,3.5656150458295066,1,4,11,51.297934982090744,6,2025-03-09 20:00:58.022183
645,user_673,1462,3.966733923279055,1,4,13,87.6192478269556,7,2025-09-06 20:00:58.023723
646,user_512,215,2.467570797635024,0,4,8,71.87181132622024,9,2025-04-28 20:00:58.024769
647,user_699,2365,3.6028915006927833,1,4,9,18.987532909591998,8,2025-08-21 20:00:58.024769
648,user_12,1041,4.831005198136016,1,2,9,87.74521266031688,2,2025-06-13 20:00:58.025765
649,user_498,1821,3.833871127655325,1,3,11,98.88405413036631,8,2025-07-19 20:00:58.025765
650,user_617,1319,3.4548257697794127,1,2,11,86.2922393510989,5,2025-01-12 20:00:58.025765
651,user_520,1786,3.644906525279144,1,3,10,12.187950178138362,6,2025-08-06 20:00:58.027311
652,user_531,2007,2.330419132231759,1,2,14,22.392458779658952,6,2025-05-14 20:00:58.028360
653,user_125,1522,3.0798716835253725,1,3,8,95.3402879382095,2,2025-04-09 20:00:58.028360
654,user_121,272,4.562846408008458,1,3,10,63.49066591531628,3,2025-10-16 20:00:58.029447
655,user_939,1505,2.4004313828258645,1,2,8,82.12501545597043,6,2025-01-25 20:00:58.029447
656,user_178,896,4.293082900196391,1,2,13,1.3228812905293985,1,2025-09-03 20:00:58.029447
657,user_585,1727,3.79379309089176,1,2,10,88.8191349661304,5,2025-01-19 20:00:58.031082
658,user_107,1870,2.8307100096305224,1,3,9,19.427357100180142,1,2025-07-25 20:00:58.031877
659,user_837,1173,3.7899700539717234,1,2,13,11.822241207245987,6,2025-05-15 20:00:58.032485
660,user_913,901,2.7482479190563507,1,4,14,95.36326078296895,1,2025-11-06 20:00:58.032485
661,user_620,566,3.9526881036753556,1,2,12,14.119906353718491,7,2025-09-06 20:00:58.033619
662,user_847,598,3.78399919787453,1,4,14,62.85664006472832,2,2025-09-06 20:00:58.033619
663,user_168,2728,4.166878266852782,1,4,9,62.543345016659345,2,2025-10-30 20:00:58.034868
664,user_902,616,2.375302398470236,1,4,9,14.85067816436808,2,2025-07-07 20:00:58.034868
665,user_739,916,2.446008478978546,1,2,8,19.668819731282305,3,2025-05-22 20:00:58.035868
666,user_55,719,3.5074027986063263,1,2,13,47.13082745741212,2,2025-08-07 20:00:58.036867
667,user_291,2161,4.70247116460906,1,4,8,68.3870124909032,6,2025-05-23 20:00:58.036867
668,user_73,2584,3.302105398903757,1,2,13,29.797723549584376,1,2025-05-10 20:00:58.037777
669,user_228,824,4.2956746208792005,0,2,11,12.324745813255145,9,2025-01-22 20:00:58.038782
670,user_336,1296,3.331362913259633,1,4,12,55.399325550313094,1,2025-03-13 20:00:58.038782
671,user_553,495,3.596430008510332,1,2,9,20.126378813447243,1,2025-07-08 20:00:58.039780
672,user_734,2179,4.475007914334823,0,4,10,46.50363342209099,5,2025-04-09 20:00:58.039780
673,user_530,2905,3.1215023610271997,1,2,9,34.2132600111895,1,2025-01-08 20:00:58.040781
674,user_479,1716,2.0946011997201825,1,4,10,43.369433132038004,7,2025-07-11 20:00:58.041777
675,user_354,1331,4.241531679630662,1,3,14,33.92202983917838,4,2025-06-06 20:00:58.041777
676,user_821,1853,2.81523457687182,0,3,12,46.42039489521267,6,2025-07-17 20:00:58.042919
677,user_335,1357,3.9791957711344694,1,3,13,29.191117349780725,9,2025-02-14 20:00:58.042919
678,user_723,1598,3.038505378746472,1,3,13,80.56022187702384,1,2025-07-25 20:00:58.043964
679,user_729,555,2.5163324015376474,1,3,13,44.67264687026405,5,2025-02-11 20:00:58.043964
680,user_935,1601,2.984779834248617,1,2,13,13.836820088819001,2,2025-09-19 20:00:58.043964
681,user_275,1722,2.9487891169915104,1,4,11,70.08656991254286,4,2025-09-25 20:00:58.045598
682,user_783,2721,4.013163916971324,1,3,9,32.784283788581824,6,2025-05-04 20:00:58.046278
683,user_372,1094,4.366726441570543,1,4,13,20.699360124505816,5,2025-08-27 20:00:58.046924
684,user_356,815,3.6873994572815825,1,4,9,73.98678266004035,5,2025-02-22 20:00:58.046924
685,user_8,1410,3.4516070812753266,1,2,9,4.149732550990636,5,2025-03-20 20:00:58.048058
686,user_421,1641,2.634184130545736,1,3,9,93.016520286255,7,2025-04-18 20:00:58.048642
687,user_545,2569,3.9452203425778913,1,2,10,30.277512827196716,3,2025-03-30 20:00:58.048642
688,user_779,870,2.424913969842806,1,3,8,96.98188646337847,5,2025-11-23 20:00:58.049766
689,user_641,1104,4.17331809828292,1,3,12,66.66856518925131,9,2025-07-25 20:00:58.050766
690,user_840,1025,1.9710166233016224,1,3,12,80.51743973603767,8,2025-02-23 20:00:58.050766
691,user_476,873,4.1781083549072315,1,3,13,74.99536818024079,6,2025-07-16 20:00:58.051769
692,user_235,1329,2.2425378623149737,1,3,13,86.2489621898301,6,2025-10-29 20:00:58.051769
693,user_841,1469,3.599466504800088,0,2,10,74.0663581066626,8,2025-10-22 20:00:58.052778
694,user_265,2759,2.487596923331436,1,4,8,42.914949195832186,8,2025-05-06 20:00:58.052778
695,user_824,755,2.739747546014706,1,3,10,25.53533502289015,9,2025-06-15 20:00:58.053768
696,user_937,2591,2.986742375635521,1,2,11,42.49535190624304,7,2025-02-28 20:00:58.054674
697,user_575,454,4.189035398000701,1,2,9,26.240837648930192,1,2025-04-27 20:00:58.054674
698,user_225,595,4.084968294040271,1,3,13,31.55331806631355,5,2025-01-03 20:00:58.055843
699,user_435,176,2.2881586815580386,1,3,9,86.50710993753938,8,2025-09-14 20:00:58.056844
700,user_835,2257,2.4244231317235654,1,3,8,9.564069602371594,2,2025-02-06 20:00:58.057351
701,user_903,1553,2.5804606702572865,1,2,9,54.64070742121321,3,2025-03-02 20:00:58.057351
702,user_258,2137,3.5225056760566797,1,3,10,74.34351739561944,2,2025-09-26 20:00:58.058359
703,user_484,1281,3.018379113274715,0,4,9,85.09518994068,7,2025-04-02 20:00:58.058863
704,user_187,328,4.480993594535921,1,3,11,62.35053112473372,5,2025-06-17 20:00:58.058863
705,user_654,1385,3.8814940149936863,1,4,11,67.6398368910006,4,2025-01-05 20:00:58.059868
706,user_709,2624,4.332477728867858,1,4,12,45.027681044159074,1,2025-05-07 20:00:58.060870
707,user_486,1959,3.5059183261647955,1,4,13,76.90611331597242,4,2025-08-30 20:00:58.060870
708,user_335,2718,4.6555837489013125,1,2,11,40.30313112827366,4,2025-06-13 20:00:58.062368
709,user_283,98,2.887840514560948,1,3,9,75.14233175313026,6,2025-01-22 20:00:58.063001
710,user_180,544,3.280446361340903,1,4,9,3.2451076790675715,6,2025-03-26 20:00:58.063001
711,user_220,181,3.3733044143879227,1,3,11,91.85216027705178,8,2025-02-23 20:00:58.064144
712,user_280,214,3.6060793442751655,1,2,12,18.06575413113032,3,2025-10-10 20:00:58.064786
713,user_632,225,3.7534275721229258,1,2,8,13.33444673163704,2,2025-05-19 20:00:58.065697
714,user_27,2729,3.558770475883876,1,2,10,5.739184368827354,3,2025-06-21 20:00:58.065697
715,user_169,560,2.288214678909436,1,4,13,7.748297379238589,9,2025-01-22 20:00:58.066832
716,user_198,2262,2.859098809656638,1,4,10,50.19454051318417,8,2025-06-18 20:00:58.066832
717,user_379,2521,4.04924917401234,1,4,12,86.43662664559733,4,2025-05-31 20:00:58.067832
718,user_213,2901,3.524568857266656,0,4,11,20.399460360938736,7,2025-04-10 20:00:58.067832
719,user_948,206,2.910572439245846,1,2,12,29.08768542315825,2,2025-11-05 20:00:58.068835
720,user_332,402,2.524365303430849,1,4,12,20.140630921335223,9,2025-08-17 20:00:58.069697
721,user_579,545,3.698054942172107,1,4,9,45.67305928858403,9,2025-04-25 20:00:58.069697
722,user_452,2441,2.6142274565242563,1,2,8,72.04567414627562,7,2025-09-25 20:00:58.070835
723,user_84,1053,2.3612320889335225,0,2,8,77.4485603119791,9,2025-10-11 20:00:58.071707
724,user_478,2867,2.3456108439615355,0,3,8,11.193457813478924,8,2025-09-06 20:00:58.071707
725,user_445,2268,4.967194263954265,1,3,11,38.920861862343884,6,2025-02-02 20:00:58.073306
726,user_896,1094,3.5486500937718546,1,3,14,5.050739238280655,6,2025-06-13 20:00:58.074316
727,user_24,155,3.217175984197202,1,2,9,32.43288791369666,9,2025-09-10 20:00:58.075316
728,user_18,1407,4.343949983997955,1,4,8,44.75518551060619,9,2025-08-07 20:00:58.076381
729,user_236,997,4.820364470502767,0,2,9,30.32197838442505,7,2025-05-28 20:00:58.077442
730,user_370,372,3.4234732508849564,0,3,10,94.83695527889189,7,2025-08-16 20:00:58.078024
731,user_702,2089,4.073254600479221,1,2,8,2.4041237366437818,2,2025-10-10 20:00:58.078024
732,user_573,2659,3.6035262513341997,1,3,10,23.671530584486977,7,2025-11-06 20:00:58.079170
733,user_423,428,3.3437326448847426,0,2,12,5.7741079467036,4,2025-05-10 20:00:58.079170
734,user_284,1992,2.741206973766863,1,3,8,66.8003250743014,2,2025-11-25 20:00:58.080171
735,user_797,343,2.850870256342546,1,4,8,89.57263555151145,9,2025-03-16 20:00:58.080171
736,user_923,919,4.088689585457234,1,2,11,70.54900246731167,5,2025-08-25 20:00:58.081166
737,user_640,1545,1.9500633838904766,1,4,13,18.20631288818554,6,2025-07-19 20:00:58.081166
738,user_879,1755,3.5285081414740675,1,3,9,37.20435678122074,2,2025-11-04 20:00:58.082521
739,user_954,2558,3.0993972941694268,1,2,13,12.442188685189349,3,2025-11-07 20:00:58.083114
740,user_593,2436,3.979327384183545,1,2,11,32.099704564089784,6,2025-07-06 20:00:58.083114
741,user_278,815,3.0718847411580046,1,3,14,4.929449276441645,8,2025-05-09 20:00:58.084212
742,user_0,1158,2.951434445421181,1,3,9,30.946954908860093,7,2025-07-19 20:00:58.085219
743,user_449,585,2.002935578260372,1,3,8,24.160127643576303,9,2025-04-04 20:00:58.085219
744,user_502,2022,2.7711833753311925,1,3,10,21.096989061995043,6,2025-06-17 20:00:58.086224
745,user_356,1439,3.0928442902093694,1,3,13,95.33071675823726,3,2025-01-14 20:00:58.086224
746,user_92,687,3.6420767293360674,1,3,14,71.53641152288897,4,2025-07-31 20:00:58.087224
747,user_722,324,3.592763942777459,1,2,10,50.91354129215991,5,2025-11-18 20:00:58.088123
748,user_485,151,2.43141061209872,1,2,11,74.66032046442038,6,2025-03-14 20:00:58.088123
749,user_419,1767,2.5535852013409603,1,2,8,99.29434657829071,4,2025-10-07 20:00:58.090123
750,user_819,1371,3.5233374136404687,1,4,10,29.391676050493377,8,2025-10-04 20:00:58.091123
751,user_83,1036,3.380106748165059,1,2,12,60.96819082757774,8,2024-12-24 20:00:58.092161
752,user_56,2087,4.9070045905374915,0,2,9,57.931340278846086,7,2025-08-17 20:00:58.092161
753,user_183,1929,2.0996498411115825,1,3,10,5.116550644547591,7,2025-10-07 20:00:58.094057
754,user_69,2494,1.9818897485720317,1,2,11,13.328425808217315,1,2025-10-28 20:00:58.094057
755,user_394,2373,3.0237467341258215,1,4,13,77.5877254469693,2,2025-05-12 20:00:58.094057
756,user_851,1787,2.9997218521225824,1,2,13,80.67735696487674,5,2025-03-13 20:00:58.095659
757,user_165,1397,3.7159535552116294,0,3,10,29.265509766740784,2,2025-09-16 20:00:58.095659
758,user_224,2063,3.0393888639331665,1,4,12,64.95560067569618,5,2025-04-25 20:00:58.096755
759,user_300,2707,3.526960455703227,1,4,13,11.239702717601297,7,2025-10-26 20:00:58.096755
760,user_564,2597,3.5844217787013593,1,3,14,57.21719617837697,6,2025-08-09 20:00:58.097760
761,user_178,771,3.793807802599834,1,2,11,65.4220462029013,6,2025-05-23 20:00:58.097760
762,user_410,2068,2.1302990140316314,0,4,14,64.63099336573814,1,2025-09-04 20:00:58.099038
763,user_290,2718,2.4737599615017936,1,2,8,75.17945873672564,4,2025-06-04 20:00:58.099038
764,user_50,209,4.070676763303466,1,2,9,46.36220743434498,6,2025-06-06 20:00:58.100038
765,user_414,2057,2.6677506592638824,1,3,12,6.605530782216007,6,2025-06-18 20:00:58.100038
766,user_386,969,3.5194683807182168,1,3,13,30.693107298123255,8,2025-03-26 20:00:58.101046
767,user_765,270,3.265251287083966,1,2,12,13.969237260293866,8,2025-05-18 20:00:58.102030
768,user_310,2794,3.1133421242472985,1,3,13,42.13008816333647,9,2025-03-23 20:00:58.102030
769,user_608,628,2.7192211268346873,1,3,12,25.425916098893055,6,2025-01-05 20:00:58.103029
770,user_447,247,2.0316236487487673,1,4,13,75.66465493523988,6,2025-09-23 20:00:58.103029
771,user_803,548,2.6193223650955297,0,4,8,84.0348177588508,6,2025-06-29 20:00:58.104534
772,user_158,2061,2.96882267901561,1,4,12,67.52308375620375,7,2025-10-31 20:00:58.104534
773,user_675,282,3.2454576744633297,1,3,8,75.92389796569951,1,2025-09-16 20:00:58.105608
774,user_841,947,3.353673737920375,1,3,13,77.68937482048727,2,2025-09-16 20:00:58.107050
775,user_1,2251,3.409210332713537,1,4,11,64.04472739932528,1,2025-04-05 20:00:58.107556
776,user_896,2164,3.039451415572282,1,3,14,17.589028341866207,6,2025-02-14 20:00:58.109074
777,user_921,2892,2.769313892626605,1,4,9,75.89768318540307,4,2025-11-26 20:00:58.110172
778,user_570,2000,3.2260268790421125,1,3,10,83.26937463494201,3,2025-10-05 20:00:58.110172
779,user_298,1860,2.858906119592735,1,3,10,29.22489567393879,7,2025-02-18 20:00:58.111083
780,user_177,2362,2.1673454606611813,1,2,12,94.7299999420067,2,2025-08-02 20:00:58.111083
781,user_275,2545,2.854239344541252,1,2,8,46.9059744390119,3,2025-08-22 20:00:58.112182
782,user_797,2083,3.6792914348089143,1,3,10,73.36428403644484,5,2025-06-14 20:00:58.113186
783,user_355,1699,2.8229106222321496,0,2,9,35.40645623550941,9,2025-11-20 20:00:58.113186
784,user_65,1044,2.8696150768719657,1,4,8,42.478334152418626,1,2025-09-02 20:00:58.113186
785,user_513,1779,2.3807184054826664,0,3,10,68.56517492651993,7,2025-12-10 20:00:58.114787
786,user_754,2258,3.1422458929472583,1,2,14,21.774870483402196,3,2025-01-09 20:00:58.115445
787,user_505,1129,4.160184282146371,1,4,8,95.28343891705843,9,2025-09-03 20:00:58.115445
788,user_657,2056,3.7759830702831447,1,3,12,68.05606661388379,4,2025-09-21 20:00:58.116539
789,user_753,1464,2.4976514501728633,0,4,10,65.22811128184462,3,2025-08-20 20:00:58.116539
790,user_61,873,2.877859530111733,1,2,8,21.143125799891116,4,2024-12-24 20:00:58.117547
791,user_91,1075,3.21714803799768,1,3,11,63.017508488704145,5,2025-10-28 20:00:58.117547
792,user_648,2281,3.7466985958620924,1,2,10,20.375548584994373,9,2025-10-11 20:00:58.119144
793,user_514,429,3.575335257085296,1,4,12,90.61009286804259,3,2025-02-04 20:00:58.119144
794,user_470,1416,4.63137124157382,1,3,12,84.29454824561972,8,2025-06-24 20:00:58.120251
795,user_382,2008,4.438394777276977,1,3,14,12.781184436038274,6,2025-10-18 20:00:58.120251
796,user_834,396,4.048981632238063,1,3,10,39.02955472127705,1,2025-02-17 20:00:58.121152
797,user_715,2032,3.8309809795450267,1,4,14,91.02166549666445,2,2025-09-18 20:00:58.122150
798,user_99,615,3.035552784646963,1,3,9,34.52645520570531,8,2025-09-05 20:00:58.123658
799,user_824,1352,3.8834368721868717,1,2,10,40.67737485720052,8,2025-05-15 20:00:58.124669
800,user_726,922,3.0279319699222484,1,3,9,75.05441637537376,9,2025-02-26 20:00:58.125352
801,user_228,2002,2.8451751430059695,1,4,14,58.84312404534523,8,2025-08-01 20:00:58.126446
802,user_105,2779,3.065163370872481,1,4,12,2.9169892290743293,7,2024-12-24 20:00:58.126446
803,user_746,17,3.6411923018800114,1,3,9,35.87425105428886,7,2025-07-11 20:00:58.127452
804,user_687,752,3.4069904300988707,1,3,9,71.8699265972796,9,2025-10-01 20:00:58.128053
805,user_841,1808,3.0643087252024834,1,2,9,91.48421498516547,6,2025-04-10 20:00:58.128053
806,user_773,1561,4.1077723081023825,1,4,14,14.943625851829424,9,2025-07-24 20:00:58.129152
807,user_724,2280,3.278367919417968,1,4,10,5.080258968894224,4,2025-03-18 20:00:58.129152
808,user_225,1074,2.838245390208182,1,4,8,71.48984380772886,2,2025-08-31 20:00:58.130150
809,user_328,1395,2.959560213554437,1,4,10,28.943636803002192,4,2025-08-05 20:00:58.131150
810,user_90,1598,2.5620541414253597,1,2,12,40.68984313906279,8,2025-09-04 20:00:58.131150
811,user_405,355,3.9042850153837247,1,3,13,84.56420916244214,6,2025-07-22 20:00:58.131150
812,user_827,350,3.3642944089129623,0,3,14,82.54398957486288,3,2025-01-12 20:00:58.132423
813,user_767,2840,2.376353677484923,0,2,10,63.308512649623836,2,2025-02-21 20:00:58.133026
814,user_598,1172,3.8007819203256106,1,3,14,77.18360352301099,4,2025-11-14 20:00:58.133625
815,user_428,1040,3.621656112422585,1,3,11,21.560976524304476,7,2025-05-22 20:00:58.134664
816,user_961,2349,4.204818059341997,1,4,12,4.986014639916425,1,2025-05-10 20:00:58.134664
817,user_926,672,4.178486379633463,1,3,12,98.28601178554204,7,2025-08-04 20:00:58.135723
818,user_616,538,4.099337928765041,1,2,11,54.20152984797261,4,2025-04-01 20:00:58.136718
819,user_316,37,3.2587600495787137,1,2,9,76.55433696892027,6,2025-06-26 20:00:58.136718
820,user_322,2784,3.565905080607712,1,2,8,96.23380574812069,5,2025-03-09 20:00:58.137647
821,user_870,1228,3.057426199781355,0,3,10,62.23029790740262,4,2025-10-04 20:00:58.138634
822,user_471,1781,3.031631577402043,1,3,11,41.798408550691356,7,2025-09-14 20:00:58.138634
823,user_941,2303,4.555086970469051,0,4,11,12.890258507349895,2,2025-06-17 20:00:58.139737
824,user_588,2747,4.5921267080157335,1,4,12,23.568253457588494,9,2025-01-16 20:00:58.140729
825,user_279,977,2.7050111546236937,1,4,11,59.35752544142979,7,2025-11-26 20:00:58.141440
826,user_226,1023,3.938346173997602,1,4,8,7.892985503841232,5,2025-03-08 20:00:58.141957
827,user_56,2233,3.494689118210726,1,3,10,79.6861570276191,8,2025-09-26 20:00:58.141957
828,user_465,2493,4.139541929172593,1,2,12,72.60613260624744,3,2025-05-07 20:00:58.143512
829,user_325,994,4.145781838340986,1,3,11,55.74409671635999,8,2025-01-05 20:00:58.143512
830,user_522,858,2.7064890908243955,1,2,14,32.314521727941724,8,2025-11-30 20:00:58.144604
831,user_802,2068,4.248046169038436,1,2,8,49.75164268744335,4,2025-07-12 20:00:58.144604
832,user_65,1672,3.713652682144608,1,2,12,20.49792328259108,2,2025-04-19 20:00:58.145613
833,user_25,1144,3.7902826236707248,1,3,14,35.25292413005173,8,2025-01-31 20:00:58.146222
834,user_796,2665,3.0718968754763383,1,3,12,58.32761971390966,9,2025-06-08 20:00:58.146222
835,user_287,337,2.129791104381504,1,2,9,49.3543659589453,3,2025-01-26 20:00:58.146222
836,user_839,915,3.1072672135146067,1,4,10,99.94606810596731,1,2025-09-03 20:00:58.148006
837,user_598,2450,4.873777453811631,1,4,10,37.597122192913915,2,2025-08-27 20:00:58.148006
838,user_921,83,3.9007577707424694,1,4,10,80.18258998755151,8,2025-06-01 20:00:58.149117
839,user_122,1436,2.5590516892284327,1,3,14,9.524893397286949,6,2025-05-24 20:00:58.150117
840,user_904,394,3.5907838582095732,0,3,11,67.99717100893763,9,2025-11-21 20:00:58.150117
841,user_905,1038,5.0,1,3,12,15.478603484611197,2,2025-07-14 20:00:58.151118
842,user_140,1092,2.9620642746574886,1,4,10,5.592635012822567,2,2024-12-24 20:00:58.152113
843,user_967,242,2.1576662113868066,1,2,10,15.953995668842358,6,2025-05-12 20:00:58.152113
844,user_717,2114,3.092272651169673,1,4,14,50.77521518626643,7,2025-05-04 20:00:58.153113
845,user_155,653,4.492277645482086,0,2,13,36.00996307821133,8,2025-03-25 20:00:58.153113
846,user_282,2897,3.0267703153077505,1,2,9,25.85572636402459,2,2025-05-20 20:00:58.154717
847,user_465,2327,4.485804781625694,1,3,12,69.2514012761193,4,2025-09-03 20:00:58.154717
848,user_260,992,2.784000310914595,1,4,9,15.141044393608505,2,2025-12-05 20:00:58.155819
849,user_638,1958,3.188941633791617,1,4,13,17.64397704703503,6,2025-08-02 20:00:58.156829
850,user_489,2001,4.024369577014384,1,2,10,50.116273145749034,4,2025-09-20 20:00:58.157421
851,user_239,2427,1.8879900888193573,1,4,14,89.39730574625047,7,2025-02-25 20:00:58.157985
852,user_873,402,4.432622475171971,1,2,9,1.0551636815900545,9,2025-11-03 20:00:58.158604
853,user_118,334,3.404978406676254,1,3,14,38.86309456071027,3,2025-04-01 20:00:58.159701
854,user_283,212,2.963801187986191,1,2,8,46.20393428395556,2,2025-05-22 20:00:58.160394
855,user_821,2810,3.513071022200983,1,2,10,35.00068684731787,9,2025-03-29 20:00:58.161449
856,user_348,224,3.288790090165961,1,3,11,54.12037657712984,3,2025-07-10 20:00:58.162437
857,user_256,2282,3.6514927493584604,1,3,12,10.24963291892128,8,2025-10-16 20:00:58.163497
858,user_297,136,3.8406258423769333,1,2,13,86.80981598670628,9,2025-01-23 20:00:58.163497
859,user_763,701,3.4850940757290774,0,3,13,1.7713850609389015,8,2025-02-20 20:00:58.163497
860,user_234,2722,3.723015725711276,1,4,11,36.734051527728,1,2025-07-04 20:00:58.165092
861,user_686,1901,3.654358339461141,1,2,8,34.21864057586574,1,2025-05-21 20:00:58.166206
862,user_404,1721,2.889478768231475,1,2,12,54.574967977943565,9,2025-04-17 20:00:58.166206
863,user_301,1415,3.034684901329035,1,2,8,40.8699562270934,9,2025-06-18 20:00:58.167192
864,user_176,2264,3.1563254956036615,1,3,13,74.47507316299222,8,2025-10-17 20:00:58.167192
865,user_117,797,3.8912271082786574,1,4,12,67.2019762180535,6,2025-04-21 20:00:58.168193
866,user_854,707,4.099386825172615,1,2,9,70.97370848010203,7,2025-12-05 20:00:58.168193
867,user_639,1018,4.087792401792945,1,3,13,96.84191305004079,8,2025-04-23 20:00:58.169194
868,user_353,1004,2.4926818125116434,1,2,9,46.98043214486815,2,2025-03-03 20:00:58.169795
869,user_955,1678,3.670778416993852,1,4,8,83.0202884345762,5,2025-05-25 20:00:58.170830
870,user_22,2906,3.9007698069626167,1,2,9,88.98363940883107,5,2025-07-24 20:00:58.171891
871,user_667,1880,3.106432628263564,1,4,14,73.28774528838984,3,2025-10-11 20:00:58.171891
872,user_108,1702,4.249547908068875,0,2,11,75.0160832954601,1,2025-02-17 20:00:58.171891
873,user_203,1405,2.1538645841783355,1,4,11,85.6950129869388,1,2025-10-09 20:00:58.174192
874,user_634,253,4.1708301159763135,0,4,13,41.37328975803298,9,2025-09-03 20:00:58.175202
875,user_601,502,2.864342510965851,1,2,14,42.47941813314118,9,2025-08-31 20:00:58.176200
876,user_401,974,4.153219417127584,1,4,9,26.22743218149849,6,2025-04-07 20:00:58.177754
877,user_317,209,3.0016049338817488,1,2,13,59.08045335179158,6,2025-06-11 20:00:58.177754
878,user_632,843,4.0952126775326425,1,4,8,95.44227803210738,6,2025-10-27 20:00:58.178848
879,user_789,1543,2.6571157960773415,1,4,13,59.52768411040545,2,2025-07-03 20:00:58.179850
880,user_330,1909,2.6322755398039783,1,3,9,99.68492842814399,1,2025-01-28 20:00:58.179850
881,user_22,2871,2.986697447481509,1,2,12,40.57144241809477,6,2025-05-14 20:00:58.179850
882,user_417,1067,4.352327043499671,1,4,11,70.23249794197068,1,2025-04-28 20:00:58.181440
883,user_702,2006,3.1757123874709925,1,4,13,79.64517695378093,9,2025-06-05 20:00:58.182075
884,user_686,995,2.485013862611532,1,2,10,62.98724001831789,5,2025-01-26 20:00:58.182075
885,user_82,2350,3.023039610816576,1,3,11,38.360904035515844,7,2025-06-18 20:00:58.182075
886,user_880,2443,4.085299397231428,1,2,11,44.37014470296678,4,2025-11-18 20:00:58.182075
887,user_310,536,2.8201951478911087,1,3,8,96.29579946486297,7,2025-05-01 20:00:58.183794
888,user_966,889,2.3615721117794592,1,2,14,34.887041660529036,5,2025-01-02 20:00:58.183794
889,user_79,1419,3.4742542716317653,0,4,14,85.46750413842635,2,2024-12-18 20:00:58.184893
890,user_526,2122,3.3720738944740596,1,2,14,6.665982982330609,1,2025-08-10 20:00:58.185888
891,user_530,966,3.693270067495908,1,2,12,55.4620491211145,8,2025-10-12 20:00:58.185888
892,user_537,1606,2.6382100381799525,1,3,13,80.49668338816853,5,2025-10-12 20:00:58.186894
893,user_603,2845,2.999738738165986,1,2,8,55.91366564629684,3,2025-03-25 20:00:58.187847
894,user_529,91,2.5921444446865203,1,2,11,25.87050703242867,9,2025-05-20 20:00:58.187847
895,user_798,474,4.558667770000992,1,3,12,28.321908380966743,5,2025-07-20 20:00:58.188803
896,user_597,1532,4.154947389690317,1,3,11,11.668911993589981,6,2025-09-14 20:00:58.189461
897,user_665,2515,2.3632072257017005,1,2,12,97.4769843420413,8,2025-01-06 20:00:58.189461
898,user_412,1755,3.00287072340222,1,3,14,87.37946904198807,2,2025-07-15 20:00:58.190470
899,user_557,2160,3.40139041795741,1,2,12,19.106213934635818,9,2025-01-12 20:00:58.190470
900,user_151,750,3.824636758745821,1,4,13,2.9123784989105284,1,2025-02-19 20:00:58.191979
901,user_176,56,4.190571950440849,1,4,8,52.32862493002498,6,2024-12-21 20:00:58.191979
902,user_215,2602,2.7022396048320103,1,3,13,66.27857327436637,9,2025-08-09 20:00:58.193490
903,user_78,2905,3.070889185345717,1,3,12,65.18680936476059,3,2025-08-28 20:00:58.193490
904,user_192,1339,3.897005141881098,1,4,10,81.77884305894194,1,2025-07-24 20:00:58.194495
905,user_145,313,2.71379736490684,0,2,14,58.736986857557696,9,2025-03-21 20:00:58.194495
906,user_699,2433,4.375436389700666,1,4,14,49.75293160274528,4,2025-09-11 20:00:58.195622
907,user_137,1445,3.3272155135528108,1,3,9,8.877326695623267,2,2025-09-21 20:00:58.195622
908,user_371,599,3.9429951679414104,1,4,13,6.557907264663632,5,2025-10-08 20:00:58.196867
909,user_289,2423,3.2165957877707987,1,3,12,74.6452128857114,7,2025-07-16 20:00:58.196867
910,user_87,2443,3.6707950324408296,1,2,13,87.33108732577283,8,2024-12-26 20:00:58.197860
911,user_310,1484,3.2312269930635633,1,2,13,55.52958253281813,6,2025-04-18 20:00:58.198496
912,user_320,2634,2.7950993781032336,1,3,13,37.26571298941472,3,2025-07-27 20:00:58.198496
913,user_186,2025,3.3916793552620157,1,4,9,80.32121232440932,3,2025-10-17 20:00:58.199632
914,user_252,2681,3.2406983652045733,0,4,11,22.720767783200447,6,2025-02-25 20:00:58.200625
915,user_109,1664,3.5435277422107894,1,2,10,66.14662053236519,8,2025-10-28 20:00:58.200625
916,user_451,904,3.382239110152895,1,4,14,41.51071768549326,3,2025-10-25 20:00:58.201628
917,user_637,2286,3.509765232539051,1,2,8,88.68409028316071,7,2025-05-15 20:00:58.201628
918,user_164,1360,3.699848069486174,0,2,8,85.77641457860294,4,2025-06-07 20:00:58.202626
919,user_81,1386,3.183324906073647,1,2,11,70.8799264906154,2,2025-04-03 20:00:58.202626
920,user_855,2753,4.204439500315932,1,4,8,85.34655532025532,1,2025-10-31 20:00:58.203633
921,user_596,2440,2.723686044961884,0,4,10,40.78942367801904,9,2025-01-26 20:00:58.206019
922,user_552,1094,2.789644384704066,1,2,11,6.31882792745162,1,2025-02-08 20:00:58.207018
923,user_699,581,3.7883538791543003,0,3,8,54.40299652945756,4,2025-04-11 20:00:58.207660
924,user_846,1543,3.6276215223800814,1,3,13,60.340421222024595,3,2025-08-30 20:00:58.208667
925,user_741,425,2.8348119683295114,0,4,9,58.81437067295982,7,2025-03-30 20:00:58.208667
926,user_806,276,2.000555546569375,1,3,14,93.8719301977863,1,2024-12-23 20:00:58.209674
927,user_742,2364,3.0170147931733404,1,2,12,31.69130138185443,1,2025-11-14 20:00:58.209674
928,user_734,1558,3.6857571468446224,1,2,13,11.054316630858052,3,2025-01-29 20:00:58.210726
929,user_122,2846,2.8536846898348975,1,2,9,82.42679859228745,2,2025-05-29 20:00:58.211810
930,user_709,1936,4.5257462481293445,1,2,11,53.54705745913382,9,2025-03-22 20:00:58.211810
931,user_214,801,4.2846829592968865,1,3,13,21.526904578583427,2,2024-12-27 20:00:58.212762
932,user_705,1567,3.329849884965399,1,3,12,38.76246252024593,8,2025-01-16 20:00:58.213806
933,user_557,1348,2.463410745262265,1,4,13,61.912140004669624,5,2025-02-16 20:00:58.213806
934,user_275,1939,2.3346474343345367,1,3,11,22.675861740051594,7,2025-07-20 20:00:58.214802
935,user_274,2556,1.9110161339026561,1,3,14,50.81688063439632,9,2025-08-30 20:00:58.215433
936,user_74,1151,3.3604192923228347,1,4,9,23.392282077938486,4,2025-11-19 20:00:58.215433
937,user_46,2572,2.6970657769183535,1,3,8,95.79793532488907,3,2025-06-26 20:00:58.216593
938,user_972,2846,2.2342323423781787,1,2,9,18.06366979413153,6,2025-06-27 20:00:58.216593
939,user_377,2468,3.575133697949148,1,2,9,32.16863687013094,3,2025-07-27 20:00:58.217575
940,user_942,842,2.969190977603864,1,2,10,47.70482251793546,4,2025-04-17 20:00:58.217575
941,user_269,2465,3.614525153173808,1,4,9,11.540295931440813,2,2025-03-06 20:00:58.217575
942,user_958,252,2.3429146204475817,0,2,11,80.19139528361265,3,2025-12-03 20:00:58.219211
943,user_701,1885,4.396674661843029,1,2,10,92.70041601014083,5,2025-06-20 20:00:58.219211
944,user_109,714,4.389917057039342,1,3,14,81.21795872927515,5,2025-01-06 20:00:58.220341
945,user_507,2883,4.577115112361387,1,2,8,38.22373200144914,9,2025-09-26 20:00:58.221085
946,user_815,767,4.191918021727661,1,3,10,5.345871260481816,1,2025-09-26 20:00:58.221085
947,user_76,1465,3.4507493880790223,1,3,9,75.71891196819695,9,2025-05-01 20:00:58.222128
948,user_141,892,4.324637788265606,1,3,10,97.33665661522873,2,2025-05-17 20:00:58.222128
949,user_223,42,2.8219566878399456,1,4,12,81.93982309664928,5,2025-06-18 20:00:58.223635
950,user_62,957,3.0205481909666028,1,4,11,64.21102350255211,7,2025-05-20 20:00:58.223635
951,user_605,2877,3.2989655171143037,1,4,11,7.563036383454946,6,2025-04-07 20:00:58.224642
952,user_245,939,3.790635975809577,1,3,8,67.22826525131521,6,2025-11-22 20:00:58.225642
953,user_32,1816,3.79666577906154,1,3,8,30.32081937596749,7,2025-10-12 20:00:58.225642
954,user_856,1543,3.886446996109537,1,3,14,66.70368571253539,3,2025-12-02 20:00:58.225642
955,user_48,1510,2.9291212229862307,1,4,8,18.677252823112934,1,2025-08-01 20:00:58.227280
956,user_582,2130,3.38021885695988,1,2,14,24.124433603802785,4,2025-08-03 20:00:58.227280
957,user_328,2169,3.2485646956588052,1,3,9,70.91271914859374,5,2025-12-03 20:00:58.228414
958,user_12,923,4.375125722986966,1,4,8,70.04548654243578,7,2025-08-25 20:00:58.229327
959,user_718,1962,3.5751483512078037,1,2,11,0.9419855972445323,9,2025-12-02 20:00:58.230354
960,user_355,147,2.6439641016948583,1,3,9,99.6807712678854,5,2025-10-10 20:00:58.230354
961,user_851,2584,4.058596886413304,1,2,10,64.6046944096596,2,2025-06-05 20:00:58.231415
962,user_510,1112,3.5151496068092642,1,2,8,44.75699505079721,5,2025-08-29 20:00:58.231415
963,user_482,146,3.340205531968741,1,3,13,11.974678850053188,1,2025-11-28 20:00:58.232713
964,user_256,1721,2.8348884366719007,1,3,12,13.10146186504656,7,2025-01-07 20:00:58.233400
965,user_71,1306,2.986417566436697,1,4,8,1.3409453872123112,7,2025-10-05 20:00:58.233400
966,user_909,372,3.325911477286255,1,2,8,57.10931624345147,7,2025-05-11 20:00:58.234532
967,user_191,1695,3.0078411182358122,1,2,11,29.767875856237204,3,2025-07-13 20:00:58.234532
968,user_748,2647,2.095336503569329,0,4,11,48.19861868264059,1,2025-11-25 20:00:58.235535
969,user_350,1451,3.1007000466340857,1,2,13,83.8352904049016,6,2025-04-25 20:00:58.236260
970,user_752,203,3.2782214829081373,0,3,8,24.474507963692727,7,2025-07-09 20:00:58.236260
971,user_157,548,3.3434376116014466,1,3,10,19.127737103739705,4,2025-09-02 20:00:58.237337
972,user_55,2379,4.329765734794569,1,2,11,78.4279814954569,3,2025-05-08 20:00:58.238301
973,user_221,2720,3.883255900163817,0,2,8,32.45066491689473,2,2025-01-19 20:00:58.238301
974,user_753,1607,2.530016085424967,1,3,10,86.6855213027066,9,2025-02-28 20:00:58.239307
975,user_838,904,3.2383255204002785,1,4,10,13.257407748448236,4,2025-02-25 20:00:58.240269
976,user_479,1186,4.421328855130536,1,2,8,30.619592048208123,3,2025-05-01 20:00:58.240269
977,user_411,734,3.1358094597383106,1,3,14,82.2760243032332,6,2025-04-12 20:00:58.240269
978,user_584,2916,2.881515862214373,1,2,14,43.850801669897,5,2025-06-11 20:00:58.241774
979,user_698,1733,3.065336969538699,1,3,12,48.301411284395044,3,2025-03-12 20:00:58.241774
980,user_148,1754,3.6182313666792627,1,3,9,21.0528488440613,1,2025-10-05 20:00:58.243360
981,user_43,1596,2.8626104891736404,1,3,8,92.22233181548602,2,2025-09-14 20:00:58.243360
982,user_432,709,3.5899567052128494,1,3,8,17.641191042788616,7,2025-05-30 20:00:58.244490
983,user_808,2724,5.0,1,3,9,73.43099889831075,7,2025-07-27 20:00:58.244490
984,user_613,1357,3.8776100710472683,1,4,14,76.03116511044239,4,2025-04-06 20:00:58.245485
985,user_742,1505,3.245834416004845,1,2,13,14.745391742613489,4,2025-03-04 20:00:58.246115
986,user_202,324,3.1426996883608433,1,2,14,24.471559702370094,6,2024-12-29 20:00:58.246115
987,user_791,1244,4.069996871318217,1,2,13,34.31738572072835,1,2024-12-28 20:00:58.246115
988,user_614,123,4.303009569427491,1,2,10,69.58815743684849,9,2025-12-10 20:00:58.247880
989,user_535,1741,2.8316814585689727,1,4,11,53.19329775527915,5,2025-05-04 20:00:58.247880
990,user_90,2214,2.9332439385578297,1,2,8,91.43404426664836,2,2025-09-29 20:00:58.249014
991,user_186,1597,3.0718402225088655,1,4,9,72.03732127322029,9,2025-07-26 20:00:58.249014
992,user_458,69,3.8216751364008594,1,4,13,7.965392762042289,2,2025-08-06 20:00:58.250013
993,user_430,324,3.6197888175804067,1,3,14,2.9736261294602606,2,2025-01-09 20:00:58.251011
994,user_925,2107,3.7947189625387305,1,2,12,20.782384145883583,9,2025-10-25 20:00:58.251820
995,user_327,432,4.072621975036728,1,2,11,72.23735076327985,6,2025-09-14 20:00:58.251820
996,user_448,2840,4.54719989854157,1,4,11,34.905242446155135,2,2025-12-10 20:00:58.252977
997,user_840,1975,3.8910022934993607,1,3,11,37.354029631429555,1,2025-01-14 20:00:58.252977
998,user_443,433,2.740666640189395,1,3,12,96.68655502933936,1,2025-01-10 20:00:58.254483
999,user_138,246,3.426600772525777,0,2,13,60.68265635885829,2,2025-10-08 20:00:58.254483
1000,user_87,712,3.102537669617315,1,2,14,6.801023195242051,6,2025-09-29 20:00:58.255491
1001,user_60,697,3.1883087350293784,1,3,14,21.52438205009537,9,2025-04-19 20:00:58.255491
1002,user_738,1204,3.014717828784054,1,4,14,42.48285331769005,3,2024-12-16 20:00:58.256492
1003,user_485,116,2.4208928264555127,1,4,10,32.93212774825043,1,2025-11-07 20:00:58.256998
1004,user_643,1359,2.371676374685476,1,3,8,94.57747170084609,6,2025-10-15 20:00:58.256998
1005,user_62,503,3.084256701166715,1,4,12,19.45479696999113,8,2025-06-29 20:00:58.256998
1006,user_596,1980,3.024024918882795,1,4,9,51.91630395745405,8,2025-08-08 20:00:58.258724
1007,user_169,1848,4.582453128818303,1,4,13,40.2785534046495,3,2025-12-05 20:00:58.259731
1008,user_904,2028,4.766249887732986,1,3,9,61.89351627634338,1,2025-09-23 20:00:58.259731
1009,user_522,1440,3.0050732628718873,1,4,14,2.4697297686111286,5,2025-08-27 20:00:58.260861
1010,user_463,1872,3.15682018370391,1,3,8,69.06153123866363,7,2025-10-19 20:00:58.260861
1011,user_885,2813,3.33301728669493,1,4,11,49.56907702287139,8,2025-06-12 20:00:58.261852
1012,user_568,656,3.9316008800073186,1,2,12,30.483816925626694,4,2025-01-08 20:00:58.261852
1013,user_170,1648,3.5760234717154824,0,3,14,69.00753541887977,5,2025-08-18 20:00:58.262855
1014,user_50,1716,3.6055753751293493,1,4,9,66.57844014688709,2,2025-08-05 20:00:58.262855
1015,user_290,1855,2.8693499447155526,1,4,10,2.3047088406607408,3,2025-10-06 20:00:58.263861
1016,user_804,2514,3.6250758948087,1,3,9,7.514295317758657,2,2025-05-07 20:00:58.264863
1017,user_416,2223,3.5365028066627184,1,2,8,25.602117306151307,5,2025-04-27 20:00:58.265716
1018,user_170,1758,1.7981656994497348,1,4,8,9.399092941660204,7,2025-01-30 20:00:58.265716
1019,user_450,1779,3.6962279707415338,1,4,13,47.94549781497657,1,2025-07-23 20:00:58.266860
1020,user_43,143,3.535049242413637,1,4,13,69.8173860714905,1,2025-03-02 20:00:58.267653
1021,user_324,1733,3.0833907222012487,1,4,8,58.256890921481116,1,2025-05-21 20:00:58.267653
1022,user_563,471,3.0050922406004266,1,4,14,71.645298155879,1,2025-04-08 20:00:58.269322
1023,user_580,66,3.662560751784941,1,4,14,39.72912929459057,7,2025-03-01 20:00:58.269322
1024,user_955,1631,2.8007465410587433,1,3,12,12.508890983640352,5,2025-02-21 20:00:58.270456
1025,user_481,633,4.243085620732937,1,4,13,88.37333888313869,1,2025-02-26 20:00:58.270456
1026,user_199,1811,3.9827867534246355,1,3,14,48.83096428258451,4,2025-10-31 20:00:58.271457
1027,user_11,832,3.228637245258936,1,4,11,36.93826475825851,9,2025-08-28 20:00:58.272462
1028,user_690,527,3.580259204363605,1,2,9,54.76161006537471,2,2025-05-27 20:00:58.272462
1029,user_623,2686,3.661083573110563,1,2,14,14.8633215577885,1,2025-09-18 20:00:58.273463
1030,user_166,2431,2.4506725184389584,1,2,8,6.121665814357202,4,2025-04-23 20:00:58.274507
1031,user_489,1756,3.1414116650688584,0,2,13,94.18165000501558,4,2025-09-16 20:00:58.275221
1032,user_306,1873,3.8672165458936933,1,4,12,44.95989060077373,1,2025-06-22 20:00:58.275221
1033,user_3,2901,2.5123795374498634,1,3,10,63.08510386451117,7,2025-02-26 20:00:58.276222
1034,user_30,380,2.9456561417066736,1,3,8,74.63138125690769,4,2024-12-29 20:00:58.276222
1035,user_636,2474,3.8108617277112957,1,2,10,39.43411463506643,9,2025-12-03 20:00:58.277217
1036,user_456,1818,4.995685209208452,1,3,12,52.186229533217876,1,2025-05-22 20:00:58.277812
1037,user_517,1832,3.196456755274108,1,4,9,99.75825929459724,1,2025-01-07 20:00:58.277812
1038,user_437,1159,4.469361808119079,1,2,14,90.40349864545593,2,2025-04-25 20:00:58.278916
1039,user_783,2046,3.3884305927952885,1,3,8,21.12082585879517,5,2025-01-27 20:00:58.278916
1040,user_367,2392,2.951023627007413,0,2,11,74.4419253813326,9,2025-03-18 20:00:58.279906
1041,user_839,2743,4.615085293998533,1,2,10,69.06227420813416,9,2025-05-12 20:00:58.279906
1042,user_561,1463,2.926329886689247,1,4,10,48.860492587798475,1,2025-10-17 20:00:58.281504
1043,user_225,2114,3.4819627115277854,1,4,14,92.20488021271073,2,2025-04-19 20:00:58.281504
1044,user_956,1589,2.9329702230924353,1,3,8,51.45711162678005,4,2025-10-24 20:00:58.282608
1045,user_200,1971,3.789122764195301,1,3,12,89.04695739838898,8,2025-10-14 20:00:58.283230
1046,user_704,2307,3.163164611720791,1,3,14,72.61894838621052,5,2025-10-04 20:00:58.283960
1047,user_80,541,2.7125631540769826,1,2,10,64.28020501620824,2,2025-03-21 20:00:58.285054
1048,user_911,2340,3.5919602419256864,1,3,10,98.63281735601262,4,2025-07-11 20:00:58.285054
1049,user_521,414,2.6540343388306793,1,2,12,26.689928809877184,8,2025-08-03 20:00:58.286063
1050,user_578,2787,2.8173595708980574,0,4,9,74.72246450885869,1,2025-01-30 20:00:58.286063
1051,user_485,1831,4.193983852762366,1,3,11,88.11051483565659,3,2025-03-28 20:00:58.287055
1052,user_291,142,3.9455790476879287,1,2,11,71.12658247104531,5,2025-09-25 20:00:58.288069
1053,user_602,781,2.4666416868190657,1,4,11,34.02162384553347,6,2025-05-15 20:00:58.288069
1054,user_606,222,3.8643622000760818,1,3,13,58.18652665047078,5,2025-03-08 20:00:58.289080
1055,user_26,1093,2.6806761803785237,1,2,12,98.5524133255218,2,2025-08-10 20:00:58.290060
1056,user_18,1280,3.918648149215454,1,4,11,52.74564637217322,4,2025-01-15 20:00:58.290060
1057,user_455,1160,2.5644034849961845,1,4,13,56.38670318917666,3,2025-11-14 20:00:58.290989
1058,user_71,1805,3.240523000053307,1,4,10,46.33910088046462,9,2025-03-06 20:00:58.292063
1059,user_883,2539,3.534019188901247,0,3,8,12.862406043919206,9,2025-07-01 20:00:58.292664
1060,user_744,1278,3.2326063354524304,1,3,8,88.17173063953962,6,2025-01-08 20:00:58.293262
1061,user_627,591,2.7734085121852208,1,2,14,93.62403878072033,9,2025-05-27 20:00:58.293262
1062,user_528,433,3.591922505485978,1,4,14,50.38887967912735,6,2025-01-25 20:00:58.294368
1063,user_796,559,2.272472697454724,1,4,14,74.95164151567806,5,2025-10-02 20:00:58.294368
1064,user_941,2722,4.3627168957844455,1,2,11,1.3010213425872719,8,2025-12-05 20:00:58.295367
1065,user_685,1686,3.9474735617870915,1,3,12,2.4390993110096737,1,2025-11-09 20:00:58.295968
1066,user_259,1538,3.507581135958813,1,4,12,98.63499229441621,5,2024-12-20 20:00:58.295968
1067,user_670,1883,3.2842403859031353,1,3,11,84.44023431905322,9,2025-04-25 20:00:58.297074
1068,user_882,1851,2.590411761972371,1,4,11,62.43726979236103,7,2025-04-21 20:00:58.297663
1069,user_106,1214,2.3452235922710316,1,2,9,41.185228314449695,6,2025-04-11 20:00:58.297663
1070,user_861,2123,3.919022591529336,1,2,11,41.34657667101601,4,2025-06-29 20:00:58.298756
1071,user_702,0,4.2192063497483225,1,3,13,83.8549207024793,9,2025-01-28 20:00:58.299443
1072,user_802,1273,3.6813356730299795,1,2,10,86.64274028987562,2,2025-02-14 20:00:58.299443
1073,user_675,2345,3.199020779734069,1,4,11,29.575283462032942,5,2025-06-01 20:00:58.300538
1074,user_233,1391,3.863997210970618,1,4,9,28.988067953385965,8,2025-06-10 20:00:58.300538
1075,user_645,731,2.507028527598921,1,3,9,34.58285703095939,9,2025-07-30 20:00:58.301545
1076,user_625,1287,3.3637256768863586,1,2,9,87.12646852701572,2,2025-12-08 20:00:58.302546
1077,user_243,165,3.403621193886765,1,3,8,51.25839031325105,3,2025-11-11 20:00:58.302546
1078,user_204,2447,3.2797829964336467,1,3,8,50.357007440355495,7,2025-07-02 20:00:58.303545
1079,user_883,1196,3.9269311522336126,1,4,12,98.26800487224341,5,2025-02-07 20:00:58.304450
1080,user_162,2656,3.637615770877263,1,2,10,30.955930151307342,9,2025-05-11 20:00:58.305059
1081,user_603,302,2.5623198194576013,1,3,10,53.74937536732345,1,2025-07-30 20:00:58.305059
1082,user_0,560,3.395827103046763,1,4,12,41.096060803590326,1,2025-01-19 20:00:58.306419
1083,user_395,1374,2.4406169185930766,1,4,10,31.410981908937075,3,2025-08-05 20:00:58.307515
1084,user_881,1690,2.6154002302893242,0,2,14,59.67229901062171,8,2025-09-24 20:00:58.307515
1085,user_901,672,3.122081277293434,1,4,12,58.52608755098465,6,2025-05-19 20:00:58.309068
1086,user_463,2198,4.979249200939497,1,2,8,90.43811346655234,7,2025-07-08 20:00:58.309068
1087,user_769,2723,3.419038484040837,1,3,14,69.3297468551492,6,2025-08-03 20:00:58.310172
1088,user_869,254,3.2396476780955332,1,4,11,89.78981047742522,5,2025-10-18 20:00:58.310172
1089,user_509,669,3.729833616652132,1,4,9,23.400528716036984,3,2025-07-07 20:00:58.311172
1090,user_258,1145,3.3954006443801967,1,2,8,73.17052727231516,6,2025-08-07 20:00:58.311172
1091,user_196,2268,4.028370841648409,1,4,11,48.28100933283703,3,2025-10-12 20:00:58.312181
1092,user_437,1287,3.225734793281898,1,4,9,55.98553800344772,2,2025-01-10 20:00:58.313166
1093,user_434,854,4.493867550512654,1,2,13,30.34962317890152,1,2025-07-11 20:00:58.313166
1094,user_248,278,3.6507964990019963,1,4,10,5.648342400348206,4,2025-04-15 20:00:58.313166
1095,user_652,2787,3.6542938978617974,1,3,14,30.04887586326389,6,2025-11-11 20:00:58.314780
1096,user_501,1673,3.5605492842659343,1,3,12,45.44223191595411,3,2025-07-03 20:00:58.315446
1097,user_868,2899,3.333463830678684,1,4,13,5.948016310838955,2,2025-04-13 20:00:58.316071
1098,user_489,472,3.9427202862637403,1,4,13,34.64692870786672,7,2025-07-20 20:00:58.317180
1099,user_448,761,4.042047194125098,0,4,10,45.098650264834376,5,2025-02-12 20:00:58.317180
1100,user_606,1058,3.915777533637514,1,4,8,70.58824446817215,1,2025-01-20 20:00:58.318174
1101,user_135,1219,2.8767691040407546,1,3,11,86.00735189897928,4,2025-06-15 20:00:58.318174
1102,user_515,174,2.9933335764817692,1,2,11,57.0664578980789,2,2025-09-28 20:00:58.319185
1103,user_801,928,2.8286467231933683,1,2,14,83.32712820358479,6,2025-06-09 20:00:58.319185
1104,user_865,846,4.380391085926423,1,4,8,77.76803762748928,2,2025-02-23 20:00:58.320463
1105,user_968,1487,3.0290142657276085,1,4,8,41.577431358157405,6,2025-09-29 20:00:58.321366
1106,user_335,1091,3.6753361371520685,1,2,13,13.44901064955023,8,2025-03-28 20:00:58.321366
1107,user_819,73,2.3366527349611115,1,3,14,58.47568083373047,9,2025-10-01 20:00:58.323366
1108,user_746,835,3.3296885704610553,1,3,13,12.544178445052001,6,2025-10-31 20:00:58.323873
1109,user_464,1645,3.8402797095947467,1,4,9,73.11029830035622,3,2025-02-05 20:00:58.324982
1110,user_408,2159,3.440032981478671,1,2,11,28.329652799770223,9,2025-10-12 20:00:58.325986
1111,user_611,1377,2.2830970880357926,1,3,13,97.09047114498695,5,2025-06-15 20:00:58.325986
1112,user_341,132,3.469798685935933,1,4,9,87.53712633272332,3,2025-03-21 20:00:58.326968
1113,user_645,2365,3.2310230364637498,1,3,13,30.37238516318258,8,2025-06-08 20:00:58.327561
1114,user_830,1390,3.113883500702436,1,4,10,18.125025555155194,2,2025-10-03 20:00:58.327561
1115,user_170,1389,2.1755120810543485,1,2,10,12.665587284719393,1,2025-02-18 20:00:58.328657
1116,user_592,2222,3.9386072927260316,1,2,11,65.08663952541407,8,2025-02-04 20:00:58.329655
1117,user_630,1669,3.0478983628148226,1,2,10,13.411962270979016,8,2025-03-06 20:00:58.329655
1118,user_686,2296,2.278758537203527,1,3,14,87.33914579092193,1,2025-02-09 20:00:58.329655
1119,user_804,1233,4.057500763926228,1,2,13,31.6684356016926,8,2025-05-21 20:00:58.331260
1120,user_924,2127,3.328600550648027,1,2,9,25.508722242139815,1,2025-01-27 20:00:58.332415
1121,user_216,1057,2.930365646666207,1,4,12,89.81238347128787,1,2025-02-11 20:00:58.333457
1122,user_723,2329,2.0851590923959584,1,3,12,87.12769881211571,6,2025-11-08 20:00:58.334064
1123,user_774,364,3.307983503023419,1,2,9,55.13173906628141,6,2025-04-05 20:00:58.335187
1124,user_389,1203,2.885997136595141,1,2,13,44.276495686189456,5,2025-10-14 20:00:58.335187
1125,user_68,1469,2.296511268948006,1,3,10,71.01732665901606,2,2025-06-11 20:00:58.336068
1126,user_791,1345,3.127717524050982,1,2,12,59.08719229742585,3,2025-06-15 20:00:58.337168
1127,user_891,1757,3.539173440110869,0,2,9,10.33780072019599,1,2025-07-30 20:00:58.338069
1128,user_824,519,3.284092001670199,0,4,14,59.66578919970902,4,2024-12-20 20:00:58.340103
1129,user_303,1256,2.651989919199524,1,3,9,10.796244811083556,7,2025-11-13 20:00:58.340103
1130,user_713,2888,3.4940423391544013,0,2,8,60.87979601803936,2,2025-03-22 20:00:58.341609
1131,user_646,1679,3.2244092028861124,1,3,9,79.68481767721232,5,2025-11-22 20:00:58.343241
1132,user_561,675,4.289464324285618,1,3,9,20.777062943972837,7,2025-08-28 20:00:58.344250
1133,user_136,2237,4.2300211619302335,1,4,12,4.033016105151299,6,2025-02-21 20:00:58.344764
1134,user_242,1810,3.3721788941031376,1,4,9,63.995638511457045,2,2025-01-23 20:00:58.344764
1135,user_121,1275,4.327398399325491,1,4,8,74.67433077981597,4,2025-03-07 20:00:58.346802
1136,user_71,2568,3.642389524100306,1,2,11,90.36178697987106,6,2025-10-04 20:00:58.348515
1137,user_397,1900,3.951685231901664,1,2,14,28.459579453591843,8,2025-11-25 20:00:58.349525
1138,user_881,2388,3.291188472976376,1,4,14,1.2425593793932266,1,2025-11-11 20:00:58.351523
1139,user_367,2606,3.258132458139999,1,4,9,64.66211336575553,4,2025-01-17 20:00:58.352524
1140,user_585,255,4.318159222530325,1,2,12,47.04733196771568,9,2025-04-07 20:00:58.354524
1141,user_703,1047,4.250584967263773,1,3,12,51.71208881133305,2,2024-12-29 20:00:58.355535
1142,user_165,936,3.2586150251386936,1,2,12,43.70337254497708,9,2025-05-19 20:00:58.356539
1143,user_465,98,4.633423620283562,1,3,9,27.734676172462926,8,2025-04-29 20:00:58.358156
1144,user_422,2290,2.3552597063951564,1,2,13,56.237838038440216,6,2025-06-23 20:00:58.359253
1145,user_603,1215,3.029224740352825,1,4,13,60.601500247944315,6,2025-03-07 20:00:58.360259
1146,user_18,1618,4.459015734339993,1,3,10,27.545791013817023,5,2025-06-25 20:00:58.361259
1147,user_374,2428,4.34353353481806,1,4,12,20.928776153011984,7,2025-11-05 20:00:58.362848
1148,user_564,529,1.8107841700633358,1,4,11,35.027237066932756,7,2025-05-07 20:00:58.363857
1149,user_827,2649,4.0963257663240125,0,4,8,14.986279888655163,5,2025-07-23 20:00:58.365879
1150,user_763,607,3.9164523772215585,1,4,10,98.58584404109375,1,2025-05-21 20:00:58.366780
1151,user_766,1973,4.421157415598666,1,2,11,24.674742066738087,3,2025-04-28 20:00:58.368422
1152,user_639,1790,3.4504803877340704,1,2,12,65.40230776587605,9,2025-04-22 20:00:58.369666
1153,user_700,1005,4.8983326008375085,1,3,13,24.1960635674496,2,2025-07-30 20:00:58.370171
1154,user_718,2903,4.680195197351536,1,4,8,19.78244288413229,8,2025-09-06 20:00:58.371521
1155,user_655,214,3.4016548781892544,1,2,13,80.35417768264277,5,2025-02-06 20:00:58.372541
1156,user_230,154,4.209941863030853,0,3,11,5.240568646119881,8,2025-09-10 20:00:58.374044
1157,user_729,1301,4.0503788184899925,1,2,14,95.62211736436277,6,2025-02-14 20:00:58.375051
1158,user_76,23,3.0788676038058407,1,4,12,1.8037909504644456,4,2025-10-12 20:00:58.377051
1159,user_423,756,3.1545034663871743,1,4,8,97.79934237382346,4,2025-01-02 20:00:58.378148
1160,user_276,672,2.74204734343383,1,4,14,28.063557987651578,6,2025-05-05 20:00:58.380154
1161,user_634,186,3.537303871178522,1,2,12,36.01621532137915,8,2025-08-09 20:00:58.380154
1162,user_336,340,3.937362914637231,1,4,12,14.851742425711745,9,2025-03-10 20:00:58.381195
1163,user_849,1122,3.5021208334559604,1,2,12,45.2323477634296,7,2025-11-05 20:00:58.382610
1164,user_645,1478,3.793288114681779,1,2,14,62.19144212838782,9,2025-07-22 20:00:58.384210
1165,user_756,1954,3.0161981068417894,1,2,12,54.13353827012672,4,2025-10-20 20:00:58.385210
1166,user_595,2593,3.1116511697761027,1,3,10,59.4832713887504,4,2025-11-04 20:00:58.386210
1167,user_51,1244,3.4917409477725956,0,4,12,9.103631494544173,1,2025-03-10 20:00:58.387246
1168,user_270,2345,2.765008713334996,1,4,14,82.82127578865942,5,2025-10-21 20:00:58.388246
1169,user_318,1992,3.097464786905489,1,4,10,54.2033345097202,4,2025-05-29 20:00:58.389248
1170,user_644,2302,2.6432628409464805,1,4,9,28.0709742464594,2,2025-07-16 20:00:58.389248
1171,user_709,2804,2.246693585428303,1,2,8,6.154303413483686,2,2025-09-20 20:00:58.390244
1172,user_130,2659,2.9014263095207937,1,4,9,76.27990528758055,5,2025-11-27 20:00:58.391247
1173,user_686,258,2.246955577469912,1,4,13,40.28900310500486,5,2025-06-02 20:00:58.391247
1174,user_520,1397,4.825722230471479,1,2,13,68.74648040497281,9,2025-06-11 20:00:58.392251
1175,user_329,659,3.9904931310702727,1,4,12,42.35405772415082,2,2025-02-01 20:00:58.392251
1176,user_146,461,4.005318134174341,1,3,12,34.546115146826885,7,2025-03-12 20:00:58.393495
1177,user_245,2158,2.331998553782536,1,2,8,54.2547862300646,3,2025-08-27 20:00:58.394163
1178,user_127,2754,3.003647544637977,1,3,10,37.86423834040941,5,2025-08-02 20:00:58.394163
1179,user_12,2504,3.334494609051913,1,3,12,92.7206464790831,1,2025-10-13 20:00:58.395212
1180,user_249,651,3.6069139353472286,1,3,9,37.14633393344715,4,2025-07-21 20:00:58.395212
1181,user_777,1132,3.3423984561691986,1,4,13,0.8198321130962194,5,2025-04-13 20:00:58.396472
1182,user_263,1997,4.883119930149703,1,4,9,81.07304652304127,4,2025-02-04 20:00:58.396472
1183,user_321,1602,3.2509938286944164,0,4,9,59.394062094340526,1,2025-07-09 20:00:58.397478
1184,user_146,1508,4.80161559831128,1,3,13,30.943247096948323,7,2025-02-25 20:00:58.397478
1185,user_352,1705,2.547407546425447,1,3,10,29.315594225330177,6,2025-09-13 20:00:58.398543
1186,user_578,2502,3.60353422503006,1,2,9,62.75061542017662,6,2025-05-12 20:00:58.399544
1187,user_107,972,4.230498112921291,1,4,13,6.779639582811258,8,2025-09-02 20:00:58.399544
1188,user_737,2411,3.487131131543226,1,3,10,84.52255581607399,1,2025-10-29 20:00:58.400543
1189,user_508,2011,2.3752220486302598,1,2,11,31.325074048882197,5,2025-02-28 20:00:58.400543
1190,user_875,1760,3.754031823076036,1,3,11,42.46790124184585,8,2025-09-29 20:00:58.401544
1191,user_767,447,3.5614460616519623,1,2,14,48.067011230507674,2,2025-10-30 20:00:58.402543
1192,user_519,1036,3.8459174187622915,1,3,14,5.393258284087121,3,2025-01-26 20:00:58.402543
1193,user_504,931,4.772618856381843,1,4,8,10.102824649125852,2,2025-06-23 20:00:58.403543
1194,user_959,2549,3.291984953423917,1,4,11,38.50506792036167,9,2025-02-11 20:00:58.405048
1195,user_934,558,4.243804333519356,1,3,11,25.32074816423574,4,2025-04-21 20:00:58.406555
1196,user_661,404,3.816398032894126,1,2,14,25.47205004575489,7,2025-10-14 20:00:58.407564
1197,user_565,2571,3.143781952583664,1,3,12,33.91645325250337,5,2025-09-30 20:00:58.409339
1198,user_685,231,3.667478388213637,1,3,12,65.88554042268422,3,2025-02-12 20:00:58.411348
1199,user_391,2838,3.607095277743864,1,4,14,8.777291412344058,5,2025-11-26 20:00:58.412349
1200,user_272,2207,3.21617635710017,1,3,11,50.67700407177881,1,2025-10-15 20:00:58.413346
1201,user_92,2770,3.641409049638764,1,3,11,14.690890902292697,6,2025-08-24 20:00:58.414853
1202,user_455,2135,2.539022636240309,1,3,11,66.6613386594285,7,2025-09-23 20:00:58.416444
1203,user_582,1613,3.6426339077445453,1,2,8,70.93142948034834,5,2025-12-05 20:00:58.417446
1204,user_159,239,2.680848379284558,1,4,13,13.672227637346579,6,2025-05-10 20:00:58.418951
1205,user_480,1332,2.8790242376711084,1,4,13,51.15361942347918,7,2025-01-13 20:00:58.419959
1206,user_372,1949,3.690681243195236,1,3,12,87.62923485239375,4,2025-12-07 20:00:58.420959
1207,user_530,2833,3.5933835501133253,1,2,9,92.01138133226287,6,2025-11-29 20:00:58.421959
1208,user_182,2135,2.4669839141861596,1,4,14,57.429353970857356,9,2025-09-09 20:00:58.423467
1209,user_966,762,2.974228895696174,1,3,13,82.41799996253584,5,2025-01-27 20:00:58.424477
1210,user_839,2,4.934372381270811,1,4,12,22.42583831512317,2,2025-01-15 20:00:58.425200
1211,user_249,570,2.7664336751970855,1,4,9,91.49299366292826,1,2025-08-25 20:00:58.426208
1212,user_361,1880,2.9887819740097132,1,3,13,6.091222687152708,9,2025-03-27 20:00:58.427720
1213,user_823,2367,2.9710247291186413,1,3,10,98.04707977830711,7,2025-12-03 20:00:58.428732
1214,user_702,1223,3.6243722031526633,1,2,9,91.25842179248231,4,2025-09-19 20:00:58.429731
1215,user_433,2418,4.069471404852008,1,3,13,68.73744176977976,9,2025-03-05 20:00:58.431242
1216,user_561,1281,2.875727315243612,1,2,12,57.08530255443127,9,2025-09-08 20:00:58.433268
1217,user_826,2340,3.1154710387033444,1,2,13,72.14891731316725,7,2025-07-23 20:00:58.434280
1218,user_645,2685,3.971992664083164,1,3,13,66.7601713583235,2,2025-04-02 20:00:58.435278
1219,user_179,39,3.126504243338896,0,2,9,75.57912428853022,4,2025-06-07 20:00:58.437315
1220,user_824,482,3.4888224223942177,1,4,13,82.53779778689717,4,2025-01-28 20:00:58.438277
1221,user_860,2390,3.7074320718381673,0,4,13,33.9203431271918,4,2025-04-30 20:00:58.440276
1222,user_169,597,3.1642164952907743,1,4,14,63.83417505810897,5,2025-09-14 20:00:58.440900
1223,user_124,2160,3.5285895648072163,1,4,13,42.55633657183516,7,2025-10-05 20:00:58.443047
1224,user_732,782,2.8078063117035392,1,2,11,32.87459883496066,6,2025-09-26 20:00:58.444095
1225,user_646,1415,2.897116503161414,1,4,8,64.86950425330355,3,2025-06-23 20:00:58.445639
1226,user_607,817,2.5030499535667836,1,2,11,47.656794358001854,5,2025-01-05 20:00:58.446680
1227,user_620,784,4.455603149041391,1,3,12,4.122781399906039,1,2025-08-13 20:00:58.448231
1228,user_718,545,4.675565995925082,1,2,10,11.835410132658753,1,2025-09-01 20:00:58.449271
1229,user_887,717,5.0,1,4,8,91.44576508809412,6,2025-06-08 20:00:58.450268
1230,user_517,864,3.203527475895013,1,4,10,11.285816494369715,4,2025-09-19 20:00:58.451266
1231,user_41,730,3.3786848792668764,1,3,13,99.69905028125511,7,2025-06-17 20:00:58.452267
1232,user_947,25,3.1841927456673385,0,3,12,39.177174201200316,6,2025-09-22 20:00:58.453269
1233,user_661,908,3.219407521557895,1,2,13,31.62923487256244,6,2025-03-13 20:00:58.454773
1234,user_705,171,2.9345800624965612,1,3,9,92.75613488190422,7,2024-12-14 20:00:58.454773
1235,user_753,565,4.053455009225634,1,4,14,95.05939659311244,2,2024-12-25 20:00:58.457056
1236,user_869,1430,2.6737358533916775,1,2,14,39.27351142242276,8,2025-01-20 20:00:58.457613
1237,user_705,1525,2.6944114239903363,1,4,10,13.181037349745917,2,2025-05-17 20:00:58.458658
1238,user_474,2460,4.2948196156787,1,4,9,78.41871792320796,7,2025-05-19 20:00:58.459796
1239,user_254,1400,2.6740859684775256,1,3,12,33.079299142765564,1,2025-02-12 20:00:58.460794
1240,user_825,1004,2.8562209449244325,1,4,12,37.888709033260525,2,2025-03-10 20:00:58.461798
1241,user_821,2711,2.484797131386221,1,2,8,45.108928746683155,9,2025-04-05 20:00:58.463793
1242,user_895,918,4.777557768854059,1,4,10,12.47361132216791,7,2025-01-20 20:00:58.464796
1243,user_513,2711,3.056312717316285,1,2,13,22.264923522678536,7,2025-09-10 20:00:58.465334
1244,user_267,2662,3.510024296638309,1,4,14,86.21529582931218,2,2025-04-03 20:00:58.466377
1245,user_733,2525,4.010785939942002,1,2,8,89.3001362396497,8,2025-10-18 20:00:58.467374
1246,user_915,2768,4.406640203032296,1,3,13,58.67315273897519,7,2025-04-14 20:00:58.468913
1247,user_303,1308,2.5780730612875504,1,3,9,59.59479507926143,2,2025-11-21 20:00:58.469948
1248,user_151,1125,2.1148779120122567,1,2,9,54.418011594195356,1,2025-04-20 20:00:58.470969
1249,user_161,553,3.456512373174697,1,2,11,12.613578629576516,5,2025-05-09 20:00:58.472605
1250,user_816,1147,4.404331382748643,1,4,13,36.85624690277138,3,2025-09-10 20:00:58.473658
1251,user_41,2426,2.902910131368568,1,2,12,28.562659968357707,7,2025-11-18 20:00:58.475768
1252,user_539,1085,3.9059485622274743,1,3,14,79.79431892533,8,2025-12-09 20:00:58.475768
1253,user_192,1608,2.823657550502209,1,3,9,67.61417886014571,2,2025-07-28 20:00:58.477407
1254,user_317,2167,4.359584333177718,1,4,11,59.92935663104787,3,2025-08-24 20:00:58.477407
1255,user_369,1109,3.909885893656299,1,3,12,55.4866916999157,1,2024-12-22 20:00:58.478539
1256,user_946,2335,3.1679419260113852,1,3,13,12.749972667198573,3,2025-05-30 20:00:58.479545
1257,user_544,2764,3.4416160733386683,1,3,10,92.73664094615535,6,2025-03-31 20:00:58.479545
1258,user_395,730,2.912929641434878,1,4,10,73.44870403224036,8,2025-07-31 20:00:58.479545
1259,user_787,863,3.857091733312169,1,2,11,33.473532657927905,6,2025-11-07 20:00:58.481180
1260,user_558,1237,3.80189449398928,1,2,13,26.85991615010859,9,2024-12-30 20:00:58.481180
1261,user_743,1851,3.728216579876708,1,4,14,30.41552544854651,3,2025-09-13 20:00:58.482312
1262,user_211,359,2.932967375181812,1,4,9,63.32834823329955,1,2025-08-06 20:00:58.482945
1263,user_722,2570,3.4632696276486525,1,2,9,28.917825385644313,8,2025-10-04 20:00:58.482945
1264,user_390,2430,2.332507546112267,1,2,11,94.29127113917565,9,2025-10-25 20:00:58.483552
1265,user_9,2280,3.434728814852411,1,3,11,82.02929606091773,4,2025-08-20 20:00:58.484657
1266,user_748,2444,3.8916354051979187,1,4,13,90.22456230962314,6,2025-04-26 20:00:58.484657
1267,user_66,303,4.136268220949845,0,2,11,79.11971620846982,5,2025-11-15 20:00:58.485657
1268,user_583,2295,2.700180002589398,1,3,8,39.72421314668352,4,2025-08-06 20:00:58.485657
1269,user_292,2341,3.205976499530905,1,2,8,90.41912075524279,8,2025-06-14 20:00:58.486649
1270,user_234,951,3.357891878535173,1,3,12,42.87251417514815,6,2025-09-22 20:00:58.487589
1271,user_581,114,3.6299331975051086,1,3,13,80.96742580880732,1,2025-10-30 20:00:58.488310
1272,user_858,184,4.701060874210583,1,3,9,69.52741329444169,4,2025-10-17 20:00:58.488310
1273,user_442,600,2.5866697031103953,1,4,9,25.11584013582857,4,2025-08-05 20:00:58.489428
1274,user_56,1204,2.244430643327597,1,4,14,20.165521126689224,5,2025-01-17 20:00:58.490317
1275,user_955,698,2.1603567065256017,1,3,8,18.86205190426311,7,2025-05-15 20:00:58.490317
1276,user_24,2853,3.921423876945562,0,3,14,80.9032699507332,5,2025-08-28 20:00:58.490317
1277,user_95,167,3.0365490386058256,1,2,11,7.5554493762769575,3,2025-08-24 20:00:58.491916
1278,user_209,748,3.335871241095936,1,3,14,87.65981188350187,8,2025-01-10 20:00:58.493021
1279,user_66,1516,2.142440022652652,1,4,12,94.9112456888247,5,2024-12-26 20:00:58.493021
1280,user_598,696,3.614606298479862,0,4,13,46.05660075622558,8,2025-07-14 20:00:58.494306
1281,user_175,722,4.717204022517414,1,4,10,55.98931015359494,1,2025-07-27 20:00:58.494306
1282,user_432,2517,2.8575476166892346,0,4,13,8.686290798618279,6,2025-11-22 20:00:58.495292
1283,user_880,1670,3.7163691426712093,1,2,12,59.81824455420024,6,2025-07-31 20:00:58.495899
1284,user_812,1990,3.2404951373356887,1,2,12,99.85981679365432,5,2025-07-09 20:00:58.495899
1285,user_825,1299,3.706774702336961,1,3,11,18.88701867628544,9,2025-06-10 20:00:58.496998
1286,user_970,2768,3.255389263324906,1,3,13,71.52368534826331,6,2025-06-04 20:00:58.497596
1287,user_845,943,2.204669398839573,1,2,14,60.13168243361512,2,2025-06-14 20:00:58.497596
1288,user_525,1203,4.136133549401286,1,4,11,7.254701298665189,9,2025-11-11 20:00:58.498690
1289,user_20,730,4.102804656071483,1,4,9,68.36995457246208,5,2025-11-06 20:00:58.499699
1290,user_960,131,3.6827614902030943,1,4,12,90.92650434553407,7,2025-11-26 20:00:58.499699
1291,user_533,996,3.971693956367772,1,3,8,20.698630300011956,6,2025-08-27 20:00:58.500698
1292,user_719,2310,2.819861576561512,1,4,10,29.12233185782761,9,2025-02-11 20:00:58.500698
1293,user_162,437,4.311265671968597,1,2,13,18.63167765185335,5,2025-02-19 20:00:58.501695
1294,user_867,2558,4.52490561974335,1,4,13,46.427236932434,7,2024-12-19 20:00:58.501695
1295,user_385,2666,3.491280121855666,1,2,12,9.504645866168559,6,2025-04-16 20:00:58.503315
1296,user_877,11,3.3148350855258957,1,3,9,3.940953529038993,3,2024-12-20 20:00:58.504326
1297,user_811,1822,3.0317981412721475,1,4,9,69.82154534944728,1,2025-09-19 20:00:58.504834
1298,user_521,1327,3.551781662359201,1,2,11,96.6099872731482,6,2025-10-20 20:00:58.504834
1299,user_729,859,3.644800988165404,1,3,12,35.74831034918829,2,2025-10-15 20:00:58.506437
1300,user_253,1203,3.507968611781778,1,4,10,63.42430909775426,9,2025-02-11 20:00:58.507954
1301,user_578,220,2.7983101270156587,1,4,14,78.65436559100473,2,2025-06-07 20:00:58.508461
1302,user_190,1109,3.636133459957304,0,2,10,33.794557104529076,2,2025-03-01 20:00:58.509569
1303,user_381,516,2.9044688092650413,1,3,11,50.47543235655417,5,2025-01-05 20:00:58.510507
1304,user_313,590,4.141654111594324,1,3,13,70.9905045779608,1,2024-12-21 20:00:58.510507
1305,user_679,2161,4.583809039979913,1,4,9,20.64452324162004,6,2025-07-15 20:00:58.511566
1306,user_361,2193,2.7594540212321896,1,3,12,40.54039608509241,3,2025-02-18 20:00:58.511566
1307,user_170,2260,2.6676312321294655,1,3,13,6.850279257189406,6,2025-10-05 20:00:58.512564
1308,user_789,407,4.025789544763185,1,3,8,70.78621034542041,7,2025-03-01 20:00:58.512564
1309,user_377,2708,4.734840298601858,1,4,12,90.94607980487712,4,2025-02-20 20:00:58.513567
1310,user_791,1313,1.880855829445978,1,4,11,20.53681846899853,8,2025-10-28 20:00:58.514556
1311,user_343,1780,2.922779065370614,1,4,10,98.26882395913256,1,2024-12-20 20:00:58.515149
1312,user_61,1085,4.057915974504782,1,2,13,7.150302433163535,9,2025-11-29 20:00:58.515149
1313,user_898,2210,4.114302072789211,1,3,8,4.7583192546112425,8,2025-03-12 20:00:58.516254
1314,user_63,1345,4.152832784321298,1,4,12,93.63525578249853,3,2025-06-17 20:00:58.516254
1315,user_930,279,2.6343727155935217,1,3,9,13.216177752502368,6,2025-06-01 20:00:58.517255
1316,user_148,374,3.0813983090499564,1,2,12,28.733033322764946,8,2025-09-27 20:00:58.517255
1317,user_493,1711,4.747515154867918,1,2,9,37.337855953684006,5,2025-04-04 20:00:58.518838
1318,user_294,1474,4.1233443851680285,1,4,10,3.925305307099991,6,2025-05-20 20:00:58.519496
1319,user_425,43,3.649588290434818,1,3,12,57.7735770160842,6,2025-09-20 20:00:58.519496
1320,user_332,506,2.8321091290229345,1,4,11,6.875095208867732,7,2025-10-23 20:00:58.520593
1321,user_606,1814,3.439399336580575,1,2,13,81.9868147527005,3,2025-05-02 20:00:58.521506
1322,user_174,1408,1.9735627898253825,1,2,9,55.20181722956512,8,2025-07-01 20:00:58.521506
1323,user_818,746,3.409582041503932,1,4,8,19.96854261681792,4,2025-10-21 20:00:58.523506
1324,user_375,141,2.974600072002926,1,3,13,85.96655476664752,6,2025-08-06 20:00:58.525020
1325,user_615,2745,2.658844463896435,1,2,13,21.508522878509282,4,2025-01-19 20:00:58.525020
1326,user_355,1816,4.469207710894557,1,3,12,26.06334547570014,5,2025-04-04 20:00:58.526116
1327,user_599,999,4.379516338433609,1,3,11,45.75688476739717,3,2025-10-10 20:00:58.527053
1328,user_747,1471,4.3519829025643135,1,4,10,1.8355724379141791,3,2025-08-08 20:00:58.527664
1329,user_766,1573,4.404410201138925,0,4,8,83.18241183859834,6,2025-01-12 20:00:58.527664
1330,user_510,382,2.619119814658677,1,4,11,98.52699881009016,3,2025-01-28 20:00:58.528752
1331,user_256,2056,2.850151971667843,1,2,10,14.689656887777925,7,2025-11-01 20:00:58.528752
1332,user_398,2378,3.288596658593864,1,4,10,47.683777485807155,1,2025-08-27 20:00:58.529751
1333,user_289,2872,3.385491031723407,1,4,14,46.48498037040522,8,2025-08-31 20:00:58.529751
1334,user_635,1780,3.548637772710678,1,2,9,43.165085418438146,9,2024-12-29 20:00:58.529751
1335,user_49,1396,3.8970590989780645,1,2,8,7.8818077242784,4,2025-02-14 20:00:58.531353
1336,user_479,1565,3.3481695738494386,1,2,14,13.58324284132657,1,2025-01-12 20:00:58.531353
1337,user_200,2269,4.200086439486404,1,3,13,30.535321354778976,9,2025-05-24 20:00:58.532456
1338,user_646,2755,2.9050775279168173,0,3,12,69.67955139643412,9,2025-10-06 20:00:58.533058
1339,user_89,1795,3.0327368338836496,1,4,12,75.12731169377459,6,2025-03-15 20:00:58.533058
1340,user_402,1465,4.769508687627708,1,4,14,71.88082349491646,5,2025-08-28 20:00:58.534795
1341,user_277,611,3.1039401883888456,0,2,14,35.85076311953338,3,2025-09-24 20:00:58.534795
1342,user_697,173,3.5200289453966946,1,2,12,84.79716933125904,7,2025-04-13 20:00:58.535898
1343,user_696,731,3.490565021466632,1,3,9,5.573552650140212,7,2025-10-27 20:00:58.536898
1344,user_46,1445,2.9752018194089795,1,4,13,40.03214824872799,9,2025-03-25 20:00:58.536898
1345,user_243,2521,3.5488360528401337,1,2,12,42.782345663825,8,2025-04-25 20:00:58.537802
1346,user_332,396,2.7253859302523007,1,4,13,20.986467727912117,2,2025-05-11 20:00:58.538902
1347,user_280,2779,3.5822948588040875,1,2,9,57.45745034730171,8,2025-11-08 20:00:58.539804
1348,user_101,2686,3.568472976827509,1,4,14,55.25034762615439,8,2025-03-13 20:00:58.540804
1349,user_410,2331,3.710492676915024,1,2,9,57.32766887532035,9,2025-09-26 20:00:58.541887
1350,user_508,1187,3.6136356067157496,1,3,8,34.35316114982941,3,2025-04-06 20:00:58.542491
1351,user_568,2357,2.7473481345778996,1,3,11,37.00892800699709,7,2025-03-14 20:00:58.543089
1352,user_463,2725,3.9089287521647895,1,3,13,94.78368998469998,2,2025-02-11 20:00:58.543089
1353,user_671,2252,4.813537134238,1,2,12,63.694201061063026,3,2025-11-26 20:00:58.544182
1354,user_667,2401,2.8901519878917754,0,4,14,10.860740234649258,9,2025-10-28 20:00:58.544182
1355,user_79,1062,2.8400117353244876,1,3,8,19.89173595152668,8,2025-03-07 20:00:58.545188
1356,user_115,2316,2.4996853137583797,1,3,9,51.14364063015873,2,2025-04-07 20:00:58.545789
1357,user_110,1433,3.5724522627953976,1,3,11,79.71551058158319,8,2025-05-14 20:00:58.545789
1358,user_586,1913,3.4306612551069424,1,4,12,78.66669488749626,6,2025-01-16 20:00:58.546883
1359,user_65,791,3.318748240747619,1,2,12,59.971901111027734,2,2025-01-29 20:00:58.547882
1360,user_941,2673,3.339961406131349,1,2,13,95.06117747428902,7,2025-11-23 20:00:58.548475
1361,user_963,2839,2.8806236989682827,1,3,14,95.31671767711674,6,2025-06-19 20:00:58.548475
1362,user_674,1439,5.0,1,4,8,58.3435634710885,1,2025-10-31 20:00:58.549579
1363,user_366,28,3.8799711722457357,1,2,8,14.741278363398337,9,2025-02-09 20:00:58.550268
1364,user_824,1508,3.4115571990583073,1,3,12,91.44446820562084,3,2025-07-06 20:00:58.550268
1365,user_493,1352,2.450150706297169,1,4,11,5.396976142739174,9,2025-09-28 20:00:58.551279
1366,user_21,1155,3.869106617538866,0,4,10,41.683461522279366,8,2025-11-04 20:00:58.552375
1367,user_244,20,4.268115654763797,1,3,9,74.92363306024671,7,2025-12-04 20:00:58.552375
1368,user_443,2375,2.472208843939624,1,4,13,27.024887506171414,1,2025-01-26 20:00:58.553369
1369,user_769,1791,3.4834099172394293,1,4,10,31.119360246894445,4,2025-03-01 20:00:58.553369
1370,user_748,2055,3.1134095446270216,0,3,9,62.316175374457984,8,2025-11-03 20:00:58.554939
1371,user_731,306,3.0044208861774417,1,2,11,69.95444737655465,7,2025-04-27 20:00:58.554939
1372,user_275,1175,3.8066867758809733,1,3,9,91.47539013379597,5,2025-01-01 20:00:58.556446
1373,user_657,182,3.5585161063701496,1,4,14,45.27681295114008,6,2025-03-18 20:00:58.557456
1374,user_19,2625,2.873825480856377,1,4,11,63.30289054077425,7,2025-08-03 20:00:58.557456
1375,user_942,257,2.6801055545052335,1,2,11,65.57962798997198,6,2025-05-20 20:00:58.559004
1376,user_901,273,3.3319709850607606,1,2,10,82.79120621490644,1,2025-06-04 20:00:58.560102
1377,user_73,446,4.5352831542404335,1,2,11,16.814108589474706,4,2025-11-19 20:00:58.560102
1378,user_97,1351,2.506067044930114,1,2,10,31.961812550807124,1,2025-10-27 20:00:58.561104
1379,user_592,940,4.361518969789932,0,4,14,49.21166570858616,2,2025-02-20 20:00:58.561104
1380,user_240,1041,3.1563113169361645,1,4,9,24.93757879958921,7,2025-02-03 20:00:58.562104
1381,user_362,2798,4.092829161382258,1,3,13,1.5562546258716003,9,2025-11-14 20:00:58.563105
1382,user_831,721,3.305255501179507,1,2,13,82.73841936073582,8,2025-07-06 20:00:58.563105
1383,user_855,1542,3.3407909299368055,0,3,14,86.77820443927635,4,2025-09-25 20:00:58.563105
1384,user_927,955,2.9652884565434747,1,2,13,49.45977706694649,8,2025-10-01 20:00:58.564710
1385,user_27,468,4.6066199191323705,1,3,10,90.13999412292331,9,2025-09-04 20:00:58.565550
1386,user_819,1489,1.8074431506534818,1,4,8,41.8446789716228,1,2025-01-24 20:00:58.565550
1387,user_575,1031,3.7173706303947984,1,3,10,22.74908908690624,6,2025-09-09 20:00:58.566294
1388,user_718,1970,4.962813063730972,1,4,14,53.85833858542034,1,2025-07-30 20:00:58.567389
1389,user_373,2086,2.44837464726483,1,4,14,87.47019843267121,9,2024-12-16 20:00:58.567389
1390,user_524,1169,4.008709667177429,1,2,10,74.36286786007467,5,2025-09-18 20:00:58.567389
1391,user_154,2834,2.7918890117769317,1,3,10,59.792942681983,8,2025-10-22 20:00:58.568981
1392,user_361,111,2.788154641544662,1,4,14,2.8457391843922486,5,2025-10-24 20:00:58.568981
1393,user_421,1326,2.755421912407892,1,3,13,90.63542110956462,7,2025-07-08 20:00:58.570078
1394,user_805,2172,4.217468527089038,0,4,9,72.50960188976508,8,2025-06-22 20:00:58.570078
1395,user_775,1908,2.0396555665573386,1,2,8,79.0407475882988,1,2025-08-26 20:00:58.570987
1396,user_275,2227,3.6692898218588486,1,4,13,96.8691450213043,3,2025-04-03 20:00:58.571990
1397,user_657,2679,3.119919425886663,1,4,14,54.60988080032908,4,2025-07-18 20:00:58.573498
1398,user_261,1182,4.18777746101628,0,2,9,69.90274140420951,1,2025-03-07 20:00:58.574508
1399,user_244,1323,2.721978966542311,1,2,9,23.564403942142185,6,2025-04-18 20:00:58.574508
1400,user_714,758,4.124418539375689,1,2,12,94.2334494935037,6,2025-07-17 20:00:58.575613
1401,user_354,702,2.714873403585955,1,3,9,36.03211376915627,3,2025-08-01 20:00:58.575613
1402,user_872,666,4.047606365423392,0,2,8,80.04108624936782,7,2025-01-09 20:00:58.577223
1403,user_25,1952,3.7408163361861746,1,2,13,9.865737673280906,6,2025-09-16 20:00:58.577223
1404,user_266,1438,3.9088015063087216,1,2,11,15.436176989590034,6,2025-03-24 20:00:58.578316
1405,user_270,1759,4.012434470247923,1,4,10,36.798507718678664,2,2025-01-29 20:00:58.578316
1406,user_589,1320,3.908919708071038,1,3,11,97.64132223840562,9,2025-05-13 20:00:58.579323
1407,user_559,2608,3.140605841292033,1,4,9,55.46936856470578,5,2025-04-01 20:00:58.580329
1408,user_32,1046,3.6689961857435742,1,2,13,19.972828011123656,7,2025-09-13 20:00:58.581036
1409,user_345,192,3.828048310116906,1,4,11,87.2465523258539,8,2025-03-01 20:00:58.581675
1410,user_897,850,3.233626107591395,1,3,11,35.04702023179279,6,2025-02-01 20:00:58.582287
1411,user_605,296,2.7278519268428543,1,3,11,90.50781277944812,2,2025-11-26 20:00:58.582287
1412,user_343,1369,3.9979602642479843,1,2,14,28.467439194681766,8,2025-11-17 20:00:58.583399
1413,user_642,2884,3.8732700606217345,1,3,13,15.670929576291915,7,2025-08-14 20:00:58.583997
1414,user_914,487,2.2247088518997473,1,3,11,60.15485063797061,5,2025-09-11 20:00:58.583997
1415,user_766,2656,3.4655858846851775,1,4,14,13.121548293168651,3,2025-11-28 20:00:58.585103
1416,user_193,1180,3.372993248345894,0,4,9,25.42178290666882,9,2025-06-24 20:00:58.585103
1417,user_532,14,2.675563773255474,1,3,12,97.56049685891121,7,2025-12-07 20:00:58.586100
1418,user_230,1908,4.321834376511245,0,3,10,50.53320333358803,8,2025-07-13 20:00:58.586100
1419,user_223,503,4.038671719784976,1,2,10,19.566629562534242,2,2025-01-15 20:00:58.587098
1420,user_350,2070,3.7258195623766306,1,2,14,56.289982635678996,1,2025-04-12 20:00:58.588001
1421,user_835,2327,3.0406101886258017,1,2,9,38.279283107990935,7,2025-05-19 20:00:58.588001
1422,user_931,2138,2.125548975841041,1,3,13,20.527167455065854,6,2025-05-05 20:00:58.590001
1423,user_499,1722,4.140906574312572,1,3,11,83.77290986226564,4,2025-08-11 20:00:58.591002
1424,user_684,335,3.7836812418332357,1,3,10,50.07349061441984,4,2025-06-06 20:00:58.592033
1425,user_911,633,4.092865308361287,1,3,9,15.401632537436626,7,2025-08-14 20:00:58.593202
1426,user_429,2584,3.31769069060942,1,3,9,26.95106212182973,6,2025-09-01 20:00:58.593796
1427,user_936,2696,3.819728603966247,1,2,13,2.0492046877974457,8,2025-06-28 20:00:58.593796
1428,user_167,565,3.166675150159069,1,4,10,52.40376698675869,2,2025-06-20 20:00:58.595398
1429,user_301,184,3.073899522756019,1,4,13,43.543612890203555,1,2025-07-09 20:00:58.595398
1430,user_786,794,3.5782794616716376,1,2,13,60.652586705053366,8,2025-06-09 20:00:58.596980
1431,user_903,2729,4.421847208176327,1,2,9,14.11660331970297,3,2025-05-14 20:00:58.596980
1432,user_655,2404,2.494260099491715,1,3,12,46.256330831379955,7,2025-10-14 20:00:58.598083
1433,user_445,2160,4.543727869340346,1,3,8,53.18235108108051,9,2025-05-10 20:00:58.598698
1434,user_468,1590,2.7068616617338757,1,2,9,16.713241731358774,9,2025-01-11 20:00:58.598698
1435,user_166,1248,3.0945258130221864,1,2,11,86.12863327547637,8,2025-07-31 20:00:58.599793
1436,user_26,2597,3.1078240757383297,1,4,12,86.75572874455385,6,2025-01-05 20:00:58.599793
1437,user_571,1317,3.0965573168450122,1,3,11,30.238360611242687,6,2025-11-21 20:00:58.600793
1438,user_144,2024,4.065490564598518,1,3,11,61.24895070970834,4,2025-08-21 20:00:58.601792
1439,user_467,2760,2.5717716738771195,1,4,14,95.3072768622137,7,2025-04-10 20:00:58.601792
1440,user_338,1516,3.407025398666661,1,4,10,64.95104935019238,4,2025-11-15 20:00:58.602790
1441,user_941,2849,2.8981107481201276,0,4,9,11.786010867977016,3,2024-12-26 20:00:58.602790
1442,user_185,2462,4.3939656262480264,1,3,9,34.342061613067386,6,2025-09-05 20:00:58.603787
1443,user_135,2531,4.230681760540047,1,3,10,97.64827762008709,6,2025-09-19 20:00:58.604793
1444,user_542,1451,2.9926531234872202,1,2,12,32.17370298582778,1,2025-11-04 20:00:58.605405
1445,user_866,2427,3.130085945168227,1,3,13,56.30942778724928,5,2025-06-09 20:00:58.605405
1446,user_952,2490,2.485060070727744,1,3,11,56.380339111164425,2,2025-06-02 20:00:58.606503
1447,user_332,561,2.7307792351884936,1,3,10,64.87469372366542,6,2025-10-26 20:00:58.607507
1448,user_269,1436,2.8483706587894564,1,2,10,80.1008243197916,9,2025-05-10 20:00:58.607507
1449,user_27,1571,4.243295339867529,1,3,8,49.75751441541355,7,2025-09-13 20:00:58.608513
1450,user_263,1495,3.496438734094344,1,3,13,61.72910760526177,5,2025-11-26 20:00:58.609125
1451,user_708,1919,3.225498685216307,1,2,8,93.21023654572215,9,2025-10-26 20:00:58.610226
1452,user_42,817,2.969534182426358,1,3,9,68.7502092804416,3,2025-01-01 20:00:58.610226
1453,user_689,2884,4.484340945815611,1,4,10,31.86043712826544,9,2025-03-24 20:00:58.611979
1454,user_763,1380,3.394958909631056,1,3,12,56.48183139601971,1,2025-04-11 20:00:58.613094
1455,user_717,2817,3.1895876312589473,1,4,8,65.1489153529613,8,2025-08-16 20:00:58.613094
1456,user_8,597,3.6802969820627394,1,4,14,43.71242737400124,4,2025-02-15 20:00:58.614605
1457,user_934,2343,3.6915836995114164,1,2,8,95.43459516233008,7,2025-01-04 20:00:58.615135
1458,user_752,2389,3.330122373351925,1,3,11,6.834837144819472,2,2024-12-30 20:00:58.616315
1459,user_525,1327,3.7253648319398653,1,2,11,3.2460141762276407,7,2025-05-09 20:00:58.618322
1460,user_515,473,2.9123083736572415,1,4,14,32.63202573215926,3,2024-12-30 20:00:58.618322
1461,user_488,229,2.952358747349712,1,2,9,24.25772028979366,9,2025-04-28 20:00:58.620874
1462,user_899,1774,4.241564591845399,1,3,12,99.68488878594198,8,2025-02-25 20:00:58.622875
1463,user_444,922,3.9278810200314727,1,4,8,63.40007674159881,9,2025-07-21 20:00:58.623923
1464,user_388,1430,2.205476057193332,1,4,11,22.47500381773575,5,2025-11-29 20:00:58.626203
1465,user_701,2387,4.646589042764111,0,2,10,1.8457225539944222,7,2025-06-26 20:00:58.627714
1466,user_148,2808,3.4458317348854393,1,2,8,75.24730909357599,5,2025-04-18 20:00:58.629770
1467,user_530,564,2.52241020085023,0,3,12,40.78600255909134,8,2025-06-03 20:00:58.631241
1468,user_940,1403,4.5981487719215695,1,3,9,59.73493009778531,9,2025-04-16 20:00:58.632759
1469,user_373,804,3.8933777244151613,0,4,13,27.000204478058045,4,2025-01-13 20:00:58.634273
1470,user_299,2473,3.011459650157961,1,2,10,36.07477450552092,6,2025-02-17 20:00:58.634273
1471,user_505,1709,3.9675675748134527,1,4,12,86.27885456713906,9,2025-10-12 20:00:58.635309
1472,user_575,2884,4.502021201395981,1,3,13,25.243119410203995,5,2025-08-21 20:00:58.636272
1473,user_405,2542,4.606135489048967,1,3,14,29.127252225573695,6,2025-01-23 20:00:58.637273
1474,user_193,2355,3.633165133978144,1,3,12,70.5619804180144,3,2025-05-03 20:00:58.637273
1475,user_748,2164,4.354966374073618,1,3,9,13.472044509066361,3,2025-11-22 20:00:58.638275
1476,user_121,2696,4.030392686250652,0,4,12,85.18368088189332,5,2025-03-12 20:00:58.640272
1477,user_781,398,4.963142927427697,1,2,9,50.66912010062987,9,2025-04-17 20:00:58.641779
1478,user_262,1421,3.6903764838931403,0,2,9,52.269726463836996,5,2025-05-04 20:00:58.643304
1479,user_213,915,2.7416079523943635,1,4,9,67.50466222899199,2,2025-06-06 20:00:58.644316
1480,user_296,1549,4.615230023879988,1,4,12,70.87285799048996,4,2025-09-24 20:00:58.645821
1481,user_274,1301,3.263740416513865,1,2,11,10.814594233719866,1,2025-05-24 20:00:58.647867
1482,user_475,1016,2.7158241796652347,1,3,9,72.69538687331,1,2025-07-30 20:00:58.648413
1483,user_843,2569,2.7073764214275076,1,4,10,83.35396315437737,3,2025-08-02 20:00:58.650506
1484,user_492,2546,3.873748470944595,1,4,11,75.59179146251375,8,2025-01-22 20:00:58.651446
1485,user_736,2113,1.9960800501677753,1,3,12,17.520236292404,2,2025-07-07 20:00:58.653414
1486,user_946,245,5.0,1,3,9,12.785381790869554,9,2025-05-10 20:00:58.654925
1487,user_78,168,2.1795574691410584,1,3,11,41.17820274857746,7,2024-12-17 20:00:58.654925
1488,user_116,356,3.835790559086349,1,2,14,25.391292467002813,3,2025-04-20 20:00:58.657437
1489,user_337,2569,2.8222427771561573,1,3,11,27.490833748224077,2,2025-07-07 20:00:58.658628
1490,user_29,30,4.2730365859041335,1,3,10,87.29487304090019,4,2025-10-18 20:00:58.660249
1491,user_194,2471,3.7671485826704627,1,2,14,5.608016926367087,6,2025-05-06 20:00:58.661249
1492,user_751,1571,4.024598968905381,1,4,14,32.00109892470634,1,2025-08-04 20:00:58.663248
1493,user_706,2058,3.903523005200116,0,4,9,22.252104417744643,9,2025-05-14 20:00:58.663248
1494,user_91,330,2.842285599012665,1,3,9,39.478750917071395,5,2025-03-11 20:00:58.666541
1495,user_449,638,2.4233200977812768,1,3,9,91.28388581939751,6,2025-06-12 20:00:58.667538
1496,user_539,329,3.8430986865935695,1,2,11,74.01493936975908,8,2025-04-06 20:00:58.669049
1497,user_890,2355,3.490056599493483,1,3,9,25.280891129831552,9,2025-03-10 20:00:58.671104
1498,user_831,843,2.3150071137665487,1,4,10,57.13639696691571,9,2025-10-04 20:00:58.672062
1499,user_837,1796,2.510128621995177,0,2,14,48.026692566562744,9,2025-03-24 20:00:58.676347
1500,user_735,1863,3.103744398926091,1,3,10,53.303056148825554,1,2025-08-07 20:00:58.679392
1501,user_190,2718,4.222838953540962,1,3,10,86.96902012595454,3,2025-07-19 20:00:58.682445
1502,user_152,618,4.018605319859179,1,4,14,87.49770586241176,7,2025-04-02 20:00:58.685563
1503,user_499,540,4.073538413722987,1,3,12,95.30161760404428,2,2025-05-11 20:00:58.687576
1504,user_643,371,3.0974839429202774,0,2,14,46.916604856739866,6,2025-07-30 20:00:58.689187
1505,user_146,1598,3.797518169343704,1,4,12,41.79982597255372,6,2025-01-13 20:00:58.690197
1506,user_219,1421,2.278399603107103,1,4,13,57.44284830031445,4,2025-01-27 20:00:58.691258
1507,user_188,1143,4.319093499424286,1,4,8,31.11669647714358,5,2025-01-25 20:00:58.693219
1508,user_885,2382,3.251170007504646,1,2,12,80.22888163636875,4,2025-12-07 20:00:58.694274
1509,user_33,1168,3.6886244319354056,1,2,11,86.12493851830651,6,2025-03-16 20:00:58.695328
1510,user_356,2574,3.059007982053953,1,2,11,96.59937424083262,2,2025-05-08 20:00:58.696045
1511,user_737,2574,1.9502141787098455,1,4,8,74.3299172306979,3,2025-05-19 20:00:58.697724
1512,user_685,1288,2.482694626295442,1,4,9,10.52418980776524,7,2025-08-30 20:00:58.698757
1513,user_240,1004,1.973469375217987,1,2,13,33.230991073995966,3,2025-03-16 20:00:58.700779
1514,user_306,7,3.9333876237258627,1,4,14,40.988413087527064,3,2025-01-16 20:00:58.704339
1515,user_369,1376,3.7942584773785186,1,4,9,86.07266622066304,3,2025-07-25 20:00:58.707177
1516,user_952,2347,4.81431384894062,1,2,14,36.82703254451209,5,2025-10-13 20:00:58.710567
1517,user_434,20,3.0924198821801903,1,2,13,64.35544669564192,6,2025-10-08 20:00:58.712615
1518,user_341,2615,2.921216721224839,1,3,14,66.06478891385676,7,2025-04-06 20:00:58.713577
1519,user_837,987,4.294664023537211,1,3,12,62.00316076782347,1,2025-11-08 20:00:58.716234
1520,user_104,1195,3.7883923500658545,1,4,9,23.959488296539135,5,2025-04-14 20:00:58.717233
1521,user_300,2755,3.195528453872624,1,4,14,90.21942901223785,3,2024-12-25 20:00:58.718238
1522,user_201,167,3.4901746347693976,1,4,14,8.59737352792116,1,2025-01-02 20:00:58.719751
1523,user_182,2550,2.084765630677833,1,3,9,59.31127783247273,6,2025-07-21 20:00:58.719751
1524,user_892,2248,3.881809603875395,1,4,13,91.89027643456883,7,2025-05-25 20:00:58.721195
1525,user_633,2041,4.431543893002623,1,4,11,62.16295780432135,1,2025-05-28 20:00:58.723785
1526,user_46,1763,4.416923851237695,1,3,11,62.09650962771923,5,2025-03-01 20:00:58.724799
1527,user_512,1109,3.352059394173903,1,2,14,43.7489440863133,8,2024-12-28 20:00:58.725795
1528,user_894,411,3.4941094121385827,1,3,14,4.397164162145484,7,2024-12-12 20:00:58.728442
1529,user_922,2160,2.8359673979027527,1,2,9,42.94187868522533,3,2025-03-14 20:00:58.729458
1530,user_188,305,3.9922937356958688,1,4,13,29.671130852868476,8,2025-09-01 20:00:58.730389
1531,user_796,2670,2.5227159426105827,1,4,8,65.75938322438772,3,2025-02-08 20:00:58.731983
1532,user_750,868,4.528980356919396,1,4,13,23.096634821603157,5,2025-07-28 20:00:58.732584
1533,user_539,511,4.040922167264769,1,4,12,77.33040401143754,5,2025-06-05 20:00:58.733690
1534,user_45,1477,4.194967193156294,1,2,14,32.850905433786316,5,2025-12-11 20:00:58.734980
1535,user_216,506,4.0396084122100095,1,2,13,27.308145032131836,1,2025-03-12 20:00:58.735706
1536,user_491,826,3.8385295876485563,1,4,12,20.44667201975755,6,2025-11-12 20:00:58.737724
1537,user_38,2286,3.7719371532526984,1,4,14,13.877588411263076,7,2025-02-24 20:00:58.738719
1538,user_206,2018,3.2245832776173664,1,2,9,5.341376324954861,4,2025-01-08 20:00:58.738719
1539,user_49,1230,3.5922496183451593,1,4,13,90.46560624088296,2,2025-04-24 20:00:58.739724
1540,user_884,2858,2.778658052284595,1,2,8,30.879202980059596,6,2025-10-08 20:00:58.740739
1541,user_513,1155,3.3177931771493974,1,3,9,64.51371239357206,4,2025-09-14 20:00:58.742273
1542,user_560,987,3.816829161431121,1,4,12,46.48709301543437,8,2024-12-16 20:00:58.743296
1543,user_657,1058,3.0883810516251318,1,4,14,35.617853432842104,1,2025-08-30 20:00:58.744330
1544,user_833,1392,2.2685580311302838,0,2,9,31.37352588446539,7,2025-10-14 20:00:58.745333
1545,user_770,2765,4.215729978863608,0,4,8,14.028501278796679,4,2025-01-29 20:00:58.745862
1546,user_864,1168,1.391310555355191,1,3,14,74.3001918520948,8,2025-01-14 20:00:58.745862
1547,user_917,527,4.126231682673233,1,4,8,11.542756070426774,9,2025-02-06 20:00:58.745862
1548,user_444,1333,3.5870262434593956,1,4,10,65.36355227177289,7,2025-09-24 20:00:58.747440
1549,user_474,926,4.294521769839016,1,3,9,76.9186789995928,2,2025-08-02 20:00:58.748472
1550,user_234,2837,4.059374110019862,1,2,9,21.898022989155752,6,2025-02-17 20:00:58.748472
1551,user_804,2201,3.5769513993302193,1,2,13,74.4303717337366,4,2025-09-21 20:00:58.749473
1552,user_43,2320,2.913446356937994,1,2,12,4.4395264969327,4,2025-04-02 20:00:58.750473
1553,user_670,2558,3.9785324029984626,1,2,11,31.165110060965173,6,2025-11-19 20:00:58.751066
1554,user_755,1238,3.382701078006675,1,2,8,97.05525148851014,8,2025-11-24 20:00:58.752095
1555,user_168,709,3.536706351205223,0,4,12,62.951032215264966,7,2025-04-02 20:00:58.753089
1556,user_328,1320,2.52744556694349,1,3,8,67.54556180232505,8,2025-03-24 20:00:58.753089
1557,user_328,362,2.8740764473353244,1,2,10,70.40856686423355,1,2025-02-13 20:00:58.753089
1558,user_570,307,2.7495531521743852,1,2,11,68.42287108880255,5,2025-06-05 20:00:58.754599
1559,user_827,726,4.116047042361221,1,2,8,63.48361559792174,2,2025-11-05 20:00:58.755608
1560,user_575,2778,2.8229276563569607,1,2,13,55.41936966153982,3,2024-12-12 20:00:58.757113
1561,user_198,2648,2.662105005374336,1,4,12,82.63631848564646,7,2025-11-03 20:00:58.757618
1562,user_392,1255,2.3549024818299955,1,3,12,86.93401079073551,4,2025-06-28 20:00:58.759270
1563,user_283,1112,3.7040726173068586,1,3,14,3.2119756067814476,7,2025-01-13 20:00:58.759270
1564,user_822,1545,3.2281779865663482,0,4,11,99.85602484850686,4,2025-04-08 20:00:58.760406
1565,user_876,1606,2.8164626769909087,1,2,11,11.516391190452557,4,2025-05-06 20:00:58.761387
1566,user_14,1773,4.037708196487099,1,3,11,24.96803879805112,4,2025-03-02 20:00:58.761387
1567,user_505,150,3.616703947678296,1,2,10,54.60245933207503,3,2025-07-04 20:00:58.762273
1568,user_401,277,3.1704408297307802,1,3,13,84.05358799491938,6,2025-07-04 20:00:58.763393
1569,user_249,1000,3.371857910199906,1,4,10,0.3536623703224606,2,2025-06-29 20:00:58.763393
1570,user_758,924,3.3665896587112787,1,2,14,93.57968408954528,4,2025-02-14 20:00:58.763393
1571,user_527,2543,4.689071340248806,1,3,8,36.79029252862757,8,2025-06-11 20:00:58.765022
1572,user_503,1550,2.687762078562449,1,3,11,64.53308128295218,7,2025-11-18 20:00:58.765022
1573,user_215,54,3.589706306544194,1,4,9,7.305864603278145,1,2025-05-18 20:00:58.766823
1574,user_132,1362,3.8595721671693433,1,3,14,52.45855790735243,5,2025-06-17 20:00:58.766823
1575,user_638,2899,3.2687970081351203,1,4,12,41.40686194404425,3,2025-05-05 20:00:58.767847
1576,user_825,862,3.6620438918060474,1,4,8,49.545919290294435,5,2025-06-21 20:00:58.768861
1577,user_57,990,3.8540605729826947,1,4,14,3.67777927330899,3,2025-04-06 20:00:58.768861
1578,user_952,1436,4.12219156359859,1,3,13,2.3287079442581904,7,2024-12-26 20:00:58.769922
1579,user_68,1265,3.283623424428761,1,3,14,86.30543931159491,8,2025-07-08 20:00:58.770902
1580,user_820,1388,3.885384498593915,1,4,9,15.109104760538584,6,2025-06-12 20:00:58.771934
1581,user_948,15,1.9965348355093822,1,2,10,5.478724692491377,4,2025-07-10 20:00:58.771934
1582,user_72,1220,4.115783184715449,1,4,13,78.57821503937544,6,2025-09-16 20:00:58.773459
1583,user_39,1184,3.124342299688163,1,4,9,11.555669883633879,7,2025-02-27 20:00:58.774510
1584,user_864,1699,4.097891583487826,1,4,10,69.91774314615728,9,2025-02-21 20:00:58.775502
1585,user_475,953,2.3449488692303317,1,3,14,72.72924772395685,8,2025-09-29 20:00:58.775502
1586,user_622,1126,2.4395515131159202,0,4,8,35.91934023891815,2,2025-09-10 20:00:58.777131
1587,user_963,561,2.147612127885978,0,2,9,45.592442431941706,9,2025-01-30 20:00:58.777131
1588,user_235,2718,4.311313519906161,1,4,11,83.30569412642136,3,2025-08-03 20:00:58.778262
1589,user_508,1805,4.326114100058347,1,2,10,23.297221207803908,1,2025-06-17 20:00:58.779273
1590,user_13,245,3.4694785891174256,1,2,12,16.424106722315447,9,2024-12-27 20:00:58.779273
1591,user_83,532,2.235112959945332,1,2,13,5.879601654463706,9,2025-08-31 20:00:58.780276
1592,user_701,1433,4.268194609423788,1,3,11,26.112714443307706,7,2025-11-13 20:00:58.780276
1593,user_542,1042,2.164426417602326,1,4,10,8.987828010063803,3,2025-08-21 20:00:58.781910
1594,user_454,1685,3.9769007840194557,1,2,11,59.440938380907305,8,2025-09-06 20:00:58.782463
1595,user_97,289,3.345340142046036,1,2,11,68.9564411051965,9,2025-05-21 20:00:58.784604
1596,user_96,1400,3.1095357812688342,1,3,9,86.46591138898917,3,2025-09-19 20:00:58.785603
1597,user_969,1809,3.762303878892729,1,2,12,82.2139209100103,1,2025-03-25 20:00:58.787607
1598,user_522,161,2.7026860583773287,1,3,12,80.52480869634384,2,2025-08-18 20:00:58.788609
1599,user_412,536,2.9534717410841558,1,3,14,32.233331180047365,3,2025-02-10 20:00:58.790609
1600,user_832,850,3.769771993844867,1,2,8,86.76440329119998,6,2025-08-07 20:00:58.792120
1601,user_174,1089,2.7861943012020034,1,2,14,11.180037123393715,3,2025-01-18 20:00:58.792120
1602,user_870,664,2.328187818357611,0,4,11,2.2159535544521547,5,2025-01-10 20:00:58.793168
1603,user_654,2345,3.3705825236632694,1,4,14,30.60061052089432,5,2025-06-19 20:00:58.793709
1604,user_884,2457,3.3473537851430253,1,2,11,70.44055441625751,9,2025-04-27 20:00:58.793709
1605,user_663,2848,2.730592360947089,1,3,11,42.30361790821849,1,2025-07-20 20:00:58.795263
1606,user_355,1037,3.2937417631690384,1,4,10,47.67952239003832,4,2025-07-20 20:00:58.795935
1607,user_731,1373,3.78253959861497,1,3,12,99.48130293037723,3,2024-12-30 20:00:58.795935
1608,user_284,2531,4.5175634103374795,1,4,9,22.19950450189756,9,2025-05-13 20:00:58.795935
1609,user_670,2035,2.5967438538294454,1,2,11,65.67227064567305,4,2025-08-22 20:00:58.797656
1610,user_86,182,3.712756647291862,1,4,13,16.474103836327192,7,2025-05-11 20:00:58.797994
1611,user_57,541,3.4358512927994065,1,3,9,91.95306289128325,7,2024-12-27 20:00:58.797994
1612,user_665,2886,3.6983800886992455,0,2,9,59.36525794468104,6,2025-01-11 20:00:58.799049
1613,user_846,632,3.222484157688088,1,4,11,3.056836734762991,6,2025-08-13 20:00:58.800053
1614,user_318,2526,3.2603344889881396,1,4,9,12.000274961688806,8,2025-03-17 20:00:58.800053
1615,user_970,375,1.8979871232443293,1,2,8,70.74547917329014,1,2025-11-10 20:00:58.801051
1616,user_823,1283,3.3492918668881018,1,3,11,45.44097512814639,1,2024-12-20 20:00:58.801051
1617,user_569,1816,4.440255344107817,1,4,8,88.64450113972573,1,2025-05-17 20:00:58.802056
1618,user_947,2233,2.483153972480485,1,2,8,95.87546162149036,1,2025-08-28 20:00:58.802056
1619,user_801,1498,2.9610861150196373,1,4,10,12.393919426443944,7,2025-07-28 20:00:58.803058
1620,user_784,130,4.367288454628486,1,4,10,97.48725334312431,7,2025-03-12 20:00:58.803058
1621,user_587,2773,2.5635597405784845,1,3,13,92.6557115141838,5,2025-09-28 20:00:58.804630
1622,user_379,740,4.168912957965994,1,2,13,97.94205136775996,1,2025-01-12 20:00:58.805678
1623,user_439,1927,3.1789638499924413,1,3,10,74.33791649756158,8,2025-12-05 20:00:58.805678
1624,user_268,637,4.658968856756486,1,2,14,89.03987890805519,6,2025-01-14 20:00:58.806684
1625,user_287,480,2.707218984136649,1,3,11,37.00580360461602,9,2025-06-08 20:00:58.807230
1626,user_204,1963,2.773027553030985,0,2,14,91.38147983362124,5,2025-07-10 20:00:58.807230
1627,user_598,1056,4.458465617030696,1,2,11,87.77583421927329,8,2025-06-18 20:00:58.807230
1628,user_564,1353,4.397645380485333,1,2,11,84.1538467691337,1,2024-12-13 20:00:58.808957
1629,user_961,197,3.436585130016377,0,2,12,27.504025894073337,7,2025-10-01 20:00:58.810000
1630,user_222,2323,2.0466015759489453,1,4,13,72.39226711930654,9,2025-12-05 20:00:58.810000
1631,user_187,2051,4.705328766654021,0,4,12,83.77387595177639,2,2025-11-29 20:00:58.811015
1632,user_629,774,4.189441893901418,1,3,11,8.003256976593665,5,2025-06-02 20:00:58.811015
1633,user_398,1369,2.9167769952650313,1,2,8,42.87514083413543,2,2025-04-12 20:00:58.812017
1634,user_580,2654,4.3764241656001355,1,2,8,62.42904007832697,7,2025-08-27 20:00:58.813016
1635,user_172,2553,2.833342502745998,1,3,14,57.69221385996435,5,2024-12-28 20:00:58.813628
1636,user_202,133,2.1644063335516837,1,4,8,33.86796044570309,1,2025-11-27 20:00:58.814642
1637,user_548,2202,5.0,0,4,11,78.62823072902253,7,2025-06-01 20:00:58.816167
1638,user_646,1313,2.689322179757024,1,3,10,61.04118607605711,4,2025-01-09 20:00:58.817252
1639,user_495,770,4.056757151398973,1,2,14,27.77640494772551,2,2025-01-23 20:00:58.817252
1640,user_870,701,3.4022898178688212,1,4,11,43.7078082757475,6,2025-03-09 20:00:58.818304
1641,user_537,452,3.414330060758866,1,4,8,18.959549017669275,1,2025-06-24 20:00:58.818939
1642,user_779,1538,2.7976624409029056,1,4,14,95.7819323813259,3,2025-07-14 20:00:58.818939
1643,user_267,2163,2.0114434102727725,1,3,8,67.11124983744358,6,2025-05-17 20:00:58.820076
1644,user_902,1142,2.4383302930354116,1,4,8,56.618598431737524,5,2025-02-13 20:00:58.820076
1645,user_44,1800,2.7114187605633298,1,4,12,32.46789563378011,3,2025-01-08 20:00:58.820950
1646,user_948,2244,3.087801774902185,1,4,12,11.867249207180407,2,2025-03-30 20:00:58.820950
1647,user_653,1159,2.924024438264007,1,4,11,28.928242444196293,1,2025-01-05 20:00:58.821988
1648,user_809,1280,3.0885115644968915,1,3,12,34.54202001767987,8,2025-05-07 20:00:58.821988
1649,user_905,1837,4.184807397950008,1,3,10,45.38532556850523,1,2025-08-31 20:00:58.823526
1650,user_855,2513,3.9081530168117036,1,2,13,61.33904280636049,4,2025-06-10 20:00:58.823526
1651,user_521,1601,4.168504900449495,1,4,13,34.767174146891136,1,2025-10-06 20:00:58.824574
1652,user_904,2692,3.3900891266195785,1,2,8,45.31567443050265,9,2025-04-06 20:00:58.824574
1653,user_319,2224,5.0,1,2,13,42.95491235206755,5,2025-07-30 20:00:58.825567
1654,user_774,110,3.4663765479526303,1,4,9,7.764791535329074,2,2025-01-04 20:00:58.825567
1655,user_241,2569,3.841142048061608,1,2,14,54.72374278792835,4,2025-11-29 20:00:58.827112
1656,user_271,1781,3.167464512947744,1,3,14,87.94173102643961,8,2025-10-25 20:00:58.827112
1657,user_616,473,4.794086964085477,1,4,9,60.552927489127214,7,2025-08-05 20:00:58.828935
1658,user_903,382,4.28487945985209,1,3,12,7.268215584081094,3,2025-08-05 20:00:58.829984
1659,user_28,1568,2.8379115694796795,1,2,14,90.61117514466575,9,2025-07-31 20:00:58.829984
1660,user_688,2581,3.1540193901562126,1,2,14,47.953055272128886,8,2025-06-27 20:00:58.831075
1661,user_748,1628,4.397857223932679,1,2,8,1.2592612667494785,9,2025-10-10 20:00:58.831712
1662,user_306,627,3.5118409213484227,1,4,10,86.19440915809912,2,2025-08-12 20:00:58.832352
1663,user_686,2009,4.452963416454347,1,2,13,7.527224100360385,9,2025-01-08 20:00:58.832352
1664,user_960,1207,3.961880491339701,1,2,8,85.02109816019876,9,2025-08-19 20:00:58.833484
1665,user_99,2485,3.748440136925428,0,4,11,60.51421968028677,6,2025-11-25 20:00:58.834125
1666,user_833,1315,4.561713643547881,1,2,13,79.74889777130171,6,2025-06-13 20:00:58.834125
1667,user_365,2563,3.338497048687527,1,2,11,63.27283860075664,3,2025-09-10 20:00:58.835251
1668,user_459,1600,2.943205943189475,1,3,13,16.76219707554013,9,2025-09-08 20:00:58.835251
1669,user_755,958,2.8087080786387832,1,3,8,81.55522540321283,9,2025-09-28 20:00:58.836243
1670,user_375,2774,3.405270463250288,1,3,11,29.18231875739673,4,2025-06-03 20:00:58.837256
1671,user_201,1208,3.3066270244926987,1,3,10,88.79018383283207,5,2025-09-07 20:00:58.837256
1672,user_745,489,4.242367323984462,1,3,10,9.566871042821267,8,2025-07-13 20:00:58.838161
1673,user_346,815,3.8491007533018737,1,4,10,46.85380452156892,2,2025-09-19 20:00:58.839123
1674,user_191,40,4.904587467086246,0,3,9,87.97980573119195,5,2025-09-24 20:00:58.839123
1675,user_388,1558,2.588326531856,1,2,14,97.00573600380694,9,2025-03-23 20:00:58.840165
1676,user_404,277,2.339765934489864,1,3,10,11.260714903931179,2,2025-04-02 20:00:58.840165
1677,user_948,1756,3.1929013875623493,1,4,9,9.141437676969112,1,2025-08-19 20:00:58.840165
1678,user_347,0,4.001091795418518,1,4,12,65.97315322607571,5,2025-05-15 20:00:58.841701
1679,user_960,160,2.3124573834164575,1,3,8,15.591850966282706,5,2025-06-26 20:00:58.841701
1680,user_523,968,4.1295378685571675,1,4,11,39.35778201457579,6,2025-02-27 20:00:58.843428
1681,user_137,1640,2.2453207047166925,1,3,13,43.16974456409329,4,2025-08-07 20:00:58.844130
1682,user_264,1735,3.407340778798871,1,2,12,76.5002323991723,5,2025-03-26 20:00:58.845803
1683,user_892,2499,2.995589266548423,1,2,14,86.85043905967709,4,2025-05-28 20:00:58.846814
1684,user_864,788,2.8520141033938695,1,4,13,55.149029535133685,8,2025-10-24 20:00:58.847934
1685,user_603,1152,3.317141966591119,1,2,9,96.07378388994714,1,2025-09-29 20:00:58.848567
1686,user_459,2758,3.650651592999689,1,2,14,26.05978863717762,1,2025-11-07 20:00:58.848567
1687,user_118,576,2.1006806900193618,1,3,11,18.978677743457638,3,2025-04-13 20:00:58.849695
1688,user_553,402,4.411341213287072,1,4,11,14.278485013956466,3,2025-02-16 20:00:58.850700
1689,user_33,751,4.167658628198654,1,3,12,54.65051381133197,5,2025-11-18 20:00:58.850700
1690,user_220,1983,4.466905213037498,1,2,14,26.734471215885335,8,2025-09-15 20:00:58.851631
1691,user_454,1649,3.251616192266248,0,2,9,1.5610622257729245,4,2025-04-16 20:00:58.851631
1692,user_942,1963,2.4937628149228046,1,3,11,61.44100093171658,7,2025-03-18 20:00:58.852691
1693,user_208,15,3.732483457654215,1,2,14,99.83069303819882,7,2025-06-17 20:00:58.853691
1694,user_531,1059,3.7134845368938896,1,3,8,46.8579804375139,2,2025-04-18 20:00:58.853691
1695,user_130,1628,3.4551258407664305,1,2,10,99.01097837349171,6,2025-08-16 20:00:58.854601
1696,user_454,281,2.7723287884273438,1,4,8,21.21612629310292,2,2025-11-01 20:00:58.855150
1697,user_146,1667,3.8230705185899483,1,4,14,5.743519419494381,8,2025-05-19 20:00:58.855150
1698,user_945,1254,3.799937707640628,0,4,13,39.343548943686024,3,2025-11-16 20:00:58.856689
1699,user_440,764,3.2520761806882406,1,4,11,69.97063557499187,2,2025-04-10 20:00:58.857427
1700,user_567,2614,3.878774630271451,1,3,11,51.18063974386241,7,2025-05-22 20:00:58.857427
1701,user_111,2372,4.251435004746625,1,3,14,22.483857471797453,6,2025-02-14 20:00:58.858468
1702,user_893,2482,2.150849357110058,1,4,12,36.04118063512781,7,2025-01-10 20:00:58.859007
1703,user_49,2132,3.3474241814825123,1,2,13,34.17096871302282,3,2025-04-05 20:00:58.859608
1704,user_132,2659,3.0229804680244667,0,3,12,61.60985621493546,7,2024-12-16 20:00:58.859608
1705,user_707,2732,2.878708481855103,0,3,12,39.62201444817809,5,2024-12-17 20:00:58.860650
1706,user_684,1358,4.548045717079971,1,3,13,41.51445038682877,5,2025-11-17 20:00:58.861648
1707,user_652,983,4.776839480222847,0,4,11,13.445704076706445,3,2025-06-06 20:00:58.861648
1708,user_25,565,4.554119280549957,1,4,13,75.59273449972372,6,2025-09-16 20:00:58.862749
1709,user_948,832,3.920774738197683,1,3,11,89.98795205711521,6,2025-07-22 20:00:58.862749
1710,user_421,1741,3.3000086303216767,1,4,14,16.177335638470325,8,2025-03-12 20:00:58.863749
1711,user_665,1588,4.004825067894887,1,2,14,75.659393401413,4,2025-06-13 20:00:58.864746
1712,user_258,2290,3.584037088033281,1,2,10,23.369071544309527,3,2025-06-25 20:00:58.865390
1713,user_158,2494,3.6625928778844314,1,3,9,3.145719524602608,6,2025-10-25 20:00:58.865390
1714,user_591,1910,3.279286861966804,1,4,13,38.50153713556171,4,2025-10-31 20:00:58.866527
1715,user_8,818,3.5634403208806815,1,2,11,86.62336228589224,4,2025-11-15 20:00:58.866527
1716,user_42,1154,4.23576424208762,1,3,8,13.537859601110114,7,2025-03-22 20:00:58.867526
1717,user_659,2231,3.8725501922555776,1,3,11,24.032288074483066,9,2025-07-15 20:00:58.867526
1718,user_512,968,2.891604928041591,1,2,11,53.792303126788575,5,2025-05-04 20:00:58.867526
1719,user_969,222,2.7857745194554147,1,4,12,74.6419232844105,2,2025-05-30 20:00:58.869162
1720,user_903,607,3.41365255517018,1,3,11,17.984444683554123,8,2025-07-04 20:00:58.870296
1721,user_307,1698,2.844006757964839,1,2,12,50.52553902509103,4,2025-11-08 20:00:58.870296
1722,user_370,2498,4.821136140582948,1,2,13,34.65779878757792,1,2025-11-13 20:00:58.871202
1723,user_873,1655,4.5021689718208515,1,2,9,9.427597789893605,6,2024-12-20 20:00:58.871202
1724,user_387,1789,4.630757590235627,1,2,12,24.582713263321633,3,2025-10-25 20:00:58.872210
1725,user_398,2630,3.4557013080496812,1,3,14,37.37534204229532,6,2025-11-10 20:00:58.872210
1726,user_122,1557,2.60843580497499,1,3,11,98.7313982210661,9,2025-12-03 20:00:58.873717
1727,user_33,227,3.34448946735462,1,3,12,83.59491109115683,3,2025-03-12 20:00:58.873717
1728,user_760,2575,3.432535744737481,1,3,10,87.70272712616372,2,2025-12-09 20:00:58.874760
1729,user_743,2778,2.5902566306746655,1,3,13,31.652815019796975,7,2025-05-24 20:00:58.875471
1730,user_206,414,3.5757712388535046,1,2,8,17.244913357306846,9,2025-11-11 20:00:58.875471
1731,user_898,1652,4.025521464169123,1,3,8,56.97078505699332,2,2025-01-02 20:00:58.876548
1732,user_714,535,4.547674597199362,1,4,9,46.80608627954644,2,2025-11-27 20:00:58.877190
1733,user_503,930,3.2634900847423682,0,4,14,58.27214759837788,1,2025-10-15 20:00:58.878327
1734,user_944,1373,4.107834385466809,1,2,14,2.8284928290979727,1,2025-06-15 20:00:58.878327
1735,user_674,630,3.82372687863169,1,2,12,37.3315406365941,8,2025-04-30 20:00:58.879336
1736,user_359,768,3.1794587918703296,1,2,11,27.662227709370114,3,2025-11-30 20:00:58.879336
1737,user_51,128,2.4801033877358827,1,4,9,82.29806253142905,1,2025-06-08 20:00:58.880328
1738,user_2,1308,2.7445826487609617,1,3,13,73.26198214622593,7,2025-05-13 20:00:58.880328
1739,user_375,2777,4.521242480102901,1,2,11,0.011864491085000761,5,2025-11-21 20:00:58.881332
1740,user_256,398,3.5549009678261747,1,3,11,52.10961795801254,1,2025-12-06 20:00:58.881968
1741,user_628,1141,3.54440404182518,1,2,12,95.24206947534563,1,2025-06-24 20:00:58.882601
1742,user_26,2758,2.3260925269952972,1,2,12,74.42216728093075,8,2025-05-11 20:00:58.882601
1743,user_250,2263,2.6702342077753194,1,4,13,47.291404453413854,5,2025-08-30 20:00:58.883737
1744,user_556,113,2.8901401225663546,1,4,11,17.860790932365276,4,2025-10-24 20:00:58.884387
1745,user_5,378,2.5756072498444893,1,4,8,29.143908330212774,9,2025-06-23 20:00:58.884387
1746,user_697,2773,3.9689099728397115,1,4,11,17.353691963888352,6,2024-12-12 20:00:58.885519
1747,user_606,1791,3.881012093437552,1,4,11,91.88520512589096,2,2025-07-10 20:00:58.886519
1748,user_690,1532,3.3462321706821636,1,2,11,14.96367215089267,8,2025-08-21 20:00:58.886519
1749,user_756,896,2.77575431510645,1,4,9,53.76057067264131,1,2025-04-05 20:00:58.887510
1750,user_518,112,1.9699007263916501,1,4,14,62.451801536434715,1,2025-07-19 20:00:58.888474
1751,user_917,1596,4.170960805294651,1,4,10,52.14220423483239,4,2025-07-29 20:00:58.889425
1752,user_276,2012,3.163344732670853,1,3,10,88.19875907661296,1,2025-07-04 20:00:58.889425
1753,user_345,2523,3.382104294246787,1,4,12,62.325750967313134,1,2025-07-22 20:00:58.890424
1754,user_33,497,3.007331983389833,1,4,11,96.27405860568447,1,2025-02-01 20:00:58.891061
1755,user_126,2249,2.052968694468312,0,3,13,78.36227424434298,1,2025-02-04 20:00:58.892108
1756,user_411,741,2.6467407710925683,1,2,11,39.52256507224664,4,2025-11-21 20:00:58.892650
1757,user_804,2765,2.7646628818704313,0,2,11,28.346772191100623,9,2025-02-03 20:00:58.893189
1758,user_233,1656,3.889676562880489,1,2,9,40.22728138904617,9,2025-01-28 20:00:58.893189
1759,user_345,2530,4.430414670157459,1,4,10,53.21699608561809,6,2025-05-05 20:00:58.894328
1760,user_814,2549,3.2271936352128887,1,3,10,1.1855293210243922,4,2025-11-18 20:00:58.895337
1761,user_656,2136,4.114983556811064,1,4,14,55.33336724227704,6,2025-10-17 20:00:58.895972
1762,user_58,437,3.025595559989949,1,2,14,79.70768065627564,9,2025-09-01 20:00:58.895972
1763,user_555,2795,2.6311787832712925,1,2,9,21.592560093895752,8,2025-08-11 20:00:58.895972
1764,user_204,2787,2.722959601829887,1,4,8,89.31387183794335,4,2025-09-01 20:00:58.897770
1765,user_360,2740,2.0737214326202698,0,2,9,64.75077574012373,2,2025-08-15 20:00:58.897770
1766,user_854,1629,4.220209882791382,1,2,8,11.360236947397961,5,2025-06-22 20:00:58.898906
1767,user_735,1413,3.031680525054275,1,2,8,5.246049291199406,1,2025-03-01 20:00:58.898906
1768,user_798,929,4.577550589185874,0,4,11,89.97748345593261,9,2025-09-24 20:00:58.899906
1769,user_179,674,2.907224758492631,1,4,13,7.494401269849682,3,2025-11-09 20:00:58.899906
1770,user_435,256,3.0797455122092168,1,2,9,4.321369954999832,7,2025-05-18 20:00:58.900906
1771,user_753,1602,3.181985670028049,1,3,9,23.66367406335266,6,2025-08-22 20:00:58.901904
1772,user_962,2793,3.2556770803629993,1,2,8,63.873925628923786,3,2025-04-25 20:00:58.901904
1773,user_815,85,3.7904074151367984,1,2,13,81.16838996624467,2,2025-08-27 20:00:58.902906
1774,user_870,2669,2.341205689828879,1,3,9,18.600843185599526,1,2025-10-18 20:00:58.902906
1775,user_585,128,4.335627858520695,1,4,8,32.324531705947166,7,2024-12-22 20:00:58.904442
1776,user_623,2193,3.543240061445191,1,2,13,83.96244958615607,5,2025-09-27 20:00:58.904442
1777,user_446,1152,4.222879925608565,1,3,13,98.13282911384428,5,2025-11-16 20:00:58.905453
1778,user_572,2558,2.0622621186011774,1,4,11,70.50200348688116,7,2025-08-11 20:00:58.906626
1779,user_291,2836,4.357067299710807,1,3,14,15.39879902774568,8,2025-04-23 20:00:58.906626
1780,user_473,2705,2.9135266625773357,1,2,12,40.373300410493016,9,2025-04-15 20:00:58.907770
1781,user_855,2491,4.057275594115088,1,2,14,97.9133917517725,2,2024-12-15 20:00:58.908276
1782,user_194,605,3.6229803765286173,1,3,11,88.2648763819504,3,2025-10-23 20:00:58.909408
1783,user_604,821,3.3528514674550456,1,4,11,25.299974051184705,4,2025-05-21 20:00:58.910419
1784,user_602,354,2.774629861348624,1,3,11,20.08707356916577,1,2025-11-10 20:00:58.910419
1785,user_828,128,2.999146999137233,1,4,10,96.953254153502,1,2025-01-25 20:00:58.911412
1786,user_525,348,2.6671924742385724,1,3,12,56.689923503181774,4,2025-07-27 20:00:58.911412
1787,user_679,1846,2.874470915900629,1,3,10,6.641640448143493,9,2025-10-26 20:00:58.912415
1788,user_848,1917,3.8790346803644122,1,3,9,57.39143089462625,2,2025-08-04 20:00:58.913411
1789,user_580,1950,4.280340330045026,1,3,14,0.4281757836103628,8,2025-08-31 20:00:58.913411
1790,user_140,2624,3.18211502917263,1,3,9,94.43322357482916,9,2025-09-16 20:00:58.913411
1791,user_815,752,2.9362396741052623,1,4,11,30.038980395997118,1,2025-05-03 20:00:58.915043
1792,user_293,2441,2.964541129216748,1,3,11,64.27826891859412,9,2025-08-22 20:00:58.915043
1793,user_695,6,3.526143648865247,1,2,12,80.42810935621732,2,2025-09-11 20:00:58.916182
1794,user_105,1036,3.9644297168365634,1,2,8,21.936806506527006,8,2025-02-05 20:00:58.916182
1795,user_132,1186,3.371422247057665,1,2,12,47.05414860459752,6,2025-01-28 20:00:58.917183
1796,user_533,1608,3.9683483886093316,1,2,13,23.564233199968697,3,2025-05-06 20:00:58.917183
1797,user_37,2701,3.9607058035428215,1,4,10,36.38250407977206,6,2025-10-08 20:00:58.918189
1798,user_792,2831,3.001462983339719,1,2,8,0.4799824817370735,1,2025-04-12 20:00:58.919190
1799,user_165,2816,4.088954195705827,1,4,14,54.18699430531522,6,2025-07-07 20:00:58.919190
1800,user_362,2614,4.261009305299575,1,3,13,48.63501151094953,4,2025-02-18 20:00:58.919190
1801,user_517,897,3.7852470776316105,1,2,9,78.39165096792028,9,2025-07-09 20:00:58.920541
1802,user_407,2834,3.263451414341686,1,3,14,85.00398549931936,5,2024-12-23 20:00:58.922115
1803,user_809,2589,2.167498382459581,0,3,9,93.24958745137396,1,2025-07-20 20:00:58.922115
1804,user_412,739,2.8298297585585486,1,2,9,72.57588754532756,7,2025-08-09 20:00:58.923640
1805,user_111,592,3.8871386841939324,1,4,11,31.55733081799751,7,2024-12-25 20:00:58.923640
1806,user_746,2414,3.9577122213259917,1,3,8,28.78196133761506,6,2025-03-28 20:00:58.924652
1807,user_98,1362,3.7700695295059043,1,3,11,98.64265461435298,2,2025-05-10 20:00:58.924652
1808,user_543,2135,4.559388407626648,1,3,11,14.342060254022337,6,2025-08-13 20:00:58.925648
1809,user_345,723,3.8699849127561143,1,3,12,95.68884426329663,8,2025-09-24 20:00:58.925648
1810,user_754,704,4.096082118016633,1,4,9,6.242518368251337,9,2025-02-04 20:00:58.927153
1811,user_374,2679,3.215163437485763,1,2,9,51.6800594690624,8,2025-02-21 20:00:58.927153
1812,user_597,112,3.1911651638999436,1,3,9,46.42704049639603,4,2025-05-13 20:00:58.928207
1813,user_252,123,4.553659093257966,1,2,11,22.7709550411197,8,2025-04-13 20:00:58.929162
1814,user_897,1160,3.502579553345045,1,2,9,33.90285497439097,9,2025-05-08 20:00:58.929162
1815,user_953,1833,3.973589130236211,0,4,10,29.599262514396695,2,2024-12-17 20:00:58.931162
1816,user_853,1479,3.718459461473813,1,2,8,41.667008320637045,8,2025-08-22 20:00:58.931747
1817,user_860,2856,3.5267177407360926,1,2,9,83.28558086179211,6,2025-06-27 20:00:58.932382
1818,user_808,2055,3.1053297105042077,1,3,13,90.11891219546017,5,2025-02-07 20:00:58.933523
1819,user_336,782,4.240256311882686,1,2,14,79.10298770117512,2,2024-12-20 20:00:58.934167
1820,user_428,539,3.145569049017636,1,3,12,58.8486163711026,4,2025-12-10 20:00:58.934167
1821,user_894,360,4.378890072186955,1,3,14,80.59825889716998,7,2025-06-01 20:00:58.935290
1822,user_197,1372,2.9132279637391303,1,3,9,43.13654563880019,1,2025-07-24 20:00:58.935290
1823,user_307,443,3.232614448229732,1,4,12,73.36884592758568,7,2025-05-27 20:00:58.936301
1824,user_869,1983,3.0970660760028217,1,4,8,0.7252428015144474,4,2025-02-23 20:00:58.936301
1825,user_886,832,3.355704145811204,1,2,9,64.90444672682139,7,2025-11-04 20:00:58.937944
1826,user_299,2226,3.5966147739987404,1,3,8,75.46825208681412,5,2025-10-07 20:00:58.937944
1827,user_826,835,2.961258612834057,1,3,12,77.08984043188025,2,2025-05-08 20:00:58.939082
1828,user_526,1837,2.6384921508569663,1,2,12,42.10713981936338,1,2025-02-14 20:00:58.939082
1829,user_90,1905,2.841963320579132,1,3,8,39.393297864624714,2,2025-02-17 20:00:58.940084
1830,user_644,1528,2.6052231572418396,1,2,9,57.62294117779343,5,2025-10-29 20:00:58.940084
1831,user_31,1766,4.368819600029941,1,4,10,17.197040184354297,2,2025-08-31 20:00:58.940084
1832,user_581,2719,3.0745264218788733,1,4,12,6.470033050398849,5,2025-08-23 20:00:58.941718
1833,user_407,16,3.114727375401939,1,2,9,44.24709269935184,9,2025-08-31 20:00:58.941718
1834,user_713,791,3.307986182043036,1,3,13,19.21076391994224,8,2025-09-08 20:00:58.943356
1835,user_815,978,4.008003436733974,1,3,10,78.09331797904943,3,2025-04-10 20:00:58.943356
1836,user_191,2002,3.9587313871949417,1,2,12,87.15807252544828,4,2025-09-14 20:00:58.944496
1837,user_176,1669,3.328626889006495,0,2,14,70.89541234284219,2,2025-06-11 20:00:58.944496
1838,user_246,2042,4.045291961740748,1,3,14,59.26586478854466,2,2025-11-06 20:00:58.945496
1839,user_530,90,3.3763192672396185,1,2,14,4.635326943427954,2,2025-11-23 20:00:58.946264
1840,user_808,2585,4.082783096457195,1,4,9,87.42970770749625,3,2025-01-14 20:00:58.946264
1841,user_317,652,3.2142616478735464,1,2,11,96.92946620490801,5,2025-02-20 20:00:58.946264
1842,user_925,2128,4.605713751816215,1,3,9,46.90144305527879,2,2025-05-18 20:00:58.947940
1843,user_961,1394,3.7472763951732366,1,3,9,67.85392442143758,5,2025-10-25 20:00:58.947940
1844,user_598,896,4.2606078955943625,1,4,13,80.29298413742762,7,2025-07-05 20:00:58.949083
1845,user_315,2002,1.9578341893285998,0,3,11,58.41617312760491,6,2025-08-17 20:00:58.950084
1846,user_665,2411,2.2844058333821238,1,3,10,39.59111507626836,3,2025-03-04 20:00:58.950084
1847,user_562,586,3.038391856895124,1,4,11,31.468897387132657,3,2025-08-04 20:00:58.951080
1848,user_763,357,3.5460655957612954,1,3,11,76.67116744207175,2,2025-12-10 20:00:58.951080
1849,user_320,2337,3.225684015722733,1,4,10,23.7131602383323,3,2025-01-28 20:00:58.952079
1850,user_907,2845,3.1569778433853117,1,2,10,5.7423479402245015,6,2025-08-05 20:00:58.953080
1851,user_391,2296,2.6622042864466486,1,4,14,74.35091521438564,5,2025-02-24 20:00:58.953827
1852,user_168,2490,4.485965171720317,1,2,11,48.927222589760824,1,2025-05-14 20:00:58.954348
1853,user_688,20,3.071714468518662,0,3,14,48.29533632166656,4,2025-05-12 20:00:58.955448
1854,user_921,838,4.322533663253778,1,4,13,55.9786857071392,6,2025-11-21 20:00:58.955448
1855,user_862,431,3.537334651362705,1,2,14,70.50172124034887,5,2025-07-26 20:00:58.956465
1856,user_668,846,2.7600889741877728,1,3,9,33.755725356045,3,2025-10-24 20:00:58.957472
1857,user_77,471,1.4776689174634403,1,2,9,28.417800039026243,9,2024-12-21 20:00:58.957472
1858,user_28,1979,2.3625971923635616,0,4,14,24.9681064339325,4,2025-05-20 20:00:58.958477
1859,user_233,1961,2.773710015028405,1,3,9,28.490862304176513,5,2025-12-04 20:00:58.958983
1860,user_52,1421,2.521561911308845,1,3,8,88.52991112711923,2,2025-01-15 20:00:58.958983
1861,user_80,1825,4.14876931761012,1,3,12,78.9438398815455,7,2025-09-15 20:00:58.960119
1862,user_924,1647,4.465266659662296,1,2,13,99.47470513624633,2,2025-06-08 20:00:58.960119
1863,user_670,1733,2.6695794016237095,1,2,14,38.91604626859456,4,2025-05-29 20:00:58.961119
1864,user_475,906,1.2728725735795008,1,4,14,24.691649510879042,9,2025-08-30 20:00:58.962116
1865,user_157,2319,2.9593071528579395,0,4,11,31.104531975130556,9,2025-01-25 20:00:58.962116
1866,user_58,1381,2.4765434518281073,1,4,9,10.221131492062252,1,2025-02-27 20:00:58.963114
1867,user_244,1583,3.6656889430122668,1,2,13,41.666804992009496,5,2025-08-08 20:00:58.963114
1868,user_301,87,3.0531330695847854,1,2,13,13.594798137220154,6,2025-05-30 20:00:58.964114
1869,user_202,46,3.386559178040841,1,3,10,27.22475363704713,5,2025-03-18 20:00:58.965123
1870,user_480,1734,2.8589375284311327,1,2,11,21.291728560430567,2,2025-09-05 20:00:58.965123
1871,user_879,1280,2.6845682446582955,1,3,14,95.48392096765598,1,2025-02-08 20:00:58.965761
1872,user_399,1148,3.8278263231647647,1,4,12,48.835462028120034,5,2025-07-30 20:00:58.966892
1873,user_524,3,3.503458273581423,1,4,11,24.026467561217714,2,2025-05-21 20:00:58.966892
1874,user_16,2591,3.5104532896617897,1,3,9,25.56420293087751,2,2025-10-23 20:00:58.967895
1875,user_429,431,3.3299651848636933,1,2,14,78.48537123557885,1,2025-01-05 20:00:58.968508
1876,user_826,777,2.377459606045761,1,3,13,97.76677176990603,2,2024-12-20 20:00:58.969127
1877,user_536,1391,3.234633901251817,1,4,11,79.81829895748429,5,2025-10-30 20:00:58.970233
1878,user_677,2503,2.9614750439369986,1,2,14,25.425240261454384,4,2025-07-27 20:00:58.970233
1879,user_690,236,3.4437225095598145,1,3,11,24.71747445945176,5,2025-10-09 20:00:58.971169
1880,user_878,449,3.5998533591963118,0,4,11,39.86592875184121,1,2025-05-11 20:00:58.971169
1881,user_443,2728,2.9910360158751006,1,2,8,62.455863591739444,9,2025-09-15 20:00:58.972177
1882,user_120,1339,2.8614625119068675,1,2,9,12.501369011580977,3,2025-06-10 20:00:58.972177
1883,user_878,838,3.9644197230290255,1,4,9,41.152121943422095,7,2025-11-01 20:00:58.973719
1884,user_864,2848,3.039958324270868,1,4,10,75.30102006876255,8,2025-12-02 20:00:58.973719
1885,user_119,1270,3.0880624148392966,1,2,12,1.4271134563644594,6,2025-08-30 20:00:58.974760
1886,user_142,204,4.421895012940788,1,2,11,51.60508223417928,8,2025-05-12 20:00:58.975760
1887,user_955,2802,3.1580439110544667,1,4,14,78.60004920773669,6,2025-08-22 20:00:58.975760
1888,user_272,421,2.2006291582919193,1,2,11,55.29468935778924,1,2025-12-09 20:00:58.975760
1889,user_214,1135,3.8062739081665855,1,3,14,16.007565896870158,2,2025-05-29 20:00:58.977393
1890,user_215,412,2.7787673721714508,1,2,10,85.61302203530458,3,2025-10-08 20:00:58.977393
1891,user_189,949,4.910583267896241,1,2,10,52.469134141926965,6,2025-08-08 20:00:58.978524
1892,user_948,2260,2.8529881308794405,1,2,9,41.57954393695692,5,2025-02-11 20:00:58.978524
1893,user_542,292,2.627986588745081,0,4,13,2.403855590585835,7,2025-03-15 20:00:58.979522
1894,user_24,1958,3.4595914047166056,1,4,8,28.59275596539883,9,2025-09-21 20:00:58.979522
1895,user_588,1594,3.5580844095954403,1,3,10,35.715758957622825,5,2025-03-13 20:00:58.981160
1896,user_589,2700,3.9331861351366144,1,2,10,70.28992828234144,1,2025-08-07 20:00:58.981160
1897,user_732,416,2.611652973513928,1,4,12,33.54922059669888,9,2025-10-31 20:00:58.982301
1898,user_631,32,3.31790488642622,1,4,10,68.55768618153971,5,2025-10-04 20:00:58.982301
1899,user_465,219,5.0,1,3,9,74.41657624816091,2,2025-04-23 20:00:58.983536
1900,user_370,921,3.7854285748786,0,3,14,9.958864832833891,3,2025-05-10 20:00:58.984177
1901,user_724,1839,2.238128582516818,1,4,9,69.09551201692724,7,2025-09-20 20:00:58.984177
1902,user_390,1070,4.1876427922034285,1,2,11,20.142290882280257,4,2025-05-31 20:00:58.985315
1903,user_191,2057,2.5683559395199564,1,3,9,8.94783829824174,2,2025-02-19 20:00:58.985315
1904,user_889,2144,3.900168162906792,1,2,11,98.16106556424329,5,2025-08-23 20:00:58.986323
1905,user_640,764,4.372264804150701,1,3,14,20.87425334283899,7,2025-07-06 20:00:58.987312
1906,user_727,537,3.15435919709692,1,2,10,21.675771132198495,7,2025-08-21 20:00:58.987312
1907,user_541,2011,3.830515974588332,0,4,12,81.4796172659976,9,2025-04-16 20:00:58.988223
1908,user_768,357,3.518583668631251,1,3,12,44.92371307759158,9,2025-09-30 20:00:58.989224
1909,user_253,1934,3.134072053404934,1,3,11,63.45705085342361,5,2025-07-29 20:00:58.989224
1910,user_504,1324,3.3044486836631184,0,3,14,46.52785720120073,9,2025-11-25 20:00:58.990186
1911,user_823,2609,3.1127025809911015,1,3,9,89.13436048800236,3,2025-08-18 20:00:58.990186
1912,user_390,2732,4.522333117837704,1,2,11,86.4489535595457,5,2025-02-09 20:00:58.991183
1913,user_720,1646,3.693200714130996,1,2,10,38.30628121344674,2,2025-09-19 20:00:58.992183
1914,user_29,576,3.6988568226657947,1,2,12,28.16006102352514,1,2024-12-24 20:00:58.992688
1915,user_900,1627,3.725641829325866,1,2,9,31.674864865021192,8,2025-10-27 20:00:58.993260
1916,user_690,1802,3.206686014565198,1,3,13,36.99300045901225,2,2025-05-30 20:00:58.993260
1917,user_971,1967,4.027305891455035,1,3,14,56.27700708015316,3,2025-06-24 20:00:58.994399
1918,user_658,269,2.9320509948172364,1,3,13,28.249883684734044,3,2025-10-28 20:00:58.994399
1919,user_501,841,3.039362800971693,0,2,13,3.1534628131224096,3,2025-11-05 20:00:58.995396
1920,user_430,1518,2.8588050041803825,1,2,11,75.6016582465182,6,2025-05-20 20:00:58.996162
1921,user_589,2375,3.1690146311426126,1,2,13,36.99664944058695,6,2025-04-28 20:00:58.996162
1922,user_482,707,3.167491777748962,1,4,13,63.63481252670565,3,2025-07-22 20:00:58.996162
1923,user_473,567,3.9199554995844417,1,4,10,87.2873285767126,8,2025-10-15 20:00:58.997834
1924,user_72,214,4.330576464330673,1,4,9,86.07285593880847,3,2025-08-21 20:00:58.997834
1925,user_574,2419,3.255126111202509,0,3,10,6.958178354357902,1,2025-01-24 20:00:58.998969
1926,user_434,1066,3.7666890682576155,1,2,14,25.78700035480086,4,2025-12-08 20:00:58.999637
1927,user_298,1253,2.8157473939219493,1,3,13,75.23614423973922,4,2024-12-12 20:00:58.999637
1928,user_275,1584,1.4126255309332618,1,4,10,64.48553066971266,4,2025-09-06 20:00:59.000779
1929,user_749,1196,3.8413257722776897,1,4,14,88.83258147026221,6,2025-07-14 20:00:59.001655
1930,user_510,1369,2.351791490463181,1,4,12,70.18555106506201,7,2025-01-08 20:00:59.002654
1931,user_874,939,3.614782147971448,1,4,10,13.699682861896745,3,2025-05-15 20:00:59.003652
1932,user_403,24,3.080259881801709,1,4,8,98.0951797352619,7,2025-06-10 20:00:59.003652
1933,user_82,1730,3.564170933664059,1,2,8,70.47869868402653,8,2025-03-04 20:00:59.005160
1934,user_916,1310,3.096309573793468,1,4,9,93.90813048870201,8,2025-02-05 20:00:59.005160
1935,user_492,1702,2.9280000111491695,1,4,11,85.12888392975148,9,2025-05-26 20:00:59.006669
1936,user_710,2873,3.516654442159654,1,3,10,85.56276815352336,9,2025-05-22 20:00:59.007307
1937,user_242,2414,3.262654657094982,1,3,11,27.753898614396867,8,2025-05-27 20:00:59.007307
1938,user_487,2390,3.0468785894520938,1,4,14,16.62743683821083,7,2025-05-07 20:00:59.008313
1939,user_588,2226,4.460975778627488,1,3,8,38.58807341929664,7,2025-12-11 20:00:59.008816
1940,user_672,243,3.719722715142899,1,3,8,23.1517068246056,4,2025-08-19 20:00:59.009821
1941,user_806,2048,2.734795629936217,1,3,9,68.93388222000829,1,2025-07-24 20:00:59.009821
1942,user_582,136,4.398089947488117,0,4,14,6.513723867089594,3,2025-01-16 20:00:59.010890
1943,user_64,1604,2.6216077906261543,1,3,9,4.2936154867717065,3,2025-10-16 20:00:59.010890
1944,user_341,1553,2.949335488590955,1,4,13,20.4446367065663,1,2025-07-06 20:00:59.011955
1945,user_715,2696,3.332919622125387,1,3,13,72.40972427723847,7,2025-03-20 20:00:59.011955
1946,user_445,339,4.078817982636493,0,2,12,80.9581302271286,5,2025-04-30 20:00:59.012952
1947,user_668,2034,3.16008000586499,1,2,12,37.1585840912535,6,2024-12-30 20:00:59.012952
1948,user_497,2132,2.7998693350928714,1,4,13,78.54210926478598,6,2025-08-18 20:00:59.013954
1949,user_613,1031,4.814026454174395,1,3,11,98.25924720105878,3,2025-04-28 20:00:59.014956
1950,user_87,1033,3.8764602815961404,1,4,9,45.65117567217902,6,2025-02-27 20:00:59.015538
1951,user_810,2386,2.4351662703447317,0,2,10,98.32576109615698,5,2025-08-11 20:00:59.015538
1952,user_569,2494,4.190909774972294,1,3,13,17.311502592884487,3,2025-04-01 20:00:59.016693
1953,user_222,635,3.5799853333207405,1,3,12,70.6529632303191,8,2025-09-02 20:00:59.017687
1954,user_614,1701,4.229818659037408,1,2,13,93.56551294095445,7,2025-06-27 20:00:59.017687
1955,user_262,1156,3.4568036087840173,1,2,14,81.45079681305315,1,2025-02-18 20:00:59.017687
1956,user_2,2855,4.114786320537126,1,4,11,92.67128453077733,4,2025-08-22 20:00:59.019332
1957,user_294,2112,3.6378181840982697,1,3,13,20.747732765647086,5,2025-06-24 20:00:59.019646
1958,user_209,2136,3.116223143793955,1,4,11,11.00582004376215,7,2025-09-23 20:00:59.020482
1959,user_50,1135,3.728087566396284,1,3,12,96.9242130458038,7,2025-09-14 20:00:59.021374
1960,user_493,2574,3.65961221683741,1,2,11,70.69110150989903,3,2025-06-29 20:00:59.021374
1961,user_523,2263,4.146132728077856,0,3,13,45.508966610640776,7,2025-05-20 20:00:59.022373
1962,user_285,753,2.8737244400450765,1,4,8,80.37606948804797,3,2025-03-18 20:00:59.022373
1963,user_483,2431,2.382049727020528,1,2,13,40.01495539058452,8,2025-06-11 20:00:59.023881
1964,user_358,31,4.1320966419154495,1,4,14,53.201347866336334,4,2025-10-07 20:00:59.023881
1965,user_132,1928,3.027582699601977,1,3,12,99.98926667050493,8,2025-09-05 20:00:59.024887
1966,user_584,2374,3.1745936139273585,1,2,10,3.573855172746754,9,2025-09-20 20:00:59.024887
1967,user_418,2519,4.156967672482676,0,3,11,39.0515697684394,2,2025-02-14 20:00:59.025887
1968,user_305,1,2.861190650431741,1,4,12,40.522578292933396,5,2025-02-02 20:00:59.025887
1969,user_96,2328,3.0176360963226516,1,2,13,35.54616402556453,6,2024-12-23 20:00:59.027396
1970,user_18,858,3.6146910249373305,1,3,11,34.60024129722764,7,2025-11-24 20:00:59.028510
1971,user_183,2452,4.760320048008523,0,4,14,3.28354290838776,8,2025-06-02 20:00:59.028510
1972,user_317,1159,4.0921086147650465,1,4,13,10.34351666487623,2,2025-06-15 20:00:59.029487
1973,user_705,2243,3.3049756936659884,1,2,10,47.13681557014906,5,2025-08-18 20:00:59.029487
1974,user_661,2677,3.989986401578238,1,2,10,36.080682624575125,6,2025-03-20 20:00:59.031078
1975,user_650,1876,2.265186974426743,1,4,8,5.997927219151644,1,2025-01-15 20:00:59.031675
1976,user_204,448,2.3073197407777526,1,2,12,32.90628169009096,7,2025-07-23 20:00:59.032327
1977,user_253,1583,4.29652702514151,1,3,10,52.48772180055824,6,2025-07-29 20:00:59.033425
1978,user_791,578,3.6290784194957624,1,4,11,25.700623222243223,2,2025-10-29 20:00:59.033425
1979,user_885,1533,2.8091144016629785,1,3,8,45.84050530305287,8,2025-04-22 20:00:59.034689
1980,user_862,622,3.165601488816294,1,3,11,67.9804070959132,9,2024-12-17 20:00:59.034689
1981,user_600,773,4.554142610222234,1,2,13,34.160226093303415,6,2025-08-07 20:00:59.035702
1982,user_391,2527,2.9697482607013113,1,3,13,11.18459437976329,7,2025-04-14 20:00:59.035702
1983,user_116,1237,3.972508503852817,1,4,13,18.076991930090315,6,2025-08-20 20:00:59.036696
1984,user_440,643,3.345973013922113,1,4,10,65.78226598726955,4,2025-01-25 20:00:59.037636
1985,user_92,1431,4.074361295377019,1,4,8,25.35497759319092,9,2025-10-14 20:00:59.037636
1986,user_798,63,3.3290437021388013,1,4,9,84.13083514997018,2,2025-03-19 20:00:59.038603
1987,user_59,2547,3.0222717937893733,1,4,10,97.69275142337952,8,2025-06-05 20:00:59.039602
1988,user_636,1948,4.861224033437806,1,4,12,32.54661002466423,8,2025-06-05 20:00:59.040603
1989,user_488,1912,4.420519480274139,0,2,8,31.407737641984703,6,2024-12-29 20:00:59.042219
1990,user_718,214,3.110392306335202,1,2,14,86.36964590026922,1,2025-03-07 20:00:59.042219
1991,user_244,2750,4.358925955317681,1,3,9,95.04418025483442,5,2025-12-05 20:00:59.043325
1992,user_857,1548,3.0930465104379676,1,4,8,37.11116637765881,7,2025-02-19 20:00:59.043928
1993,user_292,333,3.648128354874001,1,4,11,48.42530562300217,9,2025-01-25 20:00:59.043928
1994,user_738,1555,2.440823886999759,1,4,8,55.30378439896012,6,2025-09-20 20:00:59.045521
1995,user_542,321,3.0549036764284665,1,2,8,8.12805233206938,2,2025-02-01 20:00:59.045521
1996,user_174,1955,2.882492085313772,0,3,8,30.744959496135195,7,2025-06-24 20:00:59.047129
1997,user_405,227,3.528631938906775,1,3,14,82.94002201989358,3,2025-10-11 20:00:59.048136
1998,user_326,1739,3.458485547703841,1,2,11,38.29670110643133,2,2025-10-27 20:00:59.048647
1999,user_223,761,3.2775704053127845,1,4,13,36.96054411952689,5,2025-10-08 20:00:59.049759
2000,user_192,1085,2.696395565203568,1,3,13,63.59502304538448,8,2025-05-24 20:00:59.049759
2001,user_673,2349,2.262919526105042,1,2,10,18.99965092022845,7,2025-03-26 20:00:59.050719
2002,user_190,1071,3.3904493962444784,1,2,11,57.98327412668638,7,2025-09-09 20:00:59.050719
2003,user_369,1268,3.2637322415699836,1,2,12,57.328665760708375,9,2025-02-20 20:00:59.051758
2004,user_646,1604,2.8252875246821465,1,2,12,92.52469869511654,4,2025-10-29 20:00:59.052747
2005,user_122,1390,3.4515290833684666,1,4,10,10.5582712904428,8,2025-04-24 20:00:59.052747
2006,user_50,1181,3.5419179449554488,1,3,13,82.69946099050004,9,2024-12-20 20:00:59.052747
2007,user_918,2380,3.9879109212894384,1,2,13,1.7388742925433909,4,2025-03-09 20:00:59.054257
2008,user_484,594,2.705190368719757,1,2,9,6.525518912500594,7,2025-09-02 20:00:59.055268
2009,user_653,2760,2.9510476578555678,1,4,11,83.58063696178361,9,2025-11-14 20:00:59.055268
2010,user_513,1040,3.5734814341275847,1,4,12,87.95632376127813,8,2025-05-26 20:00:59.056266
2011,user_34,1537,2.9675642794733195,1,3,12,53.814343008145435,5,2025-10-14 20:00:59.057276
2012,user_264,332,3.6407642893627337,1,4,11,22.533691145432797,9,2025-07-30 20:00:59.057276
2013,user_271,534,3.789567798129952,1,4,8,18.920900530577644,3,2025-01-31 20:00:59.057276
2014,user_495,1169,2.5191388610544347,1,3,13,12.72514797839558,7,2025-07-03 20:00:59.058922
2015,user_699,1676,4.154163241369781,1,3,10,21.90666163123789,4,2024-12-29 20:00:59.058922
2016,user_120,2699,3.4479272716680405,1,3,9,89.05024873479125,9,2025-10-04 20:00:59.059928
2017,user_176,2401,2.521036080252366,1,4,14,42.77011708192385,4,2025-09-28 20:00:59.059928
2018,user_350,1529,4.220920272467917,1,4,8,64.73204734204323,7,2025-08-01 20:00:59.061018
2019,user_224,2357,4.813405783350545,1,2,10,59.385436470580075,9,2025-01-26 20:00:59.062024
2020,user_561,40,4.00273018878662,1,2,13,41.734033516000004,1,2025-07-02 20:00:59.062738
2021,user_679,2325,4.491524326453052,1,2,12,28.971791812753555,3,2025-04-20 20:00:59.062738
2022,user_463,753,2.5710640001054075,1,4,8,41.55595321233165,9,2025-11-14 20:00:59.063749
2023,user_934,2855,4.562307055615007,1,4,9,68.62332800964477,8,2025-09-06 20:00:59.063749
2024,user_119,1560,4.176658353625847,1,3,14,8.552451757610802,7,2025-07-05 20:00:59.064797
2025,user_75,2658,2.3316120608623763,1,2,13,46.789252813202495,1,2024-12-25 20:00:59.065633
2026,user_338,925,3.032742429728606,1,2,13,39.45392082424255,6,2025-09-03 20:00:59.065633
2027,user_0,1578,2.622161580635551,1,3,9,45.25336440293006,4,2025-07-07 20:00:59.066738
2028,user_756,1523,3.2157667392957916,1,4,8,78.07732348871895,4,2025-01-29 20:00:59.067738
2029,user_184,1228,2.893344522775772,1,3,14,57.62805932836943,7,2025-12-04 20:00:59.067738
2030,user_589,276,3.625446651604878,1,2,8,90.89979943728113,2,2025-06-13 20:00:59.068733
2031,user_460,2754,3.594495090681257,1,3,11,83.8881080505121,3,2025-07-09 20:00:59.069578
2032,user_515,1522,4.157410795888055,1,3,8,43.38214604848055,5,2025-01-27 20:00:59.069578
2033,user_511,2644,3.103636282917349,1,4,12,13.268204656084947,6,2025-09-25 20:00:59.070681
2034,user_433,1403,2.827818746372303,1,2,12,77.61165984135006,7,2025-10-06 20:00:59.071588
2035,user_228,1184,3.4353387374870903,1,2,11,99.98051441338015,1,2025-05-05 20:00:59.071588
2036,user_903,63,4.396333920106887,1,2,12,69.5329406452567,7,2025-09-17 20:00:59.072679
2037,user_20,693,3.8431066316381255,1,4,11,76.08016717561019,9,2025-05-23 20:00:59.074095
2038,user_228,2199,4.444928475892747,1,4,8,39.8628961644075,6,2025-04-11 20:00:59.075142
2039,user_218,290,4.210383281259293,0,3,13,39.64754287233876,6,2025-11-26 20:00:59.076201
2040,user_524,2403,3.642662105107964,1,2,8,20.316003836420894,1,2025-08-19 20:00:59.076201
2041,user_786,2546,3.585791534774845,1,4,11,3.213086611593108,8,2025-11-15 20:00:59.077202
2042,user_944,752,3.299086075167397,1,2,14,8.372413310890991,2,2025-03-25 20:00:59.077740
2043,user_435,704,3.512233532192684,1,3,11,48.750227862027984,5,2025-03-22 20:00:59.078836
2044,user_580,2186,4.616102118706956,1,4,8,87.78441504750248,3,2025-03-29 20:00:59.078836
2045,user_310,226,3.218686337089834,1,2,10,71.69769010638771,5,2025-05-09 20:00:59.079835
2046,user_870,1601,1.98685824431638,1,4,11,77.58614386586518,5,2025-02-08 20:00:59.079835
2047,user_429,674,2.618288183571885,1,3,11,14.003923126435215,3,2025-05-27 20:00:59.079835
2048,user_191,513,2.839314449073904,1,2,12,19.301213398589255,8,2025-07-05 20:00:59.081432
2049,user_172,584,2.979506233577693,1,2,14,93.30940731098542,7,2025-02-06 20:00:59.081432
2050,user_735,555,2.7018000470100962,1,2,12,88.29261188948627,9,2025-08-08 20:00:59.082535
2051,user_7,1491,4.015006921308312,1,3,9,55.469175284727456,4,2025-01-23 20:00:59.083146
2052,user_913,1390,2.4123599417018724,1,3,9,40.01454672845591,8,2025-03-16 20:00:59.084254
2053,user_346,1055,3.662756412809614,1,2,14,2.669315858685428,7,2025-02-14 20:00:59.084254
2054,user_546,25,3.715958526827395,1,4,11,55.81414934029423,6,2025-05-17 20:00:59.085255
2055,user_834,875,4.323221945698254,0,3,12,82.71867142453218,5,2025-03-22 20:00:59.085255
2056,user_381,1236,3.751561936329236,1,3,13,19.12931742021072,1,2025-06-15 20:00:59.086248
2057,user_417,546,4.036943468062277,1,2,14,49.81205164258624,2,2025-04-13 20:00:59.087248
2058,user_105,1612,2.4957980369142487,1,3,10,78.99815493126752,1,2025-01-12 20:00:59.088154
2059,user_303,391,3.8487351946405575,1,2,11,76.16813559803182,2,2025-03-05 20:00:59.088154
2060,user_548,2216,4.010061951497853,1,2,8,60.04728632502741,5,2025-08-16 20:00:59.089190
2061,user_364,1981,2.259809806337171,1,2,9,12.57149077846762,3,2025-05-21 20:00:59.090155
2062,user_498,2371,3.851126482477471,1,4,11,48.247202299006545,7,2025-01-27 20:00:59.091155
2063,user_639,1926,4.486170435669827,1,3,10,28.954274779370493,7,2025-02-23 20:00:59.092252
2064,user_223,1560,3.2608373245858733,1,2,8,67.3516527472109,7,2025-04-01 20:00:59.092861
2065,user_124,1169,2.6922420750031826,1,4,10,97.91532397514887,6,2025-08-23 20:00:59.093574
2066,user_380,1624,3.076372982148827,1,4,13,8.913667974545781,6,2025-10-05 20:00:59.093574
2067,user_433,358,3.4752199225646994,1,2,10,15.73377058000477,9,2025-09-30 20:00:59.094666
2068,user_118,852,4.093391813168699,1,4,11,85.78009372825906,5,2025-07-23 20:00:59.095260
2069,user_831,975,2.3516956208958137,1,4,14,24.04455636759093,4,2025-10-29 20:00:59.095887
2070,user_61,2760,3.7969242917130983,1,4,14,18.683440629458303,7,2025-10-20 20:00:59.095887
2071,user_787,1255,2.526508617191326,1,3,10,37.579490228805724,9,2025-10-03 20:00:59.096980
2072,user_878,1039,3.216984691991694,1,3,14,18.923760254524822,4,2025-08-13 20:00:59.097581
2073,user_857,1263,4.292895313608989,1,4,11,3.3187630225001485,6,2025-02-06 20:00:59.097581
2074,user_726,588,3.3500363481631203,1,4,14,18.077595484072685,9,2025-03-05 20:00:59.098681
2075,user_258,867,4.639205447630944,1,3,11,57.38240691889403,9,2025-10-29 20:00:59.099677
2076,user_152,853,3.4087717711260788,1,4,13,36.21487834802368,6,2025-09-05 20:00:59.099677
2077,user_888,663,3.330103028489786,1,3,14,35.67710470865604,9,2025-12-02 20:00:59.100685
2078,user_148,1081,2.236996272925063,1,2,9,8.722413884172276,1,2025-01-28 20:00:59.100685
2079,user_447,2134,3.705299708004892,1,2,12,83.2997742239418,4,2025-10-08 20:00:59.101674
2080,user_946,1225,4.5412685043414545,1,3,12,62.54968371167041,9,2024-12-21 20:00:59.101674
2081,user_216,2856,3.669926066331762,1,2,11,7.608937134957627,2,2025-06-09 20:00:59.102683
2082,user_47,1248,2.574510785373523,0,2,11,83.81759206857386,3,2025-09-14 20:00:59.102683
2083,user_672,2381,4.250374182988421,1,2,11,78.27357103601919,4,2025-03-21 20:00:59.104188
2084,user_624,1827,3.879161017743365,1,4,13,16.862821088509538,9,2025-06-04 20:00:59.104973
2085,user_536,2000,3.1737590179526345,1,4,8,46.61145249394758,2,2025-04-26 20:00:59.106081
2086,user_136,472,3.0341418099302495,1,3,13,3.1271377747267404,4,2025-07-23 20:00:59.106081
2087,user_759,1966,2.5451132978280993,1,3,10,62.825659381000435,1,2025-02-17 20:00:59.106081
2088,user_37,2549,3.330868306048474,1,3,13,59.76870299435008,7,2025-07-14 20:00:59.108011
2089,user_73,334,4.114093644480477,1,2,14,8.240443458404446,8,2025-03-28 20:00:59.108638
2090,user_781,1488,3.925060983238916,0,2,12,47.35538335472381,8,2025-02-11 20:00:59.109355
2091,user_861,2894,4.556146224945864,1,2,8,84.20387836055212,5,2025-01-23 20:00:59.110453
2092,user_675,1923,3.5508578560845563,1,4,8,94.18212689647267,1,2025-09-12 20:00:59.110453
2093,user_380,843,3.5138364348439746,0,2,12,14.959765614755838,8,2025-07-08 20:00:59.111447
2094,user_564,1831,3.0419178093670274,1,2,10,68.44490484631972,7,2025-01-23 20:00:59.111447
2095,user_288,257,3.485237742402103,1,3,14,93.22821440707808,1,2025-06-09 20:00:59.112455
2096,user_902,142,2.511308374882682,1,4,14,55.68151179693931,5,2025-09-24 20:00:59.112455
2097,user_669,471,2.4224551124159905,1,4,14,40.058935731981116,9,2025-10-31 20:00:59.113458
2098,user_49,2159,4.589043684281087,1,2,14,93.50441963907305,2,2025-10-14 20:00:59.113458
2099,user_75,2475,2.437917007619033,0,3,13,61.505116552856485,3,2025-04-26 20:00:59.113458
2100,user_332,2324,2.6548240669368557,1,4,8,47.03300883047672,6,2025-09-19 20:00:59.115062
2101,user_492,559,2.9570680496011192,0,3,13,95.93291082338672,3,2025-01-16 20:00:59.115062
2102,user_851,2241,4.379388623905521,1,4,14,23.12642996491129,8,2025-01-01 20:00:59.116164
2103,user_734,553,3.8641752237965874,1,2,14,90.91770149305614,9,2025-02-12 20:00:59.117162
2104,user_524,143,3.960336940757422,1,4,12,5.473963590993691,6,2025-10-29 20:00:59.117162
2105,user_862,2121,3.139600074361379,1,3,10,73.59472017232224,9,2025-11-30 20:00:59.118163
2106,user_561,568,2.7319133905496673,1,4,10,49.858628739121215,9,2025-10-21 20:00:59.118163
2107,user_573,1287,2.496111104865179,1,2,14,62.094608737575506,1,2025-10-16 20:00:59.119163
2108,user_949,2653,4.471596651738897,1,2,14,47.87022008507855,9,2025-08-16 20:00:59.119764
2109,user_951,1623,3.2229738885626515,1,2,14,72.44604232514118,1,2025-06-29 20:00:59.119764
2110,user_667,1031,3.436708241271873,1,4,8,81.63701891133404,8,2025-01-23 20:00:59.120867
2111,user_308,2897,3.706551589614997,1,2,11,22.902507929180228,2,2025-10-10 20:00:59.121868
2112,user_398,123,2.562435986019658,1,2,11,9.324491922135836,2,2025-02-23 20:00:59.121868
2113,user_388,2623,3.0154365921021267,1,3,9,41.57889015772531,4,2025-11-14 20:00:59.123470
2114,user_86,2850,4.267372661193885,1,4,9,24.24220950060739,6,2025-06-12 20:00:59.124187
2115,user_396,1504,2.9226204948504364,1,2,9,34.88667217951773,1,2025-01-22 20:00:59.125298
2116,user_796,2438,3.0299281621729377,1,2,14,21.3712974852579,6,2025-05-06 20:00:59.125298
2117,user_557,771,3.4482123609537063,1,4,10,73.81685856966183,6,2025-07-05 20:00:59.126295
2118,user_150,110,3.9331677721800613,1,2,11,46.33289015462731,9,2025-01-12 20:00:59.126295
2119,user_379,657,4.469543627757997,1,3,8,20.638674224818075,9,2025-01-13 20:00:59.127302
2120,user_309,2774,2.53634637303468,1,2,9,3.184174454809785,2,2025-04-29 20:00:59.127903
2121,user_909,760,3.6648547097752755,0,2,9,42.54151604404962,9,2025-12-11 20:00:59.127903
2122,user_129,1007,2.7513591732747718,1,4,9,8.454572261240777,2,2025-02-03 20:00:59.128991
2123,user_455,1975,4.034548026947534,1,2,8,47.69477661895347,5,2025-10-16 20:00:59.130004
2124,user_497,2216,1.8856599077873233,1,3,10,53.13983069963222,4,2025-04-29 20:00:59.130004
2125,user_932,111,3.947710503393598,1,4,9,87.62232931316409,6,2025-10-17 20:00:59.130004
2126,user_812,1208,2.982963520765361,1,4,11,25.34693447156634,6,2025-05-15 20:00:59.131604
2127,user_809,22,3.4954420577921863,1,2,11,28.84583504181284,1,2025-10-26 20:00:59.132385
2128,user_626,1233,3.3266621386316633,1,2,12,76.87569765313751,7,2025-08-23 20:00:59.132385
2129,user_554,849,3.4134217637464226,1,2,12,97.03838227924875,1,2024-12-27 20:00:59.133486
2130,user_823,2240,2.987134122055324,1,4,13,14.425326907781077,1,2025-12-02 20:00:59.134091
2131,user_198,1594,3.5030093096946047,1,4,8,19.776762761751844,1,2025-12-03 20:00:59.134091
2132,user_612,1943,3.3391636978918138,0,4,10,0.364670278467627,6,2025-01-20 20:00:59.135193
2133,user_671,1574,3.792951599496414,1,4,10,11.790631182028422,9,2025-06-11 20:00:59.135193
2134,user_34,1957,3.2689879849132444,1,3,9,28.526366194153287,8,2025-03-13 20:00:59.136193
2135,user_538,2101,2.5235694797068495,1,2,12,29.86839838141343,2,2025-08-14 20:00:59.137200
2136,user_224,2617,3.0406829545696312,0,4,10,54.96842558532362,5,2025-09-30 20:00:59.138199
2137,user_814,1620,3.2042509229863287,1,2,8,75.7812031892116,2,2025-02-16 20:00:59.138199
2138,user_521,1437,3.219528698564379,1,4,8,27.0947474832276,4,2025-05-17 20:00:59.139537
2139,user_258,1325,2.8458155930253772,1,3,9,78.42947047887264,8,2025-02-04 20:00:59.140049
2140,user_858,1929,2.8634138987265843,1,3,14,94.91838844727683,4,2025-08-23 20:00:59.141153
2141,user_615,1550,3.0519146175163487,1,2,10,64.09713241221375,4,2025-04-29 20:00:59.141153
2142,user_185,2638,3.9745999407834427,1,2,10,96.27369113972567,9,2025-06-07 20:00:59.142153
2143,user_163,2826,2.728208928226595,1,4,13,34.87172148570152,8,2025-02-11 20:00:59.142754
2144,user_339,725,3.938949804934925,1,2,12,45.39400581307815,6,2025-02-04 20:00:59.143360
2145,user_953,2126,4.469133404829138,0,2,14,91.0875208524553,7,2025-05-25 20:00:59.143360
2146,user_130,2403,3.8518348586756574,1,3,9,25.283620307479005,9,2025-03-04 20:00:59.144454
2147,user_334,1375,3.045306800862388,1,4,10,33.444618687832474,3,2025-09-22 20:00:59.145460
2148,user_86,1799,3.1167348828288977,1,2,12,21.046221714200342,2,2025-02-10 20:00:59.146060
2149,user_356,1308,3.1992838504948953,1,2,13,17.81325969966998,2,2025-11-11 20:00:59.146060
2150,user_701,1291,3.378546092180248,1,2,14,66.42589771401376,1,2025-05-12 20:00:59.146060
2151,user_446,2065,3.1380429760849804,1,2,10,27.732294196107777,9,2025-01-02 20:00:59.147844
2152,user_485,2646,2.889605425103973,1,2,14,18.188069815158737,4,2025-04-19 20:00:59.147844
2153,user_643,1353,3.797248316722956,1,2,14,80.25483033945797,1,2025-09-16 20:00:59.148939
2154,user_460,2862,4.090838936077797,1,4,11,36.564216270421134,7,2025-04-23 20:00:59.148939
2155,user_762,1922,4.46556313884392,1,3,8,14.98162860461033,1,2025-06-01 20:00:59.149941
2156,user_102,1399,3.4819658499630486,1,2,12,2.3995945800073026,3,2025-02-18 20:00:59.149941
2157,user_457,2738,2.8575914328580168,1,3,8,56.37176795476178,6,2025-08-26 20:00:59.150946
2158,user_315,260,2.8228906920416796,1,3,13,65.14003587009168,6,2024-12-31 20:00:59.151944
2159,user_523,135,4.419088609799719,1,3,8,62.8669926698293,4,2025-05-17 20:00:59.151944
2160,user_914,870,2.5250021482401523,1,2,12,68.76051009937932,1,2025-03-02 20:00:59.152947
2161,user_36,102,3.723624606466839,1,3,14,58.79742483703485,5,2025-09-15 20:00:59.152947
2162,user_609,881,3.0426031809778182,1,4,11,98.18172099648392,2,2025-07-01 20:00:59.154486
2163,user_391,1681,2.4697551553660233,1,2,12,93.3954131795238,2,2025-01-19 20:00:59.155359
2164,user_576,1312,3.975484403092601,0,2,14,83.63098750156716,3,2025-03-25 20:00:59.156429
2165,user_684,534,4.293068596732681,1,2,11,77.86521510749094,8,2025-02-22 20:00:59.158024
2166,user_556,2738,2.7826325159379044,0,2,12,15.457215147476756,3,2025-10-18 20:00:59.158024
2167,user_152,218,2.2524012063484222,0,4,11,49.36908549693501,3,2025-07-20 20:00:59.159031
2168,user_968,1500,2.955332538271793,1,2,9,87.7598373161419,3,2025-11-26 20:00:59.160031
2169,user_276,332,2.837838979544902,1,3,9,54.62479676028885,2,2025-04-26 20:00:59.161078
2170,user_165,2741,4.7795911452411755,1,4,11,33.466500998454485,1,2025-08-13 20:00:59.163034
2171,user_258,1745,3.9756118677496914,0,3,11,53.77707777946096,9,2025-05-08 20:00:59.165152
2172,user_748,385,2.196698632320997,1,2,11,54.48732842857352,2,2024-12-30 20:00:59.166163
2173,user_751,826,4.252694505866068,1,3,13,51.151513608322496,7,2025-10-31 20:00:59.166163
2174,user_548,327,4.6260795184830545,1,2,13,35.29228930931016,7,2025-06-18 20:00:59.167198
2175,user_956,1084,2.9385155266828153,1,4,13,98.00004155993314,6,2025-09-18 20:00:59.168160
2176,user_773,956,5.0,1,3,13,57.1682326099271,7,2025-12-09 20:00:59.168160
2177,user_128,1272,3.3446348345626533,1,4,11,0.44016090037862776,7,2025-11-11 20:00:59.169227
2178,user_65,2765,3.2592166390630735,1,4,14,79.5545276418689,4,2024-12-27 20:00:59.170269
2179,user_736,1069,3.0792261957981424,1,4,12,45.72942793956835,1,2024-12-25 20:00:59.170952
2180,user_920,1596,3.2023549342948607,0,3,14,10.603775602859145,8,2025-02-03 20:00:59.171963
2181,user_645,1752,4.551138554150839,1,3,13,65.25263171326468,3,2025-08-22 20:00:59.173471
2182,user_388,1431,2.274918416481649,1,2,9,38.18717522345004,7,2025-03-13 20:00:59.174481
2183,user_581,369,3.8994806140666824,1,3,10,89.54453137667079,4,2025-07-23 20:00:59.176483
2184,user_68,88,2.465452637893767,1,3,13,79.70839554491036,9,2025-05-18 20:00:59.177988
2185,user_209,2560,3.4273217111714116,0,2,10,2.3322331562675047,9,2024-12-30 20:00:59.180001
2186,user_393,1073,2.9721269109380684,1,3,9,28.153504010689435,9,2025-08-04 20:00:59.180001
2187,user_866,1377,2.9035205737166487,1,4,11,6.316773090303107,3,2025-05-22 20:00:59.180998
2188,user_497,2095,2.7229320268948385,0,4,12,6.981630148556195,9,2025-12-02 20:00:59.182012
2189,user_186,1005,2.618229706462068,1,2,14,83.69393582910502,2,2025-05-05 20:00:59.183567
2190,user_389,159,3.0612109623586226,1,4,10,43.90530399513951,4,2025-07-21 20:00:59.184613
2191,user_102,2859,4.54203698862506,1,3,14,1.7300122740969814,5,2025-11-12 20:00:59.186194
2192,user_871,1389,3.833387006318799,1,2,11,88.39018149601085,4,2024-12-12 20:00:59.186194
2193,user_756,2512,2.4424575964623503,1,2,8,1.4086412162869988,3,2025-03-31 20:00:59.188205
2194,user_691,743,3.8664981191164842,1,3,14,74.63726747923538,3,2025-08-21 20:00:59.189206
2195,user_407,1692,3.43451563776542,1,4,14,68.58151661720446,7,2025-01-16 20:00:59.190250
2196,user_736,1378,2.3199882118447026,1,3,14,47.87016818903501,6,2025-07-11 20:00:59.192850
2197,user_575,1693,3.8935700586218163,1,4,13,96.63334338056437,2,2025-07-18 20:00:59.194105
2198,user_181,2897,3.100731271921772,1,4,10,5.626994421471054,7,2024-12-15 20:00:59.195650
2199,user_567,877,4.209024484210693,1,4,11,38.81810010456791,9,2025-03-20 20:00:59.197661
2200,user_193,1690,3.6622572985442554,1,2,12,26.718451717068547,6,2025-06-09 20:00:59.198804
2201,user_524,1864,3.8208030801945534,1,4,14,86.01204413974133,1,2025-09-30 20:00:59.199769
2202,user_11,1522,3.9465467549546287,1,2,11,68.37648247778044,3,2025-03-23 20:00:59.201481
2203,user_905,2350,4.434912840698006,1,3,10,3.4254573626639973,5,2024-12-30 20:00:59.202544
2204,user_744,2527,4.007190998122133,1,4,8,34.86444783557177,7,2025-01-24 20:00:59.203521
2205,user_142,2375,3.095105479671421,1,2,14,7.559587516160127,3,2025-11-07 20:00:59.204489
2206,user_493,2600,2.60851978382839,1,4,14,13.105574342166747,4,2025-11-04 20:00:59.204997
2207,user_477,2536,2.9564258038322873,1,2,13,57.48052248722807,9,2025-11-18 20:00:59.207330
2208,user_341,2785,2.910956886194674,1,3,13,3.81316140914727,1,2025-11-04 20:00:59.208340
2209,user_870,467,2.194463272835758,1,4,13,93.21300733011637,5,2025-09-29 20:00:59.209893
2210,user_273,1720,3.5186657327954873,1,3,13,39.01132134339331,1,2025-10-22 20:00:59.210860
2211,user_764,44,3.6831800670447112,0,4,13,40.23262567586612,1,2025-09-21 20:00:59.211857
2212,user_400,2293,4.56356277342011,1,4,14,68.85244021078648,1,2025-08-22 20:00:59.212856
2213,user_614,2873,3.5901704728501374,1,3,12,6.370310248432631,5,2025-08-12 20:00:59.213856
2214,user_133,2849,4.137200602526179,1,3,13,17.163501741537303,8,2025-05-23 20:00:59.215363
2215,user_266,2007,3.075261602784348,1,3,14,79.15326186668919,5,2025-10-04 20:00:59.216933
2216,user_869,2817,3.5871445381549405,1,4,11,70.75368316269962,6,2025-11-08 20:00:59.217942
2217,user_825,110,3.2571028776081414,1,2,8,9.728136834686218,1,2025-10-30 20:00:59.218942
2218,user_879,106,2.3992843219584055,1,2,11,0.017551585792330293,9,2025-02-15 20:00:59.221173
2219,user_380,2082,3.5590076843964575,1,3,14,36.857669383813764,5,2025-10-16 20:00:59.222175
2220,user_214,1958,3.636530701213986,1,2,9,72.90376238201884,2,2025-04-04 20:00:59.222175
2221,user_35,1433,2.6958008434511,1,2,9,37.35485541413044,6,2025-10-18 20:00:59.223683
2222,user_938,995,3.2077453251570227,0,4,8,55.799231489345246,4,2025-08-26 20:00:59.225694
2223,user_388,424,3.3712290739095945,1,3,12,36.970272200928534,8,2025-01-25 20:00:59.225694
2224,user_718,1855,3.163876005575011,1,4,9,74.98392836454242,4,2025-10-08 20:00:59.227215
2225,user_641,688,2.5762759075502837,1,2,10,95.90084436087261,8,2024-12-27 20:00:59.228224
2226,user_747,2717,4.060385232775681,1,3,13,36.122273523428625,1,2025-11-12 20:00:59.230224
2227,user_523,688,3.6804673335839917,1,3,10,39.028910083933376,1,2025-05-23 20:00:59.231227
2228,user_225,563,3.2734083354198518,1,2,13,2.515412982311316,5,2025-11-01 20:00:59.234379
2229,user_644,65,2.925354694128388,1,3,9,59.98679731550472,5,2025-10-14 20:00:59.236378
2230,user_695,179,3.4136158399374534,0,4,9,30.932677421681188,5,2025-03-25 20:00:59.237377
2231,user_288,1948,4.652387167021704,1,3,11,28.1535111173546,4,2025-10-18 20:00:59.238379
2232,user_697,1621,2.3661033973606234,1,4,12,19.924187858461817,8,2025-07-20 20:00:59.240379
2233,user_549,1678,3.4799479488889427,1,3,9,77.86746648941558,1,2024-12-20 20:00:59.240379
2234,user_805,1830,4.739355784016737,1,4,14,25.779766216412593,1,2025-05-16 20:00:59.241889
2235,user_149,30,3.3601293294163876,1,3,10,6.395789681913955,1,2025-10-16 20:00:59.243681
2236,user_8,2894,3.916419746475033,1,2,10,93.91958616345015,6,2025-08-31 20:00:59.245270
2237,user_59,1109,4.616628465859994,1,2,11,7.091347318006768,9,2025-08-14 20:00:59.246317
2238,user_155,1996,3.9548357073755867,1,4,10,84.6700723350401,2,2025-10-18 20:00:59.248261
2239,user_270,1123,2.6287443656859453,1,4,9,92.04410364836187,4,2025-07-13 20:00:59.248843
2240,user_329,115,4.215417557963262,1,3,14,6.845316942604274,5,2025-05-26 20:00:59.249885
2241,user_843,1294,4.691073891675342,1,4,13,34.24725562358289,8,2025-05-27 20:00:59.250854
2242,user_605,1111,3.1316066151809654,1,4,9,92.6481100711403,3,2025-11-04 20:00:59.251852
2243,user_906,947,3.5773633598676016,1,3,9,64.7578490806859,2,2025-11-28 20:00:59.252853
2244,user_611,1210,2.194498616057416,0,2,11,33.81157716595627,9,2025-10-01 20:00:59.254360
2245,user_269,2809,2.540050914776923,1,3,14,71.39554232420517,4,2025-08-17 20:00:59.256371
2246,user_685,2220,4.0495274386477105,1,2,11,6.963631597506059,1,2025-08-16 20:00:59.257388
2247,user_511,2659,3.4481767713127525,1,4,10,62.28761490206036,6,2025-07-29 20:00:59.258905
2248,user_103,981,3.4840113209177894,0,2,10,27.457175064974148,6,2025-10-29 20:00:59.259915
2249,user_271,1925,2.926758413245106,1,4,9,75.01548237949217,5,2025-06-26 20:00:59.260949
2250,user_887,802,2.8463193793260753,1,4,14,47.21967027581214,7,2025-01-04 20:00:59.262953
2251,user_764,1702,3.425256181710759,1,3,11,65.147608792907,9,2025-09-16 20:00:59.263913
2252,user_260,305,2.4659680762185805,1,2,14,33.61096462206038,8,2025-06-11 20:00:59.265424
2253,user_712,2570,2.8186690143219604,1,3,9,0.0252454490562104,6,2025-12-11 20:00:59.266431
2254,user_557,855,2.7645873027126373,1,4,13,72.43840683290519,7,2025-10-16 20:00:59.267443
2255,user_941,239,3.7161875926600936,1,4,14,66.66474656992774,6,2025-04-15 20:00:59.269319
2256,user_448,1249,3.878568587713974,1,3,14,36.44268113352511,4,2025-09-18 20:00:59.270998
2257,user_154,795,3.125604724220947,1,4,12,62.6947855241755,9,2025-08-12 20:00:59.272033
2258,user_416,1398,4.472108188142599,1,3,10,63.09104308617446,7,2025-01-13 20:00:59.273581
2259,user_347,2327,4.57109153926979,1,2,8,23.212860210310595,4,2024-12-22 20:00:59.274621
2260,user_581,377,3.486198428413308,1,3,10,95.04422340901033,5,2025-10-28 20:00:59.275592
2261,user_502,2418,2.7348340496263823,1,4,13,57.39453222006694,9,2025-09-22 20:00:59.277099
2262,user_549,419,3.6530290055936048,1,4,9,9.597569669611294,4,2025-02-23 20:00:59.278149
2263,user_53,1632,2.7764248608469337,1,4,13,82.26561227103853,9,2025-01-26 20:00:59.279140
2264,user_374,500,5.0,1,3,11,21.569136797288568,5,2025-03-15 20:00:59.281147
2265,user_54,1724,2.7720372566908362,0,2,10,60.53856080126564,8,2025-04-22 20:00:59.282234
2266,user_710,2090,3.700175244274534,1,3,10,52.27060031721019,2,2025-01-31 20:00:59.282234
2267,user_641,129,3.2153699669909255,1,4,13,68.02129044188825,1,2025-09-21 20:00:59.284044
2268,user_13,2128,3.3240390056067532,1,3,9,34.16160624673348,2,2025-08-30 20:00:59.285091
2269,user_381,1478,3.7049523276344596,1,4,11,71.88190436735273,4,2025-08-09 20:00:59.286093
2270,user_382,2364,4.324802432556443,1,2,9,57.69109078983793,3,2025-12-04 20:00:59.287641
2271,user_858,1429,3.1463285231752,1,3,14,66.70015326808647,1,2025-03-17 20:00:59.289685
2272,user_536,2019,3.8483286516216095,1,4,8,72.29999595937491,2,2024-12-17 20:00:59.290683
2273,user_429,14,1.5345343798820095,1,3,11,32.38960277710513,9,2025-05-16 20:00:59.291681
2274,user_530,1861,3.8338081711021843,1,3,14,62.063695212075956,5,2025-06-29 20:00:59.293450
2275,user_445,2072,3.6016416172300554,1,3,8,57.81406737621203,6,2025-10-18 20:00:59.294490
2276,user_132,780,3.294053539165422,1,4,10,19.734141819128926,4,2025-10-26 20:00:59.296155
2277,user_245,2550,2.6999136620601405,1,3,9,11.114782746710894,9,2025-01-31 20:00:59.296155
2278,user_684,2026,3.684022466611637,1,2,14,24.27982645276724,2,2025-07-21 20:00:59.297761
2279,user_958,620,2.644627690563539,1,4,13,92.2120389797637,5,2025-03-14 20:00:59.299771
2280,user_597,2854,2.605032911359098,1,3,8,57.766917023316886,3,2025-10-14 20:00:59.300772
2281,user_195,618,3.5680437598681256,1,3,11,54.92200998868637,3,2025-08-28 20:00:59.301770
2282,user_439,179,3.951695642695062,1,2,14,17.873123659522705,2,2025-04-04 20:00:59.302771
2283,user_301,1566,3.224677745980677,1,3,10,85.75465899368449,4,2025-10-25 20:00:59.304799
2284,user_444,1943,3.5008324052519137,1,3,14,7.676673714498072,2,2025-08-16 20:00:59.304799
2285,user_369,2256,4.626444497706829,1,2,11,79.15410063332003,9,2025-07-09 20:00:59.307334
2286,user_751,1970,4.329067446345658,1,3,13,75.70320544610331,9,2025-08-29 20:00:59.308845
2287,user_304,338,4.03831056750875,1,4,13,40.998131935628265,5,2025-11-30 20:00:59.309862
2288,user_251,1751,4.0152197811973895,0,3,11,6.7757282778601935,4,2025-10-11 20:00:59.311853
2289,user_874,2558,2.4750252110346866,1,2,8,59.569349581356825,5,2025-10-26 20:00:59.312857
2290,user_136,129,3.6472186005225944,1,3,13,53.02219865915261,1,2025-04-29 20:00:59.314856
2291,user_960,57,2.8959873885154597,1,2,8,70.62281699579736,7,2025-04-13 20:00:59.316374
2292,user_144,414,2.781088837784838,1,3,9,39.27998571004826,1,2025-10-17 20:00:59.317402
2293,user_346,154,3.1259827314319972,0,2,10,7.016193621099043,7,2025-08-26 20:00:59.318911
2294,user_46,2254,3.034943997934704,1,2,9,38.89584856279373,1,2025-10-26 20:00:59.319920
2295,user_190,139,4.5873988466908155,1,4,11,57.37693055793639,1,2025-08-22 20:00:59.321436
2296,user_452,1339,4.027698455891667,1,3,12,79.65536231013203,6,2025-11-25 20:00:59.322438
2297,user_211,1683,3.2175241858202224,1,4,9,36.20558501724914,6,2025-10-20 20:00:59.323948
2298,user_539,1612,3.6095975242105034,1,3,9,68.22263767059911,6,2025-02-14 20:00:59.326016
2299,user_444,2068,3.755863137651656,1,2,11,3.180204081967042,2,2025-08-06 20:00:59.327475
2300,user_358,1156,2.5137746811564976,1,2,9,50.78500727175616,8,2025-03-05 20:00:59.329485
2301,user_2,1594,3.233033374139302,0,4,13,62.17593860953973,1,2025-05-25 20:00:59.329485
2302,user_291,2389,3.198019124286695,1,2,9,51.513767346110065,7,2025-10-05 20:00:59.332003
2303,user_13,2145,2.851814053123375,1,3,8,76.72159531726803,7,2025-08-22 20:00:59.333670
2304,user_206,1887,4.227317696530874,1,3,14,87.75817725333674,2,2025-03-16 20:00:59.333670
2305,user_912,1825,4.049446979547282,1,4,13,88.96013951243947,5,2025-11-12 20:00:59.336207
2306,user_387,766,3.3348631013533057,1,3,11,70.0624358162301,6,2025-11-10 20:00:59.337203
2307,user_862,2386,4.086970025515566,1,4,13,69.67136003530283,8,2024-12-12 20:00:59.338207
2308,user_570,763,2.3747629281982565,1,4,10,65.61618064448773,4,2025-01-10 20:00:59.340207
2309,user_635,1209,4.364710969175168,1,3,12,0.7541092715998676,6,2025-07-30 20:00:59.340207
2310,user_940,2145,2.311821687748965,1,3,14,9.29116613297033,8,2025-07-27 20:00:59.341714
2311,user_662,1967,3.3229569610205187,1,4,14,53.78282791267486,6,2025-07-04 20:00:59.343331
2312,user_61,1590,2.9807767375589136,1,4,8,42.549141345154325,9,2025-07-04 20:00:59.344342
2313,user_390,1795,3.4718459347621233,1,3,9,67.07971864895678,6,2025-03-27 20:00:59.346063
2314,user_3,1911,2.8525352449155976,1,2,9,19.01258976890813,6,2025-06-13 20:00:59.346063
2315,user_864,2823,3.483997785834212,1,2,11,61.083865658493366,8,2025-08-12 20:00:59.348723
2316,user_646,1163,3.435899265741799,1,2,13,23.945481408550194,8,2025-05-05 20:00:59.349727
2317,user_633,2408,3.7414948799081054,1,4,13,21.526877403285983,5,2025-04-10 20:00:59.350722
2318,user_707,2002,3.576931177684887,1,3,13,55.43616863422734,4,2024-12-25 20:00:59.351723
2319,user_481,2364,3.5103843399217833,1,2,9,71.97614130193321,8,2025-06-05 20:00:59.352722
2320,user_632,1451,4.817304424414632,1,3,13,85.0118868056112,2,2025-01-06 20:00:59.354229
2321,user_646,2528,4.0961012200421685,1,4,12,72.67000841845227,5,2025-01-14 20:00:59.354906
2322,user_418,1491,3.7121808158988716,0,3,12,61.911641735184006,4,2024-12-28 20:00:59.357319
2323,user_447,1859,2.1020351508479775,1,2,12,4.451885141159995,5,2025-07-18 20:00:59.357633
2324,user_91,1874,3.383272375885582,1,3,8,23.132831230695828,2,2025-08-10 20:00:59.357633
2325,user_656,2040,3.7885358274986354,1,4,11,35.252785126385135,4,2025-10-13 20:00:59.359806
2326,user_861,1263,4.115712734156154,1,3,10,49.398726543014035,2,2025-03-31 20:00:59.360806
2327,user_682,72,3.2071007997150285,1,2,9,15.70836476289097,3,2025-01-23 20:00:59.361805
2328,user_311,2855,2.360681647721104,1,3,9,70.50444718255345,7,2025-01-15 20:00:59.362806
2329,user_522,803,3.053041355129171,1,4,12,22.297747478768137,7,2025-04-27 20:00:59.364809
2330,user_595,1896,2.9101821492557955,1,3,10,11.227960583907437,6,2025-02-27 20:00:59.365414
2331,user_335,2011,3.9586616615700625,1,2,10,23.416868619664243,6,2025-09-01 20:00:59.366968
2332,user_797,2069,2.1162027457585437,1,4,10,33.401467075765424,6,2025-03-04 20:00:59.368010
2333,user_334,2699,4.3249594370380215,1,4,8,54.863839169557714,4,2025-07-27 20:00:59.369007
2334,user_146,669,3.48454468640776,1,3,10,83.24780000319089,7,2025-01-19 20:00:59.370102
2335,user_154,2057,3.1889237948080518,1,4,14,18.80487531469086,2,2025-05-15 20:00:59.371063
2336,user_50,1468,3.532744661697527,1,4,9,68.02464906985234,7,2025-02-05 20:00:59.373576
2337,user_398,2181,3.730328417920381,1,4,8,99.17863552879298,1,2025-08-19 20:00:59.374617
2338,user_498,1495,2.483155264144891,1,3,13,53.304328788858314,2,2025-05-09 20:00:59.377021
2339,user_478,1137,2.4759293289047775,1,3,8,54.72927643469817,3,2025-09-17 20:00:59.378539
2340,user_678,2176,1.515815784882074,1,3,8,75.07896749485082,1,2025-05-22 20:00:59.379545
2341,user_518,2038,3.6747731569168716,1,4,9,13.24989562662866,4,2025-01-28 20:00:59.381086
2342,user_665,363,2.5619652502446986,1,3,9,17.033163436986953,5,2025-08-28 20:00:59.382644
2343,user_358,1341,3.599532138151854,1,4,9,9.106635598747259,8,2025-03-31 20:00:59.383652
2344,user_396,106,2.724656030098816,0,2,14,11.809675696667842,4,2025-10-30 20:00:59.384199
2345,user_945,2673,4.1372816993298756,1,3,12,15.460753673704165,7,2025-03-21 20:00:59.386202
2346,user_610,93,3.180953918180494,1,4,13,56.56334514375047,5,2025-06-26 20:00:59.387202
2347,user_775,1497,2.388818596497873,1,3,14,76.03873821805036,4,2025-10-05 20:00:59.388240
2348,user_91,777,3.4166515266701487,1,4,14,55.13375426990761,4,2024-12-30 20:00:59.390204
2349,user_911,2511,2.8816740473183438,1,4,8,36.24598486145605,7,2025-02-13 20:00:59.390204
2350,user_559,2074,3.4894522762309115,1,2,11,26.671648616732103,4,2025-08-08 20:00:59.391710
2351,user_595,1589,3.4220326131610093,1,4,14,71.86953871475389,8,2025-12-10 20:00:59.392756
2352,user_909,393,3.8979684019603695,1,4,12,87.50589641689427,1,2025-05-21 20:00:59.393832
2353,user_624,1713,2.204088973884633,1,4,9,8.985791800004684,3,2025-03-09 20:00:59.395933
2354,user_127,1993,3.878188993813996,1,4,9,50.94018695309703,7,2025-09-14 20:00:59.395933
2355,user_17,619,3.7731993435949147,1,3,10,14.504327166918717,5,2025-09-05 20:00:59.397555
2356,user_7,461,4.112594612398513,1,4,9,49.09250939863308,4,2025-11-19 20:00:59.399597
2357,user_143,2916,4.686184915468151,1,4,13,74.93282557078487,5,2025-02-08 20:00:59.400598
2358,user_873,638,4.393598590252369,1,4,8,68.73763907278713,5,2025-09-30 20:00:59.401595
2359,user_811,2611,3.7346003400634604,1,2,13,11.464780302217648,7,2025-04-28 20:00:59.401595
2360,user_953,804,3.1126206746754876,1,3,9,81.86274411366156,1,2025-03-26 20:00:59.403139
2361,user_5,2420,1.8680985601435205,1,2,9,13.977696593814294,3,2025-10-13 20:00:59.405264
2362,user_220,2396,3.676339699249234,1,3,11,68.16984700828345,2,2025-02-25 20:00:59.406265
2363,user_768,188,2.691246154884842,1,4,13,5.2955800451324535,9,2025-10-31 20:00:59.407381
2364,user_193,1350,3.6150189612477064,1,4,8,23.515557000841703,9,2025-11-15 20:00:59.408455
2365,user_385,2132,3.350703678768671,1,4,12,48.63202272490265,1,2025-08-04 20:00:59.409501
2366,user_656,1106,3.8809147966922466,1,3,14,44.9184768391972,2,2025-10-22 20:00:59.410495
2367,user_599,681,3.8344240311131204,1,2,13,48.96900421608815,8,2025-10-31 20:00:59.412465
2368,user_482,2010,2.441060189303708,1,2,14,98.51262236761242,4,2025-09-29 20:00:59.413465
2369,user_863,1041,3.0863895545102524,1,2,13,2.2561650757327634,2,2025-12-03 20:00:59.413465
2370,user_252,2667,2.1283617493357783,1,4,10,25.4349101197638,6,2025-09-07 20:00:59.414974
2371,user_914,2591,3.1846013643847524,1,2,9,47.95364450430264,7,2025-09-21 20:00:59.417021
2372,user_447,1935,2.7520209735821064,1,2,14,15.67043477959481,1,2025-06-27 20:00:59.418023
2373,user_185,2422,4.944996995463345,1,2,12,19.614079886099855,5,2025-06-21 20:00:59.419021
2374,user_109,1481,3.793919427475893,1,4,14,42.185839236749686,6,2025-04-17 20:00:59.420275
2375,user_786,1517,3.729618322511389,1,2,9,31.256973352295713,9,2025-02-24 20:00:59.422276
2376,user_327,2651,4.409156868159981,1,2,13,59.115500462273914,1,2025-09-19 20:00:59.422276
2377,user_213,2609,3.852952845805683,1,4,9,45.40761443123418,6,2025-11-09 20:00:59.423785
2378,user_264,1063,3.6241720549448035,1,3,11,26.577365681743537,6,2025-04-01 20:00:59.424833
2379,user_736,721,2.897028169144867,1,4,13,81.97931441705587,1,2025-02-01 20:00:59.425795
2380,user_877,2232,3.7928395865503797,1,2,9,14.002568946988559,8,2025-11-13 20:00:59.427303
2381,user_271,2180,3.4779690300891555,1,3,12,94.12216350952906,5,2025-04-21 20:00:59.429311
2382,user_140,482,2.9811410251172044,1,3,9,40.99797258865669,2,2025-10-02 20:00:59.429853
2383,user_174,1851,3.378363501426714,1,2,10,90.39761718765772,5,2024-12-26 20:00:59.431359
2384,user_433,2691,3.5144633854252616,1,3,11,89.54140580670197,7,2025-02-26 20:00:59.432947
2385,user_274,1848,3.3892309965764316,1,2,11,77.90952558129959,6,2025-07-05 20:00:59.433452
2386,user_396,1957,3.457832348242035,1,2,10,54.61545912071964,7,2025-03-13 20:00:59.434494
2387,user_350,133,3.3347671217780026,1,2,9,1.297667065023922,5,2025-06-01 20:00:59.435580
2388,user_679,1847,3.8537329562518217,1,3,12,94.26461464796643,3,2025-01-22 20:00:59.435580
2389,user_435,2863,4.258127209413374,1,2,10,78.39607870610179,2,2025-09-03 20:00:59.436588
2390,user_594,1303,3.0134558620706806,1,4,9,78.76011464616444,2,2025-07-13 20:00:59.437595
2391,user_896,2269,3.0811057523712417,1,3,10,84.32063915253954,5,2025-07-22 20:00:59.437595
2392,user_701,1836,2.9647843864773145,1,2,13,87.19923739971334,1,2025-04-23 20:00:59.438462
2393,user_43,1420,3.0384666378898384,1,2,14,84.06006225041452,4,2025-11-26 20:00:59.438462
2394,user_661,1827,2.6537071400447507,1,2,12,50.70476590476781,9,2025-01-14 20:00:59.439461
2395,user_888,1592,4.554490119263551,1,4,11,57.98938307492809,3,2025-03-04 20:00:59.440460
2396,user_728,871,2.9810326521861876,0,4,10,83.04595904293615,6,2025-09-12 20:00:59.440460
2397,user_41,1811,3.8697522982690318,1,2,9,93.22626512430391,5,2025-05-05 20:00:59.440460
2398,user_773,38,3.4476978303438788,1,4,11,44.4900049820538,6,2025-09-10 20:00:59.441965
2399,user_968,164,2.4728123974628344,1,3,10,1.6305901786504817,2,2025-11-23 20:00:59.441965
2400,user_805,292,2.934096607873923,1,3,9,85.46738702503018,3,2025-08-10 20:00:59.443039
2401,user_538,2909,3.1556761915070255,1,2,14,23.87384453625999,6,2025-11-24 20:00:59.443680
2402,user_800,2720,3.108442032327125,0,3,9,19.92264426559749,3,2024-12-17 20:00:59.443680
2403,user_790,2264,3.0161511554082208,1,4,8,12.71192918570485,4,2025-03-14 20:00:59.444814
2404,user_952,716,3.3815053299589453,1,2,14,64.82760244270396,4,2025-09-23 20:00:59.445451
2405,user_495,1172,3.5532325271825496,1,4,9,62.65033072660964,3,2025-06-09 20:00:59.446306
2406,user_928,2122,2.617378518681969,1,4,11,95.01076426861393,4,2025-08-31 20:00:59.446306
2407,user_240,252,2.3649585330145695,1,2,9,5.976660764134623,6,2025-05-14 20:00:59.446306
2408,user_501,1177,3.7617404323807033,1,3,8,15.774367288552726,6,2025-07-30 20:00:59.446306
2409,user_756,1054,4.0432108575314505,1,4,14,1.5499916690321025,1,2025-05-19 20:00:59.448072
2410,user_646,446,3.3220494899846402,1,4,12,32.667810380951224,8,2025-05-08 20:00:59.449166
2411,user_321,1691,2.7555347522982476,1,3,9,83.85776663714249,7,2025-09-11 20:00:59.449166
2412,user_805,1911,3.4608010757314953,1,2,14,7.519284770175638,9,2025-03-17 20:00:59.450177
2413,user_406,693,4.235912186342682,1,3,11,80.24027817219871,4,2025-07-31 20:00:59.450177
2414,user_864,923,2.5268355132063434,0,2,11,94.56561653820842,1,2025-04-20 20:00:59.451180
2415,user_827,2564,4.303412556220669,1,3,14,11.776399227661848,1,2025-01-31 20:00:59.451180
2416,user_264,734,3.5377200858979165,1,3,12,81.34154143208688,4,2025-03-21 20:00:59.452167
2417,user_527,1411,3.1361762437959815,1,4,13,81.61255736539539,5,2025-11-05 20:00:59.453181
2418,user_392,1596,2.5688465319181595,1,4,14,25.708496580372277,3,2025-02-09 20:00:59.453181
2419,user_164,2072,2.7065208950118578,0,2,8,42.907276745500326,3,2025-02-06 20:00:59.454791
2420,user_435,181,3.3555444271039288,1,2,12,48.74111778902902,7,2025-10-03 20:00:59.455903
2421,user_660,1315,4.226883129991995,1,3,10,2.5036336237443835,4,2025-08-25 20:00:59.456897
2422,user_692,2298,3.5417742616639347,1,3,9,26.598253937994187,2,2024-12-15 20:00:59.457885
2423,user_720,2617,2.6391517729922787,1,3,12,28.442032390379158,6,2025-03-19 20:00:59.458906
2424,user_125,2096,2.9443227988072445,1,2,8,44.98958559880934,4,2025-04-07 20:00:59.458906
2425,user_168,1986,2.8949221979045627,1,3,14,11.468124237867016,1,2025-02-08 20:00:59.460511
2426,user_629,547,3.7632718701726513,1,4,10,45.62885985520006,6,2025-01-10 20:00:59.461605
2427,user_502,56,3.459670285212875,1,4,12,54.57313273906327,2,2025-03-29 20:00:59.462614
2428,user_258,1500,4.788226454417077,1,2,14,99.21514352300481,6,2025-05-27 20:00:59.462614
2429,user_9,476,3.687234436715552,0,3,13,70.04774696901418,6,2025-06-15 20:00:59.463612
2430,user_817,1582,4.48770686596444,1,4,10,6.204526042182956,5,2025-11-07 20:00:59.465203
2431,user_489,4,4.190084416307997,1,4,8,47.66196381514484,6,2025-02-15 20:00:59.467373
2432,user_837,602,2.2570833802264083,1,2,10,41.923694149736015,8,2025-04-18 20:00:59.467373
2433,user_119,949,4.222361131037089,1,2,10,16.313987622788297,6,2025-05-06 20:00:59.470067
2434,user_394,937,3.696130624071283,1,4,14,94.1803359600977,2,2025-07-08 20:00:59.471013
2435,user_161,41,3.870395729017618,1,3,10,5.700659464969238,8,2025-09-28 20:00:59.472062
2436,user_673,2708,2.9181770805924856,1,2,8,46.293733357718345,5,2025-09-17 20:00:59.473666
2437,user_582,1292,4.335478786047906,1,4,12,10.636413302716562,8,2025-12-03 20:00:59.474772
2438,user_177,2843,3.423913927033869,1,4,8,85.19307491238942,9,2024-12-22 20:00:59.475763
2439,user_658,488,3.0171379163287457,1,4,9,4.891182527848703,1,2025-07-27 20:00:59.476715
2440,user_647,1385,4.266991203016078,0,4,8,67.50548307334661,8,2025-09-19 20:00:59.477873
2441,user_375,221,2.844418077662385,1,2,12,18.174758268909365,6,2025-05-30 20:00:59.478971
2442,user_742,1036,2.196770549479793,1,2,11,6.767516322559997,4,2025-10-16 20:00:59.479966
2443,user_968,2260,2.7558461066442543,1,2,9,31.803118408646213,7,2025-02-15 20:00:59.479966
2444,user_928,1983,3.710135542633731,1,3,11,42.98457437063502,5,2025-07-10 20:00:59.481573
2445,user_818,2674,4.0935344689883,1,2,14,36.67165006629388,7,2025-08-31 20:00:59.482346
2446,user_239,32,3.6419966953265677,0,3,10,72.38286818229452,9,2025-04-12 20:00:59.482346
2447,user_734,1018,4.2823736775784464,1,4,10,32.08242558583879,1,2024-12-14 20:00:59.483449
2448,user_110,1144,4.858823843340403,1,2,12,72.56918489147458,2,2025-11-30 20:00:59.484055
2449,user_487,1556,3.170589814501678,0,4,8,93.2798056872979,1,2025-06-25 20:00:59.484055
2450,user_76,1988,3.0653374499463095,1,3,10,99.07621555393796,3,2025-09-10 20:00:59.485216
2451,user_52,495,3.3584609761927555,1,2,12,52.57888435355464,1,2025-06-13 20:00:59.485216
2452,user_266,1003,3.703521339312436,1,3,12,97.82485938889842,7,2025-11-23 20:00:59.486153
2453,user_347,422,3.8566649404681304,1,3,13,67.53879242455632,4,2025-04-04 20:00:59.487160
2454,user_231,897,3.377551365396698,1,3,14,70.10671831098773,8,2025-10-08 20:00:59.487160
2455,user_471,669,2.698870911358977,1,2,13,91.6000542595843,6,2025-09-24 20:00:59.488157
2456,user_595,1235,3.2402501165678292,1,4,11,66.73986245608076,6,2025-09-10 20:00:59.489152
2457,user_519,2441,3.2301724024128218,1,2,9,86.91828639805104,8,2025-04-02 20:00:59.489152
2458,user_907,2132,3.4122724076933935,1,2,8,83.07927228390741,4,2025-05-14 20:00:59.490158
2459,user_706,2317,4.332497363317619,1,3,11,60.747839450311815,5,2025-11-15 20:00:59.491161
2460,user_684,1872,2.2807899153406135,1,2,13,14.980962742445547,3,2024-12-24 20:00:59.491763
2461,user_115,1940,2.5846378684730884,1,2,11,35.28060092659058,9,2025-02-26 20:00:59.491763
2462,user_932,1844,2.4666162226576693,0,3,11,32.24711128461346,8,2025-03-30 20:00:59.491763
2463,user_274,86,3.118092077648945,1,2,10,8.52140869017709,3,2025-10-25 20:00:59.493536
2464,user_829,1729,2.918545421857009,1,3,14,81.56159153470276,8,2025-06-26 20:00:59.493941
2465,user_747,22,2.566831691406069,1,2,14,99.49499861219418,4,2025-08-01 20:00:59.494643
2466,user_273,2665,2.592438155047075,1,2,14,36.689566186537505,7,2025-02-18 20:00:59.495630
2467,user_689,2431,2.8985158284260573,1,3,13,9.497750804983996,8,2025-09-01 20:00:59.495937
2468,user_835,1316,2.8561812694814934,1,3,13,66.01194442631304,8,2025-10-04 20:00:59.495937
2469,user_22,701,2.937167307363739,1,4,12,43.216725517398594,1,2025-06-18 20:00:59.497671
2470,user_194,875,4.763342288762924,1,4,12,67.62468120618401,4,2025-09-06 20:00:59.497671
2471,user_678,2451,2.7642570836097806,1,2,11,58.98419118882183,4,2025-02-19 20:00:59.498764
2472,user_888,2414,2.605323817048711,1,3,8,87.71587082700529,6,2025-05-07 20:00:59.498764
2473,user_942,2560,2.280786640612298,1,4,12,6.569042934064672,3,2025-11-03 20:00:59.499766
2474,user_932,2526,2.376558063480518,1,4,10,56.06429251459861,9,2025-10-22 20:00:59.499766
2475,user_363,2194,2.933741138009448,1,4,9,65.88872657669322,9,2025-02-24 20:00:59.500766
2476,user_348,616,2.4222976646078433,1,2,14,18.391205123282507,2,2025-07-07 20:00:59.500766
2477,user_327,2782,2.7412791702892383,1,3,14,9.929334629680364,6,2025-08-27 20:00:59.500766
2478,user_240,2482,3.480175076178484,1,4,10,68.01773513401055,7,2025-10-16 20:00:59.502363
2479,user_630,1599,3.2480105317606243,1,3,11,31.913951553419327,4,2025-03-31 20:00:59.502363
2480,user_60,1795,3.8741165864648153,1,2,8,18.75977517713744,6,2025-12-10 20:00:59.503466
2481,user_928,2609,2.880777166425219,1,4,14,6.44903638950427,9,2025-01-22 20:00:59.504377
2482,user_166,1360,2.7299207134938976,1,3,12,47.94115148965845,9,2025-04-21 20:00:59.504377
2483,user_452,198,3.398114148555047,1,2,14,93.94336228961873,6,2025-04-19 20:00:59.505507
2484,user_906,1183,3.095961002518057,0,3,12,17.23929227470097,6,2025-03-26 20:00:59.507013
2485,user_501,2293,5.0,1,4,10,14.90422091752075,3,2025-06-24 20:00:59.507520
2486,user_109,806,3.653160678534435,1,2,10,40.40066230802025,3,2025-10-28 20:00:59.508530
2487,user_661,490,4.008631939629553,1,2,12,45.06882886051886,8,2024-12-26 20:00:59.509136
2488,user_423,500,3.4163082083907375,1,4,10,87.03275937046921,9,2025-10-07 20:00:59.510286
2489,user_9,201,4.049473786154589,1,3,11,28.73799152555684,7,2025-10-23 20:00:59.510286
2490,user_16,522,3.2626107293808024,1,2,11,65.01792222182672,5,2025-01-14 20:00:59.511314
2491,user_890,2905,3.917742734101915,1,4,12,25.610706046045607,1,2025-10-14 20:00:59.511314
2492,user_654,2885,2.912169034005137,1,2,12,36.85200922260389,3,2025-02-21 20:00:59.513313
2493,user_503,538,2.9429611782948255,1,4,14,20.808721485011027,3,2025-10-28 20:00:59.514314
2494,user_215,1623,2.729923572573826,1,2,12,75.10895304423859,9,2025-06-24 20:00:59.514314
2495,user_619,405,3.5373040868666177,1,4,9,5.92727867679772,7,2025-06-22 20:00:59.515937
2496,user_793,2882,2.501454437867327,1,3,8,12.807850898487928,8,2025-06-30 20:00:59.516944
2497,user_30,2035,3.1792284831139273,1,2,8,16.894409145158495,9,2025-05-03 20:00:59.516944
2498,user_633,1101,4.218205119343687,1,3,14,94.61962839485653,9,2025-04-17 20:00:59.517944
2499,user_857,2670,3.5019009448177663,1,4,10,64.88258765006141,4,2025-06-13 20:00:59.517944
2500,user_194,1657,4.671773253311025,1,2,10,73.62375967151179,6,2025-03-30 20:00:59.518944
2501,user_244,2843,3.688141982541804,1,3,10,25.92281950671309,4,2025-04-12 20:00:59.519449
2502,user_425,2401,3.1309176602857685,1,4,11,64.90952736374213,4,2025-08-11 20:00:59.520455
2503,user_111,1022,4.019242764170463,1,4,11,80.45295997250005,1,2025-11-09 20:00:59.520455
2504,user_285,2277,3.3335636818340095,1,2,11,22.03210287124283,3,2025-03-02 20:00:59.521559
2505,user_468,1241,2.6346818807786634,0,2,8,33.692867264707914,2,2025-01-15 20:00:59.521559
2506,user_374,2451,4.387572275305716,0,4,8,60.674769032553066,2,2025-01-31 20:00:59.523672
2507,user_959,1621,4.429301478312249,1,2,13,67.37349274906515,9,2025-09-28 20:00:59.524676
2508,user_142,1046,2.327840351196706,1,3,13,55.90065389858901,5,2025-04-09 20:00:59.525680
2509,user_381,1703,3.8733893616917032,1,4,14,70.30635376375156,5,2025-10-23 20:00:59.525680
2510,user_969,987,3.834311954424899,1,4,12,31.561362602122067,5,2025-01-08 20:00:59.525680
2511,user_776,2051,4.498909607204885,1,3,8,75.90554097105976,6,2025-05-18 20:00:59.527291
2512,user_259,929,3.6818152038521035,1,4,14,99.06955658991805,5,2025-03-28 20:00:59.528297
2513,user_141,2844,3.278680747288998,1,2,12,77.39607998232103,5,2025-02-14 20:00:59.528297
2514,user_287,785,4.104023023771774,1,4,12,98.95632818291398,2,2025-03-03 20:00:59.529299
2515,user_967,70,4.062704339737922,1,2,14,85.97038882047438,7,2025-11-25 20:00:59.530298
2516,user_304,190,3.4283421868362574,1,4,13,48.8586052555819,4,2025-05-14 20:00:59.530298
2517,user_202,2025,3.3729277230735577,1,3,11,40.18695156492489,1,2025-05-01 20:00:59.531298
2518,user_750,1141,3.2981498927306063,1,4,10,22.885827582349705,1,2025-04-08 20:00:59.531804
2519,user_834,1165,2.974302536403738,0,3,13,14.49920420027052,3,2025-01-14 20:00:59.532309
2520,user_946,2490,3.51434935794495,1,3,8,49.85074665241014,1,2025-06-07 20:00:59.532309
2521,user_112,1204,2.5391410817590425,1,3,13,85.54675291161054,7,2025-08-03 20:00:59.533820
2522,user_952,2050,3.8750397724401466,1,4,11,26.54965638385357,9,2024-12-26 20:00:59.533820
2523,user_106,87,2.65619201042061,1,4,14,76.49393184016161,4,2025-11-01 20:00:59.534826
2524,user_815,2138,3.7840361404200853,1,3,14,52.47292604295243,8,2025-09-10 20:00:59.534826
2525,user_685,2523,4.52042042038608,1,4,13,27.789439784074975,9,2025-11-01 20:00:59.535827
2526,user_770,2680,3.7077154275270745,1,4,9,29.54703428875134,4,2025-11-06 20:00:59.535827
2527,user_949,2099,4.426923144913529,1,4,12,15.759032215646862,7,2025-02-12 20:00:59.536827
2528,user_322,1822,3.5369737690603675,1,3,13,64.26944165480496,5,2025-10-24 20:00:59.537826
2529,user_822,966,2.3840706444640114,1,2,11,56.994471641576105,2,2025-08-23 20:00:59.537826
2530,user_868,1393,2.8780634414863373,1,4,14,37.711706417168024,2,2025-04-17 20:00:59.538856
2531,user_611,1020,2.1690612431196574,0,4,14,48.5969647463809,3,2025-09-22 20:00:59.539854
2532,user_360,287,3.207573866464918,1,4,13,71.40027085235114,3,2025-08-25 20:00:59.540853
2533,user_845,1730,3.113260770120834,1,2,13,65.76169493263143,8,2025-01-16 20:00:59.541856
2534,user_712,2535,3.699946286555888,1,3,12,36.8030052686807,2,2025-03-24 20:00:59.542361
2535,user_798,320,3.6741679955074855,1,3,12,95.65087462347451,3,2025-03-16 20:00:59.543367
2536,user_532,1362,3.241464972588793,1,4,10,94.33797189947511,4,2025-08-04 20:00:59.543367
2537,user_536,2058,3.3160116118085106,1,2,9,99.7701541808524,3,2025-11-23 20:00:59.544374
2538,user_109,1460,3.833260306068047,1,3,8,76.27568208115785,3,2025-09-17 20:00:59.545374
2539,user_586,2694,3.331245229370739,1,2,8,72.16585494841574,3,2025-08-15 20:00:59.545879
2540,user_814,301,3.6527507948759745,1,4,10,70.64764872194029,4,2025-04-19 20:00:59.546383
2541,user_21,1645,4.217446481338669,1,4,12,0.20112643454357482,7,2025-08-06 20:00:59.546383
2542,user_602,2576,3.498977161071275,1,2,8,4.5109006285336095,7,2024-12-16 20:00:59.546383
2543,user_286,181,3.7983426163391463,1,4,9,5.613698040981574,5,2025-06-11 20:00:59.548012
2544,user_804,2623,3.798621447597906,1,2,14,44.39990207467262,8,2025-08-31 20:00:59.548012
2545,user_332,1810,2.5188135769591224,0,2,13,3.0624182237762865,3,2025-01-28 20:00:59.549019
2546,user_669,504,3.333677642227339,1,3,10,6.862028894741091,6,2025-07-28 20:00:59.550018
2547,user_673,1889,3.090556144444715,1,2,11,30.93668671363111,9,2025-09-20 20:00:59.550018
2548,user_318,413,2.4654411696505893,1,2,9,29.492613384531264,4,2025-02-23 20:00:59.551018
2549,user_206,2024,2.780990719103456,1,3,14,27.5076785137923,3,2025-11-01 20:00:59.551018
2550,user_469,1215,3.0692433196703997,1,2,12,62.58902155388275,5,2025-01-09 20:00:59.552018
2551,user_862,2362,2.6176158550737334,1,3,13,78.99765800618003,4,2025-08-27 20:00:59.553018
2552,user_333,1020,2.6035343518155827,1,4,11,82.2144879570373,7,2025-03-10 20:00:59.553524
2553,user_882,1336,4.332343025131084,0,4,10,88.62613845298132,8,2025-01-14 20:00:59.553524
2554,user_546,1679,4.456495618608796,0,2,13,11.48830910787889,8,2025-07-19 20:00:59.554528
2555,user_760,1553,2.868106134158127,1,3,11,97.799979356129,8,2025-07-27 20:00:59.555536
2556,user_714,1421,4.159748298830666,1,3,13,21.322034907000088,2,2025-11-21 20:00:59.557036
2557,user_964,2495,3.4621630304442994,0,4,13,8.546602296514749,6,2024-12-28 20:00:59.557539
2558,user_507,2504,2.7826284684038374,1,3,14,61.80374805617743,9,2025-09-30 20:00:59.559050
2559,user_537,1456,3.1420304637238834,1,2,8,89.00072746940577,3,2025-05-05 20:00:59.559050
2560,user_280,1812,3.447925440051403,0,3,14,15.160876698531279,8,2025-03-31 20:00:59.560056
2561,user_394,951,3.0457400029887842,0,4,12,35.86241055051941,1,2025-10-23 20:00:59.560056
2562,user_60,242,3.4535322212800446,0,4,10,67.51494194489744,4,2024-12-27 20:00:59.561056
2563,user_36,2081,4.068033502406778,1,2,11,3.3386182631281125,2,2024-12-16 20:00:59.562056
2564,user_303,295,2.7130322936586087,1,2,10,55.17769383122278,7,2025-07-03 20:00:59.562056
2565,user_366,480,3.659852082470353,1,4,11,30.997314236684915,9,2025-11-07 20:00:59.563056
2566,user_929,1039,3.616128741189214,1,4,14,90.54064648584274,2,2025-10-02 20:00:59.563056
2567,user_807,599,4.604009718937003,1,2,13,10.064439431196249,6,2025-11-20 20:00:59.564056
2568,user_73,1625,2.9115770678541586,1,2,13,66.72596459823491,2,2025-11-07 20:00:59.565056
2569,user_443,2365,1.3865501876097077,1,4,12,78.22693506022277,1,2025-05-09 20:00:59.565561
2570,user_281,2722,3.712733556324783,1,3,13,15.886717289590413,6,2025-06-30 20:00:59.565561
2571,user_754,89,3.3582968260895716,1,3,12,43.59491504351223,3,2025-04-13 20:00:59.566567
2572,user_662,2905,3.098493024994706,0,4,12,35.373825277990335,1,2025-04-25 20:00:59.566567
2573,user_689,1782,2.766954797882445,1,2,12,0.42752021687813,2,2025-04-15 20:00:59.568075
2574,user_454,1765,3.2974432521998795,1,4,13,11.463814299675745,4,2025-02-05 20:00:59.568075
2575,user_560,1307,4.225289983241314,1,4,8,5.6839061079819615,4,2025-08-27 20:00:59.569585
2576,user_757,1405,4.245098570923143,1,2,12,69.12404111366102,6,2025-11-22 20:00:59.569585
2577,user_800,1422,3.000280927734605,1,3,9,88.15352980116816,5,2025-10-14 20:00:59.570594
2578,user_87,458,4.506416403889749,1,4,14,40.67405538411148,4,2025-01-05 20:00:59.571596
2579,user_491,1107,3.3836687066496167,1,4,11,68.51612006141862,3,2025-09-07 20:00:59.572596
2580,user_254,1877,4.675544473168501,1,3,11,86.53756121021095,7,2025-03-29 20:00:59.572596
2581,user_698,2468,4.456695545401091,1,2,12,86.03503348085565,2,2025-09-16 20:00:59.573594
2582,user_12,799,3.5700687654247028,0,2,9,81.0384793950634,5,2025-11-19 20:00:59.575022
2583,user_293,476,2.979493691004056,1,2,11,84.73423257683692,8,2025-04-15 20:00:59.575022
2584,user_105,930,2.446858187798213,0,4,12,17.451040239086957,1,2025-11-19 20:00:59.576023
2585,user_909,2820,3.397521118091314,1,3,10,23.00726211037034,2,2025-08-11 20:00:59.576023
2586,user_639,1741,3.90469573212039,1,2,11,61.83403172799412,3,2025-01-22 20:00:59.577529
2587,user_701,1454,3.268563604368652,1,4,11,33.383152370207206,8,2025-12-08 20:00:59.577529
2588,user_164,1449,2.3756285232791514,1,2,12,96.22686816769365,4,2025-02-15 20:00:59.578536
2589,user_54,335,2.69008983745139,1,3,11,40.81646649015549,5,2025-11-12 20:00:59.578536
2590,user_534,1540,2.9872790922605588,1,4,12,6.885753760754154,7,2025-03-16 20:00:59.579536
2591,user_948,1007,3.3450668883612193,0,3,10,51.54685690160083,6,2025-02-23 20:00:59.579536
2592,user_354,2790,2.899456032199816,1,4,8,48.69742516016813,7,2025-05-24 20:00:59.581041
2593,user_843,78,2.3815233707785772,1,4,9,46.360432229088666,5,2025-01-29 20:00:59.581041
2594,user_101,2673,3.774803184484311,1,4,10,89.71332992460653,9,2025-04-22 20:00:59.581041
2595,user_15,1164,4.294789622480326,1,4,14,32.94534359575404,4,2025-03-19 20:00:59.583355
2596,user_623,920,2.7381626559722423,1,3,12,2.891182326655728,7,2025-02-23 20:00:59.583355
2597,user_27,2892,1.9748139418196449,1,4,10,54.6806129514485,5,2025-01-08 20:00:59.584359
2598,user_89,756,3.000579781884848,0,4,13,82.34763759882132,1,2025-06-17 20:00:59.585549
2599,user_305,1214,3.8424392985913576,1,2,11,44.52791168372446,3,2024-12-17 20:00:59.586548
2600,user_386,127,3.9142895431445477,1,2,10,52.251562681605115,5,2025-10-15 20:00:59.588548
2601,user_280,2604,3.4039214738641923,1,3,8,71.65271762214047,1,2025-08-31 20:00:59.588548
2602,user_845,411,2.8935106717248944,1,4,12,17.296952460307512,5,2025-01-28 20:00:59.589537
2603,user_815,605,3.871822178573427,1,4,8,67.24799495825067,2,2025-01-30 20:00:59.590535
2604,user_239,2844,3.8246633031707016,1,3,10,55.37558363378986,7,2025-10-22 20:00:59.592079
2605,user_56,2691,2.75618046325071,1,2,8,79.21057794149581,4,2025-03-21 20:00:59.593096
2606,user_246,2125,3.4440840654577336,1,2,10,68.8639618853709,8,2025-08-27 20:00:59.593602
2607,user_170,2105,2.536652070794637,1,3,9,60.84032276220503,8,2025-11-20 20:00:59.593602
2608,user_218,1761,4.650701195153846,1,3,9,83.1332983608313,6,2025-02-22 20:00:59.594608
2609,user_934,1929,2.6644008579582135,1,4,12,54.188095377268105,4,2025-02-24 20:00:59.594608
2610,user_110,1091,4.431178082235008,0,4,11,76.22007729260825,5,2025-08-26 20:00:59.595608
2611,user_422,2082,2.8076219983946444,1,4,10,3.541897328086374,8,2025-03-02 20:00:59.596113
2612,user_446,2565,4.073271432217151,1,3,8,15.877628628726226,9,2025-09-29 20:00:59.596113
2613,user_156,1289,3.67962638485699,1,2,11,22.091320279659975,2,2025-09-20 20:00:59.596113
2614,user_928,1155,4.057138170203158,1,2,9,87.36893633900836,4,2025-08-09 20:00:59.597769
2615,user_955,1686,4.264509569273239,1,4,11,13.89459359427484,3,2025-02-10 20:00:59.598776
2616,user_509,1367,5.0,1,3,11,85.76112353255574,5,2025-11-19 20:00:59.598776
2617,user_844,2632,4.316075814845386,1,3,8,14.006800549659237,6,2025-10-15 20:00:59.599776
2618,user_942,1422,2.8594029939012855,1,2,13,21.081691795368464,3,2025-06-30 20:00:59.599776
2619,user_367,1642,2.8704579704596846,1,3,14,23.09589701471595,8,2025-01-10 20:00:59.600776
2620,user_439,2245,4.056580005696391,0,4,11,41.64904123690699,6,2025-03-04 20:00:59.600776
2621,user_774,2608,3.3973206017868294,1,2,8,42.15293648470272,7,2025-03-04 20:00:59.601776
2622,user_477,1045,2.466088765485906,1,4,12,8.327088130807404,1,2025-09-28 20:00:59.602776
2623,user_698,2569,2.7792555687659917,1,3,12,39.990862996044065,1,2025-01-19 20:00:59.602776
2624,user_390,629,3.061652445769532,1,4,8,59.54554827078453,5,2025-11-28 20:00:59.603776
2625,user_660,2810,3.257927664012665,1,3,9,58.05493218670399,5,2025-06-25 20:00:59.604776
2626,user_613,105,4.27143186017911,1,4,12,22.434718637176452,1,2025-01-13 20:00:59.605282
2627,user_313,2132,3.986298854566748,1,2,14,28.63965784275785,8,2025-05-25 20:00:59.605282
2628,user_328,2287,2.558836694281669,1,3,12,37.99101608895553,1,2025-05-18 20:00:59.606288
2629,user_464,2846,3.4052850744976753,0,3,14,19.10451606552953,8,2025-02-03 20:00:59.607294
2630,user_443,282,2.912818581793733,1,4,13,92.00515068834888,5,2025-03-01 20:00:59.607800
2631,user_732,161,2.6371912717183563,0,4,14,73.04362943536913,2,2025-08-02 20:00:59.608305
2632,user_833,2167,4.225321468361982,0,2,13,30.963332370839314,3,2025-01-30 20:00:59.608305
2633,user_186,1059,2.940931805030487,1,4,10,51.135564248850095,2,2025-04-14 20:00:59.609311
2634,user_40,2804,4.499363285041549,1,3,14,90.16441777703093,4,2025-01-25 20:00:59.610311
2635,user_63,2699,3.5449006468860444,1,3,12,32.0172290621358,1,2025-02-11 20:00:59.610311
2636,user_966,1415,3.1416124793053593,1,3,14,8.677328205899492,9,2025-06-01 20:00:59.611311
2637,user_651,1050,2.520535866142692,1,2,9,64.9417173643192,5,2025-09-03 20:00:59.611311
2638,user_960,2096,2.3404877325753324,1,4,9,86.6783777938346,4,2025-05-02 20:00:59.612312
2639,user_380,202,2.9564594974158425,0,4,12,7.885556237796953,2,2025-08-27 20:00:59.613312
2640,user_341,8,3.2813599300410394,1,3,10,87.6408488579482,5,2025-05-20 20:00:59.613312
2641,user_943,744,2.5109628686682237,1,4,9,46.60657843187356,3,2025-01-02 20:00:59.614311
2642,user_168,1932,4.061965959351804,1,3,8,44.33956658334408,7,2025-04-03 20:00:59.614817
2643,user_630,591,3.2826159744382752,1,3,9,22.064594467895702,4,2025-02-03 20:00:59.615494
2644,user_174,1243,3.6419157417633117,1,2,10,39.24448441769249,5,2025-09-16 20:00:59.616500
2645,user_288,1076,2.2778348832886413,1,4,14,72.57690156723606,8,2025-04-06 20:00:59.616500
2646,user_217,178,3.031324324738936,1,2,8,88.95551145020065,3,2025-06-22 20:00:59.617500
2647,user_904,1060,4.2038259129284175,0,3,14,13.85067778251592,4,2025-07-06 20:00:59.617500
2648,user_616,1988,3.810803653653099,1,3,11,99.66009120549106,3,2024-12-25 20:00:59.617500
2649,user_801,2035,3.4320571960249864,1,4,14,43.27929242068605,1,2025-12-04 20:00:59.619006
2650,user_635,1172,2.6955513404581266,1,3,12,61.251983535686925,7,2024-12-21 20:00:59.620015
2651,user_10,1439,2.434240175450681,1,4,13,35.75995256864599,1,2025-07-19 20:00:59.620015
2652,user_301,124,3.1942926445163016,1,3,14,21.681372583772294,9,2025-06-14 20:00:59.621013
2653,user_602,2684,3.873146100330046,1,3,10,2.5479433576306554,4,2025-06-23 20:00:59.622014
2654,user_142,2364,3.0723598989988936,1,4,8,77.26313885441417,4,2025-07-07 20:00:59.622014
2655,user_529,380,2.7257676863811526,1,4,13,48.170547984400905,7,2025-06-16 20:00:59.622014
2656,user_228,882,2.9332529599660777,1,4,10,11.424563079197746,7,2025-08-15 20:00:59.623520
2657,user_905,529,3.5151593170265665,1,3,10,59.69513962618158,7,2025-10-12 20:00:59.623520
2658,user_643,2620,2.8120088394976968,1,3,13,97.85131346073123,4,2025-08-23 20:00:59.624528
2659,user_321,2574,3.062411292708916,1,4,9,83.10462473761964,9,2025-10-22 20:00:59.625528
2660,user_878,1121,2.7954657068383124,1,2,9,97.79579469545045,1,2025-10-23 20:00:59.625528
2661,user_339,403,4.1099810499075815,1,4,9,23.438862021728646,2,2025-03-31 20:00:59.625528
2662,user_616,2699,3.9135634623101376,1,3,10,19.179955745659218,4,2025-11-04 20:00:59.627034
2663,user_110,1038,3.863878741271981,1,3,10,16.422068745957073,8,2025-05-07 20:00:59.628041
2664,user_62,1768,3.827534170913247,1,4,14,5.850715144943641,8,2025-10-17 20:00:59.628041
2665,user_671,2196,3.7475923174506516,1,2,10,38.19324558691864,4,2025-01-11 20:00:59.628041
2666,user_698,1858,2.977686188466779,1,2,12,60.58529683838958,5,2024-12-15 20:00:59.629546
2667,user_955,168,3.9172105137162028,1,2,13,28.456671007985168,3,2024-12-26 20:00:59.629546
2668,user_27,1898,4.275641666387794,1,4,11,41.56014668646678,9,2025-02-20 20:00:59.631062
2669,user_226,2074,3.4999305393800215,1,2,10,36.162845934026265,2,2025-11-09 20:00:59.631062
2670,user_602,695,2.4240640591378266,1,3,14,37.17660508266061,1,2025-06-15 20:00:59.631062
2671,user_369,1907,3.457903745527264,1,2,10,29.714931868899164,3,2025-04-06 20:00:59.632826
2672,user_582,1436,4.972008825000221,1,4,9,86.94591028404044,7,2025-11-16 20:00:59.633506
2673,user_420,1701,4.183582702521522,1,2,11,56.82718543000335,2,2025-07-18 20:00:59.633506
2674,user_325,2787,4.50140487597757,1,2,12,69.58946514633787,6,2025-10-07 20:00:59.634512
2675,user_591,2611,3.8429350761107615,1,2,8,61.64589351662961,1,2025-08-22 20:00:59.637509
2676,user_367,1125,1.4437362799537905,1,4,10,98.16874344919869,7,2025-12-08 20:00:59.638510
2677,user_496,964,3.107746733993091,1,3,13,20.372246193051545,8,2025-01-27 20:00:59.638510
2678,user_822,1437,4.108034046126776,1,4,11,53.998105211442024,4,2025-07-19 20:00:59.639513
2679,user_440,77,2.48370878100307,1,4,11,60.00044685092812,5,2025-03-09 20:00:59.639513
2680,user_539,1322,3.574492873065433,1,2,11,2.429270339978029,7,2025-12-05 20:00:59.640512
2681,user_22,161,2.8821711926717084,1,3,12,32.918780664784784,3,2025-02-06 20:00:59.640512
2682,user_595,873,3.3582151018287,1,2,8,49.74113794914262,6,2025-04-19 20:00:59.642019
2683,user_687,2338,4.577866356060446,1,2,11,59.42460053504046,9,2025-06-12 20:00:59.642019
2684,user_368,2748,3.622905220455647,1,4,11,11.273053212952899,5,2025-03-06 20:00:59.643026
2685,user_882,1312,2.908484170079037,1,4,8,32.87621591424769,5,2025-08-13 20:00:59.643531
2686,user_365,2379,2.4971476316882866,1,2,9,34.1788105481226,9,2025-11-21 20:00:59.643531
2687,user_398,1738,2.276901459894243,1,4,14,39.455277839364534,8,2025-11-16 20:00:59.645037
2688,user_820,65,4.437747441630861,1,4,13,98.85030699282062,8,2025-07-06 20:00:59.645552
2689,user_193,1238,2.8448017575224673,1,4,12,90.50139458677754,3,2025-10-24 20:00:59.646220
2690,user_968,1055,2.3202839013249026,1,3,11,55.72476120782569,4,2025-12-04 20:00:59.646220
2691,user_959,1018,4.164886708850215,1,2,9,15.619647873382503,6,2025-02-11 20:00:59.646220
2692,user_465,2130,4.67233741959912,1,4,10,18.813912080632267,5,2025-03-06 20:00:59.647988
2693,user_544,2704,4.362178409653933,1,2,12,77.13801887202277,9,2025-02-28 20:00:59.648995
2694,user_856,1123,2.712657596397186,1,4,14,77.54957516360781,6,2025-03-25 20:00:59.648995
2695,user_517,1271,4.89740776334589,1,2,14,47.2748614388867,9,2025-10-20 20:00:59.649995
2696,user_763,37,3.4102214891583045,1,3,11,67.85298454369423,6,2025-01-23 20:00:59.650996
2697,user_136,1395,4.425932462860885,1,4,12,23.23087763821816,8,2025-04-05 20:00:59.650996
2698,user_646,2310,3.731708723988362,1,4,12,58.92329898300337,1,2025-04-18 20:00:59.651995
2699,user_685,2130,4.1826953921810714,1,2,9,58.30927434640357,7,2025-07-10 20:00:59.651995
2700,user_902,90,3.4300753979362733,0,3,14,95.47536789459569,4,2025-01-15 20:00:59.652995
2701,user_137,518,2.670683959522485,1,2,12,76.81738266838394,8,2025-06-17 20:00:59.652995
2702,user_640,708,2.2683615939571187,1,3,10,26.062929787496646,8,2025-10-07 20:00:59.654500
2703,user_419,497,1.902127269850269,1,2,14,76.52433228607583,2,2025-05-19 20:00:59.654500
2704,user_600,2290,4.183492878275513,1,4,9,85.08126664701223,4,2025-03-13 20:00:59.655507
2705,user_132,2061,3.0113050119072775,1,2,14,27.05348441339891,5,2025-02-06 20:00:59.656517
2706,user_411,629,2.416206779870228,1,4,9,39.55388763611394,3,2025-11-10 20:00:59.657094
2707,user_407,1986,3.022597839552014,1,2,10,25.93662020774835,3,2025-01-26 20:00:59.657094
2708,user_255,240,3.009207869116488,1,3,11,17.48078937751861,1,2025-09-14 20:00:59.657094
2709,user_281,2698,3.548300102585906,1,4,12,59.334365718847174,4,2025-09-23 20:00:59.658760
2710,user_622,1700,2.5970695223732876,1,3,13,24.720570371064944,6,2025-10-15 20:00:59.658760
2711,user_336,813,3.3920975499927835,1,3,10,57.53817036099419,3,2025-07-02 20:00:59.659767
2712,user_843,431,3.6854813800646467,1,4,12,46.35015661671852,7,2025-09-20 20:00:59.659767
2713,user_480,776,1.799026528024727,1,2,10,99.64888661768204,9,2025-06-22 20:00:59.660767
2714,user_887,522,4.75683815653273,1,4,13,90.29767236174567,5,2025-03-21 20:00:59.661767
2715,user_82,418,3.1692968748946075,1,2,12,92.01834030133361,3,2025-09-11 20:00:59.661767
2716,user_241,998,2.4245079095380873,1,3,12,7.010979272431084,4,2025-09-27 20:00:59.662768
2717,user_208,616,4.181320312750712,1,4,14,32.717823801931786,9,2025-01-12 20:00:59.664766
2718,user_547,2435,2.6674540259591066,1,2,12,75.93235685784019,3,2025-10-18 20:00:59.665756
2719,user_928,1428,3.3658932431961093,0,2,10,97.86671869732325,6,2025-01-04 20:00:59.666464
2720,user_257,44,4.653140237864101,1,4,14,96.12079012228597,3,2025-05-18 20:00:59.667463
2721,user_135,1468,2.38654216185238,1,3,10,39.21106691353573,3,2025-06-12 20:00:59.667463
2722,user_572,439,3.094279401710769,1,3,9,2.6724504245174807,9,2025-01-26 20:00:59.667463
2723,user_476,1110,3.070008455437657,1,2,9,34.04665926904077,6,2024-12-29 20:00:59.668968
2724,user_232,2439,3.7834364489780983,1,3,13,72.42282373068362,9,2025-03-12 20:00:59.669975
2725,user_616,897,3.715586728102348,1,3,10,60.639155577630675,6,2025-07-23 20:00:59.669975
2726,user_115,823,4.007539836364698,1,2,13,26.070863899375052,9,2025-06-26 20:00:59.670975
2727,user_458,1603,3.5290452360673545,1,4,11,78.86177493071051,1,2025-09-19 20:00:59.671975
2728,user_734,1276,4.310586316139304,0,4,11,91.98941808189646,8,2025-04-16 20:00:59.671975
2729,user_548,2447,3.5483858593462005,1,2,10,41.99857984559502,2,2025-11-10 20:00:59.671975
2730,user_501,2871,3.984033054974595,1,2,12,41.285927061707284,6,2024-12-24 20:00:59.673481
2731,user_868,2246,3.7160393019522817,1,4,14,52.48902827551506,7,2025-12-02 20:00:59.674488
2732,user_558,1283,4.088024952761687,0,4,14,11.77030622751466,3,2025-10-16 20:00:59.674488
2733,user_192,1927,3.6699214737979595,1,4,14,30.838921290166066,9,2025-06-29 20:00:59.674488
2734,user_321,2173,3.2080407596741507,1,4,10,30.01820208932947,8,2025-12-01 20:00:59.675995
2735,user_381,2263,3.7378999737911873,1,2,11,33.097606943747124,3,2025-11-03 20:00:59.677505
2736,user_23,775,3.688003243181927,1,3,12,60.66222518095821,5,2025-10-10 20:00:59.677505
2737,user_604,1742,2.498823945034749,0,4,11,95.11270322673778,3,2025-09-30 20:00:59.678511
2738,user_393,868,3.7978173371598376,0,2,12,77.43001177801509,7,2025-05-29 20:00:59.678511
2739,user_755,1408,2.9122260406845006,1,4,11,8.265506178982108,2,2025-04-09 20:00:59.679511
2740,user_233,416,3.142739233997076,1,4,12,97.32765453533918,6,2025-01-05 20:00:59.680511
2741,user_218,2641,4.401576599249774,1,3,13,28.172959144966093,1,2025-05-13 20:00:59.681545
2742,user_571,2426,3.682664374137911,1,4,9,98.8771980695127,1,2025-11-11 20:00:59.682069
2743,user_717,969,3.8983508777115974,1,4,14,87.0664477618756,6,2025-10-01 20:00:59.682069
2744,user_670,903,3.3141040058981694,1,3,9,30.91925993094502,8,2025-01-13 20:00:59.682069
2745,user_760,1708,3.1292008577673167,1,4,8,2.590130747897279,5,2025-11-08 20:00:59.683745
2746,user_765,2295,3.066713457326727,1,4,10,39.13513387005799,6,2025-05-27 20:00:59.683745
2747,user_127,2423,2.911407562285807,1,2,14,67.0994482028316,3,2025-11-19 20:00:59.684752
2748,user_522,1722,2.8663647114018227,1,3,11,77.82843661784578,2,2025-11-19 20:00:59.685751
2749,user_869,313,2.712333090573465,1,2,11,0.24685029859959906,3,2025-03-29 20:00:59.685751
2750,user_789,581,3.8909010798701313,1,2,13,82.39170278274891,9,2025-05-22 20:00:59.686751
2751,user_891,500,4.430687091631739,1,4,9,76.89840001764065,3,2025-03-05 20:00:59.686751
2752,user_383,2058,3.1484697726007527,1,2,9,17.964298231704134,7,2025-11-18 20:00:59.687752
2753,user_705,1119,3.453133277282636,1,4,12,23.351185859326463,6,2025-09-14 20:00:59.688751
2754,user_539,1115,4.357679919093642,1,2,12,7.028761402991868,3,2025-01-14 20:00:59.688751
2755,user_36,2148,2.498115102525187,1,3,9,59.38298741151422,7,2025-08-14 20:00:59.689752
2756,user_385,2170,3.146387002714724,1,3,14,40.47253114449356,8,2025-08-07 20:00:59.689752
2757,user_76,2281,3.566143687419469,1,4,12,10.916970175428887,5,2025-08-14 20:00:59.690751
2758,user_546,718,3.1091850316847784,1,3,10,76.15508155461025,9,2025-06-26 20:00:59.691762
2759,user_660,269,2.890645817499239,1,2,14,60.59057453155382,2,2025-01-06 20:00:59.691762
2760,user_535,2136,3.242917212206096,1,3,14,2.3705242899748624,5,2024-12-27 20:00:59.691762
2761,user_744,2899,3.6004440377196816,0,3,10,71.7271689187336,8,2025-01-27 20:00:59.693501
2762,user_859,2534,3.066482448021321,1,4,14,38.432922176370134,3,2025-08-19 20:00:59.693501
2763,user_526,1295,4.105833364473743,1,2,14,27.758107430166202,1,2025-01-15 20:00:59.694508
2764,user_261,2134,3.0484634264818165,1,4,12,28.576890021990188,4,2025-03-22 20:00:59.694508
2765,user_749,2797,1.6649157182691219,1,4,14,88.66131428716211,3,2025-02-14 20:00:59.696014
2766,user_607,1578,3.7852629699188576,1,3,9,91.58577418457908,4,2025-08-29 20:00:59.697638
2767,user_502,2846,4.601399226446496,1,4,9,38.5100678940517,1,2025-08-24 20:00:59.697638
2768,user_849,893,2.5457678312386114,1,3,12,92.99635757805099,9,2024-12-20 20:00:59.698652
2769,user_950,1626,2.3417151035563926,1,3,12,19.080059963028962,8,2024-12-30 20:00:59.699652
2770,user_833,2184,2.93091592686005,1,3,10,41.61876609336957,5,2025-06-09 20:00:59.699652
2771,user_273,1686,4.001637953551491,1,4,11,6.178434422877011,2,2025-09-08 20:00:59.700652
2772,user_133,2209,3.9249466452376565,1,3,8,26.540588759490646,7,2025-04-18 20:00:59.700652
2773,user_166,2187,3.2399804504298237,1,4,12,57.77914549604905,3,2025-03-09 20:00:59.701654
2774,user_515,1805,3.502596953195107,1,4,12,48.589823198882,5,2025-02-17 20:00:59.701654
2775,user_16,1646,2.916951118491449,1,3,9,55.84492006799889,9,2025-07-21 20:00:59.702652
2776,user_553,514,4.5956895844240275,1,3,10,20.828558606423364,8,2025-10-11 20:00:59.703652
2777,user_749,1526,3.354476891055354,1,3,11,44.48033333450726,2,2025-06-06 20:00:59.703652
2778,user_619,1803,4.033137368672118,1,2,13,6.941695859013763,9,2025-04-27 20:00:59.704652
2779,user_820,1804,4.392444343747092,1,3,10,60.92463103757779,4,2025-10-15 20:00:59.705157
2780,user_3,1259,3.469037418486533,1,4,9,67.05135986187676,4,2025-08-05 20:00:59.706163
2781,user_512,63,2.2401364344396257,1,4,9,92.18958025766426,8,2025-09-05 20:00:59.706677
2782,user_451,897,3.5313158368394975,1,2,10,54.373895616392865,6,2025-10-07 20:00:59.707251
2783,user_337,860,4.747168310447243,1,2,11,65.93020939717294,5,2025-10-24 20:00:59.707251
2784,user_495,2393,2.439085599793708,1,3,8,20.02159970845018,4,2025-01-24 20:00:59.707251
2785,user_76,1133,2.973383166218284,1,4,10,28.56105357452037,8,2025-01-21 20:00:59.708975
2786,user_150,1659,3.9737229190399033,1,3,11,88.13978525224677,6,2025-06-23 20:00:59.709982
2787,user_257,2326,4.576663881698445,0,3,10,78.3282659656451,7,2025-05-05 20:00:59.709982
2788,user_892,1360,2.2175727875222697,1,2,9,48.59817845641028,2,2025-08-20 20:00:59.710982
2789,user_406,1260,4.382821553241348,1,2,13,17.89504402971773,9,2025-08-04 20:00:59.710982
2790,user_315,2303,2.998261395149032,1,4,13,13.245679086687845,7,2024-12-27 20:00:59.711982
2791,user_122,2078,4.252932179058078,1,2,13,28.866006058480444,5,2025-03-31 20:00:59.712982
2792,user_177,507,3.9143126312209127,0,3,13,74.94955054616756,8,2025-08-16 20:00:59.712982
2793,user_0,1744,2.5742040837491986,0,3,9,78.7896313044723,3,2025-08-27 20:00:59.713982
2794,user_654,1543,3.571466035126783,1,3,9,40.937908177023075,7,2025-11-30 20:00:59.713982
2795,user_851,589,3.836876249000636,1,4,13,36.73768866473846,4,2025-10-17 20:00:59.715487
2796,user_9,1938,3.645526116351217,1,2,12,36.19540716482289,4,2025-12-08 20:00:59.715487
2797,user_352,623,4.950882854350772,1,3,10,59.61964467224924,7,2025-09-08 20:00:59.716492
2798,user_552,1537,2.984710733794354,1,2,13,22.473164417169798,2,2025-12-03 20:00:59.716492
2799,user_750,629,4.030622734230288,1,4,9,76.35852126364922,1,2025-12-01 20:00:59.717499
2800,user_612,2824,3.5642728887655934,1,3,8,8.564466587406072,7,2025-05-07 20:00:59.717499
2801,user_600,1508,4.055440251446418,1,3,8,31.559883528557453,9,2025-01-24 20:00:59.719005
2802,user_362,1998,3.1243691148642725,1,2,13,50.06666402227188,2,2025-02-08 20:00:59.719005
2803,user_577,95,2.8665170269082187,1,2,8,29.3746801625561,5,2025-06-09 20:00:59.720012
2804,user_669,2590,2.9156835451540455,1,2,11,69.36770364519221,1,2025-01-22 20:00:59.721011
2805,user_22,930,2.306382708054116,1,2,14,81.5241941069561,5,2025-01-15 20:00:59.721011
2806,user_456,1506,2.5960866651782157,1,2,9,55.56965087937408,4,2025-04-12 20:00:59.722012
2807,user_844,666,3.4928319393739984,0,2,12,9.510937421839182,8,2025-08-28 20:00:59.722012
2808,user_914,1317,3.6010670935412232,1,3,12,37.43827847146187,4,2025-07-03 20:00:59.722012
2809,user_968,2082,2.555578305671443,1,3,12,48.682942793742136,1,2025-12-03 20:00:59.723518
2810,user_274,104,2.260072328490388,1,4,13,84.86795647085566,7,2025-01-01 20:00:59.724525
2811,user_576,661,3.0993217756937006,1,3,11,81.53541341503657,1,2024-12-15 20:00:59.724525
2812,user_202,2534,2.6687910787452394,1,4,9,24.488852947698014,9,2025-10-01 20:00:59.725525
2813,user_481,1896,4.073227976833976,1,3,14,27.499112978991892,5,2025-07-01 20:00:59.725525
2814,user_876,2837,3.0871837938841518,1,3,11,98.25878115518009,9,2025-12-08 20:00:59.726529
2815,user_652,677,4.630749495401192,1,2,10,15.48766037942092,7,2025-01-25 20:00:59.727525
2816,user_330,964,3.1061217439730733,1,4,14,19.514426984688647,6,2025-04-23 20:00:59.728030
2817,user_674,2173,4.167848291077371,1,2,13,54.17680033766924,8,2025-03-23 20:00:59.729037
2818,user_53,1382,2.925905354798179,1,3,10,63.08100462665291,5,2025-11-20 20:00:59.729037
2819,user_155,405,4.6959957880906655,1,3,12,98.47416071366739,7,2025-09-26 20:00:59.730036
2820,user_454,201,3.0966276391897654,0,3,8,52.25448313113069,7,2025-02-09 20:00:59.730036
2821,user_845,637,2.9492306727938016,1,2,14,87.79506805840079,6,2025-11-19 20:00:59.731037
2822,user_664,1246,3.170306831815724,0,2,8,90.66555704372695,5,2025-11-24 20:00:59.731542
2823,user_675,1589,3.186416202917678,1,4,11,27.90176837653664,9,2025-08-14 20:00:59.732547
2824,user_347,1625,3.8173027558806005,1,3,12,93.13797192709534,1,2025-05-02 20:00:59.732547
2825,user_523,2415,3.9015944384511867,0,3,12,99.29650018193222,1,2024-12-29 20:00:59.733553
2826,user_262,1294,4.153309893490961,1,4,14,16.9071802556765,5,2025-08-29 20:00:59.734058
2827,user_108,120,4.074231840773445,1,4,9,10.358865463202916,5,2025-06-10 20:00:59.735065
2828,user_111,1934,3.2639364316089816,1,4,8,91.24901345820481,5,2025-01-03 20:00:59.735065
2829,user_399,698,2.5227023144841256,1,3,12,12.58188499383126,1,2025-04-16 20:00:59.736066
2830,user_291,2864,4.580637622226624,0,2,11,0.16027689185067473,4,2025-03-23 20:00:59.736066
2831,user_437,321,2.6988099191608392,1,3,11,30.17575572502308,5,2024-12-22 20:00:59.737576
2832,user_495,1279,3.0173846240472284,1,3,9,78.91484594482999,9,2025-06-16 20:00:59.737576
2833,user_479,1808,4.559270704667974,0,4,10,70.13698617326146,1,2025-01-31 20:00:59.738582
2834,user_905,2814,3.4151784019330087,1,3,9,20.290579555517784,5,2025-04-07 20:00:59.738582
2835,user_851,2737,2.405692459002271,1,4,11,13.555012062648931,2,2025-07-21 20:00:59.739583
2836,user_511,1408,3.0571224574190126,1,4,12,22.88115763565388,4,2025-01-19 20:00:59.740582
2837,user_568,2023,3.1567325007049307,1,3,11,27.811124742435645,8,2025-10-29 20:00:59.740582
2838,user_723,2593,3.01605772771616,1,3,14,42.75609001206971,8,2024-12-23 20:00:59.740582
2839,user_914,2596,3.543803492599477,1,2,10,93.98266426442478,9,2025-02-03 20:00:59.742088
2840,user_79,446,3.5185311448822136,0,2,11,19.6307799895408,3,2025-10-27 20:00:59.743097
2841,user_267,1663,3.001883201754127,1,4,8,33.58498680900046,6,2025-09-12 20:00:59.743603
2842,user_508,876,4.325344858742902,0,4,14,86.05952247159513,9,2025-01-28 20:00:59.743603
2843,user_797,1783,3.0357967739178173,1,4,10,70.97371925255213,5,2025-02-14 20:00:59.745109
2844,user_443,233,4.212706295901946,1,2,13,55.8108441216524,2,2024-12-20 20:00:59.745109
2845,user_5,493,2.9604388888077455,1,4,10,33.234056001518056,4,2025-01-19 20:00:59.745876
2846,user_32,142,3.5219412279616913,1,2,12,66.43934148090167,3,2025-01-24 20:00:59.746883
2847,user_728,2767,2.3798957884401624,1,4,11,15.485999752158175,7,2025-10-18 20:00:59.746883
2848,user_516,1471,4.2886028262639755,1,4,13,73.53453218142022,8,2025-12-10 20:00:59.747882
2849,user_593,2909,3.3602430541271437,1,2,13,28.892183181584684,1,2025-07-27 20:00:59.748387
2850,user_808,2091,4.125745358488901,1,3,8,14.462589431353,1,2025-08-31 20:00:59.749393
2851,user_803,1107,2.6750394544015372,1,4,14,90.1188767898186,7,2025-10-18 20:00:59.749393
2852,user_55,1014,3.458618742973429,1,2,9,71.11270074465693,5,2025-09-02 20:00:59.750393
2853,user_936,572,3.8786474921439775,1,2,14,0.8679158337660864,6,2025-01-28 20:00:59.750393
2854,user_565,1715,3.9846701684097967,1,3,9,3.4097861666753215,2,2025-09-11 20:00:59.751393
2855,user_611,2031,3.275968169941536,1,3,8,34.533431614682755,5,2025-11-03 20:00:59.752393
2856,user_93,1545,4.737485715790576,0,2,10,55.153424964636066,5,2025-08-17 20:00:59.752898
2857,user_135,295,2.9518762270274825,1,4,9,39.89929166702472,2,2025-03-15 20:00:59.752898
2858,user_525,400,1.8612623256162903,1,2,12,34.104413519020916,6,2025-10-24 20:00:59.752898
2859,user_276,2891,1.7355881157089599,1,2,10,35.74460490689246,7,2024-12-14 20:00:59.754403
2860,user_680,2692,4.427867660430421,1,4,11,26.850804196791845,2,2025-06-10 20:00:59.755410
2861,user_516,1606,3.762521647739311,1,4,8,57.847092301372406,1,2025-06-27 20:00:59.755410
2862,user_338,747,3.5446061084201155,1,4,14,1.9988998944890257,6,2025-03-04 20:00:59.756411
2863,user_104,2341,2.7941903332357128,1,4,14,57.576858155228436,8,2025-02-15 20:00:59.756916
2864,user_810,389,2.816879461966339,1,3,8,58.018776330453235,4,2025-10-25 20:00:59.757420
2865,user_316,1319,2.8953563852697837,1,2,12,1.2049974896248705,8,2025-11-02 20:00:59.758427
2866,user_95,2021,2.747684005408205,1,4,9,79.12848289254009,8,2025-01-17 20:00:59.758933
2867,user_888,1641,4.089094636010908,1,2,8,87.00225271891718,5,2025-09-10 20:00:59.759939
2868,user_620,1329,2.7240619744071015,1,4,8,0.9993774858570781,3,2025-12-10 20:00:59.759939
2869,user_579,1937,3.7189412039620304,1,4,13,41.860361738396826,3,2025-10-31 20:00:59.760939
2870,user_155,2500,3.13799292471027,1,4,12,91.26923734444158,9,2024-12-31 20:00:59.761939
2871,user_292,654,4.043636080896814,0,2,12,42.29066318539193,5,2025-10-13 20:00:59.761939
2872,user_597,2374,2.2781408152024727,1,4,13,83.24923700561442,2,2025-04-05 20:00:59.762939
2873,user_699,810,2.758599655657525,1,3,10,44.036393117879804,3,2025-06-13 20:00:59.762939
2874,user_931,1350,3.4462696098251144,0,4,9,7.970473944545908,3,2025-09-06 20:00:59.763939
2875,user_545,925,3.190150901222414,1,2,11,5.0951085793663475,9,2025-04-09 20:00:59.764939
2876,user_70,1967,3.564001313100754,1,4,9,1.6706091911565912,1,2025-05-10 20:00:59.765444
2877,user_712,437,3.5801240659148093,1,4,14,74.29791344889568,9,2025-04-11 20:00:59.765444
2878,user_65,227,3.2172797734566987,1,2,9,15.263579133084438,4,2025-12-10 20:00:59.766450
2879,user_503,743,2.831249557505542,1,3,11,15.406079373053426,9,2025-10-22 20:00:59.766450
2880,user_94,1711,3.55114779562225,1,2,10,77.20210128316995,8,2025-11-21 20:00:59.767956
2881,user_40,789,4.001648616740959,1,4,14,16.21816819291292,9,2025-02-07 20:00:59.767956
2882,user_426,2123,3.5189854478521845,1,2,10,9.051989794921322,7,2025-12-11 20:00:59.768963
2883,user_376,2459,4.1343614993914635,1,4,9,58.271870213302215,4,2025-01-27 20:00:59.769468
2884,user_593,653,3.165189408880841,1,4,11,87.16689092695127,8,2025-09-29 20:00:59.770474
2885,user_887,2379,2.647947126918898,0,2,8,14.428065068874918,5,2025-12-03 20:00:59.770474
2886,user_504,1017,2.560423400453227,1,4,11,72.54156307864513,2,2025-03-13 20:00:59.771506
2887,user_540,2762,3.9324776990686128,1,4,9,83.52469488855016,7,2025-02-18 20:00:59.772491
2888,user_966,370,3.327980276070687,1,3,8,18.514654173945154,4,2025-03-09 20:00:59.772491
2889,user_650,2424,2.999214096313403,1,3,14,99.10006400933713,9,2025-11-08 20:00:59.774000
2890,user_328,2892,3.774317913372439,1,4,9,62.888295856768664,3,2025-10-04 20:00:59.774311
2891,user_312,2534,3.185311883062738,1,2,10,58.17858351234923,4,2025-05-20 20:00:59.775008
2892,user_235,2817,4.244199781181223,1,2,11,2.608328668472182,5,2025-01-04 20:00:59.776006
2893,user_633,1753,2.4292716003961807,1,4,12,27.621816851094984,5,2025-01-12 20:00:59.776006
2894,user_668,1956,3.3484988819812265,1,4,14,25.69836624874825,3,2025-07-24 20:00:59.777510
2895,user_954,1992,3.3446688283672343,1,4,13,31.942735858453986,3,2025-02-27 20:00:59.778518
2896,user_354,342,2.408132599065121,1,2,11,4.627651051524905,4,2025-09-13 20:00:59.779517
2897,user_621,900,2.507598599715959,1,3,14,98.93646425518628,2,2024-12-22 20:00:59.779517
2898,user_532,295,3.3196357351930468,1,3,8,96.04141871263859,3,2025-10-20 20:00:59.779517
2899,user_495,2276,3.35421435024987,1,2,14,81.58391711776936,5,2025-07-06 20:00:59.781023
2900,user_863,1094,2.9020628067484178,1,3,12,90.97507186313743,5,2025-07-04 20:00:59.781023
2901,user_350,2364,3.4151834775214116,0,3,14,53.26777265912499,8,2025-03-17 20:00:59.781023
2902,user_870,1091,2.1581361533443326,1,3,14,3.926192103657411,7,2025-06-25 20:00:59.783044
2903,user_521,2405,3.3654796831567717,1,2,11,56.50273423568051,5,2025-10-12 20:00:59.783549
2904,user_633,601,4.017498403004344,1,3,9,88.75887121039754,2,2024-12-19 20:00:59.783549
2905,user_659,2565,3.933176399198881,1,3,11,13.939726746634395,9,2025-12-09 20:00:59.784555
2906,user_363,1706,2.7893452151335363,1,3,8,64.70700185389826,8,2025-09-09 20:00:59.785060
2907,user_381,2809,3.35296308138646,1,4,13,8.364309058326702,6,2025-08-03 20:00:59.786067
2908,user_668,988,3.283790225327604,0,2,13,8.601363557203568,5,2025-04-18 20:00:59.786067
2909,user_148,784,2.167491683969245,1,2,12,15.256852673266986,3,2025-04-06 20:00:59.787067
2910,user_76,488,3.2354835348925812,1,3,8,94.82532853533017,5,2025-05-13 20:00:59.788066
2911,user_128,1266,3.3674824078759924,1,4,12,34.68433045654737,3,2025-11-18 20:00:59.788066
2912,user_496,192,4.309522257135481,1,2,8,13.963688162782795,9,2024-12-16 20:00:59.789067
2913,user_764,1973,4.361291549096225,1,4,12,48.505266809547265,3,2025-06-09 20:00:59.790067
2914,user_473,1084,2.6415959509623943,1,2,14,41.03136276429379,4,2025-08-16 20:00:59.791066
2915,user_65,1533,4.4975263733285225,1,4,10,54.45478537124772,4,2025-06-05 20:00:59.791066
2916,user_815,411,3.8066925156943516,1,2,13,79.30644936589509,6,2025-03-17 20:00:59.793087
2917,user_586,1463,3.188015331797848,0,4,13,37.670520241592264,2,2025-08-19 20:00:59.794108
2918,user_807,2805,3.254345040095104,0,4,10,63.562805583569514,9,2025-09-21 20:00:59.795635
2919,user_0,166,3.462872300351285,1,2,9,49.762006532464696,5,2024-12-15 20:00:59.796664
2920,user_899,2248,3.996698044758318,1,3,11,2.483440748001431,9,2024-12-17 20:00:59.798199
2921,user_306,2039,3.9880781159319416,1,3,10,50.6757818023769,8,2025-05-17 20:00:59.799206
2922,user_691,1743,4.962867455063031,1,3,12,57.26239512925046,2,2025-04-10 20:00:59.800206
2923,user_610,1294,3.345910705070044,1,3,12,23.285475144691592,8,2025-11-12 20:00:59.801205
2924,user_793,1620,2.214970453937766,1,2,12,69.64985728449781,2,2025-11-18 20:00:59.803205
2925,user_633,736,3.711540866581963,1,2,9,66.61833328505901,6,2025-06-22 20:00:59.803205
2926,user_142,1002,2.812927679496046,1,2,9,48.22537385606217,9,2025-02-03 20:00:59.804713
2927,user_762,342,4.187627628371978,1,2,12,3.1559549061333625,1,2025-06-13 20:00:59.805720
2928,user_676,1287,4.0501737958756765,1,3,14,64.31461427204162,1,2025-09-16 20:00:59.805720
2929,user_809,2340,2.812606905220214,1,3,12,91.87645436942262,5,2025-11-21 20:00:59.807226
2930,user_160,1508,3.9784888385178703,1,3,10,58.798985824026076,9,2025-06-04 20:00:59.807226
2931,user_387,1719,3.720879471783305,1,4,13,50.75706209526621,7,2025-04-15 20:00:59.807226
2932,user_536,1365,2.800813931461131,1,2,14,9.451550135006915,1,2025-05-02 20:00:59.808867
2933,user_297,1075,3.1910774251215566,1,4,13,61.74363798900691,8,2025-03-08 20:00:59.808867
2934,user_646,208,3.5615401996703193,1,4,13,65.19951406635724,3,2025-03-12 20:00:59.809875
2935,user_862,806,2.9604674902563137,1,4,14,77.90115220328468,8,2025-07-21 20:00:59.810874
2936,user_672,1039,3.924434775738705,1,3,12,79.16558353878303,6,2025-01-14 20:00:59.810874
2937,user_114,267,4.580049896286787,1,3,13,55.40170191076188,4,2025-03-28 20:00:59.811873
2938,user_399,269,4.201259721622117,0,3,11,83.75995675057702,2,2025-10-07 20:00:59.811873
2939,user_143,2427,3.3248029567501582,1,4,12,86.99913689145947,9,2025-02-01 20:00:59.812874
2940,user_548,1272,3.5250286346450563,0,4,9,1.5740611116717984,3,2025-08-31 20:00:59.812874
2941,user_327,2648,3.665295091857283,1,2,11,29.71308129551443,1,2025-02-13 20:00:59.813873
2942,user_152,956,3.435922284937045,1,4,12,73.40759156936286,8,2025-03-12 20:00:59.813873
2943,user_685,1579,3.0246487126085793,1,2,10,62.30931273139058,8,2025-07-31 20:00:59.814874
2944,user_31,25,3.969457275027821,1,2,10,61.58361058516504,5,2025-03-20 20:00:59.815883
2945,user_794,1,3.0781992996704566,1,2,11,75.84467000075756,8,2025-12-11 20:00:59.815883
2946,user_286,2431,3.137529034158152,1,2,13,28.055811717283962,2,2025-10-24 20:00:59.816889
2947,user_879,875,2.782644735047277,1,3,8,53.539710102409025,2,2025-06-20 20:00:59.816889
2948,user_270,62,1.9923475501816237,1,2,12,26.6806675311661,7,2025-03-18 20:00:59.817890
2949,user_343,1063,4.3674156384326,1,3,8,28.857904061777162,8,2024-12-24 20:00:59.817890
2950,user_38,2776,4.050823541474236,1,2,8,74.0594199476187,5,2025-03-16 20:00:59.819395
2951,user_934,2819,4.155109262627406,1,3,8,1.8401554680180565,6,2025-01-08 20:00:59.819395
2952,user_295,1406,4.115621758646346,0,2,11,30.725498112881112,8,2025-01-05 20:00:59.820401
2953,user_546,2449,3.5528569080256864,1,3,8,4.695403923240149,8,2025-09-16 20:00:59.821401
2954,user_514,1003,4.12280123116345,0,4,12,17.522751301703,5,2025-11-17 20:00:59.821401
2955,user_550,2468,3.062767768995275,1,2,11,23.463988831306114,6,2025-09-25 20:00:59.822403
2956,user_530,2402,3.246627088096516,1,4,12,57.00935695883249,6,2025-05-10 20:00:59.822403
2957,user_243,2056,2.9855492382510693,1,3,14,44.10266235155673,6,2025-03-16 20:00:59.823908
2958,user_773,2560,2.53562172015567,1,2,13,57.63430129815986,5,2025-09-01 20:00:59.824913
2959,user_337,318,2.9309097533338635,0,2,13,77.99635249316695,1,2025-07-16 20:00:59.824913
2960,user_692,2518,3.0864889067599552,0,4,11,97.81568756368222,1,2025-07-17 20:00:59.825928
2961,user_875,1859,3.122825063557167,1,3,8,98.55746299043462,3,2025-08-17 20:00:59.825928
2962,user_971,1525,4.006450647784153,1,3,11,18.242668548911368,6,2025-03-06 20:00:59.827436
2963,user_406,2841,2.846355080662641,1,4,8,72.94199932542568,9,2025-03-30 20:00:59.827436
2964,user_93,323,2.8024427986923786,1,2,10,76.68303420073934,1,2025-02-11 20:00:59.828443
2965,user_786,638,4.349764002215144,1,3,9,92.69735707917681,5,2025-05-07 20:00:59.828443
2966,user_420,2366,4.2570373493062466,1,2,14,82.81500041688139,4,2025-04-29 20:00:59.829448
2967,user_150,592,4.324966866345191,1,4,10,60.62490867940149,5,2025-05-14 20:00:59.829448
2968,user_819,1610,3.8880188186300777,1,3,8,66.13108500493937,7,2025-09-07 20:00:59.830448
2969,user_798,1362,4.050167670414056,1,2,11,74.9055612208408,4,2025-09-30 20:00:59.831448
2970,user_421,2690,2.9443756094891684,1,4,10,7.002743849986082,2,2025-01-06 20:00:59.831953
2971,user_510,1619,2.8746162876563925,1,3,12,82.83262460927457,6,2025-04-05 20:00:59.832779
2972,user_535,1508,2.87617219808131,1,3,12,52.946485197146664,5,2025-03-15 20:00:59.832779
2973,user_794,1155,4.551546116779438,1,2,13,38.852877273702,4,2025-02-25 20:00:59.833976
2974,user_445,2284,4.4112451586028065,1,3,9,50.922881384811106,4,2025-03-30 20:00:59.833976
2975,user_267,407,3.106190656288025,1,3,11,9.770296768314823,5,2025-09-03 20:00:59.834981
2976,user_272,624,3.0622333252981844,1,4,11,2.5704860109661,1,2025-08-30 20:00:59.834981
2977,user_235,1116,2.990492023774905,1,4,14,18.670198455830743,5,2025-11-07 20:00:59.835982
2978,user_116,687,5.0,1,4,12,13.571407700100535,2,2025-05-11 20:00:59.835982
2979,user_616,2908,4.215076904747655,1,2,14,86.02056372067265,7,2025-05-23 20:00:59.836982
2980,user_361,394,2.3398459619358856,1,4,11,79.66583738498375,5,2025-04-27 20:00:59.838006
2981,user_542,620,3.5602081158406262,1,4,8,43.91008057493109,2,2025-10-24 20:00:59.838995
2982,user_552,1350,3.419891471483605,1,4,14,94.4817071550007,1,2025-11-23 20:00:59.839998
2983,user_105,2529,2.903541413734972,1,4,14,28.096105317302154,1,2025-10-12 20:00:59.840996
2984,user_170,142,2.6413585134921655,1,4,12,61.547689026188856,5,2025-04-01 20:00:59.843076
2985,user_149,2572,3.3301293533532745,1,2,14,67.31179631523008,4,2025-03-14 20:00:59.843076
2986,user_659,1741,5.0,1,2,12,41.799425788001585,1,2024-12-17 20:00:59.844091
2987,user_669,399,3.4476436634502976,1,3,13,68.16274983597768,8,2025-10-24 20:00:59.844091
2988,user_205,1241,3.143216969163045,1,4,14,11.65207472913764,6,2025-03-03 20:00:59.845594
2989,user_485,2323,3.0494344755006497,1,3,8,3.958372952589795,7,2024-12-12 20:00:59.846226
2990,user_793,1007,2.4167056267344216,1,4,14,92.70794050436362,7,2025-11-28 20:00:59.846226
2991,user_704,154,3.937759722408011,1,4,8,49.21372636561695,8,2025-07-02 20:00:59.846226
2992,user_350,2281,2.3459821113195973,1,4,13,18.131747608210237,6,2025-08-17 20:00:59.846226
2993,user_875,1550,2.102335888474387,1,3,14,0.6516315691875274,5,2025-06-10 20:00:59.847979
2994,user_403,1018,2.774665911215996,1,2,14,50.35484729762578,7,2025-10-16 20:00:59.848985
2995,user_130,2596,5.0,1,4,8,68.99459106135572,2,2025-05-18 20:00:59.848985
2996,user_879,681,4.658843526992494,1,2,14,76.16519889681673,6,2025-02-12 20:00:59.849985
2997,user_870,1442,2.393536262161876,0,2,10,52.879461180374875,9,2025-05-01 20:00:59.850985
2998,user_104,2403,3.8468753121073775,1,3,8,71.24507647119775,1,2025-08-09 20:00:59.850985
2999,user_925,530,4.428343894659307,1,3,12,72.7627290571009,8,2025-04-20 20:00:59.851986
3000,user_535,394,2.691350465120977,1,4,14,58.59372296875067,9,2025-05-24 20:00:59.851986
3001,user_461,2756,4.34928774043101,1,3,11,37.84380880484496,7,2025-03-03 20:00:59.852986
3002,user_385,2708,3.231273961398875,1,3,10,30.39236836132664,7,2025-03-29 20:00:59.852986
3003,user_784,1482,3.1885304548141997,1,4,12,44.633402572063794,3,2024-12-15 20:00:59.854491
3004,user_360,1139,2.9737035545025785,1,2,12,62.405844277734865,1,2024-12-26 20:00:59.854491
3005,user_224,2045,3.8358045812364128,1,4,14,78.92629969912849,1,2025-01-04 20:00:59.855498
3006,user_232,227,4.789909622416444,1,2,9,31.306798931256687,4,2025-09-17 20:00:59.856498
3007,user_156,2703,4.8358142289565516,1,4,10,8.231529828732874,9,2025-03-01 20:00:59.857004
3008,user_490,834,5.0,1,2,11,98.36750063478135,2,2025-02-24 20:00:59.857004
3009,user_607,1329,4.155470222883323,1,3,13,96.2572886161193,6,2025-06-18 20:00:59.857004
3010,user_897,1351,3.352641744988328,0,2,11,43.63056309571643,3,2025-07-14 20:00:59.858736
3011,user_889,245,4.365963122692843,1,3,10,35.07725846011295,2,2025-02-11 20:00:59.859743
3012,user_514,2273,3.5066630132050225,0,4,10,71.45010925678503,2,2025-07-10 20:00:59.859743
3013,user_650,1190,3.881982302269168,1,4,14,29.095042555212892,6,2025-08-01 20:00:59.860743
3014,user_461,337,5.0,1,2,8,16.50373305200834,5,2025-03-07 20:00:59.860743
3015,user_226,1307,2.631499157598625,0,2,14,6.3828689590657905,7,2025-02-25 20:00:59.861743
3016,user_614,1736,5.0,1,4,10,22.747564664629127,5,2025-05-02 20:00:59.861743
3017,user_462,2068,2.215321828637403,1,3,12,0.40246115968891605,1,2025-07-24 20:00:59.863249
3018,user_474,617,3.3081032345554533,0,2,8,16.979500493567933,6,2025-01-01 20:00:59.863249
3019,user_576,762,3.612939524112102,1,2,14,40.73437521701872,2,2025-11-01 20:00:59.863249
3020,user_107,636,2.7186489171167483,1,3,8,65.85064471923961,3,2025-03-15 20:00:59.864764
3021,user_299,720,3.671309171065772,1,4,8,61.125450642275744,8,2025-04-26 20:00:59.865518
3022,user_537,2824,2.920318950347677,1,3,13,74.99002626622023,4,2025-12-07 20:00:59.866524
3023,user_156,51,3.6814564000306556,1,3,11,94.41509092328172,1,2025-09-23 20:00:59.866524
3024,user_694,353,3.319781465427216,1,2,8,35.08478240521797,6,2025-03-11 20:00:59.867524
3025,user_876,689,3.8480884442783987,1,4,10,4.475221919360351,7,2025-03-17 20:00:59.867524
3026,user_708,1454,3.8272598303509477,1,2,11,27.200305593118912,2,2025-03-13 20:00:59.867524
3027,user_752,1081,3.826376078410722,1,3,12,8.503245350193723,4,2025-05-03 20:00:59.869029
3028,user_813,2316,4.059666993536056,1,2,12,51.91071837016356,2,2025-10-12 20:00:59.870037
3029,user_470,2511,3.7620684684317744,1,2,14,97.61813997282547,6,2025-03-18 20:00:59.871036
3030,user_682,29,3.227522547121111,1,2,11,66.24873960354586,2,2025-07-24 20:00:59.871036
3031,user_604,2647,3.9111964162756987,1,3,12,57.20946067281736,1,2025-05-25 20:00:59.872037
3032,user_707,1883,2.822251175936822,1,3,12,84.01762978230039,4,2025-10-07 20:00:59.872037
3033,user_939,1049,3.851171615341662,1,3,11,1.3569569904015921,3,2025-03-09 20:00:59.872037
3034,user_832,1848,3.5562807962985206,1,4,14,64.62821454094252,1,2025-03-26 20:00:59.873543
3035,user_623,2674,3.439788898644454,1,4,13,9.171961532076933,7,2025-01-25 20:00:59.874550
3036,user_79,1711,2.5608336004431322,1,2,12,62.232154596668124,4,2025-04-11 20:00:59.874550
3037,user_172,998,3.9638440282454077,1,4,13,98.0092713859275,3,2025-11-06 20:00:59.875550
3038,user_133,1060,4.023552348879656,0,4,13,82.69788274840309,5,2025-01-13 20:00:59.875550
3039,user_672,1977,5.0,1,2,10,91.44751060090049,8,2025-11-10 20:00:59.877056
3040,user_732,1877,2.1255194573552227,1,2,10,44.01159075767737,6,2025-06-09 20:00:59.877056
3041,user_879,84,3.562176770075822,1,2,9,89.5327179943911,9,2025-01-05 20:00:59.878063
3042,user_176,2471,2.9112974078163245,1,3,13,52.52719714144657,9,2025-03-18 20:00:59.878063
3043,user_762,1808,2.679342812381402,1,2,13,46.59817820381513,7,2024-12-18 20:00:59.879568
3044,user_508,2664,2.5071202423365184,1,3,11,36.40110553484528,4,2025-08-08 20:00:59.879568
3045,user_210,1996,3.4933781052238113,1,4,14,97.46858584883918,9,2025-09-28 20:00:59.880575
3046,user_253,2884,4.27736165132546,1,4,11,1.090699531779482,1,2025-02-12 20:00:59.880575
3047,user_804,2389,3.4666656311126194,1,4,13,19.342451104269255,1,2025-05-13 20:00:59.882080
3048,user_320,1817,2.986789307859084,1,4,8,53.81056585592319,3,2025-01-05 20:00:59.882080
3049,user_350,2893,2.9867926076714015,1,2,12,67.74255192128898,2,2025-02-06 20:00:59.882080
3050,user_113,773,3.294086623472641,1,2,10,64.42728659696768,4,2025-08-19 20:00:59.883835
3051,user_396,1695,3.051104499870654,0,3,11,64.39944728541982,5,2025-08-24 20:00:59.883835
3052,user_797,2268,3.066207488276817,1,3,14,30.676582065295154,9,2024-12-26 20:00:59.884842
3053,user_939,446,2.7281294448170375,1,2,8,99.61151701929123,4,2025-01-09 20:00:59.885842
3054,user_731,2501,3.495398423781305,1,2,8,90.41407489043,8,2025-12-06 20:00:59.885842
3055,user_390,2404,5.0,1,3,10,77.21996552093383,7,2025-01-30 20:00:59.886842
3056,user_181,1570,2.352472437297412,1,4,14,65.33152247691466,9,2025-11-02 20:00:59.887842
3057,user_203,976,2.2196158866516544,1,4,10,33.732877683359206,6,2025-08-01 20:00:59.887842
3058,user_167,2324,2.9601790108971073,1,2,12,76.15073096765236,5,2025-09-13 20:00:59.888842
3059,user_232,50,4.115083101789697,1,3,13,81.21071955393,9,2025-03-02 20:00:59.889840
3060,user_932,582,3.199189209693698,1,4,8,62.88098017941077,6,2025-10-02 20:00:59.889840
3061,user_706,2547,3.6574963426451235,1,3,12,86.9773799583522,2,2025-05-22 20:00:59.890841
3062,user_350,318,3.353141571571874,1,3,9,76.3460676533682,7,2025-01-03 20:00:59.891842
3063,user_864,957,3.2021997604640817,1,2,10,94.09646143463672,7,2025-07-09 20:00:59.892348
3064,user_648,401,3.756339731945604,1,2,8,83.49408032137124,8,2025-07-29 20:00:59.892856
3065,user_157,2841,3.079444133789967,1,4,11,77.2322045226366,2,2025-06-16 20:00:59.893862
3066,user_840,1585,2.6675167443400016,1,3,8,19.056124028573663,1,2025-12-07 20:00:59.893862
3067,user_381,1357,2.228588925481394,1,3,10,61.07842698045377,7,2025-04-20 20:00:59.893862
3068,user_494,387,3.2533078299615505,0,4,13,72.07154516572002,6,2025-02-18 20:00:59.895367
3069,user_286,1968,4.12200381482476,1,2,8,28.01848012742173,5,2025-11-23 20:00:59.896031
3070,user_214,2414,4.6490054200427355,1,4,9,87.28878499603157,5,2025-04-02 20:00:59.896031
3071,user_19,1227,1.8386769055535137,1,2,13,72.69409439386563,3,2025-11-05 20:00:59.897582
3072,user_309,1684,2.976228280865822,1,4,12,23.545014562694313,8,2025-04-04 20:00:59.897582
3073,user_722,1878,4.599157054088158,1,2,11,32.17969085876088,2,2025-01-11 20:00:59.898589
3074,user_838,2626,4.270820529920076,1,2,12,56.32350688751798,8,2025-06-25 20:00:59.898589
3075,user_546,893,4.244261089714134,1,3,12,49.700297251031664,6,2025-02-09 20:00:59.899589
3076,user_652,1186,2.7130326834628997,1,4,9,72.58205206942847,8,2025-10-29 20:00:59.900589
3077,user_89,1156,3.0046450341533473,1,2,14,58.14047702136575,4,2025-09-26 20:00:59.901623
3078,user_208,1036,4.009049982161947,1,3,13,0.05099890159435683,1,2025-01-30 20:00:59.901623
3079,user_322,1456,2.2747908793839486,1,3,14,62.93351148520573,4,2025-07-18 20:00:59.902604
3080,user_343,1528,3.8344178670720894,0,4,12,18.370938544939186,9,2025-05-01 20:00:59.903613
3081,user_727,2186,2.893882849192227,1,2,14,79.73290857389358,7,2025-06-09 20:00:59.903613
3082,user_349,2426,2.7987365006966485,1,2,10,55.200427988531764,5,2025-10-22 20:00:59.905094
3083,user_174,1284,2.604023619993434,1,4,12,66.3900092116291,5,2025-01-28 20:00:59.905600
3084,user_384,1609,3.8305521625437904,1,4,10,20.916268343226506,5,2025-01-16 20:00:59.906606
3085,user_628,1231,3.263900058225434,1,4,10,74.18821683231694,2,2025-01-05 20:00:59.907109
3086,user_931,1951,2.7133664425819246,1,2,10,0.5302510932846061,3,2025-05-17 20:00:59.907109
3087,user_877,1702,3.2190036125178247,1,3,10,76.57467600343092,5,2025-05-29 20:00:59.908112
3088,user_909,1370,4.476803458768762,1,4,12,85.59144754320444,8,2025-04-07 20:00:59.908623
3089,user_678,894,2.056954126068464,1,4,12,15.98686552371178,6,2025-02-01 20:00:59.909652
3090,user_512,1706,3.183523396464984,1,3,14,4.466303385743197,9,2025-10-09 20:00:59.909652
3091,user_608,2463,3.139905927151178,1,2,13,58.00065753523652,2,2025-09-27 20:00:59.910642
3092,user_246,1851,4.321925959609091,1,4,13,56.99090802127616,6,2025-08-14 20:00:59.911641
3093,user_398,2761,2.697946382971979,1,3,8,38.84633411734405,7,2025-11-20 20:00:59.911641
3094,user_330,1315,2.7751128849048095,0,3,13,31.14643326814126,9,2025-06-22 20:00:59.912641
3095,user_342,1951,2.6104847367953337,1,4,14,72.49802459988352,6,2025-01-03 20:00:59.912641
3096,user_707,2892,4.923571497598054,1,4,12,79.5597284057737,8,2025-03-14 20:00:59.913641
3097,user_357,1409,3.4810038457985426,1,3,14,6.854579910083181,5,2025-03-06 20:00:59.914641
3098,user_328,1147,2.174822747922735,1,2,14,79.77039302997684,7,2025-06-04 20:00:59.915170
3099,user_841,2704,3.5089537965998923,1,2,14,73.89715319532895,2,2025-04-15 20:00:59.915170
3100,user_55,648,4.027869886663184,0,4,9,62.50945585613864,4,2025-05-10 20:00:59.916200
3101,user_215,1060,3.3323815448621814,0,3,9,90.28647937916409,4,2025-09-29 20:00:59.917205
3102,user_795,570,2.4999596287065002,1,3,13,13.102850581229896,6,2025-05-08 20:00:59.917205
3103,user_231,1871,3.6065040714710834,1,3,8,74.36376655597195,3,2025-11-25 20:00:59.918727
3104,user_368,1691,3.8105385532317557,1,4,8,62.08025217731527,4,2025-04-14 20:00:59.919280
3105,user_15,408,3.268468546418465,1,2,10,61.873814121763274,1,2025-08-30 20:00:59.919280
3106,user_316,706,3.4895179127337586,1,4,10,9.45287640004956,8,2025-06-30 20:00:59.920308
3107,user_716,2474,3.678423001399444,1,2,12,14.347570413421472,1,2025-09-28 20:00:59.921295
3108,user_434,1201,4.242796960022001,1,4,8,15.060027342759275,1,2024-12-24 20:00:59.921295
3109,user_310,1160,2.564244702833421,1,2,13,28.68544338938106,6,2025-01-05 20:00:59.922295
3110,user_328,118,2.3045575978428054,1,2,10,49.27829345196203,1,2025-10-19 20:00:59.923294
3111,user_78,2471,2.9245222585655526,1,3,8,58.04298636187585,5,2025-07-17 20:00:59.923800
3112,user_865,2197,3.398626149270017,1,4,9,65.16521611507162,7,2025-11-18 20:00:59.924763
3113,user_534,2390,3.230472539214766,1,3,13,18.62216094611153,9,2025-07-01 20:00:59.924763
3114,user_603,2582,2.297984274098365,1,2,8,84.67579305873446,8,2025-10-29 20:00:59.925769
3115,user_299,2687,4.677372116808403,1,3,14,1.142518740375098,4,2025-02-04 20:00:59.925769
3116,user_877,856,2.9904317591075458,1,2,9,10.944332710326876,5,2025-10-01 20:00:59.926769
3117,user_845,1996,3.350970488609513,1,4,12,76.02712434028336,8,2025-10-14 20:00:59.926769
3118,user_543,850,3.5764765904156937,1,2,8,96.92459342110902,1,2025-10-16 20:00:59.926769
3119,user_581,1971,4.14604520899243,1,4,12,72.51346265816817,5,2025-01-24 20:00:59.928274
3120,user_308,1553,4.339432163988046,1,3,13,27.244821917741536,5,2025-02-21 20:00:59.929281
3121,user_451,1329,3.443419798879553,1,4,10,6.813426377648368,4,2025-07-06 20:00:59.929281
3122,user_238,2443,2.1169046437741437,1,2,9,36.06611241831861,6,2025-06-14 20:00:59.930281
3123,user_20,1698,4.0445661528060555,1,4,11,31.669541546289626,2,2025-05-02 20:00:59.930281
3124,user_398,2327,2.148574719522034,1,2,9,86.07903810304644,1,2025-06-24 20:00:59.931280
3125,user_849,793,2.5554446419664987,1,4,8,24.744361898161205,7,2025-03-31 20:00:59.932289
3126,user_683,105,3.801892421361119,0,2,12,77.15581578152863,9,2025-01-31 20:00:59.932289
3127,user_284,2029,4.288815362672987,1,3,13,25.900207179449154,5,2025-05-04 20:00:59.933296
3128,user_875,2708,3.6034851623161246,0,4,11,71.7035921586684,4,2025-04-11 20:00:59.933801
3129,user_776,1348,3.0679208740540562,1,4,11,83.9991195649982,7,2025-03-25 20:00:59.933801
3130,user_748,818,4.243902717896234,0,4,10,64.80287939401654,1,2025-11-29 20:00:59.934807
3131,user_888,161,3.937256369881302,1,4,12,75.1741879505943,4,2025-01-05 20:00:59.935807
3132,user_751,949,4.196477031586721,1,4,14,18.41885255233714,3,2024-12-21 20:00:59.935807
3133,user_293,1263,3.2798892473933123,1,3,11,42.912331778188815,3,2025-03-18 20:00:59.936807
3134,user_312,1938,3.4634998143670845,1,3,14,78.48799094992822,9,2024-12-14 20:00:59.936807
3135,user_334,133,3.662140998792234,1,3,10,27.698025997493414,4,2025-02-01 20:00:59.937807
3136,user_217,744,3.347951609745316,1,2,10,73.90127436095145,9,2025-04-23 20:00:59.938807
3137,user_955,1116,3.8937105261008265,1,2,14,8.970487704196783,7,2025-04-24 20:00:59.938807
3138,user_250,2366,3.446957054899198,1,3,12,47.855871508035264,5,2025-10-22 20:00:59.939805
3139,user_505,2112,3.2640625097858273,1,3,9,18.613006610838458,8,2025-06-09 20:00:59.940806
3140,user_654,18,3.3679318718809674,1,3,11,23.069612344865288,9,2024-12-17 20:00:59.940806
3141,user_649,508,2.871557385448117,0,2,12,87.27982978990212,8,2025-09-12 20:00:59.942362
3142,user_90,722,2.499431221057425,1,2,10,49.946213417291396,6,2025-07-04 20:00:59.942896
3143,user_596,1271,3.8001986494446474,1,2,14,66.94296644301347,5,2025-10-09 20:00:59.942896
3144,user_75,1666,2.5919079140619425,1,3,9,83.5237316824051,8,2025-03-29 20:00:59.943923
3145,user_616,2428,4.076066859432058,0,3,8,90.13176651635843,4,2025-07-01 20:00:59.943923
3146,user_643,1226,4.8734948490877485,1,3,14,66.98050412383195,8,2025-10-24 20:00:59.946021
3147,user_367,726,2.7154693045767133,1,3,14,86.85441674915627,7,2025-02-18 20:00:59.946021
3148,user_668,406,3.6921505027268084,1,2,13,47.91682117481334,2,2025-08-03 20:00:59.947585
3149,user_887,1435,3.5426967486992256,1,2,13,20.458337215043855,8,2025-04-29 20:00:59.948741
3150,user_471,1779,3.5288818478352915,1,4,14,65.31364108181234,5,2025-05-22 20:00:59.949769
3151,user_210,2779,2.2636195835511774,1,2,12,39.51912443125549,2,2025-08-20 20:00:59.950766
3152,user_678,435,2.4796289878025752,1,2,8,4.8832933629728625,8,2025-06-13 20:00:59.952766
3153,user_158,1724,2.973159168123391,1,2,13,53.20072754668064,9,2025-10-31 20:00:59.953764
3154,user_284,987,4.341833892069584,1,3,11,6.993536439051484,2,2024-12-12 20:00:59.954770
3155,user_693,2387,2.9869973710010616,1,2,9,94.55578712202409,8,2025-09-11 20:00:59.955307
3156,user_104,2766,2.839460837292422,1,4,12,99.74911608761765,7,2025-10-09 20:00:59.955307
3157,user_849,319,2.4473891971815815,1,2,10,42.731104178748666,5,2025-09-29 20:00:59.956330
3158,user_762,735,3.2788058115292285,1,4,9,34.189011706203765,9,2025-02-20 20:00:59.957391
3159,user_874,199,4.51996418872058,1,2,8,92.56734939291974,8,2025-07-12 20:00:59.958469
3160,user_105,2600,2.7710045966424532,1,3,10,0.19157061789990548,9,2025-08-20 20:00:59.958469
3161,user_272,2505,3.93187980285646,1,3,10,8.087260384750028,8,2025-10-25 20:00:59.959495
3162,user_376,1591,2.8259658014495868,1,2,13,0.46099359731681666,5,2025-08-03 20:00:59.960494
3163,user_520,2771,3.99713857954754,1,4,10,22.377229158085342,1,2025-08-01 20:00:59.962494
3164,user_919,1726,3.0800655763803015,1,2,10,37.00620628699755,4,2025-04-30 20:00:59.963494
3165,user_323,2914,2.6207356506427035,1,2,11,66.16843562366648,9,2025-02-26 20:00:59.965007
3166,user_443,1060,3.034801036819104,1,3,10,48.32361562451519,5,2025-11-01 20:00:59.967177
3167,user_849,2917,3.100606485429906,0,4,14,7.374416514116067,5,2025-01-15 20:00:59.969173
3168,user_924,300,2.9069206478673144,1,3,11,47.33402220952253,3,2025-05-23 20:00:59.970361
3169,user_10,658,2.9086874249973365,1,2,11,55.25197803669779,3,2025-06-15 20:00:59.971367
3170,user_876,2801,2.880957717961154,1,2,11,18.780777755756905,1,2025-06-28 20:00:59.972360
3171,user_568,2697,4.187643811312445,1,2,11,33.22365952468594,8,2025-01-12 20:00:59.972360
3172,user_2,1643,4.02058743301897,1,2,10,60.09573106720042,4,2025-09-22 20:00:59.973883
3173,user_228,71,4.7143545786913315,0,4,10,63.968810214542906,8,2025-02-17 20:00:59.974896
3174,user_23,2157,3.3238909912904138,1,4,12,42.600507941634426,3,2025-10-29 20:00:59.975898
3175,user_928,2039,3.266540370187699,1,2,10,5.558063448407702,4,2025-06-29 20:00:59.976918
3176,user_38,2712,4.167356855208539,0,2,13,55.549349646499216,4,2025-07-01 20:00:59.978111
3177,user_112,614,3.8312174691668206,1,3,10,54.27447194574935,4,2025-08-05 20:00:59.979812
3178,user_482,698,4.594837599092512,1,2,11,69.02626091854012,1,2025-04-11 20:00:59.981337
3179,user_287,1891,3.7271000061379116,1,4,14,10.971116886006483,6,2025-07-11 20:00:59.982366
3180,user_788,1617,4.052579990925606,1,2,10,64.89821982378442,1,2025-05-06 20:00:59.983542
3181,user_347,764,3.68367587427999,1,3,9,56.06978174642661,2,2025-02-02 20:00:59.984064
3182,user_514,1637,2.922934203040015,1,2,8,65.6071116977206,7,2025-08-27 20:00:59.986090
3183,user_652,2354,3.9155920812088905,1,2,14,26.622319397971562,5,2025-11-23 20:00:59.987089
3184,user_34,1441,2.869553865256601,1,3,10,15.505972141241342,9,2025-04-15 20:00:59.988077
3185,user_169,1882,3.0305488176445494,0,4,10,81.76105309172435,8,2025-11-21 20:00:59.988077
3186,user_315,757,2.996015987569393,1,4,11,26.4285221212482,8,2025-09-29 20:00:59.989094
3187,user_73,2097,3.1567060263319244,1,3,11,40.161857407923705,3,2025-08-30 20:00:59.990090
3188,user_801,961,2.978949660398252,1,2,13,0.19373091368668494,4,2025-11-14 20:00:59.990090
3189,user_594,1920,2.3925206330448403,1,2,10,65.76722498755007,5,2024-12-24 20:00:59.990090
3190,user_525,1615,2.739584620346199,1,2,10,99.37005233882049,1,2025-01-31 20:00:59.991610
3191,user_373,2502,3.5067103606691905,1,4,8,23.63644207056953,5,2025-04-19 20:00:59.991610
3192,user_733,1703,3.88386496563062,1,3,12,81.76363358335038,8,2025-08-24 20:00:59.993181
3193,user_48,1778,3.5162341415667195,0,3,12,97.46231168075656,8,2025-05-23 20:00:59.993181
3194,user_550,625,3.2797417396514983,1,2,9,45.89144732646183,3,2024-12-22 20:00:59.994209
3195,user_570,2681,3.3292318590044574,1,3,10,69.78198430863102,8,2025-04-14 20:00:59.995208
3196,user_39,1476,3.3379332039687313,1,4,8,26.755736172680855,8,2025-08-29 20:00:59.995716
3197,user_368,459,4.300768009256802,0,3,10,45.62331485675083,4,2025-01-25 20:00:59.996106
3198,user_876,813,4.492819905517656,1,3,11,79.80424433534148,3,2025-11-29 20:00:59.997755
3199,user_742,1563,3.610006411832198,1,2,11,16.485063535232737,1,2025-02-15 20:00:59.998299
3200,user_118,1581,3.5999796597599563,1,3,11,38.24024961565495,2,2025-06-03 20:00:59.999305
3201,user_432,882,3.9421101942844277,1,2,13,52.97659853858404,4,2025-03-23 20:01:00.000304
3202,user_27,85,2.9942543372690897,0,2,8,49.89128732895759,5,2025-01-22 20:01:00.001304
3203,user_498,1604,4.464594780773855,1,3,14,58.73894744562131,1,2025-08-09 20:01:00.003402
3204,user_482,2674,2.9728243627998987,1,3,13,70.92868733480134,2,2025-07-22 20:01:00.004290
3205,user_563,2280,3.541485985629605,1,4,8,32.992182104354484,3,2025-05-11 20:01:00.004290
3206,user_555,110,3.712236314382749,1,4,13,36.273381821694414,4,2025-07-02 20:01:00.005579
3207,user_250,2916,3.102437578229353,1,3,9,98.25603619264702,9,2025-05-04 20:01:00.006588
3208,user_630,895,3.58174303975305,1,2,8,20.158108624003535,7,2025-05-24 20:01:00.007093
3209,user_893,2684,3.337565769158905,1,3,10,34.26353916281711,6,2025-06-14 20:01:00.008098
3210,user_214,2165,2.4147425349355456,1,4,12,45.88518176461297,3,2025-04-05 20:01:00.009097
3211,user_578,1573,3.5158809522498125,1,2,8,51.80458844113917,6,2025-09-24 20:01:00.010015
3212,user_625,1324,3.806507950421155,1,2,13,49.530165368961,1,2025-10-02 20:01:00.011023
3213,user_814,1884,4.784620590642354,1,3,13,30.332464028059846,4,2025-06-29 20:01:00.012028
3214,user_3,1486,2.949414473858291,1,3,8,29.38429187596653,6,2025-09-06 20:01:00.014123
3215,user_511,2456,2.054775771598497,1,3,12,62.501324911604584,9,2025-10-10 20:01:00.016752
3216,user_31,1622,3.857493187409627,1,2,8,19.454026565774342,3,2025-09-09 20:01:00.017750
3217,user_80,1904,2.000694464140995,1,3,13,93.44004323485264,1,2025-03-19 20:01:00.017750
3218,user_136,225,3.419166029228808,0,2,14,93.30301542669717,3,2025-03-20 20:01:00.019256
3219,user_684,927,4.889196294830482,0,3,10,83.39905257694427,5,2025-05-23 20:01:00.019256
3220,user_40,2764,4.542032123503554,1,2,14,98.84046921559462,6,2025-06-19 20:01:00.020264
3221,user_963,829,3.0950143970385335,1,4,12,32.07857973433846,6,2025-08-11 20:01:00.021264
3222,user_7,402,4.2067854081543015,1,2,8,37.739111042369125,1,2025-03-06 20:01:00.021778
3223,user_32,798,4.296692872724676,1,4,14,75.33854240156094,1,2025-10-29 20:01:00.023286
3224,user_303,1693,3.027447799257356,1,4,9,65.33982675899892,5,2025-08-03 20:01:00.023898
3225,user_409,1248,3.5799016813304583,1,2,11,42.717478967300934,5,2025-09-23 20:01:00.023898
3226,user_237,643,2.160395954973108,1,2,8,5.010542650497185,2,2024-12-28 20:01:00.024903
3227,user_206,2195,4.487553571644405,1,2,12,83.70112605030168,3,2025-02-27 20:01:00.026006
3228,user_617,533,5.0,1,3,10,47.14670772924939,6,2025-06-06 20:01:00.026006
3229,user_753,574,3.2771716483472977,1,2,8,44.15163246877483,5,2025-05-03 20:01:00.026006
3230,user_98,2604,4.080305651077584,1,4,11,99.15787947795805,3,2025-10-31 20:01:00.027622
3231,user_714,93,3.990916559297273,1,3,12,18.074030653922158,3,2025-06-08 20:01:00.027622
3232,user_484,664,2.5851424584259046,1,2,14,40.806820303593085,7,2025-12-05 20:01:00.028738
3233,user_695,1139,3.8423875344342275,1,3,8,75.8956651211598,3,2025-08-07 20:01:00.028738
3234,user_444,776,3.7934757555825875,1,4,9,47.835996227649645,3,2025-11-11 20:01:00.029736
3235,user_357,567,3.6606624306899866,1,2,11,32.42721549306129,6,2025-07-20 20:01:00.029736
3236,user_393,707,2.4648134283211975,1,2,12,50.34506940020357,6,2025-04-28 20:01:00.029736
3237,user_385,2519,3.59712870219976,1,4,9,2.9366299468047696,6,2025-06-05 20:01:00.031347
3238,user_837,1750,2.9397055900310445,0,3,10,19.701587961501932,8,2025-11-11 20:01:00.031347
3239,user_292,1196,3.139606683462458,1,3,10,57.53684069770452,3,2025-06-24 20:01:00.032457
3240,user_442,271,2.7690678909151103,1,4,11,82.09291918201339,1,2025-06-16 20:01:00.033067
3241,user_908,1214,3.544579572300886,1,3,12,16.47758868271182,7,2025-10-06 20:01:00.033067
3242,user_72,1767,3.9131277347613866,1,2,12,76.95885209168566,1,2025-05-26 20:01:00.034179
3243,user_883,2555,2.8718014211697103,1,3,8,80.86306272431251,5,2025-01-21 20:01:00.034179
3244,user_441,930,4.021812969173193,1,4,9,33.9461488682953,9,2025-08-15 20:01:00.036195
3245,user_786,620,3.6176443826011093,1,2,9,3.761947755155426,9,2025-03-10 20:01:00.037191
3246,user_254,1287,4.28231281825395,1,3,9,62.30075856245326,3,2025-10-05 20:01:00.038813
3247,user_130,110,3.6653291042626086,1,4,14,46.08899696277167,6,2025-03-02 20:01:00.039921
3248,user_822,563,4.3603040050785395,1,4,10,70.91216078388611,3,2025-07-02 20:01:00.040924
3249,user_343,307,3.4735462937654784,1,4,12,81.1393712344411,5,2025-12-06 20:01:00.042538
3250,user_230,81,3.920743497765029,1,2,9,52.2588871028741,7,2025-11-01 20:01:00.044280
3251,user_458,782,3.660898590958229,0,4,8,64.40946934361857,2,2025-04-25 20:01:00.045881
3252,user_448,587,3.5794378039138546,1,2,11,79.25487412932213,4,2025-09-12 20:01:00.048736
3253,user_43,1479,2.920379425494021,1,4,13,19.74287084005709,7,2025-01-13 20:01:00.050731
3254,user_574,2150,3.3429795840403673,1,2,12,37.598666907040524,7,2025-05-17 20:01:00.053349
3255,user_681,2530,3.613067831864321,1,4,13,90.0105091840394,1,2025-12-08 20:01:00.055042
3256,user_187,2393,4.547121646921433,0,2,14,32.408145916900736,3,2025-05-10 20:01:00.058571
3257,user_157,2714,3.5993567597325242,1,3,12,50.14187088479004,8,2025-10-19 20:01:00.060869
3258,user_340,1800,3.9774259124197138,0,3,10,50.56106428274087,6,2025-06-22 20:01:00.062872
3259,user_104,478,2.937942869942936,1,3,12,69.87769473617982,2,2025-01-15 20:01:00.064867
3260,user_800,1489,2.7468361422810283,0,2,8,85.50979106231523,6,2025-05-27 20:01:00.066599
3261,user_321,548,3.3124794857674553,1,2,11,25.517544360660803,6,2025-06-23 20:01:00.067606
3262,user_80,335,2.9794588803628574,0,2,10,75.92134152107181,8,2024-12-26 20:01:00.069547
3263,user_310,2568,3.0640702115060052,0,4,8,75.14885573709562,8,2025-01-08 20:01:00.070358
3264,user_496,1589,5.0,1,3,8,45.66009242058158,6,2024-12-16 20:01:00.071357
3265,user_475,228,3.0230913010951372,1,3,13,44.658177709550436,5,2025-02-01 20:01:00.072350
3266,user_531,1423,4.407116307286903,1,3,14,88.06754027133988,9,2025-03-04 20:01:00.073971
3267,user_391,2391,2.7496053501015494,1,2,12,89.00689583145038,8,2025-10-16 20:01:00.074977
3268,user_109,685,3.982633868869243,0,2,10,34.4568229458775,5,2025-09-10 20:01:00.076089
3269,user_694,1323,2.862659588922074,1,3,10,11.078391159552858,9,2025-09-01 20:01:00.077740
3270,user_840,1401,3.3212372232863094,1,3,11,5.570689569342413,8,2025-08-15 20:01:00.078772
3271,user_774,1494,2.3642279639366164,1,2,14,7.731879285780763,4,2025-11-08 20:01:00.079846
3272,user_598,2079,3.8625838109713864,1,2,10,19.198426756064848,6,2025-10-24 20:01:00.081647
3273,user_797,2503,3.1852510054140457,1,2,13,40.59614563395893,9,2025-07-09 20:01:00.082399
3274,user_788,1543,2.8774674564783695,0,4,11,7.749602166174219,3,2025-12-08 20:01:00.084137
3275,user_773,328,2.4489540222037203,1,3,9,19.02266964164131,3,2025-11-07 20:01:00.085239
3276,user_113,570,3.1245263651703445,1,3,9,27.07952963474134,6,2025-04-13 20:01:00.086248
3277,user_540,1250,3.728914723486758,0,2,9,94.76572669690954,5,2025-02-16 20:01:00.088243
3278,user_672,1042,3.809765731941333,1,3,14,87.36318031862716,7,2025-04-21 20:01:00.090265
3279,user_254,2633,4.083825077693328,1,3,10,51.66055630351995,5,2025-10-31 20:01:00.093605
3280,user_735,1529,2.6371661985584898,1,4,9,17.53678025403773,9,2025-04-24 20:01:00.095541
3281,user_331,2653,2.981391070668113,1,2,8,13.190393883080088,4,2025-01-03 20:01:00.097939
3282,user_592,1228,3.1307022512736054,1,3,12,20.001058944336336,4,2025-08-09 20:01:00.100683
3283,user_140,1344,3.792741891266175,1,2,9,60.341053652602504,9,2025-01-19 20:01:00.103680
3284,user_653,1629,3.7572440743502815,1,4,8,74.74425253205591,6,2025-01-31 20:01:00.106418
3285,user_779,2098,3.0649353336325738,1,4,9,24.898326623151423,4,2025-06-16 20:01:00.108738
3286,user_277,584,3.3308229012573785,1,3,9,19.729807453843296,3,2025-03-25 20:01:00.110445
3287,user_836,2617,3.8811829124661292,1,2,10,27.22058492494136,5,2025-02-01 20:01:00.111457
3288,user_748,382,3.12549318429037,0,4,11,12.589788640716348,4,2025-04-17 20:01:00.112457
3289,user_433,2751,2.121676882796345,1,2,8,91.23530869891383,2,2025-06-16 20:01:00.113481
3290,user_868,2570,3.4769919049031452,1,4,11,24.286465053126626,6,2025-07-16 20:01:00.116092
3291,user_628,25,2.9113996346583275,1,2,10,57.820460567659616,2,2025-06-01 20:01:00.119101
3292,user_483,1856,4.017324218379843,0,4,8,78.96362526474029,8,2025-05-31 20:01:00.121718
3293,user_48,1631,3.8087526699684853,1,2,8,38.64483744543449,2,2025-11-28 20:01:00.123811
3294,user_573,1066,3.074919526907344,1,3,14,51.88326758482592,3,2025-03-06 20:01:00.125543
3295,user_191,1142,3.3382849641947914,1,4,14,99.4072138049325,1,2025-06-24 20:01:00.127175
3296,user_862,1155,4.163196409784455,1,3,14,80.77302795825284,5,2025-11-15 20:01:00.129291
3297,user_736,1857,3.142621405271777,1,3,10,95.27466009925385,3,2025-07-16 20:01:00.131285
3298,user_926,1610,4.177355698872046,1,4,10,7.36610720170594,8,2025-04-29 20:01:00.132502
3299,user_27,2168,3.7073965515481992,0,2,9,88.84261421878568,3,2024-12-19 20:01:00.134227
3300,user_249,49,2.924021052221084,1,4,11,16.391720294358493,6,2025-03-06 20:01:00.136335
3301,user_411,1981,3.1693874119498044,1,4,9,19.984725908556335,9,2025-01-28 20:01:00.138231
3302,user_499,579,4.290485120540259,1,3,13,94.42618634671275,9,2025-12-05 20:01:00.139326
3303,user_412,694,3.39345820246876,1,3,11,33.68694168458648,8,2025-04-15 20:01:00.140334
3304,user_856,286,3.2519299670862454,1,3,11,19.850895283866134,5,2025-01-29 20:01:00.140334
3305,user_555,34,3.0425979649853936,1,2,9,3.347606457822616,7,2025-11-09 20:01:00.141942
3306,user_94,204,3.144631880108282,1,4,12,19.00092948312523,2,2025-06-15 20:01:00.143046
3307,user_614,2256,3.9874169062970064,1,4,13,74.99174220717195,1,2025-07-05 20:01:00.143648
3308,user_594,2714,2.690941240420798,1,4,13,40.2311321174162,9,2025-02-20 20:01:00.143648
3309,user_769,1360,2.9048922893244336,1,4,12,40.96281662398841,2,2025-04-12 20:01:00.145250
3310,user_589,622,2.2867999872167335,1,4,12,33.36785210122822,7,2025-11-04 20:01:00.145898
3311,user_156,2380,4.52961335461813,0,3,9,21.46475487701981,1,2025-07-04 20:01:00.146906
3312,user_515,1425,2.7942856484463308,1,4,14,86.99867076445865,8,2025-11-22 20:01:00.148020
3313,user_588,1243,3.347044232396864,1,4,9,98.9828490411016,6,2025-08-01 20:01:00.150137
3314,user_500,171,3.2188754404180897,1,2,9,0.22457084776552616,7,2025-05-08 20:01:00.151149
3315,user_913,1935,3.779473765916072,1,3,9,31.525124302640506,5,2025-03-02 20:01:00.152146
3316,user_637,1283,4.597988111680491,1,2,9,5.864070082644901,5,2025-07-10 20:01:00.153144
3317,user_421,1364,3.7945836216208186,1,3,9,88.92651548249475,5,2025-08-07 20:01:00.154649
3318,user_398,2458,3.2683266031386666,1,3,11,42.62471109564929,9,2025-03-12 20:01:00.155656
3319,user_474,1767,3.508290103829512,1,2,8,25.04868416012225,8,2025-05-05 20:01:00.155656
3320,user_620,939,4.374286240868064,1,4,13,6.894061227922011,6,2025-01-05 20:01:00.156656
3321,user_850,2776,4.3284189915616365,1,3,12,29.807907376319488,1,2025-05-25 20:01:00.157161
3322,user_136,2612,4.298621045375941,1,4,10,10.502806478013227,6,2025-07-28 20:01:00.157161
3323,user_578,902,3.8266950582303307,1,3,8,2.760317757301478,9,2025-04-28 20:01:00.158804
3324,user_337,990,4.275339661312518,1,3,12,27.148434681911247,8,2025-03-22 20:01:00.158804
3325,user_256,1999,3.434087739777947,1,4,14,80.5699185335282,8,2025-07-29 20:01:00.159812
3326,user_586,1896,2.967285859186899,1,3,13,71.60915047407177,9,2025-02-28 20:01:00.160811
3327,user_374,2511,4.17338545145045,1,2,8,56.402379360218205,3,2025-02-04 20:01:00.160811
3328,user_110,2281,4.312597830004888,1,4,13,45.449108026545474,9,2025-08-11 20:01:00.160811
3329,user_336,512,4.412735770997568,1,2,14,44.790032157195434,1,2025-06-16 20:01:00.162317
3330,user_97,1066,2.733190338673288,1,2,13,91.09938009297419,5,2025-11-08 20:01:00.162317
3331,user_485,2009,3.3848433717810065,1,3,9,44.98894050569498,2,2025-01-30 20:01:00.163324
3332,user_136,2162,3.1819464402069126,1,4,11,0.9725875131194384,6,2025-02-22 20:01:00.164875
3333,user_405,1257,4.835503546180529,1,3,13,25.050486912695835,6,2025-11-18 20:01:00.166993
3334,user_705,2424,2.6585624803420895,1,2,11,73.51171884165282,7,2025-09-15 20:01:00.167981
3335,user_812,1532,2.5592765391096117,1,3,12,81.4097006967236,6,2025-11-27 20:01:00.169513
3336,user_321,2041,2.620170440902669,1,3,14,93.8788264213076,1,2025-08-14 20:01:00.170637
3337,user_25,1736,3.5793531291878935,1,3,9,95.10373920730237,8,2025-05-02 20:01:00.171625
3338,user_888,1563,2.632779999957143,1,4,13,69.25175092535177,3,2025-06-21 20:01:00.173623
3339,user_86,1366,4.3544841198684985,1,4,11,74.53223774257374,2,2025-11-29 20:01:00.174239
3340,user_675,1001,3.1192920939653024,1,3,11,35.45866924404031,8,2025-05-21 20:01:00.175307
3341,user_864,1794,3.521432704779804,1,3,14,83.97840356173904,4,2025-03-03 20:01:00.177357
3342,user_891,2823,4.553991255526822,1,4,13,68.31978506849971,1,2025-10-14 20:01:00.177357
3343,user_151,933,3.7421312636182957,1,3,11,46.209682419276945,7,2025-10-27 20:01:00.178664
3344,user_473,1869,2.417348667553186,1,4,14,35.52926568055241,2,2025-03-24 20:01:00.179784
3345,user_120,1743,4.419124787422081,1,2,8,29.33283332065102,2,2025-08-16 20:01:00.181390
3346,user_4,2254,3.2528155256265565,0,4,11,15.269754563564842,8,2025-09-28 20:01:00.182480
3347,user_299,2757,3.0962524685093373,1,4,13,47.96671828600848,2,2024-12-13 20:01:00.183832
3348,user_894,1854,3.1890668815552745,1,2,10,27.092161131005287,8,2025-11-23 20:01:00.183832
3349,user_563,373,3.1621529154814096,1,4,12,60.74962977318803,5,2025-07-16 20:01:00.184983
3350,user_220,2780,2.643611057586203,1,3,8,24.148303620747335,7,2025-10-10 20:01:00.185983
3351,user_563,777,4.0032739833183175,1,4,10,61.729382645808705,8,2025-10-25 20:01:00.187098
3352,user_347,1011,3.9812275210380044,1,2,8,49.21339923973399,8,2025-09-22 20:01:00.187982
3353,user_548,2661,3.8419088816656024,1,3,12,15.741568442573362,6,2025-08-24 20:01:00.189105
3354,user_216,2243,4.125460748885299,1,3,10,58.525422623818265,3,2025-05-05 20:01:00.190095
3355,user_774,1617,2.114671914168154,1,2,13,41.847957785733115,3,2025-12-09 20:01:00.191102
3356,user_377,571,3.987393476501262,1,3,10,9.310928060046075,6,2025-11-07 20:01:00.192095
3357,user_624,2508,2.929350552097216,1,2,9,56.66342964218405,9,2025-03-14 20:01:00.193979
3358,user_612,1012,3.329512976010548,1,2,8,71.66718682829377,7,2025-05-23 20:01:00.193979
3359,user_10,760,2.219478712206611,1,3,10,17.787063353422806,6,2025-05-05 20:01:00.193979
3360,user_109,2457,3.3120080527167164,1,4,14,68.34420272750333,2,2025-03-31 20:01:00.195594
3361,user_413,2755,3.5881856601124134,1,3,12,76.92501801560286,5,2025-06-23 20:01:00.196418
3362,user_389,1151,4.136832225746482,1,4,8,13.082142626518179,5,2025-10-15 20:01:00.196418
3363,user_269,1352,3.703583152741519,1,3,14,34.15830522895853,8,2025-02-08 20:01:00.198740
3364,user_910,1112,3.2177418098926425,1,3,11,54.187103195758354,5,2025-11-26 20:01:00.199751
3365,user_366,2882,3.9382597684493215,0,3,12,10.902316071949315,9,2025-06-01 20:01:00.200749
3366,user_391,442,3.5525554519020957,1,3,14,99.92765259462371,6,2025-08-30 20:01:00.200749
3367,user_800,243,3.263525844631306,1,2,9,54.40558018647006,8,2025-10-03 20:01:00.201747
3368,user_432,182,4.505660301772631,1,2,8,84.03296126633181,8,2025-06-02 20:01:00.202749
3369,user_833,2670,3.5439542468237106,0,4,11,6.743272611090267,5,2025-08-28 20:01:00.204254
3370,user_548,290,3.2448414997501214,1,3,11,22.31929597201837,7,2025-01-11 20:01:00.205362
3371,user_22,1896,3.7767063870575712,1,3,13,12.545808954098192,9,2025-01-02 20:01:00.206363
3372,user_421,1604,3.345819352518934,1,2,14,75.65147240490595,7,2025-03-29 20:01:00.207429
3373,user_93,1907,2.3534811674933924,0,2,12,64.18875771484792,7,2025-10-03 20:01:00.208518
3374,user_732,1202,2.9206058602148928,1,2,14,91.19757436817586,4,2025-10-25 20:01:00.208518
3375,user_166,388,2.856396060106973,1,3,13,87.05956337262845,5,2025-10-18 20:01:00.211450
3376,user_820,1044,4.003751487240844,1,4,10,69.82692319477086,8,2025-10-11 20:01:00.213450
3377,user_657,750,2.8817926848606823,1,2,14,66.58227640555924,9,2025-03-26 20:01:00.215064
3378,user_606,989,3.748001584777763,1,4,10,21.47335023842284,5,2025-09-29 20:01:00.216201
3379,user_876,1650,2.8531537371471853,0,2,13,86.38125572362189,6,2025-12-02 20:01:00.217170
3380,user_88,845,3.784379518360451,1,3,8,67.44334724154709,9,2025-06-07 20:01:00.218185
3381,user_735,2505,4.324445007595133,1,4,10,88.45712064137673,1,2025-01-30 20:01:00.219785
3382,user_114,620,4.382840957094013,1,4,8,82.5125847333028,1,2025-04-16 20:01:00.219785
3383,user_733,1409,4.079202910139001,1,3,13,5.236037419440754,5,2025-08-06 20:01:00.220786
3384,user_260,2650,3.018507188748071,1,2,11,70.0906684129454,2,2025-08-22 20:01:00.220786
3385,user_263,368,3.786444725633684,1,3,9,27.69897817848854,9,2025-02-07 20:01:00.221789
3386,user_376,544,5.0,1,2,10,8.82977478675161,8,2025-01-07 20:01:00.221789
3387,user_961,2728,4.490910972219302,0,3,8,13.524199830365225,6,2025-03-08 20:01:00.223297
3388,user_591,749,2.92501255187592,0,2,14,70.3016122537423,8,2025-01-05 20:01:00.224306
3389,user_605,2803,2.7772611975621255,1,2,11,27.79273120429142,3,2025-08-03 20:01:00.224306
3390,user_381,1166,3.934902233597619,1,4,8,12.958453712476292,9,2025-06-03 20:01:00.225306
3391,user_938,2534,3.008220464309691,1,3,8,59.214559998886386,8,2025-12-09 20:01:00.225810
3392,user_49,924,4.142743081344027,1,4,10,41.9648010722407,9,2025-07-27 20:01:00.225810
3393,user_124,1425,2.4652988063822514,0,3,9,47.812797224086154,4,2025-05-24 20:01:00.227317
3394,user_520,431,4.489895095619751,1,3,10,6.293257044851874,2,2025-06-24 20:01:00.228327
3395,user_544,2556,4.578184455664594,0,4,14,49.40725774332068,8,2025-12-06 20:01:00.229439
3396,user_767,2342,2.9736182575431336,1,3,9,86.46737785847539,8,2025-01-04 20:01:00.230441
3397,user_378,460,2.937869281272855,1,2,11,10.140840143036755,9,2025-07-16 20:01:00.231424
3398,user_767,2392,2.276360313400889,1,3,9,44.51492813978336,7,2024-12-18 20:01:00.233215
3399,user_161,2776,3.636009420777027,1,2,9,55.196692772889186,3,2025-02-22 20:01:00.233833
3400,user_774,1147,2.515915209735551,1,2,14,49.09423441029581,6,2025-08-02 20:01:00.234940
3401,user_250,1326,2.9799818340504887,1,2,13,72.14854094365492,9,2025-06-19 20:01:00.236940
3402,user_291,490,4.706724367808237,1,4,14,15.522142779918335,9,2025-10-31 20:01:00.237835
3403,user_396,1664,3.209255423394429,1,2,9,88.73655156029676,4,2025-09-16 20:01:00.238835
3404,user_880,1173,4.357216387226397,1,2,14,48.0703984669963,6,2025-07-23 20:01:00.239835
3405,user_625,2832,2.771083174922117,1,2,12,81.31102684707774,3,2025-05-18 20:01:00.241336
3406,user_157,1775,3.157553023926985,0,4,9,19.668640265145033,1,2025-05-03 20:01:00.241945
3407,user_338,1579,3.739649372553,1,4,8,58.29802022965151,1,2025-12-10 20:01:00.241945
3408,user_201,1889,2.8874139434437724,1,2,11,5.41154678036494,3,2025-05-16 20:01:00.243056
3409,user_221,2229,2.6942743663785107,1,3,13,9.730184879790082,2,2025-10-13 20:01:00.244274
3410,user_484,10,2.1174394573903847,1,2,11,91.05522508215965,4,2025-05-13 20:01:00.245269
3411,user_829,2315,2.7617610794229726,1,4,11,11.618917391928086,3,2025-05-03 20:01:00.246591
3412,user_618,1684,3.967221449642025,1,2,14,68.23466533938003,6,2025-02-20 20:01:00.247596
3413,user_853,515,4.304751406119483,0,3,8,59.59707593878597,3,2025-11-29 20:01:00.248100
3414,user_38,2300,4.065978073698123,1,2,8,42.95454487186029,8,2025-06-25 20:01:00.249223
3415,user_795,1757,2.016372168099595,1,2,12,10.418960382376842,6,2025-09-14 20:01:00.251223
3416,user_77,2505,3.530493550087476,1,2,13,1.1557219983401201,3,2025-04-04 20:01:00.252219
3417,user_467,1084,2.357709959530419,1,4,10,74.97458654453129,3,2025-02-12 20:01:00.253218
3418,user_622,1606,3.0112909125593643,1,4,10,58.99952913620822,1,2025-06-17 20:01:00.254612
3419,user_519,1100,2.9339414719126715,1,3,12,20.808519048126517,4,2025-03-07 20:01:00.254612
3420,user_696,2102,3.5108626343800364,1,3,11,68.65071850502412,8,2025-10-24 20:01:00.255621
3421,user_796,2510,3.1687868667195067,1,4,12,10.978738970827429,5,2025-09-13 20:01:00.257385
3422,user_769,2720,2.5442394674419795,1,4,11,35.60127271489966,8,2025-10-23 20:01:00.258492
3423,user_36,1788,3.8778073817520333,1,2,14,52.24313130499997,6,2025-10-15 20:01:00.259611
3424,user_235,1204,2.7340621035488657,1,4,13,56.090752807037106,1,2025-10-30 20:01:00.260665
3425,user_479,1141,2.8566468390981736,1,2,9,4.597238720047947,4,2025-07-01 20:01:00.261666
3426,user_423,101,3.162011624205807,1,4,9,2.0586633337241755,8,2025-01-13 20:01:00.262666
3427,user_760,2025,2.011770090925586,1,3,10,94.88596501778021,9,2025-03-16 20:01:00.263663
3428,user_428,1593,3.105142281947614,1,3,8,40.13128277437509,9,2025-10-08 20:01:00.265277
3429,user_423,1028,3.269017419577231,1,3,8,15.777599779244522,2,2025-02-22 20:01:00.265277
3430,user_922,196,3.859100815709338,1,4,14,30.76580127230325,4,2024-12-15 20:01:00.266897
3431,user_259,2705,2.3421776160897583,1,4,14,77.6582461044869,8,2025-04-10 20:01:00.269010
3432,user_277,346,3.0083103372030298,1,4,8,22.72480911839545,6,2025-03-22 20:01:00.269626
3433,user_745,2335,3.4686764697519665,1,2,10,54.47885229991892,9,2025-08-09 20:01:00.270628
3434,user_528,1901,3.2936057111043615,1,4,8,47.55595547831337,9,2025-03-27 20:01:00.271629
3435,user_307,402,3.2001530465774097,1,3,9,4.984265008772626,7,2025-11-04 20:01:00.272629
3436,user_819,854,3.147522283624325,1,4,9,48.967306551656186,6,2025-07-10 20:01:00.273739
3437,user_502,104,3.606342188884203,1,3,9,97.548449335038,2,2025-09-01 20:01:00.275070
3438,user_915,663,3.3948972988234685,1,2,10,42.51637446553163,1,2025-09-03 20:01:00.275956
3439,user_114,2769,3.405738799823666,1,3,14,13.257286726953044,2,2025-09-25 20:01:00.275956
3440,user_970,379,2.8406305502112605,0,2,9,6.4007852529311515,8,2025-08-10 20:01:00.277566
3441,user_796,1883,2.409234623334922,1,4,12,68.79920186356802,7,2025-05-25 20:01:00.277566
3442,user_866,11,3.521521263418191,0,4,8,37.970522264388876,5,2025-07-28 20:01:00.278677
3443,user_870,365,3.2979159322552736,1,4,8,8.07590899422882,8,2025-11-09 20:01:00.278677
3444,user_476,2330,1.9946713373595615,1,2,13,35.238275910646536,4,2025-03-29 20:01:00.279682
3445,user_242,748,3.575469351936879,1,2,13,32.91092810627322,6,2025-11-29 20:01:00.279682
3446,user_512,1140,2.7505362248708765,1,3,11,22.76683005494301,1,2025-07-16 20:01:00.281293
3447,user_639,99,3.866725122497557,1,3,12,75.14625356278137,8,2025-06-20 20:01:00.282397
3448,user_736,2362,2.9113386060549806,1,4,10,61.57338334821452,5,2025-02-06 20:01:00.283006
3449,user_356,2875,3.1264463978451547,1,3,10,91.98410239886763,3,2025-03-08 20:01:00.283623
3450,user_302,952,3.7817557373427366,0,2,10,8.062095217578324,8,2025-10-10 20:01:00.284738
3451,user_805,1575,3.6000996212822436,1,2,11,48.64037550971114,1,2025-08-19 20:01:00.284738
3452,user_501,2788,3.4056580241097496,1,2,10,60.683104275424526,8,2025-03-10 20:01:00.285732
3453,user_46,215,3.4201048903566162,1,4,13,30.526242901741472,6,2025-02-28 20:01:00.286730
3454,user_45,1836,3.5782923502058193,1,2,13,55.43919783669155,6,2025-02-11 20:01:00.286730
3455,user_456,1991,4.016703910187487,1,4,8,73.85232465713936,7,2025-10-30 20:01:00.287630
3456,user_763,283,3.75817891578309,1,2,14,32.926387648621336,4,2025-05-18 20:01:00.287630
3457,user_173,1823,3.6161849188699495,1,2,11,93.80167265892703,4,2025-03-08 20:01:00.289137
3458,user_396,2813,2.9401135907994345,1,2,11,41.44006477363297,5,2025-07-02 20:01:00.290145
3459,user_915,418,3.7509736400857574,1,3,11,19.555701095578904,2,2024-12-15 20:01:00.290145
3460,user_311,1657,3.079326215470201,1,3,13,63.96881263794283,4,2025-01-10 20:01:00.290145
3461,user_645,1872,2.558806310531017,1,3,11,35.91992956432081,9,2025-01-27 20:01:00.291652
3462,user_21,2267,3.936788196948568,0,3,9,80.22643580107093,9,2025-03-12 20:01:00.293202
3463,user_380,2653,2.553290457080357,1,2,11,90.20192994895433,3,2024-12-29 20:01:00.294208
3464,user_572,2085,3.5699805729745,1,3,12,34.891619517643356,3,2025-08-04 20:01:00.294208
3465,user_27,2788,4.620685149112205,1,3,12,94.61571217889426,5,2025-02-20 20:01:00.295209
3466,user_902,1183,2.5937404910530923,1,4,13,25.600841815022367,3,2025-01-10 20:01:00.295714
3467,user_559,2310,2.8437279220704825,0,4,9,40.53247076766373,6,2024-12-28 20:01:00.296219
3468,user_218,1022,4.377144835199641,1,2,12,17.837500193609046,2,2025-03-31 20:01:00.296219
3469,user_244,1176,4.048699473030353,1,3,9,46.40740198118182,1,2025-03-30 20:01:00.297898
3470,user_446,2400,4.450087373296747,1,3,11,67.50708477580316,2,2025-08-22 20:01:00.297898
3471,user_211,1256,2.2080840866100813,1,2,11,0.14503165911271543,4,2025-05-06 20:01:00.298905
3472,user_403,1841,3.338311058354341,1,2,10,12.335537144979558,8,2025-03-06 20:01:00.299912
3473,user_948,1739,3.276402901643089,1,2,14,52.93659874977611,9,2025-07-25 20:01:00.299912
3474,user_634,1801,3.5159066246394532,1,2,12,30.90551574726176,8,2025-11-10 20:01:00.300912
3475,user_282,835,3.9192184497641644,1,4,13,92.07039947895709,8,2025-07-19 20:01:00.301912
3476,user_251,165,3.726889792256409,1,4,13,39.01164772942681,6,2024-12-29 20:01:00.302912
3477,user_212,2021,2.740581478589156,1,3,14,85.98958602598796,7,2025-01-26 20:01:00.302912
3478,user_511,2272,2.8331711559891257,1,4,9,74.35681177907001,5,2024-12-26 20:01:00.304417
3479,user_467,1539,4.274944751371009,1,2,10,33.81997692364037,5,2025-02-19 20:01:00.304417
3480,user_530,2129,2.1901883883662823,1,3,10,15.58389848041184,9,2025-09-13 20:01:00.305425
3481,user_48,1902,2.362860267460193,1,2,9,27.584031306871417,2,2025-04-19 20:01:00.306518
3482,user_649,2023,2.874526102829324,1,4,10,61.432954106073055,3,2025-03-29 20:01:00.307022
3483,user_859,2874,3.6989594572958824,1,4,13,84.78382192736854,6,2025-04-04 20:01:00.307022
3484,user_704,1605,3.3284247621648264,1,3,12,2.1165447612074284,2,2025-01-10 20:01:00.309756
3485,user_3,1825,4.746632410943759,0,2,9,99.81301159238252,4,2025-08-31 20:01:00.309756
3486,user_174,1009,3.173073471976201,1,2,8,11.394561368051237,6,2025-12-05 20:01:00.310642
3487,user_213,1613,3.6117283552349106,1,4,10,66.41808218023608,7,2025-10-28 20:01:00.311641
3488,user_916,171,4.140663439974187,0,2,8,8.600389773472894,7,2025-11-30 20:01:00.311641
3489,user_1,1898,3.9383665419096507,1,3,14,96.52415089115334,7,2025-01-05 20:01:00.312641
3490,user_305,1933,2.947620225522025,1,4,12,54.63138975047486,6,2024-12-13 20:01:00.313641
3491,user_513,2588,2.467523216233994,1,4,8,79.03202454797547,6,2025-02-04 20:01:00.315324
3492,user_715,756,4.196852873348997,1,4,14,90.37124316303917,1,2025-10-12 20:01:00.315324
3493,user_967,2747,3.9249162487423623,1,4,12,50.0831266286602,4,2025-03-04 20:01:00.316438
3494,user_635,598,2.002948928946382,1,4,9,97.13989875699617,3,2025-10-28 20:01:00.317447
3495,user_893,835,3.311917693767675,1,3,8,51.800445235725334,8,2025-02-05 20:01:00.319060
3496,user_645,540,3.5412459021194946,1,2,13,70.61603231238601,4,2025-10-08 20:01:00.320067
3497,user_296,2426,5.0,1,3,11,83.33551140962025,5,2025-10-23 20:01:00.320573
3498,user_838,2466,4.274656920308668,1,4,12,85.24678401889939,5,2025-05-25 20:01:00.320573
3499,user_410,2812,2.6650037248621725,1,4,14,32.79195513714498,8,2025-05-23 20:01:00.321685
3500,user_627,924,2.6775160441175467,1,2,8,53.19072005509119,9,2025-01-29 20:01:00.322683
3501,user_406,1354,4.664715852547191,1,4,10,53.638128577743636,3,2025-11-29 20:01:00.322683
3502,user_826,2613,1.8329805913555162,1,4,11,14.950630987379698,5,2025-05-09 20:01:00.323683
3503,user_669,1885,3.3524321384072016,0,4,9,16.183206758622138,2,2025-10-11 20:01:00.323683
3504,user_919,2349,3.5121731009929125,0,4,9,99.29628003132312,1,2025-02-14 20:01:00.324762
3505,user_898,1490,3.664251243026257,1,4,9,46.88205244482319,1,2025-04-09 20:01:00.325763
3506,user_532,450,2.569675434042635,1,3,10,61.722185916746184,5,2025-04-05 20:01:00.327383
3507,user_320,2785,3.4565431525416437,1,2,12,74.96861576953022,9,2025-10-29 20:01:00.327383
3508,user_453,681,3.35573689369149,1,3,10,5.978157544533113,8,2025-10-19 20:01:00.328390
3509,user_396,1150,3.0463584512194344,1,3,8,32.64902949574687,3,2025-07-06 20:01:00.330495
3510,user_843,2446,2.858507963504531,1,2,9,20.545870963036727,5,2025-05-10 20:01:00.330495
3511,user_481,1075,4.552780452744514,1,4,14,3.49136146032174,3,2025-02-17 20:01:00.331494
3512,user_253,1428,3.043360495420622,1,2,14,57.94864814563655,5,2025-06-18 20:01:00.332748
3513,user_132,2549,3.5562225288379317,1,4,12,7.19633862818192,7,2025-02-04 20:01:00.333477
3514,user_90,1321,3.4221293708290705,1,3,14,23.88249054608691,5,2025-03-01 20:01:00.333477
3515,user_52,1753,3.766794486107956,1,4,11,22.44387232458166,8,2024-12-16 20:01:00.334484
3516,user_363,733,4.345004379118542,1,4,10,88.09232990882384,9,2025-03-31 20:01:00.336110
3517,user_742,993,2.669405433671953,1,4,12,14.774857841411427,3,2025-05-06 20:01:00.338179
3518,user_924,243,3.964663993161149,0,3,13,54.15907782732744,3,2025-11-20 20:01:00.339260
3519,user_457,2160,2.973079463469026,1,4,11,62.57804328862277,8,2025-03-21 20:01:00.340241
3520,user_53,2761,2.7515376299140493,1,4,12,53.199443924134826,6,2025-10-27 20:01:00.341863
3521,user_606,1350,2.376737459891701,1,3,9,87.762413936253,9,2025-03-26 20:01:00.342869
3522,user_639,1574,3.952614663997434,1,3,9,39.32736576589891,7,2025-11-26 20:01:00.342869
3523,user_187,683,3.171516772130636,1,4,10,65.31176120057319,5,2025-06-06 20:01:00.344456
3524,user_817,1434,3.566403391793399,1,2,10,99.78075443171072,3,2025-03-09 20:01:00.345456
3525,user_699,2437,3.8214451999027457,1,4,13,98.09945808831118,2,2025-07-06 20:01:00.346323
3526,user_597,1837,2.9543604429218058,0,2,13,39.68651540278864,6,2025-07-01 20:01:00.348058
3527,user_953,2574,4.857349688074292,1,2,14,42.64915401595599,8,2025-06-07 20:01:00.349177
3528,user_17,1248,3.0641164208736655,1,4,12,32.25294544775592,5,2025-01-15 20:01:00.350179
3529,user_927,1842,3.4838368278533784,1,4,12,82.32156507110494,8,2025-05-10 20:01:00.352177
3530,user_546,1092,3.813958896131562,1,2,14,59.31073576836771,6,2025-09-14 20:01:00.352793
3531,user_730,2099,3.7936935787315846,1,4,13,50.15890466733597,8,2025-07-29 20:01:00.354409
3532,user_373,2598,2.87804612877055,1,2,8,99.16595457479623,4,2025-11-30 20:01:00.355528
3533,user_293,507,2.611453423265415,1,2,12,48.20768232358789,2,2025-10-25 20:01:00.356527
3534,user_198,923,2.870885940928005,1,4,12,73.54844058287149,3,2024-12-22 20:01:00.357147
3535,user_558,344,4.49788598804896,1,4,11,57.29461250839096,1,2025-06-07 20:01:00.358781
3536,user_835,1434,3.219585212216163,1,2,9,41.61504560976073,6,2025-11-29 20:01:00.360898
3537,user_403,737,4.321956505148078,1,2,11,56.3303380822992,2,2024-12-21 20:01:00.361786
3538,user_701,15,3.508483506640123,1,2,13,51.757241797919626,4,2025-10-08 20:01:00.362895
3539,user_811,918,2.4682790668691217,0,4,13,59.420091056765465,2,2025-05-08 20:01:00.363894
3540,user_272,458,3.3335312015553473,1,3,10,35.545800048247465,8,2025-06-23 20:01:00.364893
3541,user_634,602,4.218405511215034,1,3,11,48.25423709978603,8,2025-01-11 20:01:00.366125
3542,user_629,2482,3.5811840790653577,1,2,9,1.4679235067735275,6,2025-12-09 20:01:00.367738
3543,user_371,1551,2.9797671350367456,0,3,13,84.09485198048215,1,2025-11-20 20:01:00.369362
3544,user_819,2414,2.4503757212167425,1,3,12,89.13521852889885,7,2025-11-19 20:01:00.370476
3545,user_105,1654,3.3627457861315073,0,3,8,27.978758615470735,2,2025-07-10 20:01:00.371369
3546,user_774,867,3.4201817997773896,1,3,10,52.703932491759886,3,2025-01-11 20:01:00.372510
3547,user_219,743,2.8620184517724994,0,4,13,38.88978306401396,8,2025-07-25 20:01:00.372510
3548,user_497,2701,2.2683597002040314,1,3,8,91.23748915165268,1,2025-11-12 20:01:00.374878
3549,user_164,2255,3.476001188155188,1,3,12,80.78080655599462,5,2025-12-04 20:01:00.375882
3550,user_634,100,5.0,1,4,10,85.75641403991253,8,2025-06-09 20:01:00.375882
3551,user_638,927,2.732142683500225,0,2,13,56.2191225420091,9,2025-02-13 20:01:00.375882
3552,user_320,1712,2.102958380444197,1,3,9,38.27062851900027,9,2025-05-13 20:01:00.378628
3553,user_613,929,3.291644845527643,1,4,11,5.459027705119657,1,2025-06-28 20:01:00.379500
3554,user_225,878,3.500401521691276,1,2,14,48.1062645346005,9,2025-05-16 20:01:00.381058
3555,user_546,1733,3.64532054517879,1,3,9,67.81822543908082,3,2025-07-13 20:01:00.382276
3556,user_905,1486,4.77557354069901,1,4,10,89.0358870778358,7,2025-04-14 20:01:00.383527
3557,user_315,2714,3.3847286554014517,1,3,10,64.38739470163355,6,2025-11-30 20:01:00.383527
3558,user_486,1818,3.8153286269120112,1,2,14,5.770046949104435,1,2025-11-27 20:01:00.385535
3559,user_339,82,3.728089358849308,0,4,8,22.26129123735603,9,2025-08-05 20:01:00.385535
3560,user_758,2794,3.574102392328245,1,2,13,42.820161275837286,1,2025-11-11 20:01:00.386536
3561,user_914,1637,3.8421916640907687,0,3,14,10.40084890589197,7,2025-01-04 20:01:00.387537
3562,user_459,135,2.962825242596039,1,4,10,17.3039766138676,4,2025-09-08 20:01:00.389538
3563,user_632,2053,4.174987767812844,0,2,14,52.26863911662611,3,2025-10-06 20:01:00.390564
3564,user_617,2295,3.8550005578265205,1,3,14,92.56512069332595,7,2025-08-01 20:01:00.390564
3565,user_114,2424,4.9664815877342665,0,3,9,18.950197532638203,8,2025-02-21 20:01:00.392087
3566,user_365,1717,2.4372401843416407,1,3,12,42.77721020060995,4,2025-07-15 20:01:00.393118
3567,user_144,906,3.60412857033602,1,2,14,98.41871132899468,9,2024-12-16 20:01:00.395310
3568,user_682,1571,3.0308854356882726,1,2,10,92.13405598049216,6,2025-02-15 20:01:00.395885
3569,user_174,1814,2.969402129446048,1,3,12,72.7541414155747,7,2025-11-09 20:01:00.395885
3570,user_81,1506,3.2804216429882103,1,3,10,32.32335770678543,7,2025-02-01 20:01:00.397471
3571,user_853,2481,3.5413966518324873,1,3,14,84.58724297769335,8,2025-01-03 20:01:00.397471
3572,user_77,1569,2.6033894337923402,1,4,8,57.25268725969084,7,2025-04-18 20:01:00.400029
3573,user_471,1049,3.1674286351634873,0,3,12,53.661706936425965,6,2025-07-02 20:01:00.401029
3574,user_413,2225,4.35151163385369,1,4,10,12.817499869842909,7,2025-10-27 20:01:00.402028
3575,user_591,1058,2.6282757710038744,1,4,10,4.328248950118074,2,2025-03-06 20:01:00.403027
3576,user_112,1362,3.0345848965179916,1,4,14,63.04170878533453,8,2025-08-04 20:01:00.404533
3577,user_39,1046,4.104459636738877,1,2,9,37.671451524523846,7,2025-08-28 20:01:00.405541
3578,user_259,963,3.642211096204928,1,2,13,79.09766272515796,7,2025-07-14 20:01:00.406542
3579,user_211,1215,3.047695298621259,1,3,12,6.246391981598642,3,2025-05-29 20:01:00.407586
3580,user_154,1163,2.383409347087837,1,3,8,66.53822319327014,2,2025-02-03 20:01:00.408612
3581,user_596,1535,2.9761757838484537,1,3,8,16.480214725582787,1,2025-05-07 20:01:00.408612
3582,user_797,1000,2.7978168572682955,1,2,8,8.186440399484562,8,2025-08-01 20:01:00.410772
3583,user_946,2213,3.3306251294487046,1,3,11,30.09305232867858,4,2025-06-08 20:01:00.411853
3584,user_137,1889,2.604123421414715,1,2,11,34.40103668576152,2,2025-08-08 20:01:00.412853
3585,user_796,1643,4.169785463401359,1,4,13,84.48482062686188,7,2025-05-10 20:01:00.413862
3586,user_680,2340,3.4151623319393027,1,4,12,21.5472605850626,7,2025-08-20 20:01:00.415721
3587,user_184,1148,2.6425212508756064,1,2,12,37.0078117057317,9,2025-03-13 20:01:00.416837
3588,user_889,2900,3.8496884075958424,0,3,11,46.79312179396808,8,2025-07-22 20:01:00.417838
3589,user_844,1268,3.852018825745692,1,2,12,90.78620871734981,4,2025-08-06 20:01:00.417838
3590,user_951,2264,1.9900955624149619,1,4,9,17.025488272214616,5,2025-06-29 20:01:00.419459
3591,user_503,1270,3.592657338299369,1,4,12,70.26531949051721,8,2025-09-02 20:01:00.420583
3592,user_159,2469,3.7833222794146812,1,3,10,7.940824429776483,4,2025-04-18 20:01:00.421569
3593,user_106,2905,3.283620853403452,1,4,12,62.0553745629139,9,2025-06-09 20:01:00.422570
3594,user_628,1327,4.347859850422538,1,4,8,20.558966124724353,5,2025-02-08 20:01:00.423590
3595,user_382,858,3.615964822267816,1,2,12,59.32490154026257,6,2025-11-30 20:01:00.424214
3596,user_296,2664,3.008255641521635,1,4,10,56.52858662444664,3,2025-09-16 20:01:00.426424
3597,user_823,2397,3.2219450900250983,1,4,8,33.54441868724622,7,2025-07-08 20:01:00.426424
3598,user_624,2406,3.7387223417704023,1,3,14,51.846174967980716,6,2025-03-22 20:01:00.427350
3599,user_270,2259,3.1861625830464537,1,3,10,32.391982716666746,7,2025-02-06 20:01:00.427856
3600,user_349,2119,2.922144919547264,1,2,12,44.83123532431772,1,2025-03-07 20:01:00.428864
3601,user_882,1904,3.5697460849198497,1,2,10,60.784952899040114,1,2025-11-21 20:01:00.429863
3602,user_506,2207,3.2762616164332306,0,4,12,95.83505630013927,2,2025-11-15 20:01:00.429863
3603,user_938,2917,3.13599706227068,1,2,12,52.41588982487298,7,2025-09-01 20:01:00.431486
3604,user_478,2650,2.957514933335995,1,3,12,66.89986771130042,4,2025-06-11 20:01:00.432603
3605,user_724,2806,3.1084277209689235,1,2,11,96.62083329442363,4,2025-07-29 20:01:00.433836
3606,user_127,2882,2.4908897142397386,1,4,11,89.8328435923853,9,2025-12-10 20:01:00.435955
3607,user_0,1262,2.5343787963366893,1,4,9,73.36124028316672,2,2025-02-09 20:01:00.435955
3608,user_276,1127,3.486202772704254,1,2,9,22.991622017027503,4,2025-10-11 20:01:00.436844
3609,user_481,2157,2.602688745387178,1,2,11,38.14950100469522,6,2025-08-31 20:01:00.437842
3610,user_961,2860,3.6933067478932378,1,2,12,8.342434221115358,4,2025-06-26 20:01:00.437842
3611,user_925,1459,4.785810395244103,1,3,11,61.35530418414044,4,2025-09-15 20:01:00.438843
3612,user_239,310,4.40362510107006,1,2,12,28.330286319970234,1,2025-06-08 20:01:00.439843
3613,user_341,1002,3.653526953901711,1,4,13,24.62256519846745,1,2025-04-29 20:01:00.439843
3614,user_176,1778,3.5714577976182054,1,4,9,3.319740856501052,7,2025-05-24 20:01:00.440843
3615,user_530,1558,3.072239145739693,1,2,9,28.99182359285798,1,2025-03-22 20:01:00.440843
3616,user_380,2716,3.4271337807891813,1,2,9,51.459872387429115,3,2025-01-29 20:01:00.441843
3617,user_644,2417,3.4513565741424848,1,3,11,79.18466928681599,8,2025-09-20 20:01:00.441843
3618,user_531,840,3.924398707584443,1,2,14,2.1680011666961763,5,2025-04-21 20:01:00.443399
3619,user_136,1764,2.3304536228338844,1,4,9,45.60978883919392,8,2025-11-23 20:01:00.443399
3620,user_15,567,2.292875899284914,1,4,11,3.660265184801925,6,2025-11-12 20:01:00.444508
3621,user_955,1702,3.49416991322403,1,2,12,37.24306804176174,6,2025-06-14 20:01:00.445515
3622,user_801,121,3.8185945976605797,1,4,9,29.62929877694993,4,2025-08-20 20:01:00.445515
3623,user_61,2099,3.9667704748794437,1,3,11,89.30149335126126,7,2025-11-07 20:01:00.446132
3624,user_358,886,1.6548621843232325,1,2,13,37.828275903634214,1,2025-05-12 20:01:00.446132
3625,user_647,2295,2.863888914113652,1,2,9,58.61414332423678,4,2025-11-30 20:01:00.446132
3626,user_83,1117,5.0,0,2,9,97.86274511607533,9,2025-06-30 20:01:00.447890
3627,user_937,1567,3.59544296643326,1,3,11,83.32736842131185,7,2025-12-02 20:01:00.447890
3628,user_373,1039,3.1883584239346794,0,3,12,29.124925448166973,2,2025-09-21 20:01:00.449004
3629,user_642,2176,4.345631245504403,1,3,11,63.783420368207025,6,2025-07-05 20:01:00.450004
3630,user_86,2448,3.984745270429634,1,2,11,88.51926919551538,8,2025-08-25 20:01:00.450004
3631,user_111,2219,4.007422784387706,1,2,9,94.93254850103558,2,2025-09-28 20:01:00.451001
3632,user_428,2894,3.112295316624996,1,2,10,70.48023448408608,6,2025-11-22 20:01:00.451001
3633,user_782,295,2.9137378133366267,1,2,13,41.895289526586055,4,2024-12-23 20:01:00.452010
3634,user_304,792,3.4553877540633686,0,3,9,95.61845674765054,7,2024-12-15 20:01:00.453002
3635,user_163,2575,2.995605238938611,1,3,10,41.92761807214481,4,2025-02-01 20:01:00.454507
3636,user_489,1299,4.306844179223713,1,2,12,5.194375265624718,1,2025-09-28 20:01:00.455622
3637,user_282,1558,2.8953885580911427,0,2,9,5.149868193804097,1,2025-07-05 20:01:00.457245
3638,user_445,2129,3.3595781067332253,1,4,9,19.67090452204412,9,2025-09-30 20:01:00.457245
3639,user_734,2561,3.7531006611536357,1,3,14,87.9570337523553,3,2025-10-26 20:01:00.459070
3640,user_846,162,4.014778430376514,1,4,12,75.53812888481568,2,2025-07-08 20:01:00.460188
3641,user_21,968,3.364743577953347,1,2,9,26.18172182671782,8,2025-02-12 20:01:00.461113
3642,user_901,1798,3.894687224547579,1,3,9,3.9721201851768972,7,2025-10-12 20:01:00.462132
3643,user_464,1841,3.8005019278888517,1,4,9,73.26616270202314,4,2025-03-28 20:01:00.463132
3644,user_541,2577,4.8368453486606695,1,2,12,45.088369642761435,5,2024-12-16 20:01:00.464132
3645,user_236,2281,3.887443719657442,1,4,9,34.90937316824615,4,2025-01-12 20:01:00.465638
3646,user_791,1886,4.354219099707143,1,4,11,44.96582244427424,9,2025-08-15 20:01:00.466648
3647,user_213,564,4.378741157225112,1,4,12,16.758248332401948,7,2025-01-15 20:01:00.467648
3648,user_41,394,3.24134560900732,1,2,8,77.25196045530231,3,2025-11-04 20:01:00.467648
3649,user_770,980,3.9427915301362413,1,4,8,84.93815481562842,3,2025-06-14 20:01:00.469194
3650,user_310,2220,3.9494486985161803,1,2,8,82.11660061897848,9,2025-10-21 20:01:00.470202
3651,user_561,2891,2.28093116051408,0,3,8,25.22713787144927,5,2025-03-11 20:01:00.471202
3652,user_852,1,4.287413242230931,1,4,9,55.03524836714523,5,2025-05-12 20:01:00.472204
3653,user_912,1412,3.2451287222142597,1,4,9,15.257557330953142,4,2024-12-20 20:01:00.474055
3654,user_594,2548,2.7311172211561296,1,3,10,41.772012205357356,1,2024-12-18 20:01:00.474725
3655,user_536,1601,3.9069048326332485,1,4,12,81.10797937356735,4,2025-06-17 20:01:00.475725
3656,user_114,2727,4.629373828710842,1,4,13,43.37627437925612,8,2025-03-09 20:01:00.477232
3657,user_229,1918,3.2955252895796106,1,2,9,73.47384757650869,4,2025-10-28 20:01:00.478276
3658,user_71,1022,3.873460139560159,1,3,9,72.03003332750949,7,2025-08-21 20:01:00.478816
3659,user_338,2021,2.6472669966794764,1,2,13,76.53129228919666,2,2025-11-28 20:01:00.479819
3660,user_536,846,2.7426110071921066,1,2,14,61.62850602360239,4,2025-02-03 20:01:00.479819
3661,user_641,790,2.9020954359990503,1,2,8,82.63066273008779,6,2025-11-15 20:01:00.481327
3662,user_912,2469,2.6233120331095585,1,4,14,23.493677694891534,4,2025-10-07 20:01:00.483351
3663,user_790,2192,4.476437701568823,1,3,11,26.06915481531138,9,2025-02-25 20:01:00.483351
3664,user_487,1773,2.9463295167012435,1,4,12,86.68288721013126,2,2025-08-22 20:01:00.484590
3665,user_867,2476,3.2845994246389076,1,4,9,68.39161100307959,2,2025-12-11 20:01:00.485558
3666,user_150,901,3.0563830867383315,1,4,11,17.143966129207,4,2025-02-10 20:01:00.486557
3667,user_240,2054,3.2817178100599262,1,2,12,78.558808405292,9,2025-01-09 20:01:00.487556
3668,user_573,2728,3.2962105036936533,1,4,8,70.1459119437275,3,2025-04-12 20:01:00.488557
3669,user_238,1220,3.3519036911257873,0,4,8,51.66853909549318,1,2025-02-13 20:01:00.489557
3670,user_186,1634,3.2704224363843792,1,4,8,16.683829164162432,8,2025-01-08 20:01:00.490557
3671,user_899,211,3.6527289904928057,1,4,9,15.551124275829565,9,2025-10-29 20:01:00.490557
3672,user_430,167,3.2832245252121757,1,4,12,76.5993010266275,9,2025-02-09 20:01:00.493077
3673,user_5,2890,3.89647552810771,1,2,8,56.56475633753975,4,2025-09-03 20:01:00.493077
3674,user_89,983,2.4525096909438586,1,4,12,58.902753712471856,4,2025-03-13 20:01:00.494486
3675,user_291,290,3.6732003574091645,1,4,9,73.73469822607903,5,2025-06-26 20:01:00.494486
3676,user_309,1693,3.0704554391934735,1,3,12,64.65916837902597,5,2025-02-11 20:01:00.495958
3677,user_581,1199,2.7896903287719894,1,3,14,3.0524215935032184,5,2025-01-08 20:01:00.496967
3678,user_962,1354,2.8793734406422953,1,4,11,10.096381124120112,7,2025-04-08 20:01:00.498478
3679,user_623,324,1.9756229857764442,1,3,12,50.82227016882677,9,2025-01-08 20:01:00.498478
3680,user_668,258,3.107578210445777,1,2,12,30.82670029862493,6,2025-11-14 20:01:00.499504
3681,user_15,524,3.06336574281895,1,2,11,96.10088489108219,8,2025-03-28 20:01:00.500973
3682,user_918,1180,4.107296021483738,1,4,13,40.78333289433462,6,2025-08-22 20:01:00.501973
3683,user_745,1569,4.224140519351146,1,4,12,19.390141509064417,8,2025-10-11 20:01:00.503488
3684,user_358,2080,1.5612689832899247,1,4,10,96.71183544949824,7,2025-04-03 20:01:00.505007
3685,user_72,260,3.721471768554359,1,4,8,75.42471844969162,5,2025-01-18 20:01:00.505007
3686,user_334,2779,3.103899891378838,0,4,12,7.422711586845465,9,2025-01-25 20:01:00.507356
3687,user_244,23,4.411585505279275,1,4,12,46.2648367114872,1,2025-01-05 20:01:00.507671
3688,user_594,1757,2.4519637454543677,1,2,10,73.13931471891301,3,2025-11-11 20:01:00.508998
3689,user_321,1273,2.9065930917241105,1,3,10,92.46909356939317,9,2025-11-10 20:01:00.510715
3690,user_528,370,5.0,1,3,12,96.73755319781978,4,2025-04-13 20:01:00.511717
3691,user_105,1627,3.488673479240452,1,3,14,24.075441481780715,7,2025-06-15 20:01:00.512719
3692,user_452,341,3.256291576344279,1,3,10,12.058621611823494,3,2025-06-29 20:01:00.513716
3693,user_33,254,3.294511539820961,1,4,8,6.0297601357549695,9,2025-05-11 20:01:00.514909
3694,user_241,244,3.4804353268241845,1,3,9,75.48755467771248,3,2025-02-16 20:01:00.516030
3695,user_265,2567,4.083301673819273,1,4,8,66.93911100886447,3,2025-10-20 20:01:00.516030
3696,user_811,1845,2.8337104465572045,1,2,8,76.7288569298093,6,2025-01-12 20:01:00.517373
3697,user_447,337,3.5890341201406333,1,2,8,58.18783478916334,1,2025-01-13 20:01:00.518881
3698,user_780,2376,3.105990298159671,1,2,13,37.66972592935105,2,2025-06-06 20:01:00.519892
3699,user_720,1065,3.233541370754596,1,4,8,63.46856143672023,7,2025-11-19 20:01:00.521901
3700,user_803,2189,3.075925708991474,1,4,10,26.548020453967926,5,2025-09-11 20:01:00.521901
3701,user_782,733,3.9017123928938306,1,3,10,79.35927210776393,7,2025-05-29 20:01:00.523929
3702,user_711,2713,2.7462286294816107,1,2,9,68.097742269322,1,2025-02-14 20:01:00.525059
3703,user_367,1339,2.2244317245746275,1,2,13,57.84324380201994,1,2025-09-05 20:01:00.525059
3704,user_858,1787,3.950664033306459,1,3,14,38.73625838213513,8,2025-11-11 20:01:00.526026
3705,user_130,1751,4.420716208386362,1,3,10,40.67617068387297,6,2025-10-30 20:01:00.528545
3706,user_956,167,2.686261257809423,1,4,9,1.1308686680100544,5,2025-07-16 20:01:00.529545
3707,user_200,588,3.933919123822338,1,2,11,77.44808872846787,6,2025-08-25 20:01:00.529545
3708,user_364,2647,3.9623972971330454,0,3,13,98.92606997178926,4,2025-04-16 20:01:00.529545
3709,user_473,1084,3.7758612389679755,1,3,8,13.801460547566624,2,2025-07-29 20:01:00.532473
3710,user_883,554,4.578542879513598,1,4,8,67.09167840534916,1,2025-12-10 20:01:00.533486
3711,user_482,2851,3.0172896407646426,1,3,14,39.58368087568959,8,2025-11-18 20:01:00.534495
3712,user_884,1465,2.8867558899854107,1,2,9,68.97827511400445,4,2025-10-03 20:01:00.535496
3713,user_692,842,2.461695823128485,1,3,13,43.37794004948859,9,2025-10-18 20:01:00.536496
3714,user_485,1837,3.1682878920078954,1,4,10,17.157494376313597,9,2025-09-04 20:01:00.538495
3715,user_690,2380,3.7417477028102337,1,3,9,21.4343984752984,7,2025-07-20 20:01:00.538495
3716,user_908,26,3.9320734494696215,1,3,13,89.71749016706801,7,2025-08-03 20:01:00.540003
3717,user_489,0,2.7768709100422084,1,2,11,3.9282038843410083,8,2025-02-13 20:01:00.542048
3718,user_649,1440,2.775469374988461,1,3,14,49.898223355092355,4,2025-04-09 20:01:00.543277
3719,user_900,1546,2.5913105088057264,0,2,14,64.0617124225558,2,2025-03-08 20:01:00.544318
3720,user_291,1982,4.649071412340708,1,3,12,2.4408178592608243,4,2025-10-30 20:01:00.545318
3721,user_460,2752,4.6098634003236185,1,3,10,22.582583361918484,2,2025-09-19 20:01:00.546890
3722,user_554,2113,2.9044563377906467,1,2,12,63.578993479914146,6,2025-02-11 20:01:00.547897
3723,user_669,1308,2.5519986490622357,1,3,12,72.44030003178909,9,2025-04-01 20:01:00.548906
3724,user_908,141,2.338913521679996,1,2,13,61.72129780442768,5,2025-03-21 20:01:00.549907
3725,user_490,1262,4.127677171056002,1,4,14,35.74396635738372,9,2025-10-29 20:01:00.551906
3726,user_883,2781,3.8548822357280645,1,3,13,58.29645666945687,1,2025-06-15 20:01:00.552907
3727,user_592,566,2.958236583935464,0,3,8,81.95204565492692,6,2025-08-09 20:01:00.552907
3728,user_90,1416,3.03065200680741,1,3,13,76.27395319435024,7,2025-01-26 20:01:00.554416
3729,user_248,2320,1.9712818210742142,1,4,14,8.734341585367634,5,2025-08-30 20:01:00.554416
3730,user_392,1794,3.4833524906983007,1,4,11,87.27727255534207,1,2025-08-02 20:01:00.555936
3731,user_92,2320,4.753147957443578,1,3,9,66.41880195062606,5,2025-04-24 20:01:00.556455
3732,user_955,2076,4.0292302284170125,1,3,13,49.866002081865446,9,2025-11-29 20:01:00.557462
3733,user_464,2306,3.44815509288933,0,4,9,74.77416516079946,1,2025-12-09 20:01:00.557966
3734,user_832,1806,4.061984283077742,1,3,11,73.67590901264514,5,2025-08-28 20:01:00.558469
3735,user_614,1942,4.59324702003301,1,4,9,47.551465101129,6,2025-08-09 20:01:00.558469
3736,user_684,1343,3.57182540540854,1,4,12,7.3752923657827925,2,2025-10-16 20:01:00.559475
3737,user_728,2505,3.2731203793066537,1,3,9,75.83883964968852,8,2025-11-28 20:01:00.559475
3738,user_839,1664,3.544196524787429,1,3,9,96.10369280667572,5,2025-11-02 20:01:00.560599
3739,user_695,1668,3.7496088256564515,1,4,12,65.15296853650074,1,2025-01-17 20:01:00.561479
3740,user_97,1002,2.9843190641258874,1,3,9,69.68185056565842,3,2025-01-13 20:01:00.563482
3741,user_129,2142,2.589266034279963,1,2,11,85.25297193095474,9,2025-08-31 20:01:00.563482
3742,user_7,135,4.015173762358012,1,2,10,4.0995761838034,8,2025-01-10 20:01:00.566002
3743,user_445,2781,2.7403283132071374,1,2,8,29.470317661656598,3,2025-09-15 20:01:00.567003
3744,user_758,1652,3.5213733164206715,1,2,10,12.796146160182575,4,2025-09-16 20:01:00.568002
3745,user_405,1290,4.022223959387754,0,4,14,1.2656770211862511,3,2025-02-22 20:01:00.568002
3746,user_689,1400,3.52259155528613,1,4,10,72.4033596655804,7,2025-01-25 20:01:00.569510
3747,user_671,2619,3.836492398368587,1,3,9,58.74753103512731,9,2025-08-15 20:01:00.571029
3748,user_285,2065,3.30394016655988,1,3,12,59.301495927228586,2,2025-11-20 20:01:00.572040
3749,user_531,1798,2.4032042179829913,0,2,13,5.918908830405578,3,2025-03-11 20:01:00.572040
3750,user_82,1855,2.9076370440102584,1,2,14,71.82442699476502,9,2025-01-10 20:01:00.572040
3751,user_569,2360,3.269419351768548,1,4,8,92.10525404365141,6,2025-04-26 20:01:00.573548
3752,user_548,1029,3.5240355761618734,1,3,8,3.2112204298832214,6,2025-11-24 20:01:00.573548
3753,user_526,2179,3.390111237300718,1,3,8,3.637083374723271,7,2025-03-08 20:01:00.575557
3754,user_381,787,2.8198562056933203,1,3,8,62.231525238684135,2,2025-08-22 20:01:00.575557
3755,user_777,1095,3.5260951938800176,1,2,13,45.06470309178145,8,2025-05-22 20:01:00.578110
3756,user_720,495,4.098210849724429,1,2,13,96.38173147697597,9,2025-07-09 20:01:00.579110
3757,user_732,1827,3.014451957734509,1,3,13,91.75827840298412,4,2025-11-01 20:01:00.580110
3758,user_526,1192,3.4929258895007527,1,4,11,16.983643801208746,3,2025-07-07 20:01:00.581617
3759,user_299,957,2.2935412002925637,1,3,10,23.729903609358526,9,2025-09-13 20:01:00.582125
3760,user_29,2018,3.0578871230277707,1,3,11,56.9897039170302,3,2025-08-17 20:01:00.583133
3761,user_190,1199,2.558191546162663,1,2,12,30.17829717398497,1,2025-02-07 20:01:00.585204
3762,user_810,761,2.833604206888086,1,4,9,64.79190471601368,1,2025-05-06 20:01:00.586203
3763,user_486,810,2.9494032413661913,1,2,8,41.79880241888735,8,2025-11-13 20:01:00.586203
3764,user_910,1155,2.650270138730474,1,4,11,52.70885849096398,2,2025-07-09 20:01:00.588720
3765,user_165,2255,3.781331696307393,1,4,10,65.80620584856787,7,2025-09-03 20:01:00.589717
3766,user_592,2288,4.624359883316252,0,3,14,51.27538925310988,1,2025-09-03 20:01:00.590716
3767,user_348,1112,1.7613257968642586,0,3,14,70.89046080428328,3,2025-11-24 20:01:00.591716
3768,user_313,326,3.409497495784527,1,4,10,28.732539940589618,3,2025-01-07 20:01:00.593307
3769,user_78,1620,2.7495043651347917,1,2,11,27.268904004806373,9,2025-02-05 20:01:00.593307
3770,user_154,1146,2.4670983747169863,1,3,9,63.496813966626206,2,2025-01-18 20:01:00.594348
3771,user_497,1526,3.5609195860573157,1,4,12,14.950331558022834,2,2025-09-18 20:01:00.595939
3772,user_520,561,3.8616996302372266,0,3,10,13.950288835030433,9,2025-10-10 20:01:00.597532
3773,user_956,363,3.3704324581284135,1,4,14,93.33010482351945,9,2025-03-05 20:01:00.599540
3774,user_303,968,3.77310152592393,1,3,12,25.004547625862894,8,2025-03-28 20:01:00.601541
3775,user_829,2754,3.560394957299788,1,3,13,64.6587950528826,9,2025-07-29 20:01:00.604061
3776,user_634,1893,3.469251179396906,1,3,10,19.058001872976803,4,2025-10-27 20:01:00.605591
3777,user_653,444,4.12621437860789,1,3,8,59.00050869605828,7,2025-07-11 20:01:00.607222
3778,user_26,322,2.437186443971584,1,3,13,16.298009624922138,1,2025-02-17 20:01:00.610868
3779,user_524,1052,3.7295996541472163,1,3,13,44.44356097745388,2,2025-11-17 20:01:00.612868
3780,user_189,2123,4.021592088108386,0,4,9,14.526111437483081,2,2025-03-09 20:01:00.615996
3781,user_339,1046,4.025353626931837,1,3,14,41.98863194402218,3,2025-11-01 20:01:00.617986
3782,user_675,517,4.119592782528349,1,2,12,60.37336049268583,2,2025-11-25 20:01:00.620504
3783,user_343,939,3.933013087674357,1,4,13,6.355213004547244,7,2025-01-17 20:01:00.622508
3784,user_845,692,3.0077412572749065,1,2,10,82.06880082146192,2,2025-05-03 20:01:00.625027
3785,user_210,336,4.650371002172872,1,3,10,81.13862235879958,7,2025-02-12 20:01:00.628133
3786,user_160,2036,4.781599076628519,1,3,9,89.89481855810443,2,2025-04-12 20:01:00.630129
3787,user_408,1299,3.1844427507750908,1,2,12,79.78432226303555,2,2024-12-22 20:01:00.632204
3788,user_793,2198,3.1013964033094443,1,3,9,78.10280419429469,5,2025-10-27 20:01:00.633939
3789,user_273,1766,2.78929368084322,1,2,14,82.04285589594384,3,2025-05-05 20:01:00.635540
3790,user_705,1444,3.528947102822963,1,3,12,61.610620670287986,3,2025-03-31 20:01:00.636542
3791,user_418,2258,4.167979381450284,1,4,8,92.54947103400862,1,2025-01-10 20:01:00.637559
3792,user_172,1152,3.0814751972022814,1,2,9,12.689328098311092,6,2025-12-06 20:01:00.638542
3793,user_741,2024,4.777260203483089,1,3,12,91.45736799875937,6,2025-02-12 20:01:00.640508
3794,user_181,2216,3.2330608096249316,1,3,13,47.73640243842032,9,2025-02-22 20:01:00.640508
3795,user_424,1944,2.612202618755261,1,4,14,48.671702068118385,5,2025-06-06 20:01:00.642326
3796,user_90,567,3.1915951926886637,1,2,13,56.83805795463371,9,2025-11-09 20:01:00.643615
3797,user_92,2671,3.79993196834872,1,2,13,19.339756748608792,7,2025-08-16 20:01:00.645167
3798,user_447,2015,2.919490323871758,1,4,12,55.587469182671455,5,2025-09-15 20:01:00.646758
3799,user_499,895,3.521272281003029,1,2,14,90.01409657065467,1,2025-02-14 20:01:00.647797
3800,user_586,612,2.4085601079346364,1,4,9,5.952923224817908,1,2025-11-03 20:01:00.648837
3801,user_281,2917,3.83679533351664,1,3,11,97.96686759837169,3,2025-03-09 20:01:00.649837
3802,user_753,405,2.8192433864465665,1,4,11,98.79941114063267,8,2025-05-14 20:01:00.650838
3803,user_417,1177,3.796050537728176,1,4,9,73.64517854198004,6,2025-05-10 20:01:00.651838
3804,user_41,1253,3.6778712161235774,1,4,10,77.1272616208134,8,2025-09-30 20:01:00.652838
3805,user_724,269,3.1883601070385783,1,4,9,55.78859263752866,4,2025-04-03 20:01:00.654389
3806,user_327,1968,4.285588628507955,0,3,13,66.82233605931954,9,2025-11-15 20:01:00.656398
3807,user_915,2085,4.277366595327143,1,3,13,60.84208118853993,7,2025-11-11 20:01:00.657578
3808,user_204,2752,3.0611716087432077,1,3,12,12.351326288681651,2,2025-09-21 20:01:00.658719
3809,user_667,2734,3.391327025686829,1,3,13,58.041002317797265,6,2025-09-07 20:01:00.659763
3810,user_439,2206,3.467811117881018,0,2,13,80.80627186836739,1,2025-05-30 20:01:00.660763
3811,user_764,447,4.951214940235599,1,4,12,42.102811879468064,4,2025-03-01 20:01:00.662730
3812,user_873,101,4.296516151014291,1,3,13,94.52911713258638,1,2025-01-10 20:01:00.663764
3813,user_909,1413,4.161049753915326,1,4,14,17.640758606986207,4,2025-10-24 20:01:00.665788
3814,user_776,2254,4.667672678368521,1,4,12,20.84727789007158,6,2025-06-15 20:01:00.666798
3815,user_516,129,3.9087956496320406,1,4,14,81.4733170791973,7,2025-10-27 20:01:00.667798
3816,user_82,1177,2.511893853015922,1,4,12,44.7540308563166,8,2025-02-08 20:01:00.669306
3817,user_954,598,2.747103385898678,1,2,14,69.73626903614652,8,2025-10-28 20:01:00.670316
3818,user_492,1339,2.8400749173186823,1,2,13,84.56529107576897,1,2025-04-26 20:01:00.672317
3819,user_343,1394,4.679850211588934,1,2,14,74.52010911178493,6,2025-08-04 20:01:00.672317
3820,user_518,1495,2.9557697770738196,0,4,8,38.93611644977847,9,2025-01-08 20:01:00.673835
3821,user_582,2872,4.773223507857463,1,3,12,96.69842922224883,6,2025-11-01 20:01:00.674881
3822,user_302,386,3.1428278683047086,1,4,9,7.9734275095082685,2,2025-10-18 20:01:00.675849
3823,user_785,1478,3.1219643311740786,0,3,14,19.373021144311696,1,2025-10-13 20:01:00.677391
3824,user_517,147,4.014228087890745,0,4,9,4.289590953107614,6,2025-02-15 20:01:00.677391
3825,user_157,922,2.151240160433291,1,4,10,90.56348714363605,4,2025-10-20 20:01:00.678524
3826,user_466,485,3.616033426701476,1,3,13,98.88791192550134,4,2025-05-16 20:01:00.679401
3827,user_683,1834,3.0221607593333935,1,4,14,91.5994501004145,1,2025-08-10 20:01:00.680401
3828,user_67,474,2.7626477454975924,1,3,12,12.197443430259513,2,2025-01-18 20:01:00.682044
3829,user_329,2474,4.09810855566809,1,2,14,37.257667645802904,3,2025-01-29 20:01:00.682747
3830,user_486,2786,3.7555973316964573,1,4,12,40.60618750524041,6,2025-11-16 20:01:00.684483
3831,user_778,2209,4.144285237610996,1,2,10,91.3697816041018,9,2025-04-23 20:01:00.686496
3832,user_854,1129,4.111839848247778,1,3,9,42.615832514527696,8,2025-08-16 20:01:00.688544
3833,user_701,753,2.94029116505392,1,3,13,68.21541399331646,5,2025-04-17 20:01:00.690561
3834,user_882,2914,3.286318053240309,0,2,12,89.57222937221022,4,2025-11-25 20:01:00.693089
3835,user_89,2547,3.1715977423211603,1,2,10,2.2881274019683873,1,2025-05-04 20:01:00.694612
3836,user_655,6,3.27268779338934,1,3,10,58.757597764327244,8,2025-09-28 20:01:00.696122
3837,user_956,852,3.698090920889608,1,3,12,28.426869299455216,5,2025-04-13 20:01:00.697723
3838,user_498,833,3.539854174667932,1,3,10,80.2765287536304,4,2025-11-21 20:01:00.699775
3839,user_155,13,4.394439790562106,1,2,8,84.13031495773076,1,2025-06-11 20:01:00.700776
3840,user_819,2718,2.9653586802907177,1,2,9,18.768063432097748,7,2025-04-14 20:01:00.704349
3841,user_772,1286,4.084927712708837,1,3,13,12.774312750901629,6,2025-10-14 20:01:00.706648
3842,user_563,2464,4.262819961363547,1,3,8,33.643994836258614,6,2025-11-17 20:01:00.708988
3843,user_934,2051,4.659389842573395,1,3,9,18.453034415776504,1,2025-10-29 20:01:00.711044
3844,user_723,563,3.179761580140161,0,4,8,25.948770737585292,9,2025-01-16 20:01:00.713043
3845,user_63,2277,2.7881263408610115,1,2,12,31.980124594798852,6,2025-06-09 20:01:00.715051
3846,user_718,2814,3.932504535766354,0,2,13,61.750445090127904,9,2024-12-23 20:01:00.717244
3847,user_592,2233,4.086305207120817,1,4,14,24.0359816488634,7,2025-12-10 20:01:00.719772
3848,user_515,2803,2.5592694786916437,1,4,14,3.2327106490841473,6,2025-09-20 20:01:00.721879
3849,user_73,1334,4.306561023803216,1,3,8,37.01770891641246,4,2025-01-23 20:01:00.723709
3850,user_179,773,3.464158468606062,1,3,11,9.760851882358601,6,2025-04-02 20:01:00.725434
3851,user_858,1403,3.0877319320089067,1,4,9,41.65987257117777,4,2024-12-19 20:01:00.726434
3852,user_298,2781,4.2858706928998105,1,4,12,7.031659271775403,4,2024-12-26 20:01:00.727982
3853,user_313,1588,3.1778963609826225,1,4,12,31.739042916343386,1,2025-06-30 20:01:00.729569
3854,user_558,2467,2.742513524805537,1,2,9,31.588270977241663,7,2025-11-14 20:01:00.729569
3855,user_780,497,3.268002135506155,0,3,9,49.210210563892964,2,2025-08-21 20:01:00.731114
3856,user_293,1737,2.6430729198534935,1,4,8,59.67995367131839,6,2024-12-19 20:01:00.732164
3857,user_491,2236,3.1486762714137764,1,3,9,62.92295037423282,9,2025-05-16 20:01:00.734336
3858,user_328,2119,2.7531233040692173,1,2,10,89.07040273859212,8,2025-04-06 20:01:00.736350
3859,user_314,295,4.48786947238772,1,2,9,8.777636103158681,7,2025-11-06 20:01:00.738342
3860,user_549,71,4.720496456046454,1,4,11,92.21085904084568,7,2025-07-09 20:01:00.739339
3861,user_473,829,3.347110994641502,1,4,9,10.382708601111934,1,2025-10-08 20:01:00.740339
3862,user_619,1103,3.2422196658452602,1,2,9,50.63763245853006,4,2025-06-16 20:01:00.741878
3863,user_53,2243,3.7145003535957684,1,2,9,61.01430450755289,3,2025-07-02 20:01:00.743023
3864,user_499,2671,3.4031406088656366,1,4,12,1.6265074117443268,9,2025-04-28 20:01:00.743544
3865,user_126,1293,4.8353591480887905,1,4,11,83.3374774254387,9,2025-03-27 20:01:00.745585
3866,user_898,2066,3.090406138478625,1,4,11,69.243089075629,4,2025-10-05 20:01:00.746127
3867,user_65,814,3.0436731133209367,1,3,9,6.1880211246199135,5,2025-10-05 20:01:00.747863
3868,user_234,1738,3.550599564638368,1,2,9,16.474341585302877,3,2025-04-15 20:01:00.748903
3869,user_586,2064,2.6350720090308144,1,3,13,35.59397100173025,3,2025-07-08 20:01:00.750917
3870,user_253,1845,3.3368652441377593,1,2,14,7.396753314867766,6,2025-09-13 20:01:00.752921
3871,user_542,2149,2.4893659662081022,1,4,8,95.51300000847746,3,2025-07-28 20:01:00.754792
3872,user_429,338,3.608788640940468,1,2,14,91.43850491088091,3,2025-07-30 20:01:00.755477
3873,user_947,1025,3.450001429822858,1,2,9,41.94689031692016,5,2024-12-30 20:01:00.757018
3874,user_593,1977,1.9336854210759689,1,4,14,32.67995047994739,8,2025-07-15 20:01:00.758609
3875,user_774,700,2.957478494044924,1,3,13,54.20200071440249,3,2025-07-27 20:01:00.759156
3876,user_10,807,2.490838179147093,1,2,14,32.87762911019072,7,2025-10-31 20:01:00.761204
3877,user_284,2447,3.467329734113314,1,2,13,58.81117711149347,9,2024-12-21 20:01:00.762163
3878,user_918,2812,3.3476770006927663,1,2,9,70.14750617029408,3,2025-05-10 20:01:00.763165
3879,user_864,2019,3.1859084054973614,1,3,13,8.662022900956357,8,2025-11-29 20:01:00.765094
3880,user_221,1728,2.8139995297424503,1,4,11,10.793085526270218,9,2025-10-08 20:01:00.766421
3881,user_656,2075,3.2899230989532136,1,4,12,87.78150339787635,6,2025-09-18 20:01:00.767856
3882,user_748,245,3.1039791327504647,1,2,11,27.34442300681953,4,2025-05-14 20:01:00.769176
3883,user_647,2842,2.8886374175841403,1,4,12,45.27666092780757,4,2025-08-05 20:01:00.771466
3884,user_403,2267,3.501301104558207,1,3,11,78.79195373761432,5,2025-08-28 20:01:00.771466
3885,user_847,1223,3.822167998689977,1,2,10,6.001789061558426,1,2025-11-15 20:01:00.772764
3886,user_244,947,4.033691058231519,1,4,13,40.125670653237236,3,2025-07-31 20:01:00.773770
3887,user_764,2572,3.983204524871161,1,3,8,27.404289192659625,8,2025-11-03 20:01:00.774791
3888,user_59,1128,2.730496132065103,1,3,8,92.32086927115225,7,2025-10-11 20:01:00.774791
3889,user_512,1909,2.9634171404255683,1,4,9,75.61490119385039,6,2025-05-05 20:01:00.775783
3890,user_235,888,3.5863097782879114,0,3,10,9.992538018373242,4,2025-01-03 20:01:00.775783
3891,user_597,799,2.8584788159003502,1,3,13,16.728473929341227,8,2025-10-02 20:01:00.777289
3892,user_67,179,3.3182991887543336,1,2,14,17.712059569910487,8,2025-07-11 20:01:00.779330
3893,user_329,636,4.287373464562752,1,4,11,71.19441151782728,4,2025-08-06 20:01:00.780299
3894,user_412,2543,2.57227414411555,1,2,10,98.17944714046234,4,2025-07-28 20:01:00.781303
3895,user_768,2838,3.308864121050498,1,3,12,73.38877410898743,5,2025-11-12 20:01:00.782478
3896,user_971,764,3.8533139403052425,0,4,14,41.348195851300076,6,2025-01-27 20:01:00.782987
3897,user_173,1782,3.1346601595001786,1,2,9,59.528763939680495,6,2025-07-06 20:01:00.784498
3898,user_36,2453,4.521837182825746,1,2,8,90.34541497377725,8,2025-05-14 20:01:00.785499
3899,user_471,2796,2.8602282768762533,1,4,8,69.96057476372204,2,2025-08-13 20:01:00.786499
3900,user_186,1923,2.544986776728067,0,3,9,85.49108903987688,9,2025-02-03 20:01:00.787499
3901,user_869,930,4.197485640845233,1,2,9,54.286347734120746,8,2025-08-10 20:01:00.788500
3902,user_581,237,4.146653118008512,1,4,14,53.12330609895951,2,2025-07-22 20:01:00.790009
3903,user_58,722,2.8520162134758698,1,4,13,63.631081553925654,6,2025-02-05 20:01:00.791018
3904,user_735,155,2.3627448953475363,1,2,12,13.423333059494224,7,2025-09-18 20:01:00.793032
3905,user_856,2888,3.995073886909138,1,3,12,65.78524102879766,4,2025-08-31 20:01:00.794042
3906,user_624,251,3.07635348750755,1,4,10,76.48570491050411,8,2025-02-12 20:01:00.795551
3907,user_715,1224,3.624394923288395,1,3,14,78.56820817760311,4,2025-01-07 20:01:00.796251
3908,user_282,2057,3.9521925401650755,1,2,8,15.209440372062922,2,2025-06-18 20:01:00.797872
3909,user_899,2753,5.0,1,4,9,65.15866002681906,2,2025-03-01 20:01:00.798913
3910,user_62,939,3.075890784203347,1,3,14,64.33001660361084,8,2025-01-29 20:01:00.800881
3911,user_360,444,2.3551827460823613,1,3,14,67.54896206096147,9,2025-10-05 20:01:00.801882
3912,user_798,470,4.90387880506,0,3,9,60.382337222818336,3,2025-11-18 20:01:00.802881
3913,user_63,1683,4.329112190671502,1,4,10,68.94014912362523,1,2025-06-21 20:01:00.804389
3914,user_309,1772,3.870607903599057,1,2,10,78.46714759535519,9,2025-11-06 20:01:00.805927
3915,user_225,632,2.844623025940516,1,4,12,97.30480916338331,2,2025-11-16 20:01:00.806456
3916,user_939,480,3.3700740667914513,1,4,8,84.93227687624766,2,2025-01-31 20:01:00.808551
3917,user_415,110,3.536511422414828,1,4,13,14.379047584073302,7,2025-07-11 20:01:00.809593
3918,user_349,1537,2.7778439045815424,1,4,12,50.577787504606185,4,2025-02-19 20:01:00.810562
3919,user_22,1945,3.2367462177100137,1,3,13,74.87871378222916,1,2025-05-27 20:01:00.812688
3920,user_190,1597,4.092725955078864,1,2,14,31.328771731890026,6,2025-08-29 20:01:00.813603
3921,user_84,2620,4.820628446527361,1,2,8,79.60856962695749,6,2025-01-05 20:01:00.815225
3922,user_745,1393,3.686340839773478,1,3,10,31.05835285554317,2,2025-05-17 20:01:00.816339
3923,user_898,130,4.547596549792765,1,4,9,10.928743795296658,1,2025-07-29 20:01:00.817337
3924,user_272,2402,3.437310472352269,1,3,10,38.20331159802727,5,2025-04-13 20:01:00.818950
3925,user_953,1206,3.3347829252306416,1,3,10,25.008006311574825,9,2025-05-04 20:01:00.820058
3926,user_759,688,3.5113766643353235,1,4,12,22.165467493711677,9,2025-05-25 20:01:00.821003
3927,user_575,2462,4.6712318860813244,1,4,8,36.001895821507624,6,2025-06-02 20:01:00.822662
3928,user_728,346,2.8946447597119143,1,3,13,97.36509022809145,5,2025-05-12 20:01:00.824864
3929,user_942,899,3.4084925715716423,0,2,12,84.09420244918255,4,2025-02-26 20:01:00.825865
3930,user_609,2213,2.7450353773171288,1,3,12,23.415733074387557,4,2025-08-31 20:01:00.829569
3931,user_275,1030,2.05068932715609,1,4,9,92.39776813659405,5,2025-03-02 20:01:00.831173
3932,user_799,1196,3.680968495341935,1,4,14,84.27162844302259,8,2025-10-27 20:01:00.834606
3933,user_193,248,3.6475980884503842,1,4,14,6.2047614361281695,9,2025-10-25 20:01:00.836599
3934,user_735,2035,2.9017653877242373,1,3,13,57.32951874701485,9,2025-10-08 20:01:00.839245
3935,user_95,1943,3.37734687515429,1,3,8,65.13584050512054,7,2025-02-15 20:01:00.840264
3936,user_872,349,2.945948817327807,1,2,8,64.09632146038274,2,2025-03-25 20:01:00.843568
3937,user_577,2372,2.676066880398749,1,2,9,71.49480551367945,8,2025-10-27 20:01:00.845669
3938,user_889,2078,2.667714002723603,1,3,12,39.835230480325635,9,2025-02-06 20:01:00.847818
3939,user_598,966,3.256382705340528,1,4,14,27.487572072339393,4,2025-08-10 20:01:00.848919
3940,user_753,1606,3.3662445207030562,1,3,10,54.89495100466395,7,2025-10-21 20:01:00.850919
3941,user_175,1302,3.6511379288723838,1,4,13,0.31108776232428026,7,2025-10-20 20:01:00.853522
3942,user_766,1384,3.193840990634327,1,3,14,71.71498830838108,7,2025-03-14 20:01:00.855245
3943,user_555,1606,3.4105105624783043,1,4,12,88.90074004350974,7,2025-01-16 20:01:00.858018
3944,user_143,618,4.079283347734305,1,3,14,54.688690002885274,9,2025-12-06 20:01:00.859712
3945,user_912,167,2.694770867136112,1,2,9,41.33992422690225,2,2025-06-21 20:01:00.861729
3946,user_958,2176,2.7434779507441043,1,3,8,14.655714098142647,4,2025-06-13 20:01:00.863661
3947,user_559,227,3.2914670862982933,1,2,11,34.17200424485265,1,2025-07-04 20:01:00.865258
3948,user_167,2157,4.163787831066232,1,4,8,67.09931470285952,2,2025-11-11 20:01:00.866358
3949,user_3,2308,3.439801626531625,1,4,12,85.76453483703807,3,2025-01-17 20:01:00.867354
3950,user_495,828,3.488147888262936,1,4,13,97.94818285664626,3,2025-03-29 20:01:00.870061
3951,user_708,1031,4.026327168208863,1,3,10,81.68960372719874,6,2025-11-20 20:01:00.871067
3952,user_288,753,3.840410083647086,1,2,13,55.53132907266125,5,2025-11-16 20:01:00.872056
3953,user_533,860,3.758957143111506,1,3,10,35.30309380009356,7,2025-03-21 20:01:00.874787
3954,user_559,498,3.602073690696458,1,2,10,25.050635531183307,8,2025-04-14 20:01:00.875685
3955,user_501,2808,4.005878385279051,1,3,11,33.95220864738546,3,2025-01-15 20:01:00.877205
3956,user_709,2704,5.0,1,4,13,97.4064124225149,7,2025-02-28 20:01:00.878309
3957,user_23,2770,2.939900828206282,1,2,14,53.364861811768705,2,2024-12-15 20:01:00.879730
3958,user_960,2636,1.965075888323945,1,3,12,73.97039564511898,9,2025-09-14 20:01:00.879730
3959,user_946,1287,3.9713098952919874,1,4,9,37.30284169936802,5,2025-03-20 20:01:00.883716
3960,user_528,475,3.8753707151391166,1,2,9,4.2469161947004,1,2025-08-22 20:01:00.885381
3961,user_238,2558,4.533207756448572,1,4,14,85.75583966481834,8,2025-08-20 20:01:00.887381
3962,user_585,971,3.7303852316052164,1,2,8,44.83074382393344,8,2025-01-21 20:01:00.889509
3963,user_213,2251,4.253139235743793,1,3,9,48.78334727478434,1,2025-05-08 20:01:00.891311
3964,user_616,1612,4.590948226385968,1,4,9,49.68887483025822,3,2025-05-04 20:01:00.893044
3965,user_632,1806,3.1077659898970413,1,3,9,91.11421535577871,2,2025-12-11 20:01:00.894057
3966,user_458,1668,3.5706283564702264,1,2,11,21.15222683689134,7,2025-02-15 20:01:00.896244
3967,user_143,1734,4.020781414108023,1,2,14,84.711322349092,4,2025-06-24 20:01:00.897942
3968,user_921,2629,3.5894091753655832,1,4,10,82.45299665869112,2,2025-05-13 20:01:00.898953
3969,user_559,1564,2.4493819769884624,1,3,14,60.705990239107734,4,2025-12-02 20:01:00.900994
3970,user_138,166,3.619428017029187,1,2,14,81.60654532321651,2,2025-11-06 20:01:00.903521
3971,user_629,254,3.2511860669652464,1,4,11,1.987559586177845,8,2025-06-29 20:01:00.905882
3972,user_469,2814,4.113312795629554,1,2,9,6.953535959001645,9,2025-09-04 20:01:00.906460
3973,user_654,1078,3.4556373526641346,1,3,10,41.7240119175715,3,2025-02-10 20:01:00.908237
3974,user_495,660,3.4412954130396125,1,4,10,71.73037377050443,1,2024-12-17 20:01:00.909365
3975,user_695,1576,4.165835550429298,1,3,8,64.3218030730058,4,2025-07-26 20:01:00.910370
3976,user_230,909,3.503064465394951,1,3,13,4.87225062231369,9,2025-10-13 20:01:00.911374
3977,user_59,587,2.2358883778072802,1,2,10,36.69571127524548,3,2025-06-17 20:01:00.913379
3978,user_797,256,2.1774129495629895,1,3,8,87.67425105113715,9,2025-11-02 20:01:00.915014
3979,user_25,1724,3.674806585053088,0,2,14,26.483803383328798,5,2024-12-22 20:01:00.915674
3980,user_123,977,5.0,1,2,8,63.34889518377088,7,2025-06-22 20:01:00.917812
3981,user_791,467,3.8262061885275895,1,4,12,87.34531335663405,8,2025-11-27 20:01:00.917812
3982,user_522,1419,4.5054547826713724,1,3,13,32.599045739352064,3,2025-11-23 20:01:00.920590
3983,user_129,400,3.308842806405649,1,2,8,95.81841559755685,1,2025-06-07 20:01:00.922586
3984,user_121,2455,3.230043371359063,1,2,13,29.63772047770482,8,2025-01-08 20:01:00.923978
3985,user_748,1992,2.766556046093546,1,4,11,79.0980343055112,9,2025-01-16 20:01:00.924989
3986,user_328,1129,4.049254559789928,1,2,13,15.874919327138858,4,2025-03-18 20:01:00.925992
3987,user_801,894,2.3171635325007274,1,3,14,59.390626022559786,8,2025-08-20 20:01:00.927728
3988,user_516,449,3.2293211724942608,0,2,11,37.34402613483368,2,2025-04-26 20:01:00.929807
3989,user_921,1832,3.4877364778355675,1,4,8,64.70843308868498,6,2025-04-15 20:01:00.931595
3990,user_172,2540,2.275823203777086,0,2,13,93.83196983026701,8,2025-11-21 20:01:00.934299
3991,user_214,424,4.065517702155901,1,2,12,78.78442635970163,7,2025-11-10 20:01:00.936300
3992,user_778,1571,2.617430713475615,1,3,12,71.0343432979192,6,2025-05-08 20:01:00.938335
3993,user_328,1888,2.5169323956107474,1,2,10,1.2807332630426993,7,2024-12-27 20:01:00.940299
3994,user_725,364,3.6618270510887885,1,4,11,85.97250878248238,6,2025-05-02 20:01:00.942295
3995,user_640,861,3.7447040207712097,1,4,9,61.43609437085114,2,2025-09-11 20:01:00.943614
3996,user_457,1075,2.396087853612077,1,4,11,86.37179750103479,8,2025-09-08 20:01:00.944315
3997,user_660,1312,3.5056705072548207,1,4,11,56.46261312134161,9,2025-05-04 20:01:00.945437
3998,user_167,1079,3.8009816971322294,1,2,9,75.9207697713045,3,2025-05-10 20:01:00.946674
3999,user_440,1209,3.013539019124619,1,2,9,15.347816706979012,3,2025-07-16 20:01:00.946674
4000,user_927,714,4.019324423213165,1,3,11,44.27451593384188,5,2025-11-06 20:01:00.947801
4001,user_508,1501,2.226530311796549,1,3,11,7.483263511746696,4,2025-05-06 20:01:00.950310
4002,user_647,2013,4.520974946920598,1,3,11,20.717692748641035,4,2024-12-15 20:01:00.952310
4003,user_29,905,3.833533074178736,0,4,13,51.62876079989436,1,2025-02-18 20:01:00.953308
4004,user_955,2843,4.1532911583621965,1,2,12,74.46482409555753,2,2025-02-06 20:01:00.953308
4005,user_879,1656,2.850624582909082,1,2,9,11.61273143659689,3,2025-02-18 20:01:00.954320
4006,user_917,1613,4.166610150316073,1,2,9,74.26769177482193,8,2025-06-04 20:01:00.955490
4007,user_903,1808,3.823562083318072,1,4,8,69.52116698473576,3,2025-08-13 20:01:00.955490
4008,user_311,1844,3.349604823925638,1,3,9,47.308743714718446,3,2025-03-02 20:01:00.956487
4009,user_819,2669,3.288789835861759,1,3,8,99.71154717121016,9,2025-10-11 20:01:00.956992
4010,user_741,1105,3.058438484959283,1,2,14,28.6511285899703,7,2025-03-12 20:01:00.957499
4011,user_732,967,2.8972853352533976,1,2,11,69.10506527207795,5,2025-09-22 20:01:00.958508
4012,user_607,1078,2.59280613913279,1,3,11,78.23623566066523,7,2025-09-04 20:01:00.959012
4013,user_678,1748,3.2150429664734674,1,3,14,58.19151551265777,2,2025-01-24 20:01:00.959012
4014,user_358,2861,2.159732487315435,1,3,14,4.06904371511434,2,2024-12-18 20:01:00.960016
4015,user_747,1579,2.048110910662576,1,2,14,67.83338297091906,5,2025-02-11 20:01:00.960016
4016,user_938,2866,2.4598737192109605,1,4,13,46.825612457405605,8,2025-04-14 20:01:00.961018
4017,user_352,609,4.70737266898411,1,3,11,14.869230622660334,6,2025-12-08 20:01:00.961018
4018,user_817,2890,2.9625882767939182,1,2,10,72.49394406104554,6,2025-04-30 20:01:00.962651
4019,user_359,1491,1.921949120925827,1,2,14,48.7053618282248,1,2025-08-14 20:01:00.963662
4020,user_416,1461,4.23959376539348,1,4,13,41.86730392715157,6,2025-06-28 20:01:00.964776
4021,user_457,2157,3.3615800563274765,1,3,8,48.09936394209524,8,2025-08-06 20:01:00.965424
4022,user_306,2109,3.8000979173901683,1,2,11,63.11432892894355,7,2025-10-08 20:01:00.966430
4023,user_968,2797,1.8935315102678223,1,3,10,94.10761111434157,5,2025-10-08 20:01:00.966430
4024,user_746,2674,3.412114647237297,1,4,10,31.026109465304152,8,2025-05-07 20:01:00.967430
4025,user_648,245,3.951693363059805,0,2,12,47.74654706271249,7,2025-10-24 20:01:00.967430
4026,user_121,1349,3.9923597726849507,1,4,9,66.2754591513799,3,2024-12-17 20:01:00.967430
4027,user_812,46,4.259262161974479,1,2,9,28.739927331945804,9,2025-01-04 20:01:00.968935
4028,user_730,110,4.153346349806707,1,3,9,12.502549891989357,5,2025-10-05 20:01:00.970031
4029,user_702,2246,3.8296884743859114,1,2,9,71.36930471456789,4,2025-11-30 20:01:00.970945
4030,user_870,237,2.2044149470180012,1,3,10,12.896600640976741,7,2025-02-05 20:01:00.971943
4031,user_766,2235,4.188106571912391,0,4,10,99.20715504965113,9,2025-06-28 20:01:00.971943
4032,user_589,484,3.5058467389590198,1,3,11,36.07555039721486,2,2025-04-12 20:01:00.973450
4033,user_686,2036,2.345058083546818,1,3,11,63.77001783578879,2,2025-11-04 20:01:00.974457
4034,user_375,1624,2.9219978068166785,0,4,8,31.813721924082106,9,2025-05-02 20:01:00.974457
4035,user_825,1154,2.3910981464747447,1,3,8,85.6742482407258,5,2025-12-06 20:01:00.975457
4036,user_50,397,4.06884781393699,1,3,8,70.30483956698775,3,2025-06-01 20:01:00.975457
4037,user_311,995,3.8294250235086817,1,2,11,37.844910130138146,8,2025-12-07 20:01:00.976457
4038,user_780,1542,3.1020975064382803,1,3,13,42.10208945631432,3,2025-08-02 20:01:00.977456
4039,user_887,2389,3.3400982772102408,1,3,12,65.0619304402196,7,2025-03-15 20:01:00.977961
4040,user_606,414,4.473386578207844,1,3,9,84.99628782918435,5,2025-02-19 20:01:00.977961
4041,user_655,943,2.5298419499750544,1,2,13,94.61369177232423,7,2025-08-10 20:01:00.977961
4042,user_237,1565,2.624071628015033,1,3,9,37.86514712523662,6,2025-05-22 20:01:00.979466
4043,user_818,1871,4.003059332070902,1,3,8,57.24514742474719,6,2025-06-27 20:01:00.980473
4044,user_646,2669,2.890189079634198,1,2,10,26.092646571760504,2,2025-05-15 20:01:00.980473
4045,user_170,1604,3.3289934148874867,1,2,13,54.62361264475501,9,2025-05-07 20:01:00.981978
4046,user_919,957,4.540499809835355,0,4,13,64.35795730129144,9,2025-10-31 20:01:00.982585
4047,user_156,2894,4.8863015615145295,1,3,13,66.50897839770049,1,2025-08-27 20:01:00.983229
4048,user_138,2520,3.754790869105326,0,3,9,10.608236210929567,7,2025-08-16 20:01:00.983229
4049,user_437,72,2.868531073477978,1,4,10,50.980808084782645,9,2025-04-27 20:01:00.984337
4050,user_29,1648,3.067059794056823,1,2,8,86.59566019448684,5,2025-08-10 20:01:00.985326
4051,user_539,1677,3.928534795805039,1,2,12,85.09597787958324,9,2025-01-27 20:01:00.986337
4052,user_425,448,3.1155295605414772,1,3,14,18.4634264929884,7,2025-07-13 20:01:00.987335
4053,user_475,2250,3.140605264977939,1,2,9,63.26746990854725,6,2025-11-22 20:01:00.988240
4054,user_439,1267,4.316218394844359,1,3,11,17.69115975932436,3,2025-08-04 20:01:00.989238
4055,user_21,224,2.4530401037583878,1,3,14,30.65550686259597,8,2025-03-07 20:01:00.990237
4056,user_538,436,3.7045439167749548,1,4,12,22.75514275662904,5,2025-10-20 20:01:00.990237
4057,user_292,1394,3.2286993189181046,1,2,14,68.74407274628408,7,2025-02-13 20:01:00.992100
4058,user_670,2405,3.8708303319861432,1,4,12,7.484885048556311,8,2025-10-31 20:01:00.992100
4059,user_410,897,3.256800616987348,1,2,8,33.07878202070063,8,2025-09-21 20:01:00.993206
4060,user_16,2871,2.429553104250499,0,2,13,37.738202393842435,8,2025-12-11 20:01:00.993206
4061,user_40,671,3.8892360201544967,1,4,13,47.400902174766244,3,2025-06-06 20:01:00.995434
4062,user_757,1833,3.0326875397328243,1,3,8,50.40004504673375,4,2025-08-03 20:01:00.996078
4063,user_806,602,3.7095665721357842,1,4,14,94.98358817712575,3,2025-11-28 20:01:00.996078
4064,user_754,620,3.2066743892751264,1,2,9,15.971306992402356,3,2025-03-08 20:01:00.996078
4065,user_454,2240,3.2986001853157134,1,2,9,24.21207606290373,1,2025-01-11 20:01:00.997699
4066,user_398,105,2.5635344911783675,1,4,13,42.38374848872488,4,2025-12-04 20:01:00.998806
4067,user_269,1235,3.9066166035958303,1,2,12,30.23800188134036,9,2025-01-04 20:01:00.998806
4068,user_682,1541,4.277835251428756,1,4,11,33.104055672048226,6,2025-01-09 20:01:00.999815
4069,user_742,1317,1.4629450031922022,1,2,14,39.33168111187052,1,2025-05-02 20:01:01.000714
4070,user_418,977,3.9014815698615863,1,3,8,70.345784310967,5,2025-01-29 20:01:01.001707
4071,user_213,1069,3.9456891010552457,1,3,13,80.3839735800492,6,2025-09-30 20:01:01.001707
4072,user_736,1534,3.156111727431828,1,4,12,14.556011970709825,9,2025-07-13 20:01:01.002748
4073,user_446,96,3.6996037343784,1,3,11,87.29754964590887,7,2025-02-27 20:01:01.002748
4074,user_368,64,3.569603898123986,1,2,14,34.066169153795386,8,2025-06-05 20:01:01.005265
4075,user_405,764,3.734019271302881,1,2,9,69.3323059184495,6,2025-11-07 20:01:01.006936
4076,user_410,1235,3.9961863605412704,1,3,14,77.65945896052742,3,2025-09-08 20:01:01.007546
4077,user_394,2285,2.591626677130007,1,4,13,22.871360513564586,7,2025-10-17 20:01:01.009159
4078,user_845,131,2.89296864263381,1,2,8,52.1299878324963,7,2025-05-23 20:01:01.009159
4079,user_685,2727,5.0,0,4,9,65.64008532135465,1,2025-01-24 20:01:01.009159
4080,user_114,2192,2.796358924972136,0,2,12,65.45875568727172,6,2025-05-11 20:01:01.010767
4081,user_359,1522,2.7894557185136235,1,3,12,78.38185608326084,9,2025-07-23 20:01:01.010767
4082,user_357,1952,3.149575486478723,1,2,14,14.521514145351567,5,2025-01-07 20:01:01.011873
4083,user_710,2583,4.159071157348186,0,4,13,35.14126411299669,6,2025-08-13 20:01:01.012875
4084,user_10,2631,3.2834084660310303,0,4,12,0.9577296130122148,8,2025-05-26 20:01:01.012875
4085,user_684,1312,2.3753822402136837,0,3,12,85.14544141780166,6,2025-07-05 20:01:01.013878
4086,user_13,1771,2.7804421495051748,0,3,14,40.461383302844055,9,2025-03-22 20:01:01.013878
4087,user_253,1903,4.683456045785157,1,4,14,46.134540331864414,6,2025-03-31 20:01:01.014880
4088,user_878,820,4.0868202957752,1,3,9,82.79113804335158,5,2025-03-12 20:01:01.015491
4089,user_708,885,3.002099310164508,1,4,11,95.22754503465832,3,2025-02-04 20:01:01.015491
4090,user_500,204,4.1094934059151,1,2,11,54.560068026341504,9,2025-01-09 20:01:01.016594
4091,user_226,2046,3.568617130663699,1,3,8,43.547609236182026,7,2025-02-18 20:01:01.016594
4092,user_613,2559,2.7706164920850713,1,3,14,67.38923613829444,2,2025-09-30 20:01:01.017601
4093,user_344,2822,3.6770911994292232,1,2,10,26.11796540585798,2,2025-11-11 20:01:01.017601
4094,user_847,1966,3.642147583639249,1,4,11,67.27134359728744,2,2025-10-16 20:01:01.019212
4095,user_173,1743,3.5444188826992304,1,4,10,88.58953940345648,4,2025-01-16 20:01:01.019212
4096,user_328,682,3.666164136920702,1,3,12,58.20309197786347,8,2025-01-25 20:01:01.020322
4097,user_446,1400,3.9996275924717417,1,4,8,2.706065404711533,2,2025-05-11 20:01:01.021220
4098,user_953,2867,4.664165903192177,1,4,13,69.34472408983115,6,2025-11-07 20:01:01.021220
4099,user_479,2507,3.173705238847551,1,4,13,75.55874409777282,7,2025-05-19 20:01:01.022220
4100,user_360,2625,3.7179507760238613,1,3,14,30.396658376249064,9,2025-08-15 20:01:01.022220
4101,user_820,2584,4.183992896585579,1,3,12,75.95721921569118,5,2024-12-27 20:01:01.023726
4102,user_214,1406,3.18056371831974,1,3,14,20.06111435751532,5,2025-09-19 20:01:01.023726
4103,user_584,1313,2.7257684680452705,1,3,14,65.777860700454,8,2025-06-11 20:01:01.024734
4104,user_972,2388,1.9278091255852163,1,3,13,39.72706518419893,3,2025-04-22 20:01:01.025733
4105,user_780,1060,1.7216471483459652,1,2,10,55.50370305569938,2,2025-06-07 20:01:01.026371
4106,user_912,138,2.5783290853013336,1,3,12,91.00103210603557,8,2025-04-01 20:01:01.027757
4107,user_970,1757,2.8870520831188884,1,4,11,59.57941399729384,1,2025-09-03 20:01:01.028764
4108,user_20,2661,3.263607242007557,1,3,9,90.39290528460883,8,2025-12-07 20:01:01.028764
4109,user_382,692,3.8788133359379637,1,2,14,32.461694189717946,9,2024-12-23 20:01:01.029764
4110,user_390,1881,3.92272059005613,1,4,11,29.332347643667646,3,2025-08-02 20:01:01.029764
4111,user_607,2257,3.0460311477732813,1,3,9,49.88830555572299,4,2025-04-15 20:01:01.029764
4112,user_785,2548,3.007991883361099,1,4,13,42.86783997753422,3,2025-04-23 20:01:01.031269
4113,user_426,452,2.8747863912816194,1,3,13,61.119091467067854,3,2025-03-26 20:01:01.032276
4114,user_174,2467,3.3428234278255196,1,4,8,85.17217000021418,4,2025-05-31 20:01:01.032781
4115,user_356,1880,2.480508823662306,1,4,11,62.30713954829474,7,2025-09-14 20:01:01.033285
4116,user_782,262,3.2833931952941025,1,3,10,78.47662112679727,5,2025-04-26 20:01:01.034290
4117,user_410,1924,4.668297037772249,1,3,12,71.64263866560665,8,2025-09-25 20:01:01.034290
4118,user_733,2606,2.7669036281393953,0,4,14,45.18891174931257,9,2025-02-23 20:01:01.035291
4119,user_188,467,4.329631804522354,1,3,13,23.270880817746875,1,2025-04-26 20:01:01.036291
4120,user_40,792,3.842280487949667,0,2,10,32.74199595294599,4,2025-11-19 20:01:01.036291
4121,user_196,1844,3.305185878918975,1,2,9,86.92584708267962,3,2025-08-27 20:01:01.037291
4122,user_880,1401,4.645712059628876,1,2,14,5.176738094206512,8,2025-10-20 20:01:01.037291
4123,user_677,1939,4.079488840519707,0,4,11,95.72856089660256,7,2025-10-02 20:01:01.038292
4124,user_639,2080,4.604372206783542,0,3,10,67.89000592239617,9,2025-03-25 20:01:01.039292
4125,user_645,2023,3.0471493456439127,1,4,8,57.39461797217537,6,2025-10-14 20:01:01.039292
4126,user_47,659,2.886443916490159,1,2,11,34.390320058308966,7,2025-03-15 20:01:01.040292
4127,user_178,2009,2.9489642175945114,1,4,10,1.8532726229711027,9,2025-03-09 20:01:01.040292
4128,user_142,511,2.8699216101866623,0,3,13,31.66471380257597,9,2025-04-27 20:01:01.041900
4129,user_811,2374,2.9252348177283656,1,2,13,39.83699808271085,4,2025-03-05 20:01:01.041900
4130,user_74,2771,4.609128961309863,1,2,10,82.99993935948245,8,2025-02-22 20:01:01.043007
4131,user_56,1272,3.813498137369463,1,2,11,37.26515493680827,7,2025-11-01 20:01:01.043007
4132,user_407,1469,3.333487873452679,1,3,10,61.8892231138475,6,2025-03-30 20:01:01.044301
4133,user_740,861,3.317320376321818,1,2,13,92.7107460745587,1,2024-12-19 20:01:01.044301
4134,user_230,2612,4.220459413904179,1,3,9,30.922797543367608,9,2025-08-13 20:01:01.045863
4135,user_477,2847,2.872640605007054,1,2,14,81.47685352139035,6,2025-06-04 20:01:01.046367
4136,user_456,1743,4.130374267581472,1,4,8,89.03575034549102,4,2025-06-13 20:01:01.046367
4137,user_210,889,4.035507880224841,1,3,8,52.212929358478554,8,2025-03-05 20:01:01.046367
4138,user_397,1344,3.345308761072809,1,3,11,48.28258611752884,6,2025-03-31 20:01:01.048466
4139,user_447,1125,3.544752229781528,1,3,8,5.552059531061793,8,2025-05-22 20:01:01.049122
4140,user_85,1347,4.071350514426901,1,2,11,52.03207272377255,6,2025-02-25 20:01:01.049122
4141,user_20,946,4.473515827166523,1,2,9,71.85363289957758,4,2025-04-07 20:01:01.050120
4142,user_29,1471,3.483592795245901,1,3,12,0.8948273889257119,4,2025-07-27 20:01:01.051016
4143,user_336,740,3.9022701713067858,1,4,9,66.73503789712827,4,2025-07-07 20:01:01.051016
4144,user_767,548,3.4743997026822084,1,2,10,58.979299984512515,4,2025-10-18 20:01:01.052015
4145,user_717,2774,3.7572401488791325,1,3,14,10.4411214753941,3,2025-08-31 20:01:01.052015
4146,user_786,2372,3.6643132402700576,1,2,8,28.94175234204003,5,2025-03-19 20:01:01.053015
4147,user_151,2038,2.643100266930651,1,4,8,68.66347557859714,3,2025-06-20 20:01:01.054013
4148,user_366,14,4.157545471607852,1,3,8,70.07918009092609,1,2025-05-23 20:01:01.054013
4149,user_335,1684,4.618855348074834,1,3,14,91.07606857469649,9,2025-05-02 20:01:01.055125
4150,user_578,2427,4.417618273513923,1,4,8,92.7632579314303,7,2025-11-28 20:01:01.055125
4151,user_415,2074,2.2741493531746277,1,4,8,48.3296579244777,2,2025-11-16 20:01:01.057328
4152,user_761,2020,3.114020147882981,1,4,9,80.21920676168709,3,2025-02-26 20:01:01.058331
4153,user_257,962,2.737169841378073,1,4,12,72.87087046016492,8,2025-09-21 20:01:01.058331
4154,user_629,112,3.8811619278628964,1,4,13,32.009976683177435,4,2025-04-26 20:01:01.059682
4155,user_808,221,3.5886808911294086,1,3,14,1.145260409709059,1,2025-05-28 20:01:01.060682
4156,user_127,1627,1.8886795344003635,1,2,8,16.865955824708976,8,2025-02-19 20:01:01.060682
4157,user_197,1593,1.970891737343431,1,3,12,54.55026263868251,6,2025-03-08 20:01:01.061681
4158,user_317,1296,4.261930530754608,1,2,12,78.07668430505201,4,2025-08-17 20:01:01.061681
4159,user_502,1589,4.367333937617114,1,4,11,30.81940936594534,7,2025-03-13 20:01:01.062681
4160,user_227,851,3.7928101171462223,1,2,8,51.69704674268787,3,2025-08-29 20:01:01.062681
4161,user_962,290,2.145116096335169,1,2,11,0.19620183109553269,9,2025-03-19 20:01:01.063681
4162,user_741,899,1.891561161332222,1,4,9,61.16349540090713,7,2025-09-10 20:01:01.063681
4163,user_775,2356,2.9612494056061425,1,3,10,19.952264090122917,4,2025-10-03 20:01:01.065186
4164,user_259,1721,3.43328681191166,1,3,13,97.81828914042694,4,2025-08-01 20:01:01.065549
4165,user_706,321,4.163670756813525,1,3,11,80.61966116696198,6,2025-01-20 20:01:01.066192
4166,user_737,2234,3.4215921096225053,1,4,14,8.728879767388698,2,2025-05-13 20:01:01.066192
4167,user_229,1177,3.3539566695267524,1,3,9,96.09586850621426,2,2025-08-16 20:01:01.067192
4168,user_687,1021,4.116251585227626,0,3,10,90.98603467206404,7,2025-07-20 20:01:01.067192
4169,user_58,1730,2.427720503721776,1,4,11,41.22064169144426,1,2025-03-22 20:01:01.068192
4170,user_6,2029,2.9830580785930403,1,4,11,72.20782425495383,5,2025-03-30 20:01:01.068192
4171,user_8,1185,3.3888202189879713,1,2,14,18.58998524168294,8,2025-09-12 20:01:01.069697
4172,user_806,1081,2.7327952802733457,0,4,14,46.87082995829832,5,2025-12-06 20:01:01.069697
4173,user_96,71,1.6221756637166187,1,4,11,73.48541626584053,8,2025-10-17 20:01:01.070701
4174,user_614,1126,2.441483841324561,1,4,10,4.461388010390466,1,2025-06-04 20:01:01.070701
4175,user_406,213,4.19648988058591,1,3,9,15.131646181604552,9,2025-11-22 20:01:01.071807
4176,user_8,824,5.0,1,3,14,44.43015359750696,8,2025-03-05 20:01:01.072829
4177,user_475,251,2.1675429294289525,1,3,12,89.86040632559059,1,2025-03-05 20:01:01.072829
4178,user_389,336,3.3511216895052525,0,3,13,60.85137338409772,6,2025-09-29 20:01:01.074210
4179,user_497,1079,3.6529358608703255,1,3,13,7.46132090189402,9,2025-11-01 20:01:01.074210
4180,user_857,2305,2.4086796997003774,1,2,13,20.305806919996737,6,2025-09-28 20:01:01.075216
4181,user_320,1198,3.7283690455544556,1,2,12,68.07121206133803,9,2025-03-14 20:01:01.075216
4182,user_133,654,3.4162465444165666,1,4,14,94.26215811458924,6,2025-01-27 20:01:01.076216
4183,user_971,1337,3.616524588065933,1,3,8,75.34292122124204,7,2025-01-27 20:01:01.077216
4184,user_116,2744,4.2248462290596915,1,3,11,1.8507374850401326,7,2025-12-08 20:01:01.077720
4185,user_751,1229,3.5880636178502576,1,4,10,71.95802535455866,1,2025-04-04 20:01:01.077720
4186,user_221,2905,3.4888433268116557,1,3,11,93.95188985590724,9,2025-05-12 20:01:01.078725
4187,user_777,1686,3.202025570572653,1,2,12,86.02730785282122,8,2025-08-14 20:01:01.078725
4188,user_839,1633,3.699781661766398,1,4,10,57.27231845118356,4,2025-06-15 20:01:01.079726
4189,user_289,186,3.2869754791521437,1,3,12,16.939060883268866,2,2025-03-11 20:01:01.079726
4190,user_493,181,3.2498793041586707,0,4,10,85.20378976782933,7,2025-03-28 20:01:01.081231
4191,user_530,2258,3.132469697451121,1,3,14,20.008214039808436,7,2025-03-18 20:01:01.081231
4192,user_161,215,4.29754134631167,1,2,13,29.330736282347992,6,2025-03-02 20:01:01.082237
4193,user_509,2696,2.351019171767299,0,2,13,91.31845626581135,3,2025-08-02 20:01:01.082742
4194,user_295,2778,3.92188280307348,1,4,10,1.535278686051833,8,2025-03-25 20:01:01.083247
4195,user_173,2506,4.3089277068782765,1,4,12,14.19302622587958,6,2025-08-13 20:01:01.084252
4196,user_574,1920,3.5888301829262783,1,4,8,4.125516036295663,1,2025-08-03 20:01:01.084252
4197,user_351,2579,3.7143852300323714,1,3,8,29.186498339972765,4,2025-08-18 20:01:01.085253
4198,user_61,2890,3.9607955152827485,1,4,10,39.33178519534114,5,2025-03-19 20:01:01.085253
4199,user_80,2778,4.306992189369539,1,2,10,71.11269215469441,5,2025-04-27 20:01:01.086253
4200,user_656,324,3.7768524442428406,1,4,8,72.06270065260263,9,2025-02-22 20:01:01.087253
4201,user_695,2202,3.6691297958834967,1,4,8,66.15633317405374,3,2025-11-25 20:01:01.087253
4202,user_413,1789,3.369842083581324,1,4,8,72.16695257005597,4,2025-04-05 20:01:01.088284
4203,user_84,99,3.6395851152950134,1,4,11,48.55468699784156,2,2025-01-18 20:01:01.089267
4204,user_327,2811,4.277382894546164,1,4,8,48.70488766830143,3,2025-06-27 20:01:01.090254
4205,user_434,1269,3.1793625634021563,0,3,13,46.11832389524581,8,2025-04-25 20:01:01.090756
4206,user_57,1287,2.3776434318116064,1,2,13,44.95705516172631,1,2025-04-16 20:01:01.092260
4207,user_802,282,4.069011422544547,1,2,9,13.19053932554447,6,2025-06-14 20:01:01.092830
4208,user_713,2444,3.6790387182263107,1,2,14,54.67554467301879,3,2025-11-06 20:01:01.093843
4209,user_922,2601,2.4219355049630122,0,3,8,50.82081750375559,9,2025-08-24 20:01:01.093843
4210,user_381,396,3.294280465254194,1,3,9,77.86770092129063,6,2025-06-17 20:01:01.093843
4211,user_930,1785,1.9617987678880542,1,4,11,25.940629024688132,8,2025-04-02 20:01:01.095348
4212,user_565,1501,2.5000840847247576,1,3,12,99.9812388041234,5,2025-10-21 20:01:01.096036
4213,user_645,1827,3.0936521820271317,1,3,14,18.246654465471636,3,2025-03-03 20:01:01.096036
4214,user_377,2755,3.4585050954226966,1,2,11,52.632613693564835,6,2025-03-14 20:01:01.097684
4215,user_696,1822,2.7654625240343353,1,3,8,45.97935340831377,4,2025-01-08 20:01:01.097684
4216,user_310,1943,2.6222696398994736,1,4,8,33.529565396091435,6,2025-05-29 20:01:01.098691
4217,user_412,36,1.9065853143642655,0,2,11,15.92633968441428,7,2025-09-25 20:01:01.098691
4218,user_959,1962,4.121436464350998,1,4,8,30.677003573738748,7,2025-05-14 20:01:01.099691
4219,user_7,1719,4.0047801268756515,1,2,12,33.47447658590538,1,2025-03-25 20:01:01.099691
4220,user_274,920,3.48085798025661,1,2,8,20.088709188011034,1,2025-06-27 20:01:01.100691
4221,user_22,1251,3.2533110849758735,1,3,11,69.47886362310645,4,2025-07-07 20:01:01.101691
4222,user_867,2831,2.4138966910721935,1,3,14,14.341910768111521,4,2025-10-29 20:01:01.101691
4223,user_158,815,2.914245420554379,1,3,14,23.232166518671626,8,2025-12-03 20:01:01.102691
4224,user_512,1412,2.5433418027642594,1,3,12,97.17589759212161,6,2025-03-09 20:01:01.102691
4225,user_666,450,2.119246301109338,1,3,8,43.781829660561954,5,2025-10-14 20:01:01.103691
4226,user_293,2835,3.207444439487148,0,4,12,35.20456077250241,7,2025-01-27 20:01:01.104728
4227,user_964,844,3.5064670784498597,1,4,9,23.505943004192233,9,2025-07-18 20:01:01.104728
4228,user_745,1040,4.759249588306361,1,3,12,53.154411102152,3,2025-01-04 20:01:01.106291
4229,user_859,379,3.9624883143719405,1,3,8,31.157626725800135,2,2025-09-03 20:01:01.107295
4230,user_342,1755,2.1370407759151755,1,3,11,63.36387354152389,7,2025-08-28 20:01:01.108301
4231,user_188,1552,3.0956597156957133,1,3,14,90.82649629599618,5,2025-11-25 20:01:01.109341
4232,user_345,418,3.3315093597620806,1,4,9,28.50032320874899,8,2025-09-12 20:01:01.109341
4233,user_321,534,3.1150363415727265,1,3,10,18.415363420756147,5,2025-03-19 20:01:01.110305
4234,user_111,2675,4.685304190745052,1,4,11,15.885753598511155,5,2025-04-30 20:01:01.111307
4235,user_7,2171,2.148084332416891,1,3,10,59.916587532298685,1,2025-04-02 20:01:01.111307
4236,user_79,2078,3.071461062844979,1,4,10,62.28208717764808,7,2025-01-09 20:01:01.112307
4237,user_426,2892,2.451061855872658,1,4,14,34.252978909054065,7,2025-03-13 20:01:01.113307
4238,user_605,937,2.4129377847214197,1,2,9,31.296307850378202,7,2025-02-01 20:01:01.113307
4239,user_509,1417,2.4917368553400254,1,4,9,92.85721953957477,2,2025-04-10 20:01:01.113307
4240,user_781,409,4.606798781151125,1,3,11,39.88781997971246,2,2025-10-02 20:01:01.114813
4241,user_544,2821,4.118048647107538,1,2,14,89.64222988085027,2,2025-01-29 20:01:01.115485
4242,user_547,270,2.722958026512705,1,3,14,81.33932999339456,2,2025-01-22 20:01:01.115485
4243,user_846,442,3.5776318179533684,1,2,13,75.32004043267962,6,2025-05-22 20:01:01.116491
4244,user_43,2362,3.4051139161512163,1,4,9,77.43638428425841,1,2025-01-04 20:01:01.116491
4245,user_508,2560,2.897341177598956,1,3,11,12.601820643380323,7,2025-03-03 20:01:01.117491
4246,user_371,1521,3.232226943052403,1,4,9,39.522456391361,2,2025-06-18 20:01:01.117491
4247,user_472,1007,3.396020752143876,1,3,14,23.315799853660447,4,2025-01-26 20:01:01.118996
4248,user_57,272,3.392842124786365,1,2,14,37.51498958294345,4,2025-07-25 20:01:01.118996
4249,user_878,393,3.7365093658380797,1,3,9,37.28136771643605,4,2025-12-03 20:01:01.120003
4250,user_145,734,3.7900820938489432,1,3,9,86.98884250269964,9,2025-12-11 20:01:01.120003
4251,user_693,1935,2.9843451202816667,1,2,13,97.61552901252816,8,2025-09-16 20:01:01.121003
4252,user_182,318,3.5970234918312873,1,4,12,79.99039272758867,9,2025-10-16 20:01:01.122137
4253,user_44,1109,4.190720762659519,1,3,11,51.320570670204155,9,2025-08-08 20:01:01.122137
4254,user_206,266,3.7230681359072424,1,4,9,2.0493615388880837,5,2025-01-09 20:01:01.123646
4255,user_317,1600,3.2278721112431894,0,4,9,40.982477778470496,9,2025-08-13 20:01:01.125651
4256,user_141,1497,3.8354778523788076,1,2,8,68.44511043503503,5,2025-05-17 20:01:01.125651
4257,user_970,1266,2.4263740044126743,1,3,11,42.79820558018089,9,2025-06-23 20:01:01.125651
4258,user_701,620,3.91189379544988,0,4,9,33.56337258823261,8,2025-03-07 20:01:01.127514
4259,user_804,2857,4.251255842218771,1,2,12,65.93309867049364,2,2025-10-14 20:01:01.128164
4260,user_603,1967,2.662059781946046,1,2,10,53.77915945153631,7,2025-06-06 20:01:01.128164
4261,user_479,980,3.74210796624005,1,3,9,73.7157204276272,5,2025-06-23 20:01:01.129164
4262,user_425,2297,3.2821866718151025,1,4,13,44.94120292964465,1,2025-06-04 20:01:01.129164
4263,user_870,1800,3.9578131525873226,1,4,11,73.54346215702385,4,2025-01-16 20:01:01.130164
4264,user_155,2103,4.512963032412096,1,4,13,13.826076111800223,7,2025-08-31 20:01:01.130164
4265,user_28,1506,3.3025232428888653,1,4,14,42.09718603925418,1,2025-01-19 20:01:01.130164
4266,user_737,2313,2.8376508146139843,1,3,13,2.9612862141981555,1,2025-05-26 20:01:01.131669
4267,user_84,1064,3.961736040720938,1,4,10,89.35551411080014,5,2025-04-25 20:01:01.132727
4268,user_69,1848,2.1487982300950232,1,3,12,49.298400784024146,6,2024-12-29 20:01:01.132727
4269,user_98,875,3.5810518205839346,1,4,13,6.2651431076516495,9,2025-02-08 20:01:01.133732
4270,user_561,2783,3.274583152605955,1,4,13,3.7102245313097026,2,2025-06-12 20:01:01.133732
4271,user_33,1838,3.526626006034749,1,3,9,30.782778925933396,1,2025-09-06 20:01:01.134739
4272,user_598,2890,4.38442900304899,1,2,8,92.16510258507805,7,2025-10-19 20:01:01.134739
4273,user_345,301,3.3091392218186866,1,4,13,28.045999389246333,9,2025-04-17 20:01:01.136244
4274,user_528,1947,4.545737874405889,1,4,14,8.672033057521134,1,2024-12-19 20:01:01.136244
4275,user_58,1165,3.5474629109828104,1,4,13,96.47832645185287,7,2025-06-25 20:01:01.137251
4276,user_815,2150,3.8208726059524887,1,3,14,82.7539485062785,1,2025-06-27 20:01:01.138285
4277,user_577,1147,2.4855463090469994,0,4,11,88.47009695947058,9,2025-02-23 20:01:01.138285
4278,user_56,1912,4.453044621089253,1,3,10,12.979980081333997,1,2025-09-01 20:01:01.139274
4279,user_501,1400,4.268683264433252,1,3,14,76.25815268701596,4,2025-04-14 20:01:01.140251
4280,user_221,2830,3.132474300598436,1,3,9,38.50356949037468,8,2025-09-15 20:01:01.141755
4281,user_159,984,4.048644364269646,1,3,14,49.7779911971053,2,2025-02-21 20:01:01.142761
4282,user_894,2003,4.382685831040132,1,4,10,87.41472802966624,3,2025-11-01 20:01:01.143267
4283,user_916,1452,2.321987097779074,1,2,9,8.645631509522378,9,2025-06-19 20:01:01.143267
4284,user_880,475,3.2342925088783847,1,2,9,93.5689782152209,9,2025-06-07 20:01:01.144273
4285,user_392,43,2.9959617317608154,1,4,9,3.6411728482617645,9,2025-07-24 20:01:01.144273
4286,user_413,1787,3.895907079846433,1,3,10,57.96748278319775,3,2025-11-01 20:01:01.145779
4287,user_636,1216,2.0620172519670765,1,4,13,90.39754412355404,1,2025-05-10 20:01:01.145779
4288,user_826,223,2.5735358388520804,1,4,9,4.1121896617392295,1,2025-01-06 20:01:01.146785
4289,user_759,1668,3.5540989482129426,1,2,12,90.18081374423737,4,2025-10-16 20:01:01.146785
4290,user_511,2151,2.9594943172753543,0,4,9,57.548103184751255,8,2025-03-26 20:01:01.147785
4291,user_253,1830,3.757248308136829,1,2,13,68.6376357366453,8,2025-08-31 20:01:01.148290
4292,user_586,596,3.0522295927372034,1,2,9,38.18272694338647,4,2025-05-19 20:01:01.149296
4293,user_741,1953,3.192416501434177,1,3,8,26.696194010122053,8,2025-11-13 20:01:01.149296
4294,user_622,2139,2.791768632269584,1,2,8,48.36919551475606,4,2025-04-19 20:01:01.150296
4295,user_124,200,3.004763188609901,1,4,9,36.2024526857741,4,2025-10-11 20:01:01.150296
4296,user_272,2854,3.0539962735806414,1,3,11,85.15764430261741,7,2025-03-31 20:01:01.151296
4297,user_380,2638,2.698481701794417,1,3,10,46.40899308913634,6,2025-11-22 20:01:01.152296
4298,user_869,2789,3.7743876496524233,1,4,9,82.6338927585703,5,2025-10-11 20:01:01.152801
4299,user_85,1608,3.706735278795215,1,2,9,54.301310476906764,7,2025-05-17 20:01:01.152801
4300,user_181,505,3.2716229552871035,1,4,10,40.5991882409379,3,2025-08-16 20:01:01.154305
4301,user_78,1772,3.305242265286935,1,4,10,86.46027004236932,7,2025-06-19 20:01:01.154305
4302,user_477,1615,3.021032036434826,1,4,8,61.18239510995952,4,2025-07-16 20:01:01.155312
4303,user_686,418,3.2392863325224064,1,3,11,4.897138428552095,7,2025-02-20 20:01:01.156310
4304,user_456,1169,3.3536352516526,1,3,13,86.80372797401596,2,2025-09-30 20:01:01.156816
4305,user_34,2477,3.177528287960236,1,4,11,78.84817833459536,9,2025-11-05 20:01:01.157659
4306,user_774,2447,2.366620501650698,1,3,13,29.7335211842098,1,2025-03-04 20:01:01.158662
4307,user_823,525,3.9124826862427433,1,3,9,77.97828819673583,3,2025-03-06 20:01:01.158662
4308,user_564,10,2.4844364605867133,1,2,8,63.52262549814589,6,2025-10-03 20:01:01.159667
4309,user_794,2825,3.9874367889909648,1,3,12,56.36886610006293,3,2025-03-24 20:01:01.161258
4310,user_410,41,2.409567030099595,0,2,12,22.415206617858775,9,2025-07-29 20:01:01.162257
4311,user_509,1542,3.6926186898040694,1,4,10,27.77499866102865,5,2025-03-14 20:01:01.162257
4312,user_878,1081,3.201944541012695,1,2,9,79.26015082375531,3,2025-08-12 20:01:01.163290
4313,user_670,1291,4.546430653863729,1,2,11,32.088934622781565,6,2025-02-17 20:01:01.164260
4314,user_485,1242,2.5059201443437114,1,3,13,32.679597707504115,1,2025-06-14 20:01:01.164260
4315,user_149,593,2.8609721915171433,1,3,13,53.619513414361975,4,2025-01-10 20:01:01.165259
4316,user_4,921,2.413613617331956,1,2,14,83.14227466318924,6,2025-09-25 20:01:01.165764
4317,user_411,1577,3.0250302262221997,1,3,8,17.86419905855794,4,2025-08-25 20:01:01.166770
4318,user_917,885,3.704707445555925,1,4,10,5.17299090491713,4,2025-10-12 20:01:01.166770
4319,user_355,1925,3.289157285804102,1,3,9,38.327084018288716,8,2025-04-20 20:01:01.167770
4320,user_680,2054,2.6980531744271476,1,3,11,0.712750282862118,5,2025-07-12 20:01:01.168275
4321,user_72,2887,3.632839748363012,1,3,12,98.67271726361886,8,2025-05-19 20:01:01.168275
4322,user_410,2305,3.3910014855723376,1,4,13,40.727835021685856,5,2025-02-25 20:01:01.169280
4323,user_649,1088,3.6094104791035213,1,4,14,52.098394820212555,9,2025-07-24 20:01:01.169280
4324,user_373,2563,1.8706252710867484,1,3,8,1.8976150208404041,9,2025-02-07 20:01:01.170287
4325,user_656,1330,3.6146687723577604,1,3,14,68.12325946506772,9,2025-01-22 20:01:01.171286
4326,user_442,603,2.613506798624452,1,2,9,17.172331329737556,1,2024-12-12 20:01:01.172287
4327,user_607,2140,3.189797123807597,1,3,10,38.49205445609136,8,2025-12-06 20:01:01.172287
4328,user_374,1554,3.5437806979588666,1,3,14,81.08833319190691,6,2024-12-28 20:01:01.172287
4329,user_950,2736,3.9514228976837202,1,3,10,31.676281965986142,6,2025-11-14 20:01:01.174249
4330,user_145,2335,3.6028183044347046,0,2,11,70.58998111063262,4,2025-03-11 20:01:01.174798
4331,user_688,2294,3.789956997532892,1,4,8,25.80495172181174,9,2025-10-04 20:01:01.175799
4332,user_657,1901,3.8378490573398985,1,4,8,78.93385085949973,3,2025-08-31 20:01:01.175799
4333,user_245,2644,3.0377490044997018,1,3,14,67.50106926808344,4,2025-11-25 20:01:01.175799
4334,user_89,1371,3.1455857798080005,0,4,13,23.85995161369412,9,2025-11-22 20:01:01.177607
4335,user_470,430,4.407123301703359,1,2,11,36.516978381625634,9,2025-05-19 20:01:01.177607
4336,user_212,2126,4.292956099427698,1,2,12,10.184371548609029,2,2025-03-31 20:01:01.178312
4337,user_936,1498,4.064810735546118,1,4,9,36.50141738592056,5,2025-11-15 20:01:01.179312
4338,user_682,1780,4.475782462529052,1,2,9,29.995392019398526,4,2025-02-21 20:01:01.179312
4339,user_256,2500,2.9597351751067844,1,3,8,97.0243451904197,3,2025-06-06 20:01:01.180312
4340,user_435,2183,2.7568974387812326,1,2,9,50.118284724516414,2,2024-12-12 20:01:01.180312
4341,user_555,1166,4.530092833162161,1,2,14,16.807314730438037,7,2025-04-07 20:01:01.181312
4342,user_582,620,4.724654561434337,1,2,11,73.59034308719454,9,2025-01-23 20:01:01.182322
4343,user_208,2847,3.9835808246720266,0,2,11,27.945515532013122,1,2025-08-28 20:01:01.182631
4344,user_723,1255,3.1373390690573437,1,3,9,20.27874982548301,4,2025-01-24 20:01:01.182631
4345,user_926,1984,2.913161949174684,1,2,14,39.01535293624114,1,2025-03-21 20:01:01.184150
4346,user_229,830,2.644705001331458,1,2,9,76.96463093485407,5,2025-04-23 20:01:01.184150
4347,user_828,2281,3.908087788432117,1,2,10,2.00232686688806,5,2025-05-16 20:01:01.185156
4348,user_538,851,3.147072941944553,0,2,8,37.17229979060439,3,2025-12-06 20:01:01.185156
4349,user_46,2627,3.386630610710072,1,4,8,68.47352055122997,7,2025-06-04 20:01:01.186156
4350,user_264,1707,4.133810526281333,1,3,13,26.313272375740926,4,2025-02-11 20:01:01.187156
4351,user_397,2039,3.9076095836786036,1,3,14,60.601558421266645,3,2025-04-26 20:01:01.187156
4352,user_702,1427,3.8566784768356217,0,3,9,47.99175269832978,1,2025-05-20 20:01:01.188156
4353,user_298,1823,3.1853492554305243,1,4,13,68.88113215287561,4,2025-06-01 20:01:01.188156
4354,user_486,1511,3.7001228809205937,0,2,11,21.532940500346864,5,2025-01-20 20:01:01.189157
4355,user_902,103,3.1486458138527027,1,4,8,35.896091463428725,3,2025-09-11 20:01:01.190157
4356,user_406,675,2.1986708646581183,1,2,14,35.334867086613976,5,2025-02-26 20:01:01.190157
4357,user_589,1047,4.330944801758521,1,4,12,81.20039393987918,7,2025-03-25 20:01:01.191156
4358,user_914,1436,3.020671896096741,1,4,12,77.53098216179458,6,2025-12-08 20:01:01.192156
4359,user_685,913,4.095397154721049,1,2,14,73.23190040181696,8,2025-04-16 20:01:01.192661
4360,user_63,420,4.033534750006806,1,3,8,44.558696730652116,4,2025-01-31 20:01:01.193166
4361,user_466,2905,4.0281420097606455,1,4,10,98.94162910871266,3,2025-02-27 20:01:01.194196
4362,user_424,553,3.421078918189947,1,2,13,53.800829170716234,7,2025-02-26 20:01:01.195676
4363,user_78,1188,4.850144321148996,1,3,8,34.593127090018584,4,2025-10-01 20:01:01.196180
4364,user_752,323,4.593139135615947,1,2,14,91.29322372974316,8,2025-03-03 20:01:01.196180
4365,user_175,2657,2.9842113378444406,1,4,13,30.828341235651145,3,2025-01-15 20:01:01.196180
4366,user_874,2205,4.334789215252542,1,4,13,96.99389643125514,1,2025-01-12 20:01:01.197855
4367,user_906,1581,2.7574278672859287,1,4,11,65.65476769110742,8,2025-08-19 20:01:01.197855
4368,user_521,908,2.5671767277108417,1,3,13,71.02954714653835,1,2025-02-13 20:01:01.198861
4369,user_205,815,3.8632281859393443,1,4,10,64.7197172294114,7,2025-09-10 20:01:01.198861
4370,user_795,2582,3.1849866107405846,1,4,11,19.60297407292959,8,2025-06-21 20:01:01.199861
4371,user_510,2254,3.6263910341526584,1,2,11,47.42462065023887,6,2025-04-24 20:01:01.199861
4372,user_746,514,2.905165099961353,1,4,11,43.46384932986636,8,2025-04-03 20:01:01.200861
4373,user_538,1544,3.391987760548332,1,3,14,33.05602104352738,6,2025-07-22 20:01:01.201862
4374,user_626,840,4.176910148755657,1,2,9,81.14911237077608,8,2025-08-16 20:01:01.201862
4375,user_829,803,3.5298890285534963,1,3,11,18.319766818212855,9,2025-08-24 20:01:01.202862
4376,user_211,1282,2.6388331556941065,1,2,8,59.19521827826496,3,2025-08-22 20:01:01.202862
4377,user_218,1527,3.9046969679205654,1,4,11,29.197337364128618,5,2024-12-13 20:01:01.204367
4378,user_374,2481,3.945062960498622,1,3,13,41.641595576591584,2,2025-08-29 20:01:01.204367
4379,user_935,710,1.7215320607665814,1,4,8,42.8031130549217,2,2025-03-11 20:01:01.205375
4380,user_717,571,2.8672768108872484,1,3,12,31.77080037195177,6,2025-02-20 20:01:01.206375
4381,user_230,1116,2.9057970919246254,0,4,10,68.34139970419953,1,2025-02-26 20:01:01.206375
4382,user_247,2406,1.8008799025946283,1,2,10,58.50849749199203,4,2025-04-15 20:01:01.207929
4383,user_166,1775,3.38364032703588,1,2,14,19.17252239526381,5,2025-03-08 20:01:01.208940
4384,user_748,2206,2.307782198046832,1,3,11,78.7569392971489,1,2025-04-29 20:01:01.208940
4385,user_168,261,2.7829630891202966,1,4,14,66.70931602834497,2,2025-11-30 20:01:01.209972
4386,user_783,582,3.247496320209038,1,2,10,77.10460974673539,3,2025-07-14 20:01:01.210950
4387,user_480,867,3.7249946924924324,1,3,10,79.95946208292034,4,2025-10-26 20:01:01.210950
4388,user_371,93,3.562537487992385,1,2,12,61.195914299083874,5,2025-10-09 20:01:01.211950
4389,user_871,1492,3.480117872177203,1,4,13,71.39343233434745,3,2025-07-24 20:01:01.212950
4390,user_904,2654,3.4645045142988415,1,3,13,84.61913765848035,5,2025-10-26 20:01:01.212950
4391,user_99,2800,2.8952216011535215,0,4,13,76.14490771467949,9,2025-04-21 20:01:01.213950
4392,user_125,689,3.4638579593750425,0,4,13,92.67908456554052,7,2025-02-13 20:01:01.213950
4393,user_798,2633,4.1000170810650856,0,3,9,32.81483762145068,7,2025-05-17 20:01:01.214950
4394,user_784,1384,2.652425914986467,1,4,9,9.025276168321739,4,2025-04-08 20:01:01.215455
4395,user_703,496,3.265708891755556,1,4,14,60.706026792335436,7,2025-12-11 20:01:01.215455
4396,user_709,2604,4.517816252046571,1,2,10,29.737839338031623,7,2025-09-20 20:01:01.216461
4397,user_407,2374,3.5785187152860645,1,2,8,1.0996289275621351,6,2025-03-29 20:01:01.217461
4398,user_346,271,3.8054059594419862,1,2,10,11.509426390126244,4,2025-03-06 20:01:01.217461
4399,user_40,1563,2.5413810420839553,1,2,12,2.8043200166073645,7,2025-06-10 20:01:01.217461
4400,user_906,2122,3.097713796293507,1,3,8,48.637806666805204,7,2025-11-23 20:01:01.218967
4401,user_841,1736,3.6578325979733313,1,3,14,33.148174040086154,5,2025-02-09 20:01:01.218967
4402,user_125,2461,2.871289711155363,1,2,13,47.20460906975376,7,2025-05-25 20:01:01.219973
4403,user_673,1132,3.904428265861404,1,3,14,22.3369051657887,5,2025-05-27 20:01:01.220974
4404,user_907,1466,3.5399350171210378,1,4,10,43.301459932718856,7,2025-04-18 20:01:01.221976
4405,user_937,2363,2.332022706227285,1,3,11,29.819144499609486,1,2025-07-15 20:01:01.221976
4406,user_351,2489,2.3636905530127597,1,4,11,34.932774437710165,1,2025-01-10 20:01:01.222974
4407,user_166,1861,2.7298304351330063,1,3,11,56.14156862337853,1,2025-04-11 20:01:01.224481
4408,user_410,2355,3.3926708384667883,1,4,13,18.935628913870993,2,2025-05-21 20:01:01.225487
4409,user_194,1898,4.4659274090415035,0,3,11,14.1447945745657,4,2025-07-22 20:01:01.226489
4410,user_18,2866,2.570997220074278,1,3,14,34.91614099520438,6,2025-11-04 20:01:01.227490
4411,user_64,2546,3.471518169649944,1,4,12,7.951593403083301,4,2025-10-13 20:01:01.227490
4412,user_679,82,3.981113215282745,1,4,9,88.93560065283343,1,2025-01-06 20:01:01.228669
4413,user_667,277,2.1941976777623835,0,3,9,28.625697235979175,3,2025-05-11 20:01:01.228669
4414,user_415,551,3.505729502303879,1,2,14,91.31539051024458,9,2025-05-06 20:01:01.229669
4415,user_284,1777,3.8498523694919196,1,4,9,6.497394247897537,5,2025-04-10 20:01:01.230669
4416,user_444,857,4.3063488585120435,0,3,11,21.404015744376093,8,2025-07-16 20:01:01.231177
4417,user_404,656,3.2955381177100573,1,2,14,35.15269655433837,1,2025-02-08 20:01:01.231177
4418,user_704,396,3.2913811747523565,1,4,12,54.41292294041848,3,2025-01-12 20:01:01.232186
4419,user_348,2280,3.9101331655146963,1,2,8,57.81709654738779,2,2025-10-17 20:01:01.232186
4420,user_629,461,4.872847762145834,1,4,8,99.22766588813447,7,2025-04-27 20:01:01.233880
4421,user_722,2483,3.489420122183233,1,4,9,28.7158495433571,8,2025-09-08 20:01:01.233880
4422,user_587,1449,2.4471098569701484,1,2,11,31.883492300321812,9,2025-08-23 20:01:01.234889
4423,user_141,2615,4.204258032493884,1,4,14,91.575173898614,9,2025-06-21 20:01:01.234889
4424,user_859,218,3.6804739738447876,1,4,11,78.59409178637,6,2025-06-06 20:01:01.235889
4425,user_919,72,2.4049508224564695,1,3,10,78.09821368740725,7,2025-03-04 20:01:01.236887
4426,user_483,877,3.0636165792871752,1,3,10,18.54190280998266,4,2024-12-20 20:01:01.236887
4427,user_295,579,3.570407205447216,1,4,8,72.8598155539733,4,2025-02-07 20:01:01.237887
4428,user_233,1034,2.5043640730729004,1,2,13,0.7278663975058053,9,2025-05-29 20:01:01.238887
4429,user_285,1545,2.7684258647595406,0,4,13,55.14239557514055,1,2025-07-02 20:01:01.238887
4430,user_192,1168,3.7863007485849214,1,2,14,86.35910157855093,2,2025-10-27 20:01:01.239887
4431,user_233,2495,3.4015137922917766,1,4,14,1.1962149701723934,4,2025-03-06 20:01:01.240887
4432,user_935,2591,3.7980494583068967,0,2,11,52.44272344530238,1,2025-09-04 20:01:01.240887
4433,user_501,1210,4.3917155933219405,1,3,14,62.81711459525472,7,2025-09-19 20:01:01.241888
4434,user_5,890,3.33160997234649,1,3,9,81.39256778828677,6,2025-05-16 20:01:01.242393
4435,user_911,2787,2.814233661170033,0,2,11,38.27411858643163,3,2025-04-14 20:01:01.242898
4436,user_723,1040,2.916620143873333,1,3,11,76.58082846087595,8,2025-03-29 20:01:01.243905
4437,user_142,829,2.812437743896183,1,2,12,42.30961887829716,3,2025-08-30 20:01:01.243905
4438,user_965,1156,2.8230749032191116,1,3,12,82.48851196806768,9,2025-01-20 20:01:01.243905
4439,user_507,403,4.016590520605198,1,4,13,9.662140446133904,2,2025-11-08 20:01:01.245410
4440,user_644,2255,2.398311921834529,0,2,13,7.20126584593025,1,2025-05-26 20:01:01.245410
4441,user_548,2697,4.277078811372726,1,4,14,51.03965552062344,7,2025-09-08 20:01:01.246922
4442,user_195,191,2.9686448791273006,1,2,13,37.73546148602057,1,2025-05-16 20:01:01.246922
4443,user_372,393,4.657231779498721,1,2,9,76.43120384292354,1,2025-03-25 20:01:01.247926
4444,user_779,2329,2.9589943420060623,1,3,13,88.88856730064795,6,2025-06-06 20:01:01.247926
4445,user_772,1466,3.326800154921688,1,3,12,81.66050940616037,5,2025-06-17 20:01:01.248933
4446,user_493,265,4.041500526026424,1,3,10,13.212252391206569,8,2025-03-15 20:01:01.249933
4447,user_502,231,4.559102429879696,0,3,10,84.41082099871656,7,2025-11-22 20:01:01.249933
4448,user_434,2173,4.431408777615166,1,2,11,91.4452912837003,9,2025-07-24 20:01:01.250933
4449,user_5,2716,2.7141228738211676,1,2,12,66.45349660947898,8,2025-03-01 20:01:01.250933
4450,user_881,1119,2.825683959742152,1,2,9,76.15966267696498,3,2025-09-14 20:01:01.251933
4451,user_782,96,3.2274953106689144,1,3,11,80.04639262072368,5,2025-05-22 20:01:01.252933
4452,user_277,2586,2.4061109041007045,1,4,11,38.82692383934088,3,2025-04-09 20:01:01.252933
4453,user_896,673,3.3835220644376385,1,2,13,8.01773224433563,7,2025-05-22 20:01:01.252933
4454,user_727,2471,3.326879152721472,1,2,12,88.23674758021949,4,2025-06-03 20:01:01.254439
4455,user_270,2663,3.1662878325547226,1,2,10,2.8673218311647264,7,2025-05-29 20:01:01.255447
4456,user_470,2126,3.893993553832729,1,2,9,72.5133711833287,6,2025-07-14 20:01:01.255447
4457,user_699,1442,3.43092467745848,1,3,14,55.97451874799895,5,2025-08-19 20:01:01.256452
4458,user_497,2598,3.2800189464280907,1,2,12,39.18971659871227,8,2025-03-28 20:01:01.257479
4459,user_189,2460,3.9711957843307344,1,3,11,68.77092527094356,8,2025-08-28 20:01:01.257479
4460,user_244,1976,4.314211575122023,1,3,12,39.130050164494264,7,2025-04-02 20:01:01.258485
4461,user_454,828,2.9730715794077414,1,2,12,57.09328756619835,2,2025-05-02 20:01:01.258990
4462,user_698,1694,3.0816870674057437,1,4,11,63.92204468835359,5,2025-10-28 20:01:01.259997
4463,user_479,2543,4.240332778931139,1,3,14,80.15261376293442,8,2025-01-08 20:01:01.259997
4464,user_83,287,3.7549869939885054,1,3,14,37.68148612724139,4,2024-12-24 20:01:01.260996
4465,user_145,990,3.2248913089721762,1,3,11,88.93833101726092,8,2025-10-11 20:01:01.260996
4466,user_254,2178,2.004008231295066,1,2,10,49.16093780690309,8,2025-01-06 20:01:01.261996
4467,user_353,947,3.010001159399573,1,4,11,30.51142520043012,8,2025-05-01 20:01:01.262996
4468,user_391,708,3.1348995372789936,1,4,8,97.9229815868414,7,2025-06-10 20:01:01.262996
4469,user_872,2404,2.7180650487473335,1,3,9,1.7956285783114923,9,2025-03-02 20:01:01.263997
4470,user_96,841,1.793358314438927,1,2,9,12.796175200235481,6,2025-01-16 20:01:01.263997
4471,user_942,1684,3.222785496956208,1,4,12,0.6912591169667359,2,2025-10-19 20:01:01.264997
4472,user_222,472,3.1890779678034815,1,4,13,79.23429118143625,4,2025-05-01 20:01:01.265502
4473,user_553,739,4.068111581188331,1,3,10,55.72044501863175,8,2025-01-25 20:01:01.266508
4474,user_388,1489,3.0470176993575513,1,3,12,81.91159985019641,1,2025-01-11 20:01:01.266508
4475,user_111,1769,2.6417707418193594,1,4,10,84.9685136123002,9,2025-03-30 20:01:01.268014
4476,user_123,760,3.6240531850483384,1,4,11,71.69700461607317,1,2025-04-08 20:01:01.268014
4477,user_79,2644,4.139054311692756,1,2,13,54.522441927410036,7,2025-06-04 20:01:01.269021
4478,user_926,1688,2.6490777363142226,0,3,13,90.54133586208218,5,2025-06-03 20:01:01.269021
4479,user_602,434,3.1506485391532815,1,4,13,6.3895920202235885,1,2025-03-29 20:01:01.270028
4480,user_424,1551,3.6336157718040774,1,2,9,38.26658295621969,2,2025-08-11 20:01:01.271027
4481,user_574,1027,3.96461303536782,1,3,10,42.045549256776106,4,2025-01-17 20:01:01.271027
4482,user_357,384,3.9110364327692713,1,2,9,88.19576685277326,6,2025-03-19 20:01:01.272028
4483,user_574,1544,3.2162215552121562,1,2,12,21.38266139124908,8,2025-02-16 20:01:01.272028
4484,user_204,290,2.5859664033870065,1,3,12,34.33709367224947,9,2025-02-18 20:01:01.273533
4485,user_944,2038,4.165365017548731,1,3,8,0.5241336809270636,3,2025-07-27 20:01:01.274476
4486,user_840,400,2.4466363709134553,1,2,13,66.04121669886113,7,2025-06-07 20:01:01.274476
4487,user_742,1004,2.3247335016788675,1,3,10,66.77994708896506,7,2025-08-28 20:01:01.275483
4488,user_164,637,2.9639320619118767,1,3,9,71.13812206306702,8,2025-07-22 20:01:01.276482
4489,user_706,1665,3.9564473973207352,0,2,12,65.38132671074966,9,2025-05-04 20:01:01.276482
4490,user_711,1823,2.3679161974038525,1,2,13,13.604849159691279,4,2025-11-19 20:01:01.276482
4491,user_353,2513,2.6086459869150973,1,2,13,51.45917593757376,8,2025-08-14 20:01:01.277988
4492,user_709,135,3.0269074911074636,1,2,9,69.24165892752904,3,2025-07-03 20:01:01.277988
4493,user_289,1949,3.99639914784934,1,3,12,80.43302395505837,8,2025-03-22 20:01:01.278994
4494,user_296,1943,4.373531125045339,1,3,11,99.3752145925391,5,2025-06-16 20:01:01.278994
4495,user_283,354,3.4579977815764202,1,3,14,52.71010191467135,7,2025-11-10 20:01:01.279994
4496,user_649,354,2.741705779130864,1,4,14,55.269245382874,5,2025-06-08 20:01:01.280994
4497,user_949,2205,3.9028035980050406,1,4,8,19.591217178469012,1,2025-02-03 20:01:01.281499
4498,user_678,1878,2.983273776274194,1,3,12,88.76511280462965,8,2025-07-09 20:01:01.281499
4499,user_172,307,3.240637176695302,1,2,11,35.573684373267035,6,2025-07-22 20:01:01.282505
4500,user_862,1030,3.5466114485354368,1,3,9,62.75472326842928,9,2025-01-26 20:01:01.283511
4501,user_608,2827,2.314719382897932,1,4,13,80.29091403998183,2,2025-02-22 20:01:01.283511
4502,user_902,2627,3.545489526507435,1,4,11,25.256972905392672,4,2025-09-19 20:01:01.284767
4503,user_309,2473,2.913561238640356,1,3,14,13.580781504904271,1,2025-08-07 20:01:01.284767
4504,user_40,1693,3.0604529575430273,1,4,13,39.111097319989426,4,2025-04-13 20:01:01.285767
4505,user_327,2017,3.1153530782288468,1,2,14,14.426629873897912,8,2025-11-25 20:01:01.286764
4506,user_591,175,3.5299141783419024,1,4,8,16.33818077663828,2,2025-05-11 20:01:01.286764
4507,user_164,1134,2.5743211498225658,0,4,9,49.573260772205586,7,2025-07-17 20:01:01.287767
4508,user_30,525,3.9325535796870774,1,4,8,26.096884798153596,3,2025-05-03 20:01:01.288767
4509,user_34,2344,2.5948068799133335,1,4,13,47.729521263154396,7,2025-05-07 20:01:01.288767
4510,user_216,2753,2.907736531205949,1,2,13,70.65808047171039,4,2025-08-21 20:01:01.289764
4511,user_878,173,3.299552520411613,0,2,14,62.27466142952265,1,2025-08-21 20:01:01.290766
4512,user_194,527,3.9581851575805387,0,4,14,30.395165868817543,6,2025-04-23 20:01:01.290766
4513,user_580,81,3.9179872788699313,1,2,9,95.52055941180805,7,2025-08-28 20:01:01.292271
4514,user_700,1622,3.3685748799257835,1,2,12,30.5082852044093,9,2025-11-06 20:01:01.292271
4515,user_577,1208,4.073652606984223,0,4,12,61.762294867538735,2,2025-11-04 20:01:01.293418
4516,user_489,261,4.891635555133083,1,2,12,63.010228288244164,9,2025-09-13 20:01:01.293931
4517,user_214,1650,4.043335896687505,1,3,9,40.538901172316,9,2025-10-26 20:01:01.293931
4518,user_401,2269,3.3730637148976093,1,4,13,54.90094822622833,1,2025-02-25 20:01:01.293931
4519,user_923,2435,4.432300293194342,1,3,12,22.508048405255355,1,2025-04-10 20:01:01.295445
4520,user_177,1090,3.123280691287622,1,3,9,56.24864664982302,6,2025-02-02 20:01:01.296125
4521,user_689,1048,3.4926160510172086,1,3,14,53.33892839704109,8,2025-05-25 20:01:01.296125
4522,user_325,32,4.453561090396376,1,2,9,1.5868247365817267,8,2025-10-18 20:01:01.296125
4523,user_898,2600,3.262743624737163,1,4,10,54.70858922679588,2,2025-04-04 20:01:01.297772
4524,user_455,1446,3.352905647008156,1,3,9,72.49960285613629,4,2025-10-19 20:01:01.298779
4525,user_670,1317,3.641029538665801,1,2,12,31.17650313013912,4,2025-06-17 20:01:01.298779
4526,user_407,977,3.0681545128107537,0,2,10,90.94869361377273,2,2025-09-22 20:01:01.299779
4527,user_544,2864,4.209928279079391,1,3,10,86.40087171760213,8,2025-05-11 20:01:01.300779
4528,user_510,127,3.2018936582628044,1,2,11,18.13646856171145,3,2025-09-17 20:01:01.300779
4529,user_695,503,3.940966316326589,1,3,14,21.976445772283082,3,2025-06-10 20:01:01.301779
4530,user_13,813,4.7499226053625145,1,4,9,71.05871649073474,6,2025-06-22 20:01:01.301779
4531,user_224,2087,3.6291010175740217,1,3,11,58.21671354103222,1,2025-04-11 20:01:01.302779
4532,user_170,1649,2.566697588705627,1,3,8,78.28739297791955,2,2025-06-10 20:01:01.302779
4533,user_749,1508,3.2854278647453894,1,3,9,52.551791326307594,9,2025-06-17 20:01:01.304284
4534,user_248,1895,2.64877525146966,1,3,11,84.61038198143962,3,2025-07-01 20:01:01.305291
4535,user_671,909,3.5365359527145896,1,2,10,5.456957783475391,3,2025-02-18 20:01:01.305291
4536,user_536,2567,3.166572235506407,1,2,10,55.1760054648486,6,2025-09-05 20:01:01.306290
4537,user_281,2002,2.702149071481027,0,2,12,13.979800917771035,2,2025-09-27 20:01:01.306793
4538,user_322,2499,4.295171955938564,1,3,13,46.29598154450056,1,2025-05-26 20:01:01.307691
4539,user_745,894,4.118311760907048,1,4,9,0.8408430890752161,5,2025-05-27 20:01:01.308197
4540,user_405,1953,5.0,1,3,13,33.85281661438441,4,2024-12-24 20:01:01.309203
4541,user_310,39,3.2832224933895136,1,2,9,7.161668921134701,8,2024-12-25 20:01:01.309709
4542,user_456,2800,3.0704225551595146,1,2,9,29.683366829680068,3,2025-01-27 20:01:01.310715
4543,user_10,68,2.5298686911433355,1,3,9,32.666161596461585,7,2025-01-08 20:01:01.310715
4544,user_189,238,3.4832857514209596,1,2,9,30.488226807932005,9,2025-08-13 20:01:01.311715
4545,user_906,2893,2.262135124966331,1,4,13,32.25955038350126,3,2025-04-23 20:01:01.311715
4546,user_441,2676,2.409982242689075,0,3,10,26.25152771439705,9,2025-04-14 20:01:01.312715
4547,user_808,2415,3.483992062132225,1,4,12,55.545075226874296,5,2025-08-03 20:01:01.313715
4548,user_449,394,3.100662983810807,1,2,10,53.82171706131649,8,2025-03-10 20:01:01.313715
4549,user_193,178,2.808673825844241,1,3,9,36.12270825977423,2,2025-05-02 20:01:01.314715
4550,user_349,2815,2.21686731645213,1,2,13,40.12581828544987,6,2025-04-14 20:01:01.315221
4551,user_368,1494,4.25603740958058,1,4,8,89.83917502275496,8,2025-04-21 20:01:01.316227
4552,user_881,246,2.244835115292849,1,3,13,82.77143461371972,2,2025-01-06 20:01:01.316227
4553,user_680,1591,2.4557413892330002,1,3,12,1.7473215022001831,9,2025-04-10 20:01:01.317227
4554,user_650,2644,3.0680009703243876,1,3,8,32.03185735697595,6,2025-08-13 20:01:01.317227
4555,user_556,537,3.563178172286698,1,2,10,58.015590996077414,8,2025-02-27 20:01:01.318227
4556,user_358,2740,3.9127818425790477,1,3,12,99.28317948823984,3,2025-01-20 20:01:01.318227
4557,user_649,2772,3.33552302329784,0,2,9,79.58455578738887,3,2025-09-13 20:01:01.319732
4558,user_701,2605,3.8023910621333075,1,3,12,19.810766454843353,9,2025-02-21 20:01:01.319732
4559,user_276,1515,3.2850985277615945,1,4,11,57.266240912064106,2,2025-04-19 20:01:01.320737
4560,user_31,1371,5.0,0,2,9,2.8717993542521025,2,2024-12-30 20:01:01.321739
4561,user_1,2560,4.852782153787681,1,4,10,7.460098231693046,6,2025-03-05 20:01:01.321739
4562,user_220,554,4.570544590573833,1,3,10,17.295227824031866,2,2025-01-16 20:01:01.322739
4563,user_592,765,4.037570464378479,1,3,9,95.52015391181197,9,2025-10-31 20:01:01.323736
4564,user_878,195,3.986057258929196,1,4,14,44.08969235884961,3,2025-07-16 20:01:01.324241
4565,user_508,441,2.4534616241606297,1,4,12,47.233636089573274,3,2025-09-24 20:01:01.325247
4566,user_742,2404,3.1415842722992573,1,2,8,43.26134972172978,8,2025-04-15 20:01:01.325247
4567,user_613,2142,4.898207249904619,1,2,8,22.203309621881985,2,2025-10-23 20:01:01.326253
4568,user_680,2147,3.9194058310330413,0,4,12,25.58004060419422,5,2025-03-22 20:01:01.326253
4569,user_493,1245,4.219340527331888,1,3,9,64.82301151893788,3,2025-02-04 20:01:01.327758
4570,user_929,1402,3.604628386739232,1,3,13,85.27365341240319,2,2025-09-13 20:01:01.327758
4571,user_872,568,2.6215543829306394,1,4,8,70.53629577271158,2,2025-05-28 20:01:01.328764
4572,user_506,2536,3.0109879818662106,1,2,8,27.97261341052517,6,2025-05-10 20:01:01.328764
4573,user_830,1371,2.2964696730632603,1,3,9,56.46370228937088,9,2025-11-17 20:01:01.329764
4574,user_908,1326,3.413204532594068,1,3,9,65.38339708032017,3,2025-04-15 20:01:01.329764
4575,user_819,2259,3.0935998734975114,1,2,11,86.92764039616176,9,2025-09-10 20:01:01.329764
4576,user_602,656,3.870747611348829,1,3,12,51.46137644475518,8,2025-11-08 20:01:01.331270
4577,user_503,2151,2.5985649866283196,1,4,11,67.41079659583406,9,2025-09-13 20:01:01.332313
4578,user_332,376,2.3289545476174913,1,2,14,37.5238381126929,1,2025-01-30 20:01:01.333366
4579,user_597,1016,3.0429129200065037,1,4,11,95.50668269525322,5,2025-07-10 20:01:01.333366
4580,user_697,1220,2.878659066185147,1,3,14,44.49476022853545,2,2025-10-02 20:01:01.334395
4581,user_27,348,3.7617624882470473,1,4,12,76.63722370132332,3,2025-04-17 20:01:01.334395
4582,user_775,1092,3.035890820431862,1,4,13,59.22776624734419,5,2025-02-10 20:01:01.335395
4583,user_802,1251,4.5707701910190925,1,3,9,35.55741462349914,5,2025-04-19 20:01:01.336393
4584,user_150,685,4.236855402453786,1,3,10,90.4734989845906,8,2025-06-28 20:01:01.336393
4585,user_467,1139,3.2534134556889085,0,3,9,54.78976016990269,9,2025-08-11 20:01:01.337378
4586,user_786,2051,4.578849586099217,1,4,14,15.305654482313802,5,2025-05-22 20:01:01.338381
4587,user_619,123,3.261727056033963,1,3,9,1.206934725840625,6,2025-11-12 20:01:01.338381
4588,user_950,1947,4.724679485841737,1,3,12,36.0485108208268,6,2025-01-31 20:01:01.339380
4589,user_109,1702,4.298446851750802,1,3,11,56.092206477015694,3,2025-01-18 20:01:01.340378
4590,user_699,2836,4.016851906128754,0,3,9,58.671674524123375,9,2025-09-24 20:01:01.340378
4591,user_924,1873,4.470199784473065,1,4,14,10.573513650610566,8,2025-07-15 20:01:01.341884
4592,user_351,1028,4.578709934118164,1,4,14,69.81720445281012,4,2025-08-26 20:01:01.343395
4593,user_356,1056,2.6836241798561233,1,4,14,31.392465367460876,6,2025-11-25 20:01:01.344414
4594,user_941,1067,4.117521085676286,1,2,8,80.00385678918343,4,2025-11-11 20:01:01.346110
4595,user_851,1046,2.9448536999723283,1,4,13,18.48891955885028,4,2025-05-30 20:01:01.346110
4596,user_599,141,3.4007650736536883,1,3,8,57.56308900917173,6,2025-05-09 20:01:01.347790
4597,user_628,2896,3.825218963016953,1,3,11,67.96347933662398,9,2025-03-03 20:01:01.348805
4598,user_482,2754,3.0728080693825888,1,4,14,73.48330842078829,8,2025-11-06 20:01:01.349803
4599,user_313,550,3.6218732594365015,1,2,11,29.82088696133752,9,2024-12-18 20:01:01.349803
4600,user_477,56,3.021882386175048,1,3,9,25.738706360914787,7,2025-02-25 20:01:01.350803
4601,user_867,135,3.276432353961353,1,3,11,31.15421784382463,2,2025-08-17 20:01:01.350803
4602,user_778,2867,4.674863889997357,1,3,12,56.45642457449139,9,2025-10-01 20:01:01.350803
4603,user_864,1394,2.4109736817197995,1,4,12,50.4336841454627,1,2025-09-26 20:01:01.352309
4604,user_509,139,3.8578849948335323,1,4,12,70.10667546248789,2,2025-11-13 20:01:01.352309
4605,user_40,540,3.215558981241133,1,3,10,77.82734939976157,7,2025-01-13 20:01:01.353316
4606,user_875,2236,3.301102164362624,1,4,8,22.598708809987755,4,2025-05-13 20:01:01.353316
4607,user_114,451,4.3440983557952615,1,3,9,18.18694324216663,3,2025-09-02 20:01:01.354821
4608,user_417,2266,4.45460946054127,1,2,14,67.30008334104714,8,2025-05-31 20:01:01.355828
4609,user_738,26,2.3617587366667543,1,4,8,82.88618214680555,7,2025-05-23 20:01:01.355828
4610,user_776,989,3.2928792800811117,1,4,12,67.35240435180015,7,2025-03-14 20:01:01.357330
4611,user_485,2157,1.9431782928075239,1,4,10,40.81723887310367,6,2025-11-13 20:01:01.357330
4612,user_918,1722,3.9534181098602104,1,3,14,38.74131369216835,8,2025-10-01 20:01:01.358334
4613,user_488,732,3.3570359866206916,1,2,13,80.56834806518502,2,2025-04-14 20:01:01.358334
4614,user_509,661,2.4562238647945813,1,3,12,58.97549217802705,5,2025-09-24 20:01:01.359501
4615,user_823,1889,2.8179478955557595,0,4,11,68.33529704653051,6,2025-06-29 20:01:01.360500
4616,user_854,1081,4.401974070986275,1,3,14,31.23883404953154,7,2024-12-24 20:01:01.360500
4617,user_547,1262,2.077497468033817,1,2,9,36.91702575636906,6,2025-05-04 20:01:01.361500
4618,user_951,255,2.9045016628211187,1,3,10,83.33750634374857,4,2025-06-05 20:01:01.361500
4619,user_295,2140,3.364624914690139,1,3,11,34.90073356433949,5,2025-05-12 20:01:01.362500
4620,user_329,1918,4.857083664735332,1,4,13,82.30465748288563,8,2025-05-04 20:01:01.362500
4621,user_178,1157,4.512170371554698,1,3,12,38.75496383368581,5,2025-02-16 20:01:01.363500
4622,user_51,1402,2.2052553260737207,1,4,10,94.67090567193205,5,2025-08-11 20:01:01.363500
4623,user_706,1125,4.109695201341224,1,4,8,80.02680527449789,7,2025-07-17 20:01:01.365318
4624,user_198,632,3.1013909341903845,1,4,9,68.70908638627108,9,2025-07-08 20:01:01.366052
4625,user_230,1038,3.7190510848972185,1,3,13,52.829073170395716,2,2025-08-28 20:01:01.367028
4626,user_2,2373,3.9205954378154964,1,3,12,91.77178605198655,8,2025-07-29 20:01:01.369025
4627,user_832,69,2.7501465757569807,1,3,14,25.128817148022197,5,2025-03-30 20:01:01.369563
4628,user_789,2654,3.8338823023921234,1,3,10,26.211876710175098,3,2025-11-20 20:01:01.370570
4629,user_594,1347,3.293679382078669,1,2,8,54.417052661502694,5,2025-06-07 20:01:01.371577
4630,user_18,2646,4.575015574270003,1,2,13,6.011773758483818,6,2025-03-21 20:01:01.372556
4631,user_66,652,2.7769135799397398,1,3,11,59.82180918314104,6,2025-05-07 20:01:01.372556
4632,user_276,2268,2.8778502973679925,0,4,13,2.899167881754461,9,2024-12-20 20:01:01.373570
4633,user_932,2319,2.8363624230304016,1,2,14,10.903051459045388,1,2025-11-01 20:01:01.374094
4634,user_472,2348,3.063278359893792,1,4,11,71.62007785535768,9,2025-02-09 20:01:01.375122
4635,user_868,343,1.6204124487426261,1,4,9,15.21833131965714,4,2025-11-14 20:01:01.375122
4636,user_28,633,3.5408275908848403,1,3,8,71.6950745316716,9,2025-02-19 20:01:01.376127
4637,user_45,1975,2.7080231151648144,1,2,13,19.803395018648683,3,2025-04-25 20:01:01.377109
4638,user_98,726,3.8345797669594033,1,4,11,74.24283037280604,6,2025-03-17 20:01:01.377615
4639,user_789,737,3.175130523983524,1,4,12,87.53799779190868,5,2025-07-18 20:01:01.378652
4640,user_105,1460,2.5901455993866236,0,2,10,38.31726624726331,7,2025-07-20 20:01:01.379621
4641,user_335,2504,2.266595267303554,1,4,13,91.40641445324565,7,2025-03-10 20:01:01.381156
4642,user_690,2860,4.266024191821698,1,3,10,99.28560938927299,8,2025-03-29 20:01:01.382188
4643,user_749,556,4.864137916314277,1,2,8,92.06990242857407,1,2025-11-04 20:01:01.382188
4644,user_568,1184,3.3636561891898906,0,4,11,72.359376198114,4,2025-01-10 20:01:01.383247
4645,user_690,1440,3.926370882346158,1,2,13,91.62612150932193,5,2025-02-16 20:01:01.384421
4646,user_847,2194,4.336546862099642,1,3,8,88.52625740541524,2,2025-05-18 20:01:01.385453
4647,user_274,1752,3.030625373577182,1,3,10,50.29095419022733,6,2024-12-26 20:01:01.387432
4648,user_163,638,2.9906951082272735,1,3,9,0.30011049332989703,2,2025-08-04 20:01:01.387432
4649,user_842,1799,3.5772315634283958,1,3,13,37.25850596036807,3,2025-02-14 20:01:01.388953
4650,user_285,1139,3.214395014816061,1,2,9,63.35540797465708,7,2025-01-28 20:01:01.389983
4651,user_120,2364,3.575737065362554,1,3,11,22.54026563269591,8,2025-12-07 20:01:01.389983
4652,user_768,2414,3.9733944129956726,1,3,9,94.74299981808262,4,2025-02-01 20:01:01.390983
4653,user_426,412,2.4829883453379353,1,4,8,81.25587638361638,9,2025-12-11 20:01:01.391982
4654,user_765,2550,3.105962713334366,1,3,9,63.528404997920376,4,2025-07-03 20:01:01.392515
4655,user_506,2312,3.7881515272312947,1,4,14,14.746883754421546,8,2025-02-23 20:01:01.393038
4656,user_34,1728,2.968993453735855,1,3,13,23.10729292953355,9,2025-11-12 20:01:01.393038
4657,user_793,160,3.016050775257697,1,4,11,46.07253556042582,2,2025-07-27 20:01:01.394067
4658,user_789,2494,3.24834280965224,1,2,12,69.34136026610929,3,2025-03-30 20:01:01.395068
4659,user_247,1287,2.6664006007529437,0,2,11,75.34985375862014,9,2025-06-16 20:01:01.395779
4660,user_911,948,2.973837026125652,1,3,11,69.34806306110217,3,2025-09-08 20:01:01.395779
4661,user_180,373,3.388274273464333,1,4,12,95.84288292383093,5,2025-08-07 20:01:01.396805
4662,user_490,870,4.554864237717268,1,2,8,24.42320596779287,3,2025-02-06 20:01:01.397805
4663,user_459,592,3.1561804363125265,1,3,13,36.52373420507554,8,2025-09-06 20:01:01.399968
4664,user_189,2907,4.336180404207353,0,2,11,84.35195577082182,4,2025-07-20 20:01:01.400968
4665,user_174,732,1.8662056334234116,1,3,12,45.37656392284074,5,2025-12-08 20:01:01.401968
4666,user_312,1261,2.714650664734458,1,2,8,40.46029004646865,5,2025-10-25 20:01:01.402967
4667,user_397,563,3.7545580211696206,1,2,10,29.241146510973504,2,2025-04-08 20:01:01.404474
4668,user_118,1457,3.810137105337273,1,3,9,99.8496324802452,1,2025-10-22 20:01:01.404474
4669,user_475,547,2.4175957210698655,1,4,9,0.8638556312605572,5,2025-11-30 20:01:01.405480
4670,user_486,2746,3.462990607507968,1,2,8,71.003336580513,9,2025-03-20 20:01:01.406503
4671,user_733,392,2.1716630176230907,1,3,10,6.006498984343045,3,2025-03-17 20:01:01.407028
4672,user_34,2100,3.1342384525632996,1,4,11,14.325275744402798,5,2025-03-22 20:01:01.407028
4673,user_491,1606,2.843567261535554,1,3,13,71.62632617932117,3,2025-01-01 20:01:01.407028
4674,user_218,2141,4.57328341815152,1,3,12,11.868050052868496,4,2025-12-02 20:01:01.408573
4675,user_636,2834,4.143207802230419,1,2,8,36.57331144642267,6,2025-09-29 20:01:01.409589
4676,user_513,242,2.9675275458110115,1,4,13,29.470441503862578,9,2025-04-24 20:01:01.410589
4677,user_887,2748,4.101926048556102,1,3,9,18.545113870521124,6,2025-06-14 20:01:01.411586
4678,user_581,264,4.906590475956382,1,4,11,67.32055732893966,7,2025-01-06 20:01:01.412603
4679,user_4,1740,3.0732828302628223,1,2,8,64.22083168448445,4,2025-08-29 20:01:01.413602
4680,user_241,2566,2.705491228976448,1,3,11,37.193080533895206,8,2025-09-15 20:01:01.415294
4681,user_94,381,3.2767397452333165,1,4,9,5.438175518138843,1,2025-02-11 20:01:01.416323
4682,user_198,2055,2.510391413899084,1,3,14,51.30814107295255,8,2025-11-24 20:01:01.417322
4683,user_946,2547,3.5277040584333075,1,3,10,45.49909789827347,8,2025-07-15 20:01:01.418321
4684,user_391,1513,3.4809923130105975,1,2,9,81.96591469659641,4,2025-03-28 20:01:01.419322
4685,user_747,1913,3.584296052978979,0,3,8,80.70061478458365,1,2025-04-25 20:01:01.420505
4686,user_280,2590,2.818554400640814,1,2,10,22.51266271435788,9,2025-09-20 20:01:01.421492
4687,user_46,1535,3.293075795162834,1,2,10,10.485116433681728,1,2025-07-19 20:01:01.422510
4688,user_672,646,4.4970990020020585,1,4,13,87.52682038656165,7,2025-12-07 20:01:01.422510
4689,user_683,632,4.69444005344001,1,3,9,97.02378247258905,7,2025-03-27 20:01:01.423506
4690,user_363,383,2.525037678101873,1,4,14,77.1409011843181,8,2025-05-19 20:01:01.424043
4691,user_405,2815,3.4574168394480536,1,3,14,93.76752254885982,1,2025-06-01 20:01:01.425064
4692,user_752,2194,2.9545726013434424,1,4,9,76.87299825138518,6,2025-01-15 20:01:01.425064
4693,user_943,847,3.539414976870056,1,2,8,73.72032514262531,4,2025-12-04 20:01:01.427103
4694,user_106,884,1.5224870256115348,1,3,13,86.26509418784305,3,2025-01-30 20:01:01.428286
4695,user_860,277,5.0,1,2,9,15.972718477881198,7,2025-05-23 20:01:01.429284
4696,user_249,102,2.0855703821789477,1,2,8,17.72546773772935,8,2025-01-18 20:01:01.430269
4697,user_676,872,3.4718515406114205,0,4,12,74.31636720944795,1,2025-07-13 20:01:01.431283
4698,user_867,375,3.232510350286432,1,3,10,68.96032862029622,5,2025-02-16 20:01:01.432489
4699,user_895,2292,2.860576838474661,1,3,11,97.56934023340081,1,2025-02-01 20:01:01.433662
4700,user_692,603,2.338651839467762,1,3,11,67.43210994316084,5,2025-08-20 20:01:01.434829
4701,user_777,353,3.5188193027176426,1,4,9,48.17440798981889,4,2025-11-29 20:01:01.435830
4702,user_636,2874,4.696367059377513,1,3,8,45.22671073360326,8,2025-07-21 20:01:01.436928
4703,user_615,214,2.8220854362982437,1,4,12,78.51171559931979,1,2025-08-31 20:01:01.437840
4704,user_204,2458,3.178020221994043,1,3,9,17.282385349695815,2,2025-03-29 20:01:01.439951
4705,user_461,1963,3.2930843541448254,1,4,13,84.56576590062677,5,2025-03-08 20:01:01.440957
4706,user_104,9,2.4352559285788113,1,4,10,18.341485379341705,2,2025-08-07 20:01:01.441846
4707,user_115,923,3.24033025170755,0,2,12,61.655747684079444,3,2025-03-22 20:01:01.443071
4708,user_725,1624,4.6123174412855255,1,4,11,92.76457782072546,5,2025-08-14 20:01:01.444197
4709,user_937,825,3.261879831694306,1,3,11,33.450892576426185,4,2025-07-26 20:01:01.444197
4710,user_367,2533,3.2249975056923463,1,2,8,18.949705843981423,6,2025-11-01 20:01:01.445822
4711,user_931,1190,3.5978270995039416,1,3,13,28.278071687759955,7,2025-08-03 20:01:01.447570
4712,user_47,133,3.1162988961381557,1,3,9,63.09938379436958,1,2025-04-16 20:01:01.448692
4713,user_663,2305,2.9186917248945683,1,4,14,25.927368256740646,4,2025-02-02 20:01:01.449690
4714,user_368,753,2.3098258395112707,1,3,9,65.20198107574433,7,2025-10-16 20:01:01.451310
4715,user_239,2474,3.591387418013925,1,3,11,83.76679566326078,2,2025-08-08 20:01:01.452435
4716,user_439,1235,2.6377555693083954,1,4,10,13.645232412188035,3,2025-07-28 20:01:01.453427
4717,user_639,2084,4.59505482280987,1,2,9,67.14130996720948,8,2025-04-23 20:01:01.454321
4718,user_170,1713,3.5591121597905455,1,2,14,43.25877569102579,4,2025-11-30 20:01:01.454321
4719,user_360,2819,2.902551803745757,1,3,8,70.59262666932356,7,2025-07-24 20:01:01.455476
4720,user_817,692,2.86044273443503,1,3,10,18.655572678807008,5,2025-09-27 20:01:01.456979
4721,user_591,563,2.5843879727680252,1,3,9,84.15298085164292,8,2025-02-08 20:01:01.457593
4722,user_388,587,3.7310359408343836,1,2,8,79.3258512977378,5,2025-09-28 20:01:01.457593
4723,user_937,709,3.0871978186889497,1,4,14,17.477750386324896,1,2025-07-30 20:01:01.458625
4724,user_292,2038,3.1284538294029582,1,2,10,80.93290182980984,9,2025-01-30 20:01:01.459243
4725,user_421,2366,3.1469411277452957,1,2,10,89.14183432526266,7,2025-03-19 20:01:01.459243
4726,user_632,2126,4.027616249256522,0,3,14,50.59728886850095,4,2025-11-07 20:01:01.460354
4727,user_350,2330,2.6486891207930165,1,2,12,84.33752438690199,2,2025-02-22 20:01:01.462358
4728,user_442,2673,2.637326435396777,0,2,9,35.70982301557881,3,2025-05-22 20:01:01.463360
4729,user_953,2822,4.4483067949125745,1,2,8,84.32554753126531,5,2025-10-17 20:01:01.463360
4730,user_311,2299,3.0790304187523447,1,4,14,50.747200648477545,2,2025-09-19 20:01:01.464976
4731,user_768,2240,3.6374410104859383,1,2,12,18.052382822779535,6,2025-05-29 20:01:01.467098
4732,user_812,1609,4.8493775824588585,1,2,9,74.44376890341634,9,2025-01-30 20:01:01.467719
4733,user_819,2427,3.7269205781081953,1,3,8,58.14356294645544,5,2025-11-15 20:01:01.469337
4734,user_936,655,3.1085231732755823,1,4,14,72.99073344991484,5,2025-05-09 20:01:01.470455
4735,user_438,1665,3.18575211211473,1,4,14,92.64654399756674,9,2025-09-04 20:01:01.471387
4736,user_311,229,4.478886477585437,1,3,14,70.94623038729159,8,2025-01-14 20:01:01.471387
4737,user_797,1102,2.1349710587460726,1,2,9,52.84488673460756,6,2025-04-29 20:01:01.472445
4738,user_19,2827,3.0336612847860485,1,3,11,39.2220416952931,3,2025-04-23 20:01:01.473346
4739,user_653,1459,4.757038897380838,1,4,11,82.84373961073392,2,2025-09-21 20:01:01.473851
4740,user_231,30,3.4058737066011533,1,3,10,76.39697967667249,7,2025-03-21 20:01:01.474979
4741,user_582,21,4.390841030000507,1,4,12,21.70230539145074,1,2024-12-26 20:01:01.475859
4742,user_239,50,3.8585480691988763,0,3,12,52.478793615109645,6,2025-05-02 20:01:01.475859
4743,user_117,1686,3.3585395145328487,1,2,10,3.014751551640227,4,2025-06-17 20:01:01.477364
4744,user_107,1826,2.9988310510927128,1,2,14,16.928912900327507,4,2025-10-06 20:01:01.477364
4745,user_903,1772,3.130644139734737,1,4,14,0.24886392349403597,3,2025-10-22 20:01:01.478370
4746,user_377,713,1.922808146829638,1,4,10,73.35492939723778,7,2025-01-18 20:01:01.478370
4747,user_720,491,2.5803240208536837,1,4,8,66.5526965436341,8,2025-11-12 20:01:01.479370
4748,user_505,945,4.831945579256718,1,2,12,61.20631761218821,1,2025-07-27 20:01:01.479370
4749,user_733,683,2.989417950052021,1,2,12,88.45733884418081,4,2025-12-02 20:01:01.480370
4750,user_260,319,3.173432483183283,1,2,10,40.81458117174677,3,2025-11-02 20:01:01.480370
4751,user_275,2791,3.2526685424508495,1,4,12,54.53041723980072,3,2025-11-21 20:01:01.481875
4752,user_948,479,2.822624090185575,1,2,8,54.89697589118197,3,2025-11-07 20:01:01.482379
4753,user_503,2700,2.534145702900189,1,2,14,23.96869160458944,3,2025-03-15 20:01:01.482894
4754,user_896,177,2.9527056760235655,1,3,9,8.073434524793132,8,2025-03-29 20:01:01.483407
4755,user_491,1727,4.153652132461826,1,2,11,24.10477249798042,6,2025-06-15 20:01:01.483407
4756,user_324,581,3.5107713542783747,1,4,14,33.10516935874396,5,2025-02-07 20:01:01.484537
4757,user_422,2561,3.573780815324547,1,2,12,58.24657306508772,1,2025-07-16 20:01:01.485568
4758,user_760,1499,3.3071084577419145,1,2,8,81.0533143214728,4,2025-01-30 20:01:01.485568
4759,user_161,50,4.11711770540528,1,3,12,67.7960752615413,8,2025-11-12 20:01:01.486567
4760,user_159,2866,3.1611975475634697,1,4,8,68.23245786079914,6,2025-05-12 20:01:01.487565
4761,user_93,2617,2.996641166980848,1,2,14,49.329036490360664,6,2025-07-25 20:01:01.488570
4762,user_407,2833,2.8537598324407942,1,4,12,96.81579502116412,9,2025-11-11 20:01:01.490657
4763,user_212,2454,3.499536176426933,1,2,9,86.37432859409664,8,2025-04-27 20:01:01.492162
4764,user_842,964,2.7715422833154197,1,3,10,87.20618641813142,6,2025-03-27 20:01:01.493670
4765,user_941,1086,3.307966898125305,1,3,13,25.023032345282516,9,2025-11-26 20:01:01.495178
4766,user_947,1305,2.824893035957052,1,4,9,96.4786152950037,2,2025-03-28 20:01:01.496189
4767,user_190,2795,4.335575961422396,1,3,13,37.57405494347578,6,2025-09-24 20:01:01.496698
4768,user_247,1210,4.023140828144539,1,3,10,92.8977596486901,8,2025-06-16 20:01:01.497707
4769,user_913,128,2.7468956412230483,1,3,12,39.94089997461224,5,2025-11-07 20:01:01.499233
4770,user_408,617,2.6698447971694073,1,4,9,31.471208345074576,2,2025-05-08 20:01:01.500244
4771,user_650,1712,1.8942162114427181,1,2,11,49.24792863778159,1,2025-07-15 20:01:01.501243
4772,user_306,2023,3.1514357975967173,1,3,9,85.1897738445768,5,2025-09-22 20:01:01.502243
4773,user_164,953,3.347889631263619,1,4,10,92.73328408283614,1,2025-01-28 20:01:01.503242
4774,user_215,1214,2.5922327545962736,1,4,13,52.801730908127674,2,2025-01-23 20:01:01.503242
4775,user_844,355,4.513029720365613,1,4,11,29.829420305992304,2,2025-08-14 20:01:01.504749
4776,user_212,1669,3.0798358678526583,1,3,8,16.922819233831067,6,2025-04-10 20:01:01.505758
4777,user_905,1943,4.000907264567396,1,2,14,45.35039845130123,6,2025-06-09 20:01:01.506757
4778,user_494,1869,2.9626312670718273,0,2,13,39.74433717223721,2,2025-06-14 20:01:01.507263
4779,user_341,195,2.143826580033105,1,2,14,92.21468968506608,7,2025-04-03 20:01:01.508071
4780,user_889,954,3.4152855067107035,1,2,13,75.20042396411446,2,2025-06-26 20:01:01.508071
4781,user_525,2290,3.8860463754126244,1,4,14,63.534963973595794,4,2025-08-11 20:01:01.509077
4782,user_828,2213,4.3492655605387665,0,3,8,30.500923749672527,3,2025-04-05 20:01:01.510083
4783,user_76,1445,3.7244225155905797,1,4,8,70.41410963961697,4,2025-08-16 20:01:01.510083
4784,user_266,1191,3.1027003863009552,1,3,9,22.67898803820688,1,2025-07-24 20:01:01.511089
4785,user_768,758,3.396382571822188,1,2,9,14.157249139281337,9,2025-11-05 20:01:01.511089
4786,user_501,696,3.856798012324895,1,4,9,47.76935006942916,9,2025-01-24 20:01:01.512088
4787,user_700,257,3.5325100249881607,1,4,13,25.310225526489592,5,2025-08-05 20:01:01.512088
4788,user_510,73,3.3799809014312228,1,3,11,27.613688767412903,7,2025-03-07 20:01:01.513089
4789,user_460,1192,3.8041942031184224,1,4,9,80.13605330907582,4,2025-05-18 20:01:01.514088
4790,user_176,706,3.4442409078376923,0,4,11,82.60871595640286,2,2025-01-20 20:01:01.514088
4791,user_236,2185,3.563632589945361,0,3,13,87.2533649182167,6,2025-05-19 20:01:01.515089
4792,user_732,600,2.385085547422956,1,3,13,34.04405661432601,5,2025-08-16 20:01:01.515594
4793,user_310,2442,2.7454277252815498,1,4,13,63.99892250357414,1,2025-04-10 20:01:01.515594
4794,user_183,2320,3.1572126663328115,1,4,14,69.87902112847773,6,2025-10-21 20:01:01.516599
4795,user_296,2011,3.549454279456486,1,4,14,88.9004846071096,5,2025-08-11 20:01:01.516599
4796,user_200,1087,3.1037038026208643,1,3,10,97.36619337658493,7,2025-05-28 20:01:01.517599
4797,user_547,2325,2.609311924725578,1,4,8,21.896212498790156,8,2025-01-23 20:01:01.517599
4798,user_12,2097,2.447778698940585,1,3,14,30.195017641459675,8,2025-08-09 20:01:01.519105
4799,user_80,6,3.1190499632012347,1,2,9,61.70512477877514,8,2025-01-04 20:01:01.519105
4800,user_761,1023,2.3353962193031688,1,3,12,11.246803890421464,2,2025-07-25 20:01:01.521110
4801,user_294,2911,3.546120203443284,1,3,12,27.451871476296063,5,2025-06-12 20:01:01.522113
4802,user_8,1459,4.056661065009806,1,2,8,81.44287347895308,5,2025-09-26 20:01:01.522113
4803,user_614,225,4.375640726795291,1,2,11,36.51578542652266,5,2025-01-07 20:01:01.523621
4804,user_414,2778,4.1798138971000425,1,2,13,61.212514218709714,1,2025-03-11 20:01:01.524629
4805,user_767,1941,3.057759309380599,1,2,8,39.28544248202388,5,2025-02-10 20:01:01.524629
4806,user_901,680,4.45132513124686,1,4,10,6.692306252329205,1,2025-04-25 20:01:01.526135
4807,user_679,1256,4.229249238121466,1,3,11,14.568470138660672,1,2024-12-16 20:01:01.526966
4808,user_833,2529,2.5614620305805977,1,2,12,75.50854635716348,1,2025-02-08 20:01:01.526966
4809,user_541,758,3.5935670684859935,1,4,12,83.37176000659971,1,2025-04-09 20:01:01.527970
4810,user_267,2120,3.35902024174266,1,2,11,64.39834233704886,6,2025-10-17 20:01:01.527970
4811,user_148,1334,3.1156776992559583,0,3,11,61.20767846254114,7,2025-08-22 20:01:01.529333
4812,user_510,22,4.44574851726041,1,3,11,13.462633350381626,6,2025-07-13 20:01:01.529971
4813,user_597,1348,3.2643677749486075,1,4,13,55.77835588845373,6,2025-01-31 20:01:01.529971
4814,user_939,2852,2.9394706238547244,1,4,12,37.368054107810046,2,2025-03-15 20:01:01.531476
4815,user_234,2631,3.1481446563052895,1,3,13,67.36782295553965,8,2025-09-23 20:01:01.531476
4816,user_285,2608,3.268550200050059,0,3,14,69.93791901477088,7,2025-07-04 20:01:01.532483
4817,user_193,2563,3.190228498589912,1,2,11,74.52831283954352,7,2025-07-28 20:01:01.533493
4818,user_589,822,3.1441685945468953,1,4,13,75.02872647848643,9,2025-03-27 20:01:01.533493
4819,user_797,2033,2.799019771339765,0,4,9,67.07852815980837,4,2025-01-12 20:01:01.534499
4820,user_457,2469,2.606548342355074,1,2,10,29.386866192370153,2,2025-11-29 20:01:01.534499
4821,user_583,1114,4.297057917613989,1,2,11,20.581220777616338,6,2025-11-14 20:01:01.536500
4822,user_278,11,3.2373754831688175,1,3,9,49.460350122537264,4,2025-03-25 20:01:01.537005
4823,user_495,2670,3.4084258112848578,1,4,14,21.68611327960016,8,2025-01-14 20:01:01.538011
4824,user_629,505,4.084183633243706,1,3,10,86.23440603168562,5,2025-11-20 20:01:01.539012
4825,user_380,883,2.996792849111234,1,4,12,49.90178338289586,8,2025-02-17 20:01:01.539012
4826,user_51,2597,2.5205980728146193,1,4,9,41.71296891728799,9,2025-05-15 20:01:01.540011
4827,user_275,1130,3.3703369571678623,1,4,12,71.46005883484328,6,2025-04-17 20:01:01.541011
4828,user_7,511,3.357406785072125,1,4,12,55.14617905117154,9,2025-05-28 20:01:01.542012
4829,user_463,219,4.4823156275960185,1,3,11,83.45084503802029,7,2025-05-19 20:01:01.542518
4830,user_766,1445,4.788105144083687,1,4,12,38.3803824945059,4,2025-08-02 20:01:01.543022
4831,user_170,2317,3.95223015603049,1,2,10,45.30016810206092,7,2025-04-08 20:01:01.543022
4832,user_815,829,3.5771671373628697,1,2,9,15.28992947167409,1,2025-10-26 20:01:01.544028
4833,user_885,1232,3.6408321518450686,1,3,10,76.72083134254704,1,2025-11-20 20:01:01.544028
4834,user_38,1830,4.244124089974108,1,4,13,71.91893476094225,7,2025-06-26 20:01:01.545534
4835,user_696,2459,2.20486333980321,1,2,11,46.976315666908754,3,2025-03-16 20:01:01.546139
4836,user_436,857,4.51284589468462,0,4,11,30.241139625104964,3,2025-04-12 20:01:01.546494
4837,user_66,1462,4.58912100861295,1,3,10,55.124996907305245,8,2025-09-18 20:01:01.547145
4838,user_405,1418,3.7012724645943864,1,4,9,65.76356228668494,8,2025-11-22 20:01:01.547650
4839,user_263,2550,4.385587902667065,1,3,9,98.43685840863141,8,2025-11-24 20:01:01.547650
4840,user_68,907,2.916123266227477,1,3,14,25.205994012733413,6,2025-06-09 20:01:01.548656
4841,user_416,1006,4.657848377433914,1,3,9,11.24837547863783,4,2025-04-21 20:01:01.549656
4842,user_16,2561,2.664456400798474,1,3,9,6.407749312634669,8,2025-08-16 20:01:01.549656
4843,user_962,572,2.7846497133468446,1,2,14,77.88656265847958,6,2025-10-31 20:01:01.550657
4844,user_815,2060,4.734795683716863,1,4,8,40.190642407283065,9,2025-07-16 20:01:01.551779
4845,user_693,206,2.963718967371863,0,2,11,6.138194546686437,1,2025-09-11 20:01:01.551779
4846,user_736,1440,2.6536798874495586,1,2,8,17.386751605401606,6,2025-04-17 20:01:01.552680
4847,user_763,360,3.3993131282426052,1,4,12,40.51792446679252,7,2025-02-24 20:01:01.553657
4848,user_307,2093,2.89887737807479,1,3,12,18.21645541805571,6,2025-02-11 20:01:01.553657
4849,user_633,801,4.2152213519045345,1,2,14,27.78459250782388,6,2025-07-03 20:01:01.554698
4850,user_629,1360,3.6609529972736854,0,2,9,31.390240526824677,5,2025-05-29 20:01:01.555767
4851,user_723,2546,3.7979415526470555,1,4,8,95.46302985644675,3,2025-10-10 20:01:01.556272
4852,user_581,1758,3.3453945327937333,1,4,10,88.95191461692468,5,2025-03-14 20:01:01.557778
4853,user_200,1689,4.019824987817611,1,3,10,38.72048178721178,7,2025-03-26 20:01:01.558782
4854,user_54,1305,2.224467979990824,1,3,10,70.55896633791784,2,2025-10-28 20:01:01.559789
4855,user_396,2309,2.582139421985256,1,3,12,37.15518670436525,4,2025-12-08 20:01:01.559789
4856,user_571,684,2.6858439131318756,1,3,11,50.76659193048512,1,2024-12-28 20:01:01.559789
4857,user_304,1807,3.335550554796805,1,4,12,49.80574019655385,8,2025-08-24 20:01:01.561295
4858,user_17,749,4.461135012922547,1,3,13,97.6188040691924,1,2025-04-01 20:01:01.561295
4859,user_743,2410,3.2918295345492927,1,3,10,2.966351417905033,8,2025-11-21 20:01:01.562301
4860,user_237,260,2.5534126995582422,1,4,9,28.63162855563701,7,2024-12-22 20:01:01.562301
4861,user_444,1341,2.5689484080747693,0,3,10,92.86174719894417,9,2025-07-23 20:01:01.563301
4862,user_761,2121,2.7208797735517605,1,4,10,47.5423853743688,1,2025-08-28 20:01:01.563301
4863,user_393,6,3.0757380083672126,1,2,12,19.83788707142915,7,2025-07-13 20:01:01.564807
4864,user_801,448,2.367438492811269,1,2,11,51.13729118041908,7,2025-09-10 20:01:01.565157
4865,user_321,2513,2.841419884130365,1,4,9,76.68587553202292,7,2025-02-16 20:01:01.565662
4866,user_727,1846,3.457128839516535,0,2,9,80.82443270814872,8,2025-03-30 20:01:01.566668
4867,user_641,2908,2.7363233782698924,1,3,8,35.44277830208627,2,2025-03-07 20:01:01.566668
4868,user_228,1450,3.5493736499156405,1,4,10,57.246534895448086,3,2025-12-11 20:01:01.567669
4869,user_123,2042,3.0266200822700684,1,4,8,51.81622876347275,6,2025-06-05 20:01:01.567669
4870,user_700,2215,3.2078666570967305,1,4,10,71.7396483789627,8,2025-03-31 20:01:01.569174
4871,user_308,2138,3.635513091070607,1,3,10,21.97531188607863,8,2025-08-09 20:01:01.569557
4872,user_645,517,4.015497884827954,1,4,10,92.18866325080943,9,2025-10-01 20:01:01.570181
4873,user_42,802,4.183950489663633,1,3,14,0.9330354860669132,6,2025-01-03 20:01:01.571180
4874,user_436,2127,3.7638677389046205,1,2,8,21.089814862448677,2,2025-05-18 20:01:01.571180
4875,user_955,225,4.907947080946332,1,3,14,51.95111673149078,3,2025-11-09 20:01:01.572285
4876,user_477,2017,3.9362373227309146,1,2,14,50.17669207840038,9,2024-12-20 20:01:01.572285
4877,user_352,2062,3.0076285020386577,1,4,14,82.3575691312951,3,2025-11-28 20:01:01.573791
4878,user_229,90,2.9084116553483064,1,4,14,69.9075634889698,5,2025-11-25 20:01:01.573791
4879,user_901,2542,3.3612868677949446,1,4,10,73.43590449698331,6,2024-12-20 20:01:01.574799
4880,user_233,2222,3.111189965215366,1,3,9,69.55863480416035,5,2025-05-08 20:01:01.574799
4881,user_793,1259,3.7578848454773452,1,4,8,6.484782393203037,7,2025-06-05 20:01:01.575799
4882,user_613,2412,3.9455214045635643,1,3,9,19.371444032546904,8,2025-10-25 20:01:01.575799
4883,user_592,808,5.0,1,2,8,14.140361091435526,5,2025-01-26 20:01:01.575799
4884,user_186,248,3.5440414859397107,0,3,14,20.86676106737414,1,2025-01-11 20:01:01.577305
4885,user_726,536,3.6880950298475086,1,2,14,99.31160799114305,5,2025-11-02 20:01:01.578312
4886,user_682,628,2.135087260034946,1,4,12,7.901027020684581,1,2025-05-11 20:01:01.578312
4887,user_536,600,2.8926064157665534,1,4,13,69.25502368087977,4,2025-01-12 20:01:01.579312
4888,user_340,1862,4.311794852096118,1,3,8,52.09450599416435,8,2025-03-07 20:01:01.579312
4889,user_770,1466,2.8723494829868867,0,3,14,73.2523747287522,7,2025-08-25 20:01:01.580312
4890,user_358,955,3.346172884823768,1,2,10,0.5277782274867304,7,2025-06-14 20:01:01.581312
4891,user_364,903,2.29034456478638,1,2,9,4.546518787720233,2,2025-11-12 20:01:01.581817
4892,user_792,2400,3.15242263204397,1,4,12,72.93762483195438,2,2025-03-29 20:01:01.582675
4893,user_452,1595,3.3744859062952948,1,4,8,69.48381810990226,1,2025-08-29 20:01:01.582675
4894,user_687,48,4.076506132872147,1,3,12,47.88813521825601,1,2025-04-22 20:01:01.583680
4895,user_265,857,3.7138886968734224,1,2,9,98.12074187185617,4,2025-01-01 20:01:01.583680
4896,user_252,523,4.166218455577471,1,4,9,26.070793135622793,1,2025-09-20 20:01:01.584687
4897,user_253,944,3.4718305667105778,1,2,14,61.150394317964704,3,2025-07-23 20:01:01.585687
4898,user_931,1586,3.2488110587761767,1,2,14,80.94396227262133,5,2025-09-11 20:01:01.585687
4899,user_8,1146,3.401543518626014,1,3,10,19.429197534748145,7,2025-02-15 20:01:01.586687
4900,user_55,707,4.532888848075931,1,3,14,82.49178427748609,9,2024-12-23 20:01:01.586687
4901,user_169,898,3.2078367150144715,1,3,10,51.54554491969107,3,2025-11-30 20:01:01.587688
4902,user_494,2006,3.272621389839266,1,3,11,4.1343585853998555,3,2025-03-30 20:01:01.588913
4903,user_18,544,3.5169913138928433,1,4,12,0.6007660338277154,8,2025-04-29 20:01:01.588913
4904,user_850,776,3.4959889691666617,1,2,8,71.38101973440072,7,2025-03-30 20:01:01.589790
4905,user_592,2478,3.8207252501807942,1,4,11,23.267653567934264,5,2025-09-04 20:01:01.590787
4906,user_177,1288,3.5301338663612865,1,2,9,24.357945429739424,6,2025-01-25 20:01:01.590787
4907,user_307,489,3.309084571520766,1,2,11,23.91964531317977,1,2025-12-04 20:01:01.592292
4908,user_525,23,2.467368825587384,1,2,14,36.478724325015165,1,2025-10-17 20:01:01.592292
4909,user_189,1051,3.537343073534686,1,4,11,23.347617373544672,8,2025-04-20 20:01:01.593298
4910,user_756,1475,3.7541120457264534,1,2,13,44.26262199413228,9,2025-02-19 20:01:01.594304
4911,user_599,1540,2.54754525098501,1,4,10,33.56204547285496,2,2025-05-09 20:01:01.594304
4912,user_942,613,3.455371176823859,1,4,9,32.10190794325922,2,2025-03-01 20:01:01.595304
4913,user_949,323,4.147779362761898,1,3,10,88.54495851954248,9,2025-06-30 20:01:01.595809
4914,user_165,2344,3.8458570599648914,1,3,10,70.23651021338581,6,2025-06-29 20:01:01.596313
4915,user_253,2835,4.516191335265412,1,3,11,71.08471090254177,2,2025-08-11 20:01:01.596313
4916,user_536,1641,2.946735235516556,0,3,10,47.53121767578079,4,2025-03-31 20:01:01.596313
4917,user_145,414,2.8162375660995496,1,2,10,54.24277362530713,4,2025-02-08 20:01:01.597982
4918,user_861,209,3.5528809551266067,1,3,9,98.66587230207242,3,2025-06-14 20:01:01.598989
4919,user_910,361,3.721173442045746,1,4,14,60.12079656047577,5,2025-05-08 20:01:01.598989
4920,user_874,2415,4.915951913137579,1,2,10,30.194163693745402,3,2025-04-01 20:01:01.599989
4921,user_793,1771,3.7138850924560733,0,4,14,9.7435163101548,8,2025-02-27 20:01:01.599989
4922,user_801,2766,2.3551564814742463,1,3,9,36.711929101302545,9,2025-06-03 20:01:01.600988
4923,user_335,1025,4.099174090780966,1,2,9,45.9504942340858,6,2025-05-14 20:01:01.601988
4924,user_476,465,3.17877932286513,1,3,11,55.12715406997556,9,2025-01-05 20:01:01.601988
4925,user_953,1983,3.0417041656404513,1,3,11,41.561818636865425,6,2025-01-21 20:01:01.602988
4926,user_590,2365,3.8301687152235955,1,3,14,56.322054525270545,3,2025-03-17 20:01:01.602988
4927,user_945,1117,3.616374941414812,1,2,10,41.47868823261813,2,2025-08-31 20:01:01.604493
4928,user_972,1829,2.5300915849938144,1,2,12,30.636722410118644,6,2024-12-31 20:01:01.604493
4929,user_685,1155,2.6990386421787025,1,4,9,18.28704352346349,2,2025-06-06 20:01:01.605500
4930,user_464,357,2.7879935343739204,1,3,10,44.43289502357971,2,2025-10-19 20:01:01.607002
4931,user_165,2912,4.043915065296369,1,3,11,97.87809961771508,8,2024-12-15 20:01:01.607503
4932,user_945,2609,3.75016207099789,1,4,12,1.9782356080236596,7,2025-06-13 20:01:01.609044
4933,user_797,2526,2.399770912766811,1,4,9,50.24899951803915,1,2025-03-07 20:01:01.609044
4934,user_147,1434,3.0515156494662574,1,4,12,60.535505148082954,6,2025-10-19 20:01:01.610035
4935,user_187,1775,2.9870277923101085,1,4,10,45.33389987162968,7,2025-06-06 20:01:01.611037
4936,user_764,1571,3.55048965833267,1,3,8,39.181789431320816,9,2025-02-22 20:01:01.611037
4937,user_884,431,3.064884547106322,0,2,11,88.17065410018549,7,2025-01-19 20:01:01.612037
4938,user_543,2725,3.565821013357641,1,2,11,30.0027141592752,6,2025-01-23 20:01:01.612037
4939,user_284,1106,2.2228726478785923,1,2,8,13.842495050784919,6,2025-09-03 20:01:01.613037
4940,user_13,413,3.095115767128349,1,3,8,50.51221723379384,8,2025-03-09 20:01:01.613037
4941,user_323,1825,2.9774782328334455,1,2,8,3.513420314221538,5,2025-11-18 20:01:01.613037
4942,user_908,2372,3.1907134564841453,0,3,12,77.71381074680353,1,2025-12-08 20:01:01.614542
4943,user_706,1238,4.405509732912675,1,2,14,13.638216354324207,5,2025-08-07 20:01:01.615548
4944,user_432,1109,4.074866367254025,1,3,10,55.114619255693,6,2025-07-04 20:01:01.616051
4945,user_504,1735,3.492715902934643,1,2,14,10.68597354907056,6,2025-02-07 20:01:01.617057
4946,user_344,1913,3.268296520644489,1,3,11,40.982851525438704,4,2025-04-27 20:01:01.617057
4947,user_645,243,4.162381851655467,1,3,10,94.43839754944659,3,2025-04-21 20:01:01.618057
4948,user_416,142,4.627231841795836,1,4,11,10.415385659751253,7,2025-11-28 20:01:01.618057
4949,user_389,520,4.105899600220747,1,2,10,55.94653714523813,3,2025-12-09 20:01:01.619057
4950,user_695,2093,4.0999241908095145,1,3,9,69.05896751203478,8,2025-10-26 20:01:01.619562
4951,user_930,1298,2.658601912702713,1,4,10,32.954767814542365,8,2025-05-09 20:01:01.620568
4952,user_720,2880,3.6004767484191547,1,2,12,34.046178284804874,5,2025-06-15 20:01:01.620568
4953,user_638,1483,2.3938669232080763,1,2,13,64.95511839914658,8,2025-05-27 20:01:01.621569
4954,user_848,752,3.577739219252086,1,2,14,74.85258268895717,3,2025-02-23 20:01:01.622569
4955,user_930,1970,2.3286642875616694,1,4,11,87.60878249181665,6,2025-10-10 20:01:01.622569
4956,user_752,484,4.072540677669695,1,4,8,97.93529136745035,2,2025-07-19 20:01:01.623568
4957,user_232,1487,3.7667134586653854,1,3,11,26.13825034292645,2,2025-12-08 20:01:01.624073
4958,user_286,2354,3.5105452766719725,1,4,14,31.324272618391102,7,2025-05-13 20:01:01.625078
4959,user_422,396,3.1153555036383236,1,4,14,62.13393099778738,6,2025-01-07 20:01:01.626083
4960,user_607,494,1.579578731568817,1,4,11,15.220244752845923,6,2025-09-08 20:01:01.626083
4961,user_597,1412,2.4481371830544707,1,3,12,89.66776491853906,5,2025-02-22 20:01:01.627590
4962,user_530,1161,2.960154349510555,1,4,12,63.2908914940507,2,2025-10-25 20:01:01.627590
4963,user_823,219,2.755479917529748,1,2,8,41.74284172000602,4,2025-11-10 20:01:01.628596
4964,user_735,2470,3.140771504355929,1,3,10,30.198261105968715,8,2025-05-15 20:01:01.628596
4965,user_732,1860,2.2527292206693152,1,3,14,16.81256942491721,6,2025-08-22 20:01:01.629596
4966,user_98,1126,5.0,1,2,9,1.7983229558083957,7,2025-07-13 20:01:01.629596
4967,user_834,581,4.059550284248854,1,3,8,39.428271401156614,4,2025-01-21 20:01:01.631102
4968,user_481,2255,3.9634165562544785,1,4,14,42.037280908728206,1,2025-09-25 20:01:01.631102
4969,user_886,283,3.668674536129809,1,4,11,17.618197467484066,9,2025-07-02 20:01:01.632108
4970,user_243,2809,3.3419879216608845,1,3,13,78.78984192399298,1,2025-09-20 20:01:01.632613
4971,user_576,0,2.5376342563715335,1,3,9,74.944084678994,4,2025-04-17 20:01:01.633618
4972,user_922,2587,2.9783169502258318,1,2,14,75.00375375406604,9,2025-08-19 20:01:01.633618
4973,user_185,477,3.866715494314327,1,3,12,53.360646800867364,8,2025-06-05 20:01:01.634624
4974,user_269,2466,2.2810809609204723,1,3,13,47.57100963867962,2,2025-08-11 20:01:01.634624
4975,user_609,2723,3.14840422381777,1,4,13,11.997241723147612,2,2025-06-24 20:01:01.635624
4976,user_871,668,3.804341964852054,1,3,13,58.90448379817035,5,2025-11-27 20:01:01.636624
4977,user_383,1578,3.9102820534499547,1,4,8,90.26506989645513,5,2025-05-14 20:01:01.636624
4978,user_115,2732,2.823446545722794,1,3,14,23.940570730933995,9,2025-10-18 20:01:01.637624
4979,user_629,2735,3.6226679718964334,1,2,8,73.86759848312535,5,2025-01-07 20:01:01.638626
4980,user_440,1307,3.1648889291443196,0,4,10,67.88139690442135,6,2025-06-20 20:01:01.638626
4981,user_54,778,2.3465554693586768,1,2,11,32.98525767924695,5,2025-12-04 20:01:01.638626
4982,user_659,1708,3.924972796389429,1,4,9,3.209764048507824,7,2025-09-22 20:01:01.640131
4983,user_533,2237,4.301754818078201,1,4,14,82.7783351909567,6,2025-07-13 20:01:01.641145
4984,user_507,789,4.070567787479285,1,2,14,50.10520002354634,5,2024-12-12 20:01:01.641145
4985,user_166,580,3.5672336007334984,1,4,13,14.136780451064146,5,2025-07-16 20:01:01.642643
4986,user_771,927,4.213848728816796,1,2,14,75.73657206255412,5,2025-11-15 20:01:01.643151
4987,user_524,1001,4.298993533295928,1,3,10,91.25819603869263,5,2025-11-27 20:01:01.643151
4988,user_0,270,3.059694962076186,1,4,9,98.91316063096303,2,2025-06-21 20:01:01.644157
4989,user_51,2021,3.3770083109448663,1,2,10,93.17972019520636,8,2025-10-28 20:01:01.644157
4990,user_51,412,2.431458524839557,1,3,14,49.26758390935066,3,2025-01-24 20:01:01.645662
4991,user_338,411,2.1357563974191156,1,2,10,95.3030418463236,2,2025-09-27 20:01:01.646166
4992,user_444,232,3.8907155008341636,1,3,8,25.05247399255255,2,2025-01-10 20:01:01.646166
4993,user_576,2099,2.3627208805971653,1,2,10,59.97992454427936,3,2025-09-05 20:01:01.646166
4994,user_587,1465,3.633387258870145,1,4,8,69.51450674263296,1,2025-02-03 20:01:01.647807
4995,user_817,1494,2.5884229552550444,1,3,13,31.51824558442019,5,2025-08-15 20:01:01.647807
4996,user_348,2740,3.164264345613025,1,3,10,88.22438005689459,3,2025-10-12 20:01:01.648814
4997,user_167,2179,3.358887513168278,1,3,14,78.18328164255023,4,2025-08-06 20:01:01.649814
4998,user_261,2167,4.190804210197679,1,2,9,88.70967495858956,9,2025-05-19 20:01:01.649814
4999,user_852,948,4.361699818978819,1,4,12,74.87585158729645,8,2025-04-29 20:01:01.650814
5000,user_168,1859,3.0013350448532634,0,2,12,89.8840907120012,1,2025-09-06 20:01:01.650814
5001,user_649,1515,2.6379202155884203,0,2,14,39.14012945727988,4,2025-07-29 20:01:01.651814
5002,user_845,2101,3.4944610073839466,1,3,12,79.54129807355763,7,2025-10-05 20:01:01.652814
5003,user_573,1426,3.3709848223916885,1,3,11,64.9784119668827,9,2025-08-27 20:01:01.652814
5004,user_552,2000,3.9384496376883407,1,2,13,67.53115917857457,5,2025-03-04 20:01:01.652814
5005,user_212,1687,2.4996549418292573,1,4,8,52.5196479885928,4,2025-02-27 20:01:01.654319
5006,user_684,2231,3.3465330101209254,1,2,13,57.336281330984086,4,2025-08-04 20:01:01.654319
5007,user_186,1444,2.9193023360181014,1,3,13,44.566970423984785,6,2025-05-01 20:01:01.655834
5008,user_786,2882,4.243354423718295,1,2,12,36.68284341089294,8,2025-02-01 20:01:01.656348
5009,user_273,1351,3.2514063578389756,1,3,12,50.82533844214363,8,2025-05-30 20:01:01.657355
5010,user_781,330,4.669806705596297,1,2,13,88.09463536383628,1,2025-06-02 20:01:01.657355
5011,user_211,2173,2.483021946669629,1,3,8,99.24444495071639,6,2025-08-05 20:01:01.658352
5012,user_523,969,2.6870076032482815,0,3,14,98.39278290642609,9,2025-06-19 20:01:01.659354
5013,user_132,2311,3.407961142916277,1,4,13,19.839095148730667,9,2025-07-03 20:01:01.659924
5014,user_593,1984,3.5426805292313954,1,3,8,4.444039719428028,8,2024-12-25 20:01:01.661934
5015,user_153,2340,4.567042965096456,1,3,9,87.37553219020184,8,2025-08-19 20:01:01.662929
5016,user_350,2865,2.4962692092734553,1,4,9,37.78677414508854,7,2025-07-04 20:01:01.662929
5017,user_113,2065,2.723256544138825,1,3,13,83.05667813289257,4,2025-09-03 20:01:01.663930
5018,user_452,2498,3.9638569599291955,0,4,8,8.042820856413801,9,2025-02-05 20:01:01.663930
5019,user_659,2809,4.353945691178344,1,3,11,96.05063888402086,8,2024-12-19 20:01:01.665435
5020,user_491,257,2.904325125821847,1,3,13,3.331206289128663,7,2025-10-22 20:01:01.665435
5021,user_717,2458,3.4935285910103526,1,2,11,27.50228311465095,8,2025-03-21 20:01:01.666441
5022,user_134,1907,3.958285827324924,1,4,13,81.01763558144035,8,2025-10-11 20:01:01.666441
5023,user_878,1077,2.9855121552913064,1,2,9,3.9507890120725864,4,2025-08-27 20:01:01.667441
5024,user_794,882,4.458569330760256,0,4,11,41.271242554860166,5,2025-01-08 20:01:01.667441
5025,user_262,925,3.6155289516777827,1,2,13,78.4247004040932,1,2025-06-10 20:01:01.667441
5026,user_447,868,4.0501126147847835,1,3,10,90.88847502010866,6,2025-05-14 20:01:01.668946
5027,user_853,2019,3.2210799944258866,1,2,14,4.353136178801787,6,2025-10-10 20:01:01.668946
5028,user_446,2461,3.778144377132742,1,3,8,94.0813105347922,5,2025-07-02 20:01:01.670458
5029,user_138,2345,3.2900655891158945,1,4,8,80.93843910612362,7,2025-08-30 20:01:01.670458
5030,user_815,849,3.6499795122786582,1,4,13,24.96510411327899,8,2025-08-28 20:01:01.671464
5031,user_69,2569,3.8305845312148237,1,2,11,90.24074807633598,7,2025-04-15 20:01:01.672465
5032,user_506,2139,2.8287226667068497,1,2,10,73.76722517398751,2,2025-01-24 20:01:01.672465
5033,user_196,1069,3.2432093176167265,1,3,9,0.5839915733998002,4,2025-06-26 20:01:01.673465
5034,user_931,2672,3.872236962692744,1,4,14,59.33277027647701,3,2025-08-14 20:01:01.673970
5035,user_73,361,3.4027051764890643,1,2,10,97.26445159104817,3,2024-12-19 20:01:01.675491
5036,user_768,985,3.185763071236273,1,3,14,92.94906120897512,2,2025-05-23 20:01:01.675491
5037,user_239,2265,4.551187069601957,1,3,8,0.7337510355864829,4,2025-11-14 20:01:01.676495
5038,user_475,564,2.959879964818421,1,2,10,34.91220025023015,2,2025-06-13 20:01:01.677497
5039,user_929,1193,2.6630688482380958,1,4,12,91.00194267086056,5,2025-11-22 20:01:01.678002
5040,user_612,1951,4.383516185710083,1,2,11,31.90015309208738,6,2025-09-01 20:01:01.679007
5041,user_384,2502,2.7133516079690523,1,2,13,71.72560194138029,4,2025-12-09 20:01:01.679007
5042,user_331,444,4.104029538754545,1,2,14,46.328002297618085,1,2025-05-23 20:01:01.680008
5043,user_44,1569,3.6511533553923647,1,2,8,75.02403872925183,8,2025-04-30 20:01:01.680008
5044,user_103,986,4.274082779475616,1,2,8,73.67173248180492,2,2025-01-09 20:01:01.681008
5045,user_965,10,2.384140148665593,1,2,8,53.26226331674253,5,2025-02-28 20:01:01.681513
5046,user_15,1032,2.7726330565212636,1,2,10,28.83065923760092,8,2025-02-07 20:01:01.682518
5047,user_330,460,3.042108294473221,1,2,9,25.535291336770005,4,2025-02-25 20:01:01.682518
5048,user_213,1120,4.737887532752781,1,3,10,16.56738979576241,4,2025-10-09 20:01:01.683525
5049,user_841,2791,3.613254934385739,1,4,10,99.91787463354405,9,2025-03-15 20:01:01.684030
5050,user_339,2156,4.301826758478304,1,3,10,57.582183652175125,8,2025-08-14 20:01:01.685172
5051,user_401,1413,3.058964622586126,1,4,11,55.620362769110045,5,2025-11-14 20:01:01.686209
5052,user_185,2242,3.181830376674574,1,4,12,19.601952828349813,7,2024-12-17 20:01:01.687201
5053,user_320,383,2.5497438782803385,0,3,9,10.573121804946528,4,2025-10-02 20:01:01.687201
5054,user_924,443,2.3286253592214416,1,3,12,79.98721661361022,1,2025-04-25 20:01:01.688331
5055,user_525,863,2.2016832233670316,1,3,13,23.600859432838163,3,2025-03-30 20:01:01.689331
5056,user_807,2577,3.7641820865410622,1,4,10,8.350191194313139,6,2025-08-19 20:01:01.689331
5057,user_781,2139,4.053806769571558,1,3,12,51.523843032645786,3,2025-11-18 20:01:01.690331
5058,user_537,2200,2.51221610066195,1,4,14,17.660538950445094,6,2025-03-02 20:01:01.690331
5059,user_427,1611,2.88486780245634,1,2,8,8.493949141798495,5,2025-11-21 20:01:01.690331
5060,user_443,1558,3.7311314766580685,0,2,10,17.96705559927201,6,2025-09-04 20:01:01.691837
5061,user_574,2861,4.499968237918288,1,3,8,85.26450622846845,8,2025-08-23 20:01:01.693562
5062,user_874,1878,4.064449956708169,1,3,9,59.406718358718976,9,2025-09-25 20:01:01.695115
5063,user_659,2115,3.541138321069235,1,3,12,31.593834722319524,7,2025-02-09 20:01:01.695881
5064,user_19,1605,3.261559243576125,1,2,11,6.864426972503668,3,2025-08-20 20:01:01.697489
5065,user_353,195,2.874743539592562,1,2,10,85.70546524729953,5,2025-10-17 20:01:01.698515
5066,user_878,778,4.699635687616652,1,3,13,35.883376183446515,7,2025-10-11 20:01:01.699515
5067,user_666,1820,4.449263496540739,1,2,12,79.24289973960876,9,2025-02-04 20:01:01.700515
5068,user_883,1707,4.02366162592486,1,2,12,60.229768953829634,7,2025-01-16 20:01:01.702035
5069,user_348,2547,3.4592249819030667,1,3,12,62.11109785431873,3,2025-07-01 20:01:01.703061
5070,user_397,427,4.497778959401032,1,2,12,9.448544040707919,4,2025-05-10 20:01:01.704586
5071,user_641,77,2.696449511065265,1,3,14,70.50511687742814,2,2025-07-01 20:01:01.705615
5072,user_581,291,4.37080783040422,0,4,10,86.355834502889,5,2025-08-28 20:01:01.707305
5073,user_860,314,3.686504788871712,1,2,10,34.379626849197166,9,2025-07-31 20:01:01.709011
5074,user_173,1816,4.543082331344527,1,2,9,64.8558014467041,9,2025-04-09 20:01:01.710023
5075,user_843,2708,2.624244841572602,1,3,8,10.855501311966176,6,2025-04-18 20:01:01.711038
5076,user_138,1188,3.825683739618847,1,4,10,70.7771348908744,7,2025-01-22 20:01:01.712037
5077,user_219,856,3.3927743345682004,1,3,9,23.622012683145442,9,2025-09-07 20:01:01.713036
5078,user_665,2587,2.8899274065064406,1,4,12,76.25666278868462,6,2025-06-18 20:01:01.715037
5079,user_970,2653,3.390446118982075,1,2,12,45.74910245334291,9,2025-09-15 20:01:01.715571
5080,user_349,1833,3.0733346659237935,1,2,9,96.89090876186553,3,2025-09-18 20:01:01.716579
5081,user_419,538,2.544034768466017,1,3,11,72.79027858776651,5,2025-11-15 20:01:01.718107
5082,user_302,2031,3.1722122546734366,0,4,14,91.73000597874574,2,2025-08-24 20:01:01.719130
5083,user_622,470,2.0943361989798133,1,3,9,55.74872275263222,7,2025-03-05 20:01:01.720156
5084,user_926,824,3.6170583999709356,1,2,12,25.17166159247347,4,2025-09-24 20:01:01.722156
5085,user_790,126,2.926696472388837,1,4,14,12.692699942039154,6,2025-08-15 20:01:01.722156
5086,user_777,2737,2.351079450046334,1,3,13,58.02955130852708,6,2024-12-16 20:01:01.724693
5087,user_791,1108,3.350160723834817,1,2,14,86.52704728191466,6,2025-09-27 20:01:01.725692
5088,user_901,1998,2.8919331213311796,0,3,10,63.0492571202402,7,2025-08-05 20:01:01.727210
5089,user_99,758,2.635187212887742,1,2,12,81.07061857445024,6,2025-10-17 20:01:01.728238
5090,user_9,1668,3.1701314209257294,1,4,11,70.64095139680656,3,2024-12-25 20:01:01.729237
5091,user_306,1893,3.947474056610939,1,2,8,49.69976435336264,6,2025-03-29 20:01:01.730236
5092,user_510,1254,3.539982996247507,0,3,10,76.4582595725264,2,2025-02-25 20:01:01.731767
5093,user_854,2895,3.756974202262942,1,4,13,71.09362119519493,8,2025-05-17 20:01:01.732289
5094,user_815,2223,5.0,1,3,13,76.88316533360582,3,2025-04-09 20:01:01.733838
5095,user_176,2858,3.8825423338424905,1,2,14,48.72612699844892,6,2025-08-07 20:01:01.734865
5096,user_778,2075,4.089005262962953,1,2,10,85.33546101506403,1,2025-05-02 20:01:01.735865
5097,user_621,2149,3.5539201500134694,1,3,13,76.44852708609558,7,2025-07-26 20:01:01.737849
5098,user_326,699,3.7265614274869447,1,4,14,46.192441211732195,6,2025-05-10 20:01:01.738865
5099,user_940,2633,3.8440365065296898,1,2,8,19.170677096173772,6,2025-12-06 20:01:01.739854
5100,user_218,1536,2.89673413950526,1,2,11,0.7334840576062929,6,2024-12-14 20:01:01.740850
5101,user_769,593,3.307242401459642,1,4,14,18.709081572960272,2,2025-01-10 20:01:01.740850
5102,user_317,2582,1.9052058022462257,1,2,11,20.229082113868223,4,2025-05-14 20:01:01.742357
5103,user_552,1894,3.0398580979084744,1,2,9,62.79332130172843,6,2025-07-01 20:01:01.743905
5104,user_592,2388,3.5495353907668976,1,4,11,11.711625747284327,1,2025-07-30 20:01:01.743905
5105,user_264,1306,2.8077542252541727,1,4,11,44.816582759972746,3,2025-10-30 20:01:01.745414
5106,user_775,2529,3.0002939936487962,1,4,11,55.95464687447742,4,2025-11-29 20:01:01.746199
5107,user_715,1478,4.41592317679147,1,3,14,56.44857362881444,7,2025-02-09 20:01:01.746199
5108,user_919,342,2.4486929121060554,1,3,14,69.32955822197458,7,2025-09-09 20:01:01.747884
5109,user_443,478,3.039541624830112,1,3,12,58.17302470982641,5,2025-04-24 20:01:01.748890
5110,user_467,353,3.116494333740712,1,2,13,34.565459896172456,5,2025-05-21 20:01:01.748890
5111,user_366,606,4.0916195478995,1,2,11,83.5859435226106,4,2025-04-01 20:01:01.749892
5112,user_929,2724,2.963689474230512,1,2,13,5.469567277517518,5,2025-03-09 20:01:01.749892
5113,user_335,2100,4.434842977557563,1,2,11,17.459933081869217,4,2025-05-16 20:01:01.750891
5114,user_465,1012,4.395314308351247,1,2,11,48.04452385001788,3,2025-08-29 20:01:01.751891
5115,user_689,702,4.589668829188464,0,4,13,82.84584899396799,7,2025-07-24 20:01:01.751891
5116,user_268,2598,3.8283864879303153,1,2,8,35.31275276808824,2,2025-12-05 20:01:01.752891
5117,user_218,2050,4.053702909752787,1,2,8,53.9872241852703,3,2025-11-20 20:01:01.752891
5118,user_605,2118,2.9255612259665815,1,3,14,96.19366813923614,7,2025-11-05 20:01:01.752891
5119,user_30,1244,2.7863825575919243,0,4,8,12.777841471048667,1,2025-07-03 20:01:01.754397
5120,user_854,563,4.405330934916734,1,3,12,60.847211702449556,3,2025-05-28 20:01:01.755436
5121,user_609,2715,2.9931846911788016,1,3,9,34.67253538834265,7,2025-05-16 20:01:01.756954
5122,user_85,1805,3.5041684574177623,1,2,12,98.13679748108297,1,2025-04-07 20:01:01.757475
5123,user_912,1992,2.7899963149769373,1,4,12,72.25702680596962,6,2025-01-12 20:01:01.759036
5124,user_901,2809,4.139774733924707,1,4,14,41.259899684642875,2,2025-10-14 20:01:01.760070
5125,user_369,1838,3.0154345498409447,1,2,14,86.87854631732239,8,2025-02-23 20:01:01.761094
5126,user_425,2342,2.994178321729135,1,2,13,81.22783666641693,6,2025-01-06 20:01:01.761094
5127,user_494,1226,4.154461059501866,1,3,14,44.808507590258095,5,2025-07-07 20:01:01.762080
5128,user_619,626,3.662296710464231,1,4,9,87.57743795700246,4,2025-03-20 20:01:01.763197
5129,user_729,1919,3.2434394056594797,0,4,9,32.294270093549684,1,2025-10-13 20:01:01.764818
5130,user_25,873,3.0763591849922793,1,2,9,51.845429507225425,1,2025-02-21 20:01:01.766578
5131,user_623,290,3.003098004054179,1,4,11,26.427645440889147,7,2025-04-26 20:01:01.767582
5132,user_479,82,3.8623500270832554,1,4,10,95.94946279169905,7,2025-11-05 20:01:01.767582
5133,user_267,114,3.3968342728128564,1,3,14,44.3702535412344,7,2025-03-21 20:01:01.769201
5134,user_809,2201,3.609856376074715,1,3,8,27.444476806595976,4,2025-05-27 20:01:01.771215
5135,user_324,350,3.717584070680144,1,3,13,50.55950154590377,7,2025-04-18 20:01:01.772219
5136,user_599,895,3.405442777533678,0,4,14,73.11857828939097,1,2025-09-09 20:01:01.773845
5137,user_882,2499,3.9882860284273924,1,3,9,8.401475268257697,1,2025-10-06 20:01:01.774967
5138,user_166,2301,2.2945628098386774,1,2,9,10.19004508069601,6,2025-08-23 20:01:01.775964
5139,user_751,349,4.414001940348194,1,3,11,49.9670911961484,8,2025-02-21 20:01:01.775964
5140,user_493,183,4.036135738809842,1,4,9,43.22070048771693,8,2025-08-16 20:01:01.778714
5141,user_406,2485,4.266131199957849,1,4,14,58.282245550575475,8,2025-02-13 20:01:01.779717
5142,user_135,332,2.9684346023984434,1,3,10,22.162365929354088,2,2025-02-17 20:01:01.780719
5143,user_298,1986,2.92506135630051,1,4,12,22.955559770683298,2,2025-05-22 20:01:01.781341
5144,user_163,103,3.04664735982697,1,3,13,8.087166842583537,6,2025-04-24 20:01:01.783082
5145,user_184,2441,2.678528491035032,1,2,14,72.25408866657723,3,2025-11-03 20:01:01.783698
5146,user_765,1944,2.316764369405275,1,3,13,98.71727079414363,5,2025-06-10 20:01:01.785819
5147,user_761,2472,4.150028824841427,1,2,13,27.265516403092615,2,2025-06-03 20:01:01.785819
5148,user_299,2171,3.156091324876458,1,3,8,16.20932020130613,8,2025-07-27 20:01:01.787710
5149,user_549,560,4.191422578630505,0,4,11,22.088971947569867,7,2025-02-27 20:01:01.788807
5150,user_729,2555,2.6872122778499667,1,2,9,92.12747172490377,2,2025-10-16 20:01:01.788807
5151,user_358,1212,3.3890588660053136,1,4,11,34.27297124334066,5,2025-11-09 20:01:01.789808
5152,user_500,2359,2.8688435857523387,1,3,8,66.59143330082608,1,2025-11-13 20:01:01.790813
5153,user_849,1846,3.8519274395980707,1,3,11,22.59407937925485,9,2025-05-19 20:01:01.790813
5154,user_551,2827,2.4774135966662016,1,2,12,41.88293794027328,6,2025-01-28 20:01:01.791810
5155,user_834,1615,3.294082754243054,0,3,9,21.901808778832766,5,2025-09-27 20:01:01.792425
5156,user_793,592,3.371910340671008,1,2,8,87.38244434615109,5,2025-02-27 20:01:01.793057
5157,user_856,1081,3.318357576319311,1,3,12,28.77502346056514,7,2025-08-28 20:01:01.794065
5158,user_276,1999,2.682221351316473,1,2,12,46.49113694291568,3,2025-03-12 20:01:01.795627
5159,user_228,107,4.806540391738393,1,3,12,2.1139741048806004,4,2025-06-25 20:01:01.796249
5160,user_877,1198,3.759844221626119,1,4,10,72.08678246534122,3,2025-05-14 20:01:01.797868
5161,user_443,440,3.0882522871311715,1,2,9,6.910087778539409,9,2025-01-16 20:01:01.798878
5162,user_547,1170,3.3313767288771072,1,3,9,90.68424477048399,6,2025-02-24 20:01:01.800981
5163,user_82,2386,2.8489348074396483,1,3,10,66.62512093647753,7,2025-05-10 20:01:01.800981
5164,user_288,2139,3.314978650564252,1,2,13,94.29820915209784,4,2025-01-03 20:01:01.802980
5165,user_750,1395,2.9672421956175556,1,4,9,75.22120269713118,1,2025-11-13 20:01:01.804485
5166,user_689,1316,4.521957542521792,1,3,9,61.53622564009263,6,2024-12-27 20:01:01.805493
5167,user_522,172,2.9341963213393822,1,4,9,41.44116499114712,7,2025-09-22 20:01:01.805493
5168,user_320,440,3.9559552769094863,1,4,13,22.020328668123813,8,2025-01-23 20:01:01.806493
5169,user_514,1260,4.427028501390173,1,3,14,96.98729704330027,9,2025-09-12 20:01:01.807504
5170,user_684,2746,4.061747965500036,1,3,13,47.58050248222923,3,2025-04-06 20:01:01.807504
5171,user_494,2457,4.367896526989857,1,2,10,40.876736039900926,5,2025-01-04 20:01:01.808511
5172,user_473,1830,2.9436532119639733,1,3,14,79.70650197939658,4,2025-06-04 20:01:01.809016
5173,user_390,643,2.584070641637015,1,3,14,14.246074626040016,2,2025-01-06 20:01:01.810022
5174,user_807,2407,4.166561028471102,1,2,8,91.40972772946961,1,2025-11-06 20:01:01.810022
5175,user_622,2730,3.1267018326081333,1,2,8,15.946934532082446,8,2025-07-23 20:01:01.810022
5176,user_14,2687,4.528250792654086,1,4,14,58.74858528644628,9,2025-11-22 20:01:01.811528
5177,user_402,1164,3.1152327435796017,1,3,8,4.138633699098571,6,2025-05-18 20:01:01.811528
5178,user_548,1411,2.871765451820484,1,4,12,10.471022010386942,6,2025-05-17 20:01:01.812534
5179,user_715,1928,4.159221871557553,1,3,14,21.571247249816217,1,2025-08-08 20:01:01.812534
5180,user_218,2292,4.336322556023513,1,3,8,70.25461729438122,7,2025-10-07 20:01:01.813534
5181,user_1,494,4.333635996099417,1,2,10,62.021179970382036,1,2025-07-19 20:01:01.813534
5182,user_624,1823,3.207066986511017,1,2,13,40.584890040214596,2,2025-05-24 20:01:01.815039
5183,user_489,2742,3.9473139356834412,1,2,9,26.792382902883972,6,2025-07-29 20:01:01.815039
5184,user_962,1354,3.438353417380623,1,3,10,40.86290137192832,4,2025-02-07 20:01:01.816046
5185,user_20,1922,3.383995773013412,1,3,11,43.32504237726747,8,2025-07-13 20:01:01.816046
5186,user_307,2506,3.381780895801551,0,3,9,66.07815401913103,5,2025-03-03 20:01:01.817046
5187,user_127,2578,2.9388949257430506,1,2,11,17.488479594746266,5,2025-03-29 20:01:01.818047
5188,user_965,893,3.1817241892790165,1,4,11,77.22064516915633,4,2024-12-16 20:01:01.819170
5189,user_131,176,3.375388179594539,1,3,12,83.19099622549273,8,2025-11-04 20:01:01.820502
5190,user_872,1781,3.522348584184071,1,3,13,88.59557879610645,8,2025-07-31 20:01:01.821384
5191,user_264,242,1.8055129628236315,1,4,12,41.67605776010341,3,2025-07-27 20:01:01.822385
5192,user_429,996,2.8304266820345565,1,2,14,7.860932352631133,3,2025-05-09 20:01:01.822385
5193,user_713,1813,3.193077883945374,1,3,14,1.1723117696692653,2,2025-04-05 20:01:01.822385
5194,user_166,1495,3.1602017603048504,1,4,11,5.181192169630677,1,2025-06-29 20:01:01.823891
5195,user_490,1319,1.9281568855357303,1,4,10,49.749849948377765,4,2025-09-30 20:01:01.823891
5196,user_426,953,3.208689181071726,1,4,12,49.606205224393996,7,2025-01-31 20:01:01.824898
5197,user_844,2173,4.127228072343413,1,3,10,30.70488843568324,7,2025-04-04 20:01:01.825904
5198,user_774,1731,3.3397191717782593,1,4,11,95.61461831310918,9,2025-08-02 20:01:01.825904
5199,user_658,540,2.9959024696370635,1,2,8,83.87032665875165,1,2025-03-06 20:01:01.825904
5200,user_416,1507,2.943561087505021,1,3,12,4.838055378659611,4,2025-10-16 20:01:01.827410
5201,user_122,1313,4.247032490821486,1,3,10,34.33988627591624,6,2025-03-14 20:01:01.827410
5202,user_921,2903,3.1146537489501323,1,4,14,79.66421194517882,7,2025-02-11 20:01:01.829593
5203,user_57,1248,3.259298367228765,1,2,13,23.552370561417057,4,2025-08-24 20:01:01.829593
5204,user_120,2288,4.348569638725971,1,3,11,67.48245758207399,9,2025-10-22 20:01:01.831104
5205,user_535,2675,2.467022238292761,1,4,10,90.89056507734973,4,2025-01-10 20:01:01.832266
5206,user_507,1734,4.470115470044134,1,4,11,57.82271182165303,1,2025-07-18 20:01:01.832911
5207,user_294,2422,4.15374922685037,1,3,9,9.451234497651484,6,2025-01-06 20:01:01.833541
5208,user_590,920,4.5605951540147895,1,4,14,62.637659632551426,8,2025-06-05 20:01:01.833541
5209,user_307,2616,3.3354672073480263,0,4,12,38.585020920403544,6,2025-04-12 20:01:01.835551
5210,user_896,585,3.1782298425654365,1,4,14,27.138680329450125,3,2025-06-30 20:01:01.836550
5211,user_274,2264,2.9978312734113315,1,3,13,30.63524214080494,3,2025-10-20 20:01:01.837551
5212,user_225,1737,3.409011571495286,0,2,8,62.55396472335975,1,2025-11-29 20:01:01.838550
5213,user_360,288,2.9503218533363325,1,4,8,60.44072833953956,2,2025-01-22 20:01:01.838550
5214,user_550,1479,3.0272925482978215,1,2,10,64.04507055450019,1,2025-09-09 20:01:01.839548
5215,user_610,1083,3.9119371980399182,1,2,12,38.1269193769577,3,2025-07-14 20:01:01.839548
5216,user_685,2517,4.697404182802625,1,3,9,60.643852579931504,7,2025-08-17 20:01:01.840549
5217,user_191,2477,2.5027837520999023,1,2,14,71.63393386122834,9,2024-12-17 20:01:01.840549
5218,user_821,1332,3.1417939676927293,1,2,10,48.82542176322192,3,2025-03-30 20:01:01.840549
5219,user_919,459,2.836512266978682,1,3,8,82.08917350413296,5,2025-02-24 20:01:01.842576
5220,user_957,658,3.3484342843483885,1,4,8,13.29626294952152,3,2025-02-27 20:01:01.843088
5221,user_99,1747,2.9373976924502596,1,4,12,49.877924798951845,4,2025-07-26 20:01:01.843088
5222,user_74,2862,4.589881690899284,1,4,11,3.9112488061068373,2,2025-03-18 20:01:01.844094
5223,user_104,1694,2.6344579477462338,1,2,8,8.052707377203117,5,2025-07-28 20:01:01.844094
5224,user_618,1185,2.1757200582195253,1,3,9,55.684551253559746,1,2025-06-17 20:01:01.844094
5225,user_954,2523,3.186867387267865,1,3,10,27.07306173699112,5,2024-12-31 20:01:01.845730
5226,user_645,252,4.691832258605153,1,2,9,51.41854949159421,9,2025-08-30 20:01:01.847740
5227,user_935,2342,3.9514961851770782,1,4,8,6.365851891764107,6,2025-05-19 20:01:01.848289
5228,user_107,1527,3.680305602426142,1,2,8,21.61485950419881,2,2025-05-26 20:01:01.849325
5229,user_503,10,2.73587685251009,1,3,10,89.81309563845042,1,2024-12-27 20:01:01.851324
5230,user_789,1597,3.508722153585449,1,3,12,48.91624732418269,2,2025-01-28 20:01:01.852334
5231,user_489,436,4.426675725209733,1,3,10,98.06563726298596,4,2025-09-06 20:01:01.853323
5232,user_938,16,2.5314648578203345,0,3,13,49.784849106634546,2,2025-12-02 20:01:01.854348
5233,user_787,2007,3.999819637321362,1,2,14,20.25832844488641,9,2025-09-21 20:01:01.855517
5234,user_211,118,2.5534834885381614,1,3,11,79.47197532647098,7,2025-01-01 20:01:01.857022
5235,user_611,626,3.4669136091136803,1,3,10,5.075229112347779,4,2025-02-27 20:01:01.858043
5236,user_705,827,3.0135533496618194,0,2,9,83.86370489217292,3,2025-11-10 20:01:01.859563
5237,user_53,736,3.1912206076241247,1,2,8,18.056032390094146,6,2025-02-21 20:01:01.860625
5238,user_124,1571,2.7038594519628765,0,3,10,52.56143689854933,9,2025-10-04 20:01:01.860625
5239,user_481,243,3.914974643111799,1,4,8,83.84394231973516,5,2025-11-10 20:01:01.861691
5240,user_864,2421,3.0012837307871143,0,2,13,26.009426728904494,7,2025-06-21 20:01:01.862566
5241,user_196,167,4.8174292837854145,1,2,9,27.73612470240996,7,2025-05-14 20:01:01.863566
5242,user_101,1812,2.7389250689433062,1,3,10,20.78373091263589,4,2025-02-04 20:01:01.865113
5243,user_841,1863,4.546947298810294,1,4,14,55.62208073249193,6,2025-03-16 20:01:01.866160
5244,user_471,321,3.093887932305128,1,3,13,55.78530201894446,4,2025-08-04 20:01:01.868163
5245,user_399,839,4.326125249032702,1,3,13,49.8857584922874,5,2025-11-21 20:01:01.869163
5246,user_546,2011,4.772271434052994,1,4,9,69.16163385965255,8,2025-05-01 20:01:01.870403
5247,user_388,1208,3.7828001945364815,1,2,13,52.55596951738591,6,2025-06-08 20:01:01.871367
5248,user_85,1923,4.0281218728114085,1,3,11,92.3176904444004,8,2025-03-26 20:01:01.872367
5249,user_159,1332,3.6420266995237185,1,2,8,60.389790828387525,7,2025-06-28 20:01:01.873876
5250,user_929,205,2.969319364161792,1,2,10,85.95949565705794,5,2025-01-09 20:01:01.874884
5251,user_798,1761,3.8662327205609777,0,2,8,52.88223544389812,3,2025-11-30 20:01:01.875884
5252,user_459,2442,4.129849172898567,1,2,11,97.34589827177619,1,2025-12-11 20:01:01.877390
5253,user_7,2191,3.7979966764036237,1,2,14,27.631628510035288,9,2025-10-14 20:01:01.879398
5254,user_728,30,3.3842187486983004,1,2,13,31.08625857326218,3,2025-12-01 20:01:01.880401
5255,user_440,2572,2.8494517777801076,1,4,8,98.21483464266186,4,2025-08-04 20:01:01.880401
5256,user_967,1975,4.179821318967352,1,3,11,29.106879292397448,1,2025-07-05 20:01:01.882530
5257,user_216,687,3.6207749414476527,1,3,8,55.35018730986858,6,2025-09-25 20:01:01.883679
5258,user_89,2427,3.738893886743927,1,2,11,76.23974775461484,7,2025-08-25 20:01:01.885326
5259,user_398,128,3.485869006260853,0,4,10,8.683083013741621,1,2025-09-11 20:01:01.885326
5260,user_294,1590,3.356754456843961,1,2,12,35.096377105070154,5,2025-03-20 20:01:01.886500
5261,user_385,137,2.8874975484383194,1,3,14,2.457539894084193,7,2025-05-17 20:01:01.887517
5262,user_177,1013,3.0928013173787576,0,4,10,4.782924522585274,4,2025-02-14 20:01:01.888657
5263,user_9,2766,3.2181527602380546,1,3,10,21.992218482566738,5,2025-01-11 20:01:01.889536
5264,user_291,1840,2.9489716111598723,1,2,14,48.550330882122694,4,2025-11-28 20:01:01.890515
5265,user_889,726,3.3702163201675854,0,3,10,79.55890137695468,6,2025-02-10 20:01:01.890515
5266,user_474,523,3.6143801003753,1,2,10,74.69410486633313,8,2025-04-22 20:01:01.892159
5267,user_140,1504,3.305440641525994,1,2,8,47.52524861404268,2,2025-01-13 20:01:01.893673
5268,user_148,2204,2.6411425460602973,1,4,14,28.517995393379714,9,2025-09-26 20:01:01.894682
5269,user_554,2823,2.8072231155071568,1,2,14,73.58956966319937,1,2025-10-21 20:01:01.895769
5270,user_488,1395,4.205831483468173,1,4,8,4.019897849849297,4,2025-07-01 20:01:01.895769
5271,user_440,974,3.215042799837716,1,3,14,53.69863843736321,9,2025-10-21 20:01:01.896915
5272,user_493,2249,4.41769693299265,1,2,13,36.00953574213251,3,2025-05-25 20:01:01.898287
5273,user_164,560,3.236786768666144,1,2,13,71.84638620686991,3,2025-06-14 20:01:01.899296
5274,user_485,2382,2.609891617993309,1,4,12,11.924841018823763,3,2025-01-31 20:01:01.900296
5275,user_344,2266,4.066399671822923,1,4,11,25.473961004774214,1,2025-04-04 20:01:01.901296
5276,user_247,1177,2.750011441734579,1,2,12,53.15538416521448,4,2025-01-08 20:01:01.902296
5277,user_270,918,4.968964513596882,1,2,8,69.85829979590706,8,2025-06-08 20:01:01.903296
5278,user_455,2454,3.4372733096007706,1,2,8,91.85304517857847,3,2025-04-06 20:01:01.904803
5279,user_432,23,3.058718284804591,1,3,13,54.61847026267495,8,2025-02-27 20:01:01.905322
5280,user_414,752,2.7071733875927597,1,4,10,91.71020177378367,5,2025-07-24 20:01:01.906332
5281,user_377,1361,4.176910037301206,1,2,8,60.789795554954665,5,2025-05-22 20:01:01.906838
5282,user_551,2648,3.010722110161973,1,2,8,30.434452516181832,8,2025-01-06 20:01:01.907343
5283,user_190,1873,3.137177359354788,0,4,13,65.09333115468849,6,2025-10-06 20:01:01.907343
5284,user_372,173,3.722197677426295,1,2,14,49.15443838710072,7,2025-08-12 20:01:01.908348
5285,user_675,2675,2.7506121322232993,1,2,12,1.9876062246987236,4,2025-04-19 20:01:01.908852
5286,user_352,2620,5.0,1,2,11,69.42330820173632,1,2025-01-27 20:01:01.909859
5287,user_952,2513,4.106126705125422,1,3,14,69.06941039584663,6,2025-04-16 20:01:01.911283
5288,user_189,1545,3.5708020745331437,1,4,8,86.95059005229065,3,2025-10-05 20:01:01.912410
5289,user_849,1591,3.8321866098549835,1,4,9,70.67479035762551,2,2025-05-16 20:01:01.912410
5290,user_780,323,2.984119338354906,1,2,13,22.85890892963154,8,2025-12-07 20:01:01.913437
5291,user_194,1660,4.727620151074874,1,3,8,90.38035161692177,1,2025-08-21 20:01:01.915060
5292,user_275,2523,2.767629436057384,1,4,14,49.61567244945603,9,2025-06-27 20:01:01.916186
5293,user_133,1184,2.5666770495837583,1,3,11,59.83901897540017,6,2025-03-28 20:01:01.918188
5294,user_421,2028,2.956544820399777,0,2,10,72.0668872087373,5,2025-08-13 20:01:01.919193
5295,user_401,595,2.8468885959193684,1,4,10,85.81878137103061,1,2025-02-02 20:01:01.920487
5296,user_153,1824,3.901082758455612,1,2,11,21.608034978485456,6,2025-04-20 20:01:01.920487
5297,user_964,210,1.7600303292293071,1,4,13,33.57889628366652,5,2025-04-01 20:01:01.921596
5298,user_965,2392,4.153472062697666,1,2,11,32.32238276036033,9,2025-03-11 20:01:01.922600
5299,user_207,2233,3.752701715937334,1,3,9,29.400926382735005,3,2025-07-18 20:01:01.922600
5300,user_883,1399,5.0,1,4,14,69.67399540044444,3,2025-04-21 20:01:01.923537
5301,user_701,1317,3.2692159382341304,0,2,9,53.20522603832052,3,2025-02-09 20:01:01.924153
5302,user_119,767,4.182628962627373,1,2,13,52.19373248674412,1,2025-01-09 20:01:01.924153
5303,user_673,2332,2.3895597341456143,1,4,10,51.02032729873973,7,2025-09-23 20:01:01.925264
5304,user_179,1587,2.904207804585497,1,3,9,4.028198853215425,7,2025-01-19 20:01:01.926156
5305,user_565,813,4.274307749697581,1,2,8,28.930921395353394,7,2025-07-03 20:01:01.927155
5306,user_679,1158,3.447822402822556,1,3,8,67.33431671472798,4,2025-08-14 20:01:01.927660
5307,user_241,1980,3.215518879490594,1,4,10,65.96004978542749,9,2025-11-21 20:01:01.927660
5308,user_470,604,4.457195840558445,1,3,10,75.92692841305579,7,2025-05-29 20:01:01.928816
5309,user_185,807,3.3663168423005176,1,3,8,20.80767030585712,6,2025-10-29 20:01:01.929835
5310,user_772,2151,3.7359008807212017,1,2,8,24.513206837455304,5,2025-06-06 20:01:01.931343
5311,user_868,549,3.9800871429956897,1,3,10,72.30005679583252,3,2025-05-25 20:01:01.932859
5312,user_167,1532,3.18943182293982,1,3,8,78.05752732438467,5,2025-07-15 20:01:01.933485
5313,user_894,2403,3.974365192632831,1,2,12,28.324970941456794,3,2025-11-28 20:01:01.934605
5314,user_214,2583,3.893364401455273,1,4,11,31.178435587324604,8,2025-09-08 20:01:01.935501
5315,user_347,2825,2.7860008795611573,1,4,10,29.10100294109561,3,2025-10-05 20:01:01.936128
5316,user_789,1854,4.064624647010138,1,3,13,36.432542336615306,4,2025-04-14 20:01:01.937244
5317,user_773,805,3.288570624572416,1,3,11,17.38473129114323,3,2025-10-09 20:01:01.938132
5318,user_591,765,3.001167123746072,1,3,14,37.15134033474893,9,2025-08-16 20:01:01.938132
5319,user_637,2044,4.050335840213327,1,4,10,22.506676581457686,3,2025-09-18 20:01:01.939131
5320,user_675,2765,3.65898143639816,1,3,13,13.09824931932273,9,2024-12-17 20:01:01.940131
5321,user_103,1698,3.6611419706677335,1,4,13,30.433073582271863,7,2025-01-22 20:01:01.940131
5322,user_460,969,2.6617987370436276,1,3,14,40.223178600110174,9,2025-08-08 20:01:01.940131
5323,user_265,1156,3.991870574754954,1,2,12,51.67060815393847,5,2025-07-26 20:01:01.941636
5324,user_220,68,3.82671023278891,0,4,13,99.24121831579298,5,2025-07-28 20:01:01.941636
5325,user_572,2103,2.7488570100477605,1,3,14,70.88110926753039,9,2025-04-25 20:01:01.943343
5326,user_34,975,3.3940099925252802,1,2,13,57.93391107957477,7,2025-04-21 20:01:01.944470
5327,user_752,1590,4.376884465348779,1,4,9,44.80563474064022,2,2025-10-25 20:01:01.946091
5328,user_678,983,2.551118304418124,1,4,12,68.00353444096659,8,2025-09-17 20:01:01.946091
5329,user_104,1778,4.114042804517191,1,3,13,69.7589676883423,4,2025-03-07 20:01:01.947807
5330,user_469,2685,4.41827921577786,0,4,11,44.30032651488448,7,2025-10-01 20:01:01.948929
5331,user_859,2400,3.884370476779416,1,2,13,62.084964247721985,6,2025-06-16 20:01:01.949927
5332,user_143,138,3.665755760057796,1,3,14,27.785916506998188,2,2024-12-26 20:01:01.951926
5333,user_100,592,3.7601878577437717,1,4,12,84.46078670432495,1,2025-08-15 20:01:01.952552
5334,user_934,331,3.649050947300455,1,2,13,42.23901187439013,3,2025-09-14 20:01:01.953670
5335,user_172,39,3.3173151031960137,1,4,12,44.50410750575319,8,2025-07-08 20:01:01.954617
5336,user_673,1930,2.180869684490553,1,4,8,15.001313492029277,8,2025-11-17 20:01:01.956294
5337,user_495,1312,4.704893556209514,1,4,14,28.48733382630815,5,2025-10-14 20:01:01.956294
5338,user_705,2684,2.068544242026835,1,2,9,80.0628552018914,8,2025-04-10 20:01:01.957810
5339,user_223,113,2.441354465377273,1,4,8,1.3130937653075825,9,2025-04-10 20:01:01.958316
5340,user_271,1968,2.9074973440481036,1,2,13,87.1093200802191,4,2025-07-05 20:01:01.959324
5341,user_476,640,3.7885684902138186,1,4,14,36.017204977138014,6,2025-10-21 20:01:01.960325
5342,user_257,1019,4.587397967498729,1,3,11,49.652407456516855,6,2025-09-11 20:01:01.960325
5343,user_543,2279,3.833122768604352,1,4,12,26.865883477204466,7,2025-11-28 20:01:01.961324
5344,user_856,838,3.0185624589790185,1,3,11,48.49607856533959,8,2025-06-13 20:01:01.962424
5345,user_357,2749,3.907531834486571,1,3,10,96.46851724430053,1,2025-03-31 20:01:01.962424
5346,user_422,197,3.167604121016273,1,2,8,64.6337828992956,7,2025-04-26 20:01:01.963421
5347,user_43,734,3.5679371385074865,1,2,11,55.784367274078626,3,2025-02-10 20:01:01.963421
5348,user_192,332,2.741357452421088,1,3,9,71.62844169503472,9,2025-01-30 20:01:01.965025
5349,user_896,2814,3.316820929952561,1,4,8,61.32161367471246,6,2025-03-25 20:01:01.966122
5350,user_445,211,4.505504910178665,1,2,13,20.046711442148503,3,2025-07-17 20:01:01.966122
5351,user_690,1709,3.6836607733425053,1,4,14,57.17838720973092,1,2025-04-06 20:01:01.967728
5352,user_427,368,2.593158228906973,1,4,9,18.426543652582883,7,2025-10-08 20:01:01.968839
5353,user_585,1326,2.4688302809103275,1,4,11,7.791215847082011,9,2025-12-09 20:01:01.970553
5354,user_442,2126,2.69709571292282,1,4,13,38.63653710564966,1,2025-06-11 20:01:01.971463
5355,user_762,2774,3.6125337309124834,1,2,9,71.30274359995731,9,2025-06-05 20:01:01.973462
5356,user_874,261,3.98000056678482,1,4,12,86.85041169568632,6,2025-07-09 20:01:01.974982
5357,user_299,2394,3.780069605973052,1,3,11,77.87696375915263,7,2025-02-08 20:01:01.975984
5358,user_736,1646,3.586756098236132,1,2,9,92.07645196329372,2,2025-03-02 20:01:01.976983
5359,user_316,511,2.2960881384566894,0,3,14,71.35249407759726,3,2025-05-11 20:01:01.977983
5360,user_163,2268,2.340258479929955,1,4,8,50.8434587620274,6,2025-11-18 20:01:01.978983
5361,user_432,991,4.457981404301053,1,3,13,47.04004196445282,6,2025-11-01 20:01:01.979983
5362,user_761,1346,3.4323112126932496,1,4,11,16.480864874703638,7,2025-07-21 20:01:01.981492
5363,user_939,769,3.0230811858890103,1,3,14,66.18368376243767,9,2025-11-17 20:01:01.983157
5364,user_290,1250,2.5292216594101644,1,2,14,58.35113447943,6,2025-01-13 20:01:01.983674
5365,user_742,1409,2.2385501429305896,1,2,10,7.894224292440399,8,2025-09-23 20:01:01.984682
5366,user_864,2122,3.214330485991448,1,2,12,66.51876008899379,9,2025-09-17 20:01:01.985682
5367,user_385,1170,2.04489384507755,1,4,12,33.18545353909603,1,2025-03-05 20:01:01.986681
5368,user_473,1041,2.8228818435467535,1,2,14,76.78098047555774,7,2025-10-18 20:01:01.987680
5369,user_265,546,3.5089957932904507,1,4,11,7.343737359325109,9,2025-07-08 20:01:01.988679
5370,user_582,2511,4.112788919669984,1,3,13,8.996019031050862,7,2025-10-16 20:01:01.989686
5371,user_243,1166,3.719738464833815,1,4,13,92.05283964468674,1,2025-01-19 20:01:01.990680
5372,user_482,24,2.244349564201189,1,3,14,61.63303059172037,2,2025-04-09 20:01:01.991678
5373,user_173,1032,2.2655923966852995,1,3,11,49.46874527185986,6,2025-01-25 20:01:01.992181
5374,user_571,1148,3.3857589704935194,1,3,8,22.99221324106907,7,2025-10-10 20:01:01.992181
5375,user_732,2567,2.428548401418812,1,2,12,84.81359982246404,9,2025-07-04 20:01:01.993332
5376,user_449,2163,3.4284228470887426,1,4,12,47.92784642629178,3,2025-11-06 20:01:01.993332
5377,user_762,2659,2.925010733603142,1,4,12,2.2664474521924105,7,2025-10-15 20:01:01.994443
5378,user_411,2729,2.824913537658263,1,4,8,2.65574481792632,3,2025-11-02 20:01:01.995430
5379,user_178,1083,3.037178487720833,1,3,11,74.48662994885814,9,2025-11-25 20:01:01.996032
5380,user_104,2584,3.235652873093891,1,2,14,22.068341824337125,7,2025-07-31 20:01:01.996032
5381,user_943,206,2.9861273904719856,1,3,13,42.150532277076024,4,2025-04-30 20:01:01.997664
5382,user_605,803,2.495107472994962,1,4,11,49.441296554801475,3,2025-11-15 20:01:01.997664
5383,user_647,2065,3.0922432639077213,1,4,11,12.100121668120234,9,2025-07-27 20:01:01.998766
5384,user_743,2899,4.063564511701316,1,2,9,42.01598973666481,3,2025-03-27 20:01:01.999764
5385,user_402,87,4.62885097982524,1,4,11,58.57958722883059,6,2025-01-25 20:01:01.999764
5386,user_558,2807,3.565930774982837,1,3,12,42.87314696415731,3,2024-12-28 20:01:02.000717
5387,user_869,220,2.0947130821011233,1,2,10,79.65601190824886,7,2025-10-04 20:01:02.001678
5388,user_477,1823,3.0430766895716235,1,2,11,24.644513962611104,1,2025-02-25 20:01:02.001678
5389,user_143,522,3.180824779964632,1,3,10,51.91535549684543,5,2025-02-05 20:01:02.002675
5390,user_436,194,4.139162317397729,1,4,14,74.98336138466634,3,2025-07-07 20:01:02.003675
5391,user_727,1966,3.633368100355809,1,3,14,42.45011800656404,3,2025-10-16 20:01:02.004687
5392,user_878,2766,4.192858662689175,1,3,9,11.812878483383171,3,2025-10-04 20:01:02.004687
5393,user_223,360,3.0565879612381486,1,3,10,48.70764196850617,2,2025-02-18 20:01:02.005698
5394,user_791,945,4.504937662119468,1,3,8,3.5063833655951893,2,2025-11-13 20:01:02.007198
5395,user_687,1842,3.09207589863987,1,3,8,36.059285043640635,2,2025-08-30 20:01:02.007610
5396,user_261,764,2.34297788639814,1,3,12,52.80765465677909,3,2025-04-25 20:01:02.008612
5397,user_464,1252,3.3927293975358603,1,3,14,55.948463776357436,9,2025-08-20 20:01:02.008612
5398,user_242,1168,3.8757068452280388,1,2,11,96.13284151666222,4,2025-06-28 20:01:02.009621
5399,user_532,1188,4.420769239662665,1,2,14,59.19510833588914,5,2025-11-02 20:01:02.010723
5400,user_906,1165,2.6007795874455555,1,2,13,32.44541510342048,1,2025-07-20 20:01:02.011628
5401,user_53,121,3.1821852715293133,1,3,14,84.47651915570114,9,2025-02-16 20:01:02.011628
5402,user_276,2863,3.7638845731290718,1,2,9,37.74217278252344,7,2025-04-01 20:01:02.012619
5403,user_341,1489,2.616944244062857,1,3,14,60.857245087334235,9,2025-04-07 20:01:02.012619
5404,user_94,1886,3.9298988537189934,1,3,14,35.902064435257365,6,2025-10-20 20:01:02.013618
5405,user_316,1267,3.3210411717719848,1,2,13,65.20391441687042,8,2025-10-09 20:01:02.013618
5406,user_854,2248,4.6693679507239105,1,3,12,5.822387807126117,4,2025-01-01 20:01:02.015123
5407,user_98,2596,4.296649074897245,1,3,11,50.593482182975166,9,2025-09-09 20:01:02.015123
5408,user_306,1761,3.6589170942971263,1,2,11,35.61815391683787,7,2025-08-12 20:01:02.016130
5409,user_243,203,2.6536805110860264,1,3,14,29.51732752715919,5,2025-03-10 20:01:02.016130
5410,user_378,2311,2.322183257493559,1,3,8,70.38552456488844,4,2025-08-09 20:01:02.017130
5411,user_347,1912,3.980943429034978,1,4,13,37.645121103440445,4,2025-04-04 20:01:02.017130
5412,user_607,2616,3.223847065678081,1,4,9,23.460338381332857,9,2024-12-20 20:01:02.018130
5413,user_521,2507,2.7891118439518605,1,3,12,96.86245673010589,6,2025-11-15 20:01:02.019130
5414,user_260,2656,2.9750380265652523,1,4,8,50.94514539197756,1,2025-04-20 20:01:02.019634
5415,user_19,2471,3.724377058068436,1,2,9,26.325284178421548,9,2025-09-05 20:01:02.019634
5416,user_952,2317,4.13524216400173,1,2,11,29.711975805488944,2,2025-07-18 20:01:02.020640
5417,user_46,222,3.177264644190179,1,4,8,94.97453480397687,7,2025-02-17 20:01:02.020640
5418,user_444,104,3.283699181456801,1,2,8,48.160924611021194,8,2025-11-06 20:01:02.021641
5419,user_967,2910,3.6761355691148814,1,3,11,10.058980639423766,3,2025-11-22 20:01:02.022641
5420,user_854,1891,3.320147598548836,1,2,10,62.611514889563146,9,2024-12-24 20:01:02.022641
5421,user_86,1020,4.253310030435133,0,2,13,53.90641057669271,1,2024-12-23 20:01:02.023641
5422,user_8,1320,4.238045242684621,1,3,14,21.0743445692133,9,2025-12-10 20:01:02.024145
5423,user_926,2717,2.8055601255621334,1,3,13,85.51655230942478,3,2025-02-07 20:01:02.024145
5424,user_21,2061,2.3618777242329085,1,2,8,0.7691035977311911,8,2025-02-21 20:01:02.025151
5425,user_913,2326,3.653477809550356,1,3,13,46.64637126368611,6,2025-11-02 20:01:02.026156
5426,user_541,766,4.211551525919585,1,2,9,56.65942702381936,2,2025-04-23 20:01:02.026156
5427,user_820,2751,3.523953548811246,1,3,14,10.70031388645849,1,2025-01-27 20:01:02.027157
5428,user_895,2216,3.7624609094057964,1,3,9,74.16627668228305,7,2025-07-17 20:01:02.027663
5429,user_291,246,3.916898768027451,1,4,11,99.6740470869165,7,2025-01-09 20:01:02.027663
5430,user_958,2339,3.401271775271946,1,4,11,12.633364142185965,2,2025-10-30 20:01:02.028669
5431,user_530,724,2.6271142957916624,1,4,13,31.03213449207043,3,2025-03-29 20:01:02.029669
5432,user_498,517,4.631885800970776,1,4,14,78.23210660781422,1,2024-12-20 20:01:02.029669
5433,user_506,1722,2.9661219368862404,1,4,14,85.51421857410743,1,2025-08-15 20:01:02.029669
5434,user_690,2525,3.9356820390852305,1,4,8,85.41130070213316,2,2025-04-16 20:01:02.031174
5435,user_585,549,4.520848278760489,1,3,14,57.49321773654529,6,2025-08-23 20:01:02.031174
5436,user_799,1138,3.6225134320813956,1,3,14,76.57312859463855,7,2025-08-08 20:01:02.032181
5437,user_466,2301,3.2793312030923443,1,4,11,90.06240725048468,7,2025-05-27 20:01:02.032686
5438,user_813,686,3.1092582575883005,1,3,8,93.94578497880404,7,2025-08-09 20:01:02.033691
5439,user_83,710,3.4669938837037524,1,2,11,88.519175515735,3,2025-05-27 20:01:02.033691
5440,user_472,2525,2.5119417358861726,1,4,11,65.82381543912432,1,2025-12-06 20:01:02.034698
5441,user_310,65,2.5689347578830177,1,4,9,10.73492161556473,5,2025-07-04 20:01:02.035796
5442,user_642,659,3.342959441125363,1,4,11,11.527799128175708,3,2025-05-12 20:01:02.035796
5443,user_25,2118,3.4577270450494435,1,2,8,93.77565289346528,1,2025-02-26 20:01:02.036742
5444,user_839,2864,3.5684712313570883,1,2,13,10.592245457544058,3,2025-04-18 20:01:02.037698
5445,user_136,1186,2.863837862096312,1,2,11,51.48144294278951,3,2025-08-22 20:01:02.037698
5446,user_751,1778,3.6583573683912074,1,2,13,34.27942099843742,3,2025-01-24 20:01:02.038698
5447,user_300,2261,3.327742662357052,1,3,10,25.846250642493985,3,2025-04-19 20:01:02.039698
5448,user_848,2484,2.5288300471024177,1,4,14,8.460818603664055,2,2025-05-31 20:01:02.039698
5449,user_941,272,3.806449004553906,1,4,14,89.78194918410608,3,2024-12-23 20:01:02.040698
5450,user_340,2319,3.486954555724797,1,2,10,93.25340314600669,3,2025-02-14 20:01:02.040698
5451,user_693,2800,4.272751458677457,1,4,11,21.153970313073135,6,2025-08-01 20:01:02.041698
5452,user_95,423,2.278231555319481,1,4,13,68.26023619203247,9,2025-09-10 20:01:02.042203
5453,user_70,325,3.0488130829387954,1,4,13,98.02343934087817,9,2025-03-12 20:01:02.042203
5454,user_226,1420,3.8988789703157294,1,3,9,7.0823994732615585,8,2025-04-23 20:01:02.043210
5455,user_681,2690,3.747200003616054,0,3,10,10.530343302684809,9,2025-03-24 20:01:02.044218
5456,user_864,216,3.0617979146443095,1,4,9,56.090192143585014,8,2025-11-17 20:01:02.044218
5457,user_141,1619,3.9737154940262958,1,4,11,30.203263662434686,9,2025-06-12 20:01:02.045218
5458,user_596,2624,2.6526381186003305,1,3,9,61.34087015350165,6,2025-03-20 20:01:02.046227
5459,user_305,1029,2.8789305653120354,1,4,10,13.306336793480678,6,2025-03-27 20:01:02.046227
5460,user_684,393,3.0301765924010167,0,2,9,67.61862709781572,6,2025-02-12 20:01:02.046227
5461,user_337,1777,3.554901962021567,1,3,12,26.11087408578089,3,2024-12-22 20:01:02.047904
5462,user_102,2482,4.303242460346717,1,3,14,27.011844946604725,1,2025-06-15 20:01:02.047904
5463,user_67,2254,3.2271954331930113,1,3,14,50.20637296707447,5,2025-12-09 20:01:02.048911
5464,user_520,1543,3.386526653022989,1,2,14,7.631715467497879,7,2025-05-07 20:01:02.048911
5465,user_801,255,2.3336571774261277,1,3,13,12.112851707242122,7,2024-12-18 20:01:02.049911
5466,user_831,63,3.3725755947179312,1,3,9,55.019438585068826,8,2025-02-12 20:01:02.050911
5467,user_595,2251,3.298978592670232,1,2,14,68.2977234575921,2,2025-11-25 20:01:02.051911
5468,user_303,1912,2.6537168025964575,1,4,10,89.30599124360573,4,2025-06-06 20:01:02.051911
5469,user_40,607,2.041322495596628,0,4,10,72.40707703291088,7,2025-01-05 20:01:02.052911
5470,user_682,973,3.0102312235422217,1,4,9,4.159606938712079,3,2025-05-31 20:01:02.052911
5471,user_779,483,2.8353253142470316,1,2,11,6.830777772409369,2,2025-03-05 20:01:02.054416
5472,user_629,2466,2.3457626845373385,1,2,8,35.766275509820886,8,2025-12-10 20:01:02.054416
5473,user_202,2305,2.6577688993753816,1,3,12,78.01222730609881,9,2025-03-12 20:01:02.055423
5474,user_18,1903,3.9536224498562764,1,4,9,9.474346754465612,9,2025-04-30 20:01:02.055929
5475,user_220,2160,3.934183108627468,1,3,12,97.13792152580105,3,2025-05-20 20:01:02.056433
5476,user_17,779,3.122392543983286,1,4,8,17.488432496582607,7,2025-10-02 20:01:02.057439
5477,user_711,1582,3.2126543847443894,0,3,13,48.42070473186916,6,2025-05-15 20:01:02.057944
5478,user_540,2818,4.050864222271117,1,3,11,22.292649072054893,2,2025-06-02 20:01:02.058449
5479,user_319,2222,4.200025378638605,1,3,11,69.79682632449585,7,2025-09-11 20:01:02.058449
5480,user_959,185,3.053217651488722,1,3,8,4.885395659287783,8,2025-02-12 20:01:02.059455
5481,user_283,35,3.0153822242680026,0,2,9,69.81217796931783,7,2025-02-15 20:01:02.060455
5482,user_416,888,3.5763458284333627,1,3,12,37.120752793980735,5,2025-12-09 20:01:02.060455
5483,user_8,513,4.85949520860277,1,3,12,19.5689986769612,3,2024-12-28 20:01:02.061455
5484,user_764,2305,4.272009003183046,1,4,9,98.90907790159228,6,2025-05-07 20:01:02.061455
5485,user_860,18,3.664415095070758,1,4,14,72.58356550834964,4,2025-08-27 20:01:02.062455
5486,user_642,1545,3.5890796012785398,1,2,14,69.35072730841915,7,2025-01-11 20:01:02.063455
5487,user_508,1079,3.3082166977322878,1,2,10,62.48041467247651,2,2025-03-06 20:01:02.063455
5488,user_421,79,3.0324353194974187,1,3,8,31.17380592758322,5,2025-08-30 20:01:02.063455
5489,user_76,314,3.0298357810558905,1,4,14,20.605895665382846,5,2025-03-26 20:01:02.064961
5490,user_573,1535,3.4671829774176346,1,2,11,7.470216089602744,8,2025-06-16 20:01:02.064961
5491,user_963,1965,2.476414598750545,1,2,13,32.81546194764253,7,2025-04-13 20:01:02.065970
5492,user_785,1097,3.9476045634405215,1,4,12,27.188179494902375,9,2025-03-26 20:01:02.066968
5493,user_43,418,3.1650118810461616,1,3,9,77.62034672673319,5,2025-06-11 20:01:02.066968
5494,user_817,1404,3.4761004781989353,1,3,8,12.711347759232073,2,2025-11-19 20:01:02.067968
5495,user_253,1699,4.057468027196937,1,2,10,80.58176627498902,8,2025-04-24 20:01:02.067968
5496,user_427,956,3.524727021957166,1,2,13,41.624187702220404,9,2025-02-08 20:01:02.069472
5497,user_313,1752,3.9061230224059305,1,2,10,3.5084789724432075,3,2025-01-19 20:01:02.069472
5498,user_34,2117,4.0090075260361475,0,4,13,4.0856687563529555,6,2025-04-06 20:01:02.070478
5499,user_37,2092,3.0629799660747383,1,4,10,61.39480566935188,1,2025-04-27 20:01:02.070478
5500,user_182,466,3.3065363120022293,1,2,13,98.56218595917726,8,2025-04-13 20:01:02.071479
5501,user_627,1015,3.0782288011226195,1,3,12,55.894058988234555,1,2025-03-07 20:01:02.072478
5502,user_660,368,2.906823226948767,1,3,10,97.05692781576369,6,2025-01-25 20:01:02.072478
5503,user_21,178,3.4878130297491934,1,2,14,38.60676833603749,4,2025-11-23 20:01:02.073479
5504,user_363,1920,2.8847352941596713,1,2,13,52.779140554876655,3,2024-12-23 20:01:02.073983
5505,user_189,2199,2.4597006364130363,1,4,13,28.994291686393403,1,2025-09-17 20:01:02.073983
5506,user_672,875,3.9815609703526236,1,3,9,80.72859401623712,4,2025-03-03 20:01:02.074991
5507,user_119,1577,3.9893285246635384,1,2,12,57.716249816531636,7,2025-07-24 20:01:02.074991
5508,user_56,1239,2.810928463812004,1,3,11,52.104826278295725,9,2025-04-10 20:01:02.076497
5509,user_512,927,3.370127866569421,1,4,10,76.37849763281164,9,2025-10-21 20:01:02.077013
5510,user_369,163,4.225291490732115,1,4,10,80.72312916803529,9,2025-01-10 20:01:02.077013
5511,user_856,1051,3.6380912361752786,1,4,14,20.800709745500722,4,2025-08-27 20:01:02.078019
5512,user_250,1386,4.145817184660846,1,2,13,69.30389468500081,9,2025-06-07 20:01:02.079019
5513,user_426,216,3.036083453345244,1,3,10,88.72109930416968,7,2025-06-20 20:01:02.079019
5514,user_442,2020,3.377655307439856,1,2,8,96.71131653352923,3,2025-05-07 20:01:02.080019
5515,user_563,1381,3.4018786966974375,1,4,14,29.690405563469046,1,2025-05-09 20:01:02.080019
5516,user_558,2001,4.778013718497078,1,3,8,80.68572216561053,8,2025-04-09 20:01:02.080019
5517,user_369,104,3.9476236846553365,1,2,10,64.83682587574428,3,2025-03-14 20:01:02.081525
5518,user_870,758,3.5190195020565604,1,3,10,48.134045648671886,3,2025-11-17 20:01:02.082531
5519,user_656,1531,2.4147108181679386,1,3,9,51.99079635594419,7,2024-12-12 20:01:02.083037
5520,user_469,2824,4.140364875370926,1,4,12,68.5002412300274,9,2025-02-24 20:01:02.083542
5521,user_971,984,3.0455391296309062,0,4,14,30.194742783610916,6,2025-05-29 20:01:02.084548
5522,user_390,2102,4.114888380167456,1,2,9,73.12478041271315,5,2025-01-24 20:01:02.084548
5523,user_56,823,3.214385910494575,1,2,8,87.78714276763837,5,2025-10-15 20:01:02.085554
5524,user_47,1976,2.528279913678005,1,4,8,79.76039294333856,9,2025-06-18 20:01:02.085554
5525,user_499,703,5.0,1,3,10,36.01261219941615,9,2025-11-02 20:01:02.086554
5526,user_101,1392,4.306839751410222,1,3,8,43.73697740845716,1,2025-01-06 20:01:02.086554
5527,user_674,1574,4.055383814463998,1,4,14,81.39739543824645,1,2025-06-30 20:01:02.088592
5528,user_512,2428,2.201681202556066,1,3,13,52.74662850537772,9,2025-03-03 20:01:02.089570
5529,user_153,33,3.4680212701486695,1,3,11,49.14558254465786,7,2025-10-06 20:01:02.090568
5530,user_914,589,3.450214494772712,1,4,14,39.59555512242403,5,2025-06-15 20:01:02.092091
5531,user_938,1279,2.1269426837052725,1,3,11,69.17635455849872,5,2025-04-08 20:01:02.093122
5532,user_65,2443,2.4734586275621275,0,3,8,86.49341403702817,5,2025-09-24 20:01:02.093122
5533,user_18,1970,4.159331546087853,1,3,13,16.042569347865864,9,2025-04-26 20:01:02.094315
5534,user_792,1250,2.991733205201173,1,4,13,52.935722749395296,2,2025-09-06 20:01:02.095315
5535,user_768,783,2.3620167152426763,1,4,13,94.16199155510569,6,2025-08-14 20:01:02.095819
5536,user_184,2479,2.9286621360259324,1,4,13,8.124958166955288,3,2025-02-11 20:01:02.095819
5537,user_602,1126,3.5789712359906876,0,4,14,78.10695369052124,7,2025-02-12 20:01:02.096826
5538,user_751,1540,2.8476744579370767,1,4,14,62.03776861817673,6,2025-09-13 20:01:02.096826
5539,user_477,2699,2.39574241658926,0,3,8,23.86239495219048,7,2025-09-19 20:01:02.097826
5540,user_899,2015,3.949716036089723,1,4,11,5.592845786580513,8,2025-05-13 20:01:02.098331
5541,user_508,744,2.679640231623019,1,3,14,34.31940674672907,5,2025-09-07 20:01:02.099337
5542,user_50,1872,2.5896939967109267,0,2,13,22.509685391235834,6,2025-06-29 20:01:02.099337
5543,user_701,2856,3.9762981880546904,1,3,10,1.7510481414907964,5,2025-05-19 20:01:02.100337
5544,user_956,2585,2.9416683345594845,1,2,10,94.85165097695736,2,2025-11-19 20:01:02.100337
5545,user_761,2411,2.8458986826225425,0,3,8,11.991117249706695,4,2025-11-03 20:01:02.101336
5546,user_504,1869,2.7374083216977696,1,2,12,9.692510213671712,7,2025-03-10 20:01:02.101336
5547,user_736,488,3.3495926257675386,1,4,9,98.85092387276465,7,2025-09-21 20:01:02.102841
5548,user_888,2419,4.528984558648817,1,2,9,23.93251016011503,6,2025-10-15 20:01:02.102841
5549,user_780,1173,3.021549804855688,1,3,14,54.64984185256573,4,2025-10-28 20:01:02.102841
5550,user_199,23,4.634108463308811,1,4,12,81.09724310191434,6,2024-12-29 20:01:02.104346
5551,user_86,209,3.2055323213285076,1,3,14,39.957100071497884,3,2025-03-29 20:01:02.105354
5552,user_962,1491,2.694593510163443,1,4,11,98.10016763629878,6,2025-09-26 20:01:02.105354
5553,user_389,1225,4.538054619719762,1,2,9,60.11022485492349,2,2025-10-06 20:01:02.106353
5554,user_808,1063,4.1541664631643265,1,2,10,2.8123469417916214,5,2025-01-24 20:01:02.107363
5555,user_905,1075,3.928743595109459,1,2,9,41.01948658589259,2,2025-07-01 20:01:02.107363
5556,user_864,368,2.2762190060892693,1,3,11,31.296906015522595,3,2025-06-25 20:01:02.108369
5557,user_724,2840,3.221097980030477,1,3,13,14.83947577576188,8,2025-11-01 20:01:02.108873
5558,user_877,2690,2.6533950248547122,1,4,9,57.42351608939953,6,2025-10-26 20:01:02.109905
5559,user_116,2564,3.90685809697244,1,4,11,66.58771449260408,4,2025-06-22 20:01:02.109905
5560,user_411,2535,3.79332599992179,1,2,8,21.338691272290443,4,2025-08-10 20:01:02.110877
5561,user_384,1005,4.3136206105454775,1,3,8,37.670516964212986,7,2025-09-17 20:01:02.111879
5562,user_764,1690,3.8243882805856177,1,4,13,76.55277574406779,8,2025-06-23 20:01:02.111879
5563,user_404,1429,2.1989603619807516,1,3,9,81.58347896358184,2,2025-06-14 20:01:02.112879
5564,user_264,2242,4.129856898678138,1,2,11,4.763426344881849,5,2025-03-31 20:01:02.112879
5565,user_449,720,3.13641356791266,1,4,11,5.043770203927478,7,2025-04-14 20:01:02.113879
5566,user_46,114,2.890891598468094,1,3,12,5.984603858624693,2,2025-03-20 20:01:02.113879
5567,user_964,2716,3.512421438619226,1,3,13,34.794397019765796,9,2024-12-20 20:01:02.115384
5568,user_394,1311,4.037372959043424,1,4,8,68.09291569366148,3,2025-06-12 20:01:02.115384
5569,user_161,1640,4.360821256142397,1,4,13,39.15481298170101,2,2025-10-27 20:01:02.116390
5570,user_932,810,2.924578779216713,1,2,11,47.64522018173426,8,2024-12-29 20:01:02.116390
5571,user_844,2665,3.9744942159481593,1,3,10,25.331842313685282,4,2025-11-11 20:01:02.117390
5572,user_215,2517,3.045376523581234,1,3,10,82.676063342291,3,2024-12-12 20:01:02.117390
5573,user_231,2717,2.9354008451048297,0,3,13,57.57339575537564,6,2025-08-02 20:01:02.117390
5574,user_748,523,2.4681234855732863,1,4,12,20.5182062542299,9,2025-03-22 20:01:02.118896
5575,user_28,711,2.465663616466604,1,4,14,94.47516429014483,6,2025-09-14 20:01:02.119902
5576,user_331,151,2.8644917936895835,1,3,13,45.55435709965126,4,2025-02-22 20:01:02.119902
5577,user_216,168,3.8515170092923294,1,2,12,27.53253038807486,5,2025-02-19 20:01:02.120902
5578,user_434,2367,3.258956831719725,1,4,12,94.23648465755225,7,2025-09-17 20:01:02.121924
5579,user_206,2610,3.576488241672508,1,4,9,6.302885287127491,3,2025-05-27 20:01:02.121924
5580,user_967,738,4.233688888423024,1,3,14,98.71959744186861,1,2025-06-17 20:01:02.123433
5581,user_426,170,2.560830479909513,1,4,10,49.41532235980958,5,2025-11-21 20:01:02.125438
5582,user_599,2473,3.534691340136898,1,4,9,98.41527653173495,6,2025-04-28 20:01:02.125438
5583,user_407,1946,2.519058516597306,1,4,11,0.25293967947646046,2,2025-05-25 20:01:02.126455
5584,user_499,1788,4.421116548481651,1,4,13,63.959461037323685,9,2025-12-06 20:01:02.127439
5585,user_237,732,2.8976366622453402,1,3,8,1.537733434701516,8,2025-02-11 20:01:02.127944
5586,user_79,209,2.887131905444322,1,2,14,37.447755452561196,1,2025-10-03 20:01:02.127944
5587,user_355,643,4.476388744913448,1,3,8,50.762539542551636,9,2024-12-21 20:01:02.128950
5588,user_749,2222,3.7130597301694905,1,4,14,23.261699447722563,4,2025-06-20 20:01:02.129951
5589,user_732,1447,3.2482869435913146,1,2,13,70.34727721303311,7,2025-04-25 20:01:02.129951
5590,user_799,626,4.095286280141218,1,4,9,5.633329592447089,6,2025-08-14 20:01:02.129951
5591,user_236,1771,3.49146831299208,1,4,13,9.669751374705593,8,2025-04-05 20:01:02.131456
5592,user_886,2893,4.04449854414005,1,2,8,54.94514944575069,2,2025-08-08 20:01:02.132346
5593,user_685,1570,3.550331496203698,1,3,12,53.678170866424566,5,2025-11-08 20:01:02.132346
5594,user_448,698,2.9754363965821944,1,4,12,19.759419649401476,5,2025-01-05 20:01:02.133352
5595,user_730,870,3.664553677787646,1,2,14,74.18794817471773,1,2025-01-09 20:01:02.133857
5596,user_878,2882,3.769689246669542,1,3,12,64.32383953782458,6,2025-05-27 20:01:02.133857
5597,user_752,2770,3.701637197576596,1,4,9,24.279098802664002,5,2025-06-19 20:01:02.134863
5598,user_376,780,4.915503490238566,1,2,11,64.68336203055937,1,2025-03-15 20:01:02.135863
5599,user_140,916,4.196655346776222,1,4,14,76.50369650036276,8,2025-02-16 20:01:02.135863
5600,user_922,620,3.1170274421342006,1,4,8,51.055994608356094,2,2025-02-10 20:01:02.136863
5601,user_216,1316,3.6034474881777143,0,3,11,36.19308756927359,9,2025-08-11 20:01:02.137862
5602,user_9,1190,4.392034488479165,1,3,11,57.195647274796535,2,2025-11-15 20:01:02.137862
5603,user_123,402,3.6108530093710676,1,4,12,4.251800495631109,7,2025-01-29 20:01:02.137862
5604,user_302,1125,3.33089925993255,1,4,10,91.64381432894247,3,2025-01-24 20:01:02.139366
5605,user_11,92,4.264504660204864,1,3,9,35.49392021757834,5,2025-02-22 20:01:02.140372
5606,user_260,709,2.6733849316033287,1,3,12,54.51572412015413,1,2025-10-24 20:01:02.140372
5607,user_535,1846,3.986612648821659,1,3,8,5.456054173112768,1,2025-08-11 20:01:02.141369
5608,user_19,2615,3.099439005949351,0,2,9,62.15705058712216,7,2025-03-03 20:01:02.142894
5609,user_365,2531,3.6593507306718838,1,4,8,65.16435092896225,2,2025-11-29 20:01:02.142894
5610,user_233,1462,4.209416870832245,1,4,12,31.153252854534507,4,2025-11-26 20:01:02.143906
5611,user_810,55,2.8357598651324034,1,4,13,18.120668172693556,7,2025-03-25 20:01:02.143906
5612,user_554,2347,2.7934787480095045,1,2,8,19.883118643060648,5,2025-06-09 20:01:02.145412
5613,user_448,1338,2.1868759061474945,1,4,10,3.9499369205348023,2,2025-11-02 20:01:02.146090
5614,user_653,1395,4.106002582898242,1,2,13,71.4625883420646,6,2025-07-30 20:01:02.146452
5615,user_377,2915,3.3770607079751063,1,3,13,11.891080617668237,8,2025-03-31 20:01:02.147096
5616,user_867,1461,2.4553056212693134,1,3,11,61.80919190373309,5,2025-11-21 20:01:02.147096
5617,user_91,1819,2.5518131742966212,1,2,12,50.1939020439161,5,2025-07-17 20:01:02.148601
5618,user_933,1255,2.4594162535940676,0,4,8,28.927526317037078,8,2025-09-16 20:01:02.148601
5619,user_404,1278,2.6302848276265927,1,2,13,55.27058426461825,2,2025-11-10 20:01:02.149606
5620,user_63,2564,3.9226121630316135,1,3,11,40.20922652413825,4,2025-03-29 20:01:02.149606
5621,user_88,362,3.9445072328644595,1,2,11,88.11434342268406,7,2025-06-12 20:01:02.150607
5622,user_421,762,3.4485065520486686,1,4,12,16.65752834613481,1,2025-04-08 20:01:02.150607
5623,user_318,699,3.5418937829976236,1,2,11,8.070082135709544,8,2025-08-11 20:01:02.151607
5624,user_749,318,3.885423432049623,1,2,8,88.99656844165662,2,2025-04-11 20:01:02.151607
5625,user_790,2614,3.93678678751431,1,4,14,97.79033744810768,7,2025-09-15 20:01:02.152607
5626,user_226,2161,3.825089946632034,1,3,8,26.025854039647488,7,2025-12-03 20:01:02.153607
5627,user_610,1571,2.4572033570410285,1,3,11,48.99818202117401,4,2025-04-09 20:01:02.153607
5628,user_5,584,3.1687420045774317,1,4,14,92.1961987242839,6,2025-02-20 20:01:02.155112
5629,user_504,1311,4.474772530955041,1,2,8,20.63824646216421,3,2025-02-16 20:01:02.155616
5630,user_319,2526,4.530297087271632,1,4,13,97.1725781863591,6,2025-05-20 20:01:02.155616
5631,user_23,2424,3.173671254231131,1,4,11,94.4342877783241,5,2025-06-16 20:01:02.156623
5632,user_207,2001,4.169768361707656,1,3,9,47.67157944793576,6,2025-07-28 20:01:02.157128
5633,user_844,550,4.181327642887503,1,4,8,50.67394609663781,2,2025-05-22 20:01:02.157128
5634,user_66,2564,3.4716546637138608,1,4,11,84.72021799769853,2,2025-07-29 20:01:02.158780
5635,user_427,1817,4.130962009932482,1,4,13,2.872713365393287,1,2025-06-24 20:01:02.158780
5636,user_923,128,4.519116023254016,1,3,12,80.5784992018418,5,2025-03-19 20:01:02.159788
5637,user_75,1092,3.6240112803061804,0,3,9,58.13910991978334,5,2025-02-05 20:01:02.160788
5638,user_903,2135,3.4526278024147903,1,4,14,45.96241036890242,7,2025-09-29 20:01:02.160788
5639,user_805,580,4.517436132993032,1,2,9,36.155029754571764,7,2025-05-05 20:01:02.161788
5640,user_440,822,3.66178298376483,1,3,9,83.34626668602832,2,2025-08-05 20:01:02.162787
5641,user_400,2608,3.683538465097183,1,4,14,57.334580841997116,2,2025-06-08 20:01:02.163786
5642,user_943,1880,2.976644819620748,1,2,11,19.138267875923766,6,2025-01-25 20:01:02.164786
5643,user_315,135,2.686765563973608,1,2,8,69.54967509006372,7,2025-10-11 20:01:02.165540
5644,user_166,1740,1.8625655779986166,1,2,10,58.62059353395086,9,2025-01-15 20:01:02.166556
5645,user_250,359,2.8075588340078306,1,3,14,32.206936098480085,6,2025-09-08 20:01:02.166556
5646,user_29,1115,4.3649605984524555,1,4,13,29.431267864313714,7,2025-06-02 20:01:02.167555
5647,user_684,262,3.3995767031021527,1,3,8,27.301992143622023,1,2025-06-27 20:01:02.167555
5648,user_678,2488,2.8389619624727707,1,3,9,83.4837573038732,9,2025-04-24 20:01:02.167555
5649,user_749,1041,4.732291154924315,1,3,11,17.910754528902405,1,2025-06-29 20:01:02.169061
5650,user_926,2727,3.0361506925729063,1,3,9,34.20834627337344,2,2025-04-07 20:01:02.169061
5651,user_137,65,2.203307575618683,1,3,8,52.43542594203608,8,2025-01-02 20:01:02.170068
5652,user_703,226,4.146616353291576,1,3,10,71.61207971309945,4,2025-08-17 20:01:02.171066
5653,user_358,432,2.865911446591511,1,4,10,44.6442685972815,3,2025-06-10 20:01:02.171571
5654,user_334,2553,4.157737474855299,1,4,12,33.4093454351274,6,2025-03-10 20:01:02.171571
5655,user_641,205,2.853651300722053,0,4,10,27.922773530552792,7,2025-03-30 20:01:02.172578
5656,user_380,2229,3.3529534697489143,1,2,9,57.381353357595714,1,2025-01-21 20:01:02.173578
5657,user_570,1174,4.155793134773993,1,4,10,76.04485206948192,9,2025-04-30 20:01:02.174083
5658,user_949,2153,3.9426153210382986,1,4,8,78.17533789058156,7,2024-12-31 20:01:02.174083
5659,user_728,465,4.080218100901703,1,2,13,44.859236168784044,1,2025-08-02 20:01:02.175090
5660,user_776,2463,3.447940796041568,1,2,10,80.45188242877641,5,2025-05-03 20:01:02.175090
5661,user_22,1892,2.801518047665991,1,4,13,39.42097637821141,2,2025-11-08 20:01:02.177101
5662,user_807,252,4.2245286150394135,1,2,8,31.112397479181652,3,2025-07-11 20:01:02.177606
5663,user_154,2841,3.0766086724175072,1,2,13,20.01540835688227,9,2025-06-25 20:01:02.177606
5664,user_781,219,5.0,0,4,14,15.62188607805014,2,2025-11-03 20:01:02.178613
5665,user_198,104,3.340470521616899,1,4,9,23.33603700806066,8,2025-02-07 20:01:02.179612
5666,user_221,2703,3.1802815008677725,0,4,13,85.45395840437116,1,2025-08-25 20:01:02.179612
5667,user_393,2094,2.498300880747193,1,4,14,10.179874065859762,8,2025-02-08 20:01:02.179612
5668,user_536,1617,3.8318645377530434,1,2,13,23.326488973275904,5,2025-09-02 20:01:02.181117
5669,user_653,1027,3.6259233497236005,1,4,8,74.21444255511705,4,2025-09-22 20:01:02.181117
5670,user_632,1388,4.436653850107365,1,3,13,94.18243745161729,9,2025-03-13 20:01:02.182629
5671,user_527,1887,4.319985355285054,1,4,12,80.88595235377278,2,2025-10-30 20:01:02.182629
5672,user_3,1284,3.3056476116063154,1,2,14,87.47005614955972,3,2025-08-29 20:01:02.183633
5673,user_216,2457,3.3193077613191226,1,3,8,27.269149305885975,3,2025-07-06 20:01:02.183633
5674,user_229,2847,3.082909471331978,1,2,11,48.443998736506586,9,2025-02-20 20:01:02.184640
5675,user_176,1004,2.434174681605579,1,4,11,90.28306150142225,1,2025-10-10 20:01:02.185640
5676,user_838,1176,2.885741039021804,1,2,8,65.49075480347008,2,2025-06-29 20:01:02.185640
5677,user_491,563,2.6410698214709987,1,3,8,14.91510936017556,2,2025-11-02 20:01:02.186640
5678,user_615,1205,3.356266899705146,1,2,8,17.92788222367031,6,2025-05-04 20:01:02.187145
5679,user_773,556,2.9342624115227505,1,4,10,23.19264953260175,9,2025-09-20 20:01:02.188152
5680,user_103,462,3.666327597861391,1,3,12,72.85990316014068,7,2025-03-29 20:01:02.189152
5681,user_632,2880,3.8040885068392822,1,2,8,78.56775931623268,5,2025-02-15 20:01:02.190150
5682,user_801,1096,4.0227199014485615,1,3,13,54.357230494262545,6,2025-01-21 20:01:02.191152
5683,user_309,2085,4.057502441782911,1,4,8,11.265320016380098,1,2025-07-15 20:01:02.192171
5684,user_470,2262,3.857835721255734,1,2,9,25.767710991732727,1,2025-05-14 20:01:02.192679
5685,user_279,2907,3.525355392953464,1,4,14,65.03975054040193,5,2025-09-12 20:01:02.193184
5686,user_827,2313,4.323824313521821,1,4,13,47.28359552955891,6,2025-01-05 20:01:02.194217
5687,user_362,211,4.473738032284489,1,2,13,4.176160812703489,6,2025-01-10 20:01:02.194217
5688,user_576,957,4.118550516553825,1,2,9,51.327933225232755,4,2025-09-19 20:01:02.195696
5689,user_233,761,3.3058370598311884,1,4,8,34.85785156042691,6,2025-02-14 20:01:02.196201
5690,user_428,401,2.7713576717001525,1,3,12,84.97591744214755,1,2025-09-11 20:01:02.196201
5691,user_160,2153,4.564116597186706,1,2,8,16.44965329173187,3,2025-09-02 20:01:02.196201
5692,user_812,248,4.422662845710365,1,3,10,73.17692802096528,7,2025-06-23 20:01:02.197846
5693,user_712,106,3.053678690251887,1,4,13,47.40047549061329,8,2025-10-13 20:01:02.197846
5694,user_146,2663,3.486754499218242,1,2,9,0.7835173112860194,7,2025-01-08 20:01:02.198854
5695,user_169,1731,3.334598077360801,1,3,13,76.06002032466282,5,2025-09-22 20:01:02.199854
5696,user_171,957,3.0299847396580013,1,3,9,20.01349746309229,9,2025-05-22 20:01:02.199854
5697,user_412,377,2.358298255844389,1,2,14,86.62949600217586,7,2025-03-07 20:01:02.200854
5698,user_114,1233,5.0,1,2,14,23.706112288919577,8,2025-03-04 20:01:02.200854
5699,user_740,2192,1.985363000320243,1,3,13,54.94434898921994,9,2025-09-02 20:01:02.202360
5700,user_809,2838,2.820228186298614,1,3,10,51.22226399073675,7,2025-09-07 20:01:02.203365
5701,user_44,2338,2.7053657370722433,1,4,13,60.07853084529617,4,2025-05-19 20:01:02.204366
5702,user_551,2412,2.629699176912075,1,2,12,94.18952720779771,7,2025-02-08 20:01:02.204871
5703,user_267,43,3.2546072316149868,0,3,10,1.411863348582798,9,2025-07-08 20:01:02.204871
5704,user_859,380,3.2283042165352698,1,4,13,80.0252881234973,7,2024-12-13 20:01:02.206376
5705,user_703,27,4.170956822211181,1,3,12,26.323713876955303,7,2025-04-22 20:01:02.206376
5706,user_247,1977,2.141611509665567,1,4,10,89.7279440952669,3,2024-12-27 20:01:02.207384
5707,user_919,2036,2.808982797956703,1,4,11,12.186303823803202,9,2025-01-22 20:01:02.208394
5708,user_117,2903,3.0274372243363756,0,3,8,32.95142198584675,3,2025-09-18 20:01:02.209401
5709,user_882,971,4.1034371220269215,1,3,14,88.8710285872585,1,2025-07-19 20:01:02.209401
5710,user_268,892,4.027263182883684,1,2,8,3.8433143490149035,3,2024-12-29 20:01:02.210400
5711,user_65,2844,3.535487739675823,1,4,10,75.32553919534276,2,2025-11-11 20:01:02.210400
5712,user_356,530,3.324241578068666,1,4,14,65.02488430168547,2,2025-07-28 20:01:02.211400
5713,user_161,801,3.890528507294285,1,3,10,7.050439553695387,6,2025-04-26 20:01:02.212400
5714,user_702,117,4.029571631548003,1,3,12,89.23698982253471,8,2025-01-02 20:01:02.212400
5715,user_522,98,2.5242777498742157,1,4,12,30.767184812394056,3,2025-09-09 20:01:02.213400
5716,user_121,1323,3.2239493730797695,1,3,8,60.46012175027106,6,2025-04-26 20:01:02.213400
5717,user_668,2452,2.621002604516568,1,4,9,42.478973749672,2,2025-04-18 20:01:02.213400
5718,user_643,2377,2.6055138556975304,1,3,12,41.0248534881343,5,2025-03-01 20:01:02.214906
5719,user_359,1609,2.988864258325457,1,3,8,79.07102251994925,8,2025-04-26 20:01:02.215913
5720,user_788,617,4.810912900773127,1,2,9,21.69879644989301,5,2025-08-01 20:01:02.215913
5721,user_286,2032,4.633680090785775,1,4,14,48.86385681536599,2,2025-07-13 20:01:02.216913
5722,user_156,613,5.0,1,4,10,45.824141891378744,8,2025-06-24 20:01:02.216913
5723,user_663,1711,2.9812935455065035,1,2,13,19.19442878630242,9,2025-07-27 20:01:02.218418
5724,user_761,2197,3.177088676948105,0,4,10,7.881229970197767,1,2025-03-04 20:01:02.218923
5725,user_253,2551,4.2418531473223124,0,3,9,46.7203113855843,6,2025-06-09 20:01:02.218923
5726,user_867,573,3.3781594703179114,0,4,14,55.73165370701601,8,2025-03-02 20:01:02.219929
5727,user_196,736,4.282858004401606,1,2,10,45.33195984111992,8,2025-09-01 20:01:02.220928
5728,user_962,1343,3.748434148998637,1,2,12,88.43568097607005,8,2025-07-16 20:01:02.220928
5729,user_818,1965,4.618641193070133,1,2,14,71.29329280352923,8,2025-06-03 20:01:02.221930
5730,user_226,565,2.990596220047741,1,3,14,83.21990160420253,4,2025-11-07 20:01:02.221930
5731,user_743,2201,3.1518712995044593,1,4,9,52.68350927876572,7,2025-04-03 20:01:02.223435
5732,user_487,804,3.6158813547096074,1,4,11,65.7058854442081,5,2025-09-22 20:01:02.224464
5733,user_564,668,2.814163907445518,1,2,10,69.21683937215111,7,2024-12-18 20:01:02.225443
5734,user_854,1640,4.029673397341704,1,2,9,94.66985773454252,2,2025-05-11 20:01:02.226974
5735,user_83,2453,3.7844182240673816,1,4,8,95.01992162576268,6,2025-09-19 20:01:02.229002
5736,user_600,2273,3.7095172958090794,1,2,13,7.903434540117349,8,2025-09-10 20:01:02.230002
5737,user_803,2200,3.1538935517608713,0,4,13,2.4300062165865444,5,2025-09-16 20:01:02.230002
5738,user_210,382,2.914189719899657,1,4,11,56.30176955768055,8,2024-12-15 20:01:02.232556
5739,user_411,2016,3.4192926870338742,0,4,10,1.6519611599961848,6,2025-04-18 20:01:02.232556
5740,user_336,1994,4.072357209656033,1,3,10,31.782691114730987,9,2025-06-07 20:01:02.234243
5741,user_766,1365,3.8897835822078184,1,2,10,87.12277426609734,4,2025-06-05 20:01:02.235400
5742,user_280,62,2.9337758568349694,1,4,13,87.2754517947202,3,2025-03-01 20:01:02.236427
5743,user_131,1071,4.127093473878965,1,2,8,19.590130470644063,7,2025-05-02 20:01:02.237409
5744,user_283,2596,3.545937332532806,1,2,13,46.8792771769709,6,2025-01-04 20:01:02.238412
5745,user_65,606,1.9100006874502338,1,3,12,46.001684867900636,6,2024-12-19 20:01:02.238412
5746,user_391,375,3.2168978343611783,0,3,14,8.740188095081658,3,2025-04-16 20:01:02.239428
5747,user_502,1607,3.761639988246696,1,2,13,99.44618477442528,7,2025-08-26 20:01:02.240411
5748,user_830,29,3.1762208269998404,1,4,14,78.33334334968626,1,2025-01-11 20:01:02.240411
5749,user_206,2004,4.233829009345181,1,3,10,84.98130653571617,8,2024-12-18 20:01:02.240411
5750,user_851,554,3.4268729787825807,1,2,9,34.40822019234581,8,2025-06-03 20:01:02.241934
5751,user_806,1927,4.987728763578938,0,4,13,26.26595630220295,9,2025-03-08 20:01:02.242947
5752,user_387,1225,3.5606463134632964,0,3,8,0.03144519538466062,2,2025-03-27 20:01:02.244488
5753,user_38,816,3.983042687257333,1,2,8,78.5286450874341,5,2025-07-21 20:01:02.245520
5754,user_185,2594,4.41413673976837,1,3,10,62.59638666583891,3,2025-09-07 20:01:02.246203
5755,user_652,2317,3.7729998597309615,1,4,10,91.45723282670734,2,2025-09-04 20:01:02.247890
5756,user_60,1346,4.10935820889705,0,2,13,93.55536385271293,9,2025-10-13 20:01:02.248917
5757,user_297,2106,4.767991613818655,1,2,14,67.9863074730574,2,2025-10-31 20:01:02.249916
5758,user_28,2324,2.9788016325747986,1,4,9,10.581389312695011,1,2025-05-01 20:01:02.251916
5759,user_451,2075,3.607574601250641,1,3,12,84.61031400809817,6,2025-08-19 20:01:02.252915
5760,user_19,1007,3.0778820373495055,1,3,12,80.42364969799412,2,2025-11-08 20:01:02.252915
5761,user_281,672,3.4980253053465638,1,2,13,43.71110202378215,3,2025-06-27 20:01:02.255427
5762,user_577,958,3.5656495726012185,1,4,8,64.65335523971511,1,2025-09-23 20:01:02.256424
5763,user_270,2472,3.1837334266675095,1,3,13,7.334935972139922,4,2025-03-27 20:01:02.256955
5764,user_821,2755,3.946776570590922,1,3,10,34.12526594538502,9,2025-03-15 20:01:02.258523
5765,user_725,2233,3.2609103624751126,1,4,14,47.72349578339893,8,2025-07-18 20:01:02.259534
5766,user_612,1361,2.9453119151233476,1,4,14,52.379306848400674,8,2025-02-14 20:01:02.260536
5767,user_970,66,2.8834123510798184,1,3,14,54.00551569225348,6,2025-09-01 20:01:02.260536
5768,user_313,951,3.9310070507178305,1,4,13,59.157682076975746,9,2025-09-17 20:01:02.261663
5769,user_8,135,3.250022797416454,1,4,11,85.06970513256161,8,2025-11-11 20:01:02.262694
5770,user_681,2834,4.493663564755226,1,4,11,61.93873559693015,6,2025-04-06 20:01:02.263689
5771,user_569,2556,3.5587376257920593,1,2,8,36.00196140898184,9,2025-02-21 20:01:02.265765
5772,user_508,1797,2.952742192419315,1,3,11,72.66172452740078,3,2025-11-12 20:01:02.266791
5773,user_940,1628,4.2236004457213125,1,2,8,66.60413524819403,3,2025-03-31 20:01:02.267790
5774,user_867,1382,3.391436362326198,1,3,13,79.98129038347462,1,2025-05-31 20:01:02.267790
5775,user_651,1043,4.134177912311453,1,4,14,81.33474851998753,2,2025-02-27 20:01:02.269312
5776,user_402,252,4.000585175322556,0,3,11,55.1308301198228,4,2025-12-07 20:01:02.270337
5777,user_744,2726,3.6456826669381437,1,4,11,56.314182881052254,4,2025-05-13 20:01:02.271324
5778,user_140,2686,3.5207679851976916,1,2,8,81.77266725096707,4,2025-03-25 20:01:02.272328
5779,user_653,2688,3.203151589321819,1,4,10,36.79223852803789,9,2025-01-15 20:01:02.273348
5780,user_410,2806,2.101777360045193,1,3,11,12.372737484735241,3,2025-06-07 20:01:02.273887
5781,user_386,1146,4.981696290671044,1,2,13,72.03886052994257,3,2025-06-24 20:01:02.274893
5782,user_475,1617,2.299562819770272,1,3,8,89.75350521706633,9,2025-12-07 20:01:02.274893
5783,user_628,2348,2.675078414346677,1,4,10,56.96721334789782,3,2025-11-29 20:01:02.275878
5784,user_217,1352,4.477331092405036,1,3,9,42.95069224354946,2,2024-12-29 20:01:02.277396
5785,user_174,1415,2.9855021577293295,1,3,12,69.27062534654131,9,2025-09-14 20:01:02.278425
5786,user_876,2779,3.820345730729371,1,2,9,54.11363517300267,3,2025-09-17 20:01:02.279424
5787,user_646,2868,2.3140975644360835,1,4,9,88.34118802466094,3,2025-08-07 20:01:02.279424
5788,user_826,116,1.6026126775304776,1,4,13,36.751731537451924,6,2025-04-20 20:01:02.281970
5789,user_862,1191,3.0510727146834578,1,3,12,8.994619640338808,6,2025-02-12 20:01:02.282492
5790,user_856,1548,3.4840094948831655,1,3,13,17.010628044583008,3,2025-02-01 20:01:02.283518
5791,user_935,1239,3.0746890256003176,1,2,8,18.930353649144884,2,2025-09-03 20:01:02.284701
5792,user_265,1191,3.8079858222485137,1,2,9,91.82805259955505,5,2024-12-12 20:01:02.285701
5793,user_922,384,2.515281441316704,1,2,12,59.03325525913774,6,2025-06-24 20:01:02.286700
5794,user_79,803,3.3325133538549485,1,4,12,47.632282962614056,2,2025-02-20 20:01:02.288707
5795,user_129,1916,2.8452674020479654,1,2,10,38.73592479846653,5,2025-10-29 20:01:02.289794
5796,user_908,1685,1.9598721029616928,1,4,11,92.60353357356722,9,2025-01-26 20:01:02.290795
5797,user_137,354,2.8842008279322804,0,3,10,61.44977357425403,7,2025-09-12 20:01:02.291688
5798,user_808,2421,3.9165171288584353,1,2,9,61.59272548355914,5,2025-01-30 20:01:02.292998
5799,user_385,2139,2.812445178275213,1,4,12,88.12403788732077,2,2025-03-13 20:01:02.294126
5800,user_144,2726,2.781776778022938,1,4,10,98.28007268630552,3,2025-08-24 20:01:02.294126
5801,user_570,997,3.7322725763247853,1,3,14,39.42830863845847,4,2025-09-18 20:01:02.295743
5802,user_811,1674,2.62491568768872,1,2,12,39.72669019908339,3,2025-07-06 20:01:02.296750
5803,user_728,1326,2.7254143657782364,1,3,8,76.04241776439949,7,2025-09-13 20:01:02.297869
5804,user_708,2689,2.616227972559984,1,4,13,87.11954020224856,1,2025-07-19 20:01:02.299185
5805,user_54,1090,3.0145377729415332,1,3,11,47.053519356738725,8,2025-06-12 20:01:02.300192
5806,user_95,1956,3.452217175338254,1,3,9,61.02510617319219,9,2025-01-27 20:01:02.302068
5807,user_315,985,2.987751992741371,1,3,14,98.63736962769975,7,2025-10-10 20:01:02.302068
5808,user_681,1932,2.6933515214096393,1,3,13,90.72098505305478,1,2025-01-10 20:01:02.303067
5809,user_747,860,2.5790721670038472,1,4,12,52.67427137216166,2,2025-07-01 20:01:02.303067
5810,user_147,554,2.869753706830074,1,3,14,64.2658020097304,1,2025-05-29 20:01:02.304572
5811,user_549,2571,4.1205090729302585,1,2,13,10.874103685700264,4,2025-04-11 20:01:02.304572
5812,user_691,1960,3.309274383530204,0,4,14,6.94004966923557,6,2025-06-25 20:01:02.305580
5813,user_367,2781,4.1131613246302,1,2,13,49.88972865819247,6,2025-01-10 20:01:02.306580
5814,user_25,1789,4.542804477117815,1,3,10,63.073382341649754,9,2025-12-11 20:01:02.307084
5815,user_522,1693,3.161657881844167,1,2,11,74.86192190078177,8,2025-08-23 20:01:02.307605
5816,user_719,2336,3.2600191360036708,1,4,10,25.31956784557905,1,2025-08-29 20:01:02.308732
5817,user_381,1619,3.3179478693918973,1,4,12,85.54270806574897,3,2025-05-21 20:01:02.310041
5818,user_411,1237,3.2585021056211825,1,2,10,66.36295493808568,9,2025-05-01 20:01:02.311046
5819,user_496,2477,3.4517394379588096,1,3,10,44.169398714766906,8,2025-09-25 20:01:02.311046
5820,user_151,1079,3.8267890776844076,1,4,10,51.85022056673291,2,2025-01-12 20:01:02.313769
5821,user_620,1839,5.0,1,4,12,83.81149635430941,8,2025-10-11 20:01:02.314771
5822,user_2,1797,3.6063655382163433,1,3,11,55.80543054432108,9,2025-10-24 20:01:02.315280
5823,user_107,2240,2.342347492890475,1,4,14,32.42972241778892,1,2025-07-02 20:01:02.316288
5824,user_555,1859,2.8846237721513748,1,4,11,83.5223428104575,5,2025-10-07 20:01:02.316288
5825,user_526,448,3.7219104665706753,1,4,10,93.58383873756226,2,2024-12-27 20:01:02.317288
5826,user_828,1851,4.773928034396005,1,2,14,3.9637667244255215,2,2025-03-26 20:01:02.318295
5827,user_528,2250,4.347750240223616,1,3,10,88.21056905590439,5,2025-05-13 20:01:02.319803
5828,user_727,989,4.306840514058317,1,4,8,25.684019578730656,1,2025-09-14 20:01:02.320811
5829,user_645,10,3.833911084200428,1,2,14,48.91869023749844,9,2025-10-26 20:01:02.321811
5830,user_964,2638,1.695050317908384,1,4,9,69.29005605390304,8,2025-07-24 20:01:02.322811
5831,user_724,481,3.183225902387627,1,2,13,7.882389545335,3,2025-10-28 20:01:02.322811
5832,user_955,379,3.623428561963463,1,2,8,38.61260431736782,8,2025-08-11 20:01:02.323807
5833,user_941,170,3.491352701154599,1,3,8,75.02592061386751,5,2025-04-17 20:01:02.324310
5834,user_316,1546,2.9997292313056723,1,2,9,86.6319592006087,5,2025-07-01 20:01:02.325424
5835,user_661,1303,5.0,0,4,9,47.14748472726756,7,2025-02-19 20:01:02.326423
5836,user_21,1710,4.123436559188274,1,2,8,11.258482846627938,7,2024-12-17 20:01:02.327319
5837,user_667,2639,2.7187046541596875,0,4,12,7.562511334617517,3,2025-08-21 20:01:02.327825
5838,user_778,506,5.0,1,3,13,43.29966875515176,2,2025-06-12 20:01:02.328833
5839,user_718,715,3.14804713165726,1,4,13,62.56426218045564,4,2025-02-03 20:01:02.329833
5840,user_338,2043,2.3084611080133035,1,3,13,1.6904254034797117,3,2025-01-15 20:01:02.329833
5841,user_436,1651,4.4114388197616865,1,3,11,24.30578918073144,4,2025-02-10 20:01:02.331340
5842,user_729,2013,4.096448284623362,1,4,12,53.03993948206773,6,2025-11-20 20:01:02.331340
5843,user_645,504,3.698988439868383,1,4,10,41.27696504862779,9,2025-02-24 20:01:02.332854
5844,user_791,182,4.625001608925854,1,3,14,87.69254993975534,8,2025-10-09 20:01:02.334580
5845,user_628,1633,2.5218555436678205,1,2,13,27.943827700821355,6,2025-12-03 20:01:02.335580
5846,user_858,1112,3.9160145787751266,1,2,11,8.318895788560908,6,2025-03-29 20:01:02.336565
5847,user_854,851,4.23928277435379,1,2,13,49.85459330136406,7,2025-05-30 20:01:02.337473
5848,user_529,1910,2.4016032330418944,1,2,9,86.16829323752026,6,2025-09-22 20:01:02.338473
5849,user_159,2007,2.6127613786803794,1,3,12,1.9195062564070997,5,2025-10-29 20:01:02.339474
5850,user_200,1307,2.4874721123773003,1,4,10,57.32076250948954,7,2025-09-19 20:01:02.340470
5851,user_918,2031,4.8648935969741745,1,4,10,92.68950329384845,9,2025-07-14 20:01:02.340470
5852,user_628,2750,3.476488134280459,1,2,12,79.756378662975,6,2025-12-11 20:01:02.341976
5853,user_943,1361,3.539809161025497,1,3,13,24.467400786895688,7,2025-03-22 20:01:02.341976
5854,user_922,2250,4.048943014325044,1,3,12,65.7141963341356,4,2025-03-03 20:01:02.343492
5855,user_597,471,3.2396656868325953,1,2,13,38.45731043768018,1,2024-12-19 20:01:02.343492
5856,user_58,974,3.656387899304352,1,2,13,74.7676996999029,8,2025-11-21 20:01:02.344499
5857,user_383,411,3.4784313382887184,0,3,14,67.77501630013217,4,2025-10-27 20:01:02.345499
5858,user_963,221,2.8051218051807423,1,2,14,71.29640635767666,5,2025-01-20 20:01:02.346004
5859,user_285,214,2.296177594322476,1,4,13,90.84423476574017,6,2025-09-03 20:01:02.346004
5860,user_522,2387,2.8958145533238064,1,3,13,53.97868342560576,9,2025-04-13 20:01:02.346004
5861,user_82,1828,2.743558215219106,1,2,10,65.63241524373352,4,2025-10-17 20:01:02.347645
5862,user_935,544,3.4635799360943262,1,2,14,61.53630504533943,9,2025-05-17 20:01:02.347645
5863,user_381,2686,2.685090084773104,1,3,13,18.563123165854012,2,2025-11-07 20:01:02.348651
5864,user_505,2868,3.9134807719997324,1,4,11,63.02086267790848,1,2025-07-18 20:01:02.349651
5865,user_761,254,2.7303312082087894,1,3,9,63.2064397745533,3,2025-06-19 20:01:02.349651
5866,user_312,543,2.5528823871298822,1,2,12,50.786331840433576,7,2025-03-18 20:01:02.350651
5867,user_805,185,3.978148163572861,1,4,11,39.12213368567904,5,2025-12-10 20:01:02.350651
5868,user_745,797,4.327046724425641,1,4,10,37.38934616331993,2,2025-06-25 20:01:02.351651
5869,user_97,578,2.6152156427976574,1,2,10,30.347764180806426,1,2025-02-25 20:01:02.351651
5870,user_305,945,2.9669192894384246,1,2,8,85.5350214123492,1,2025-08-26 20:01:02.352651
5871,user_247,525,3.0422897091294256,1,2,8,28.28571061173134,4,2025-04-16 20:01:02.353651
5872,user_20,2495,3.762910452809202,1,4,9,2.4253917819162196,9,2025-06-07 20:01:02.354154
5873,user_623,1053,4.732093756374804,1,4,14,65.08213027012258,7,2025-11-04 20:01:02.354660
5874,user_287,1092,2.5775860737848353,1,2,10,44.99084690350668,2,2025-05-22 20:01:02.355667
5875,user_597,2516,3.0965877669415725,1,3,12,82.58458771927397,9,2025-02-09 20:01:02.355667
5876,user_624,1679,2.4266569455935874,1,3,13,65.31480473153081,6,2025-06-03 20:01:02.356664
5877,user_592,967,4.179887887550434,1,2,14,97.72076203237124,3,2025-08-22 20:01:02.357572
5878,user_670,25,2.7580774057405844,0,3,13,7.489739889809554,7,2025-02-05 20:01:02.358101
5879,user_141,13,3.9593160745166425,1,4,9,51.39653185695876,6,2025-01-27 20:01:02.358641
5880,user_332,437,3.2256697909799557,1,2,13,30.949948389720493,5,2025-07-17 20:01:02.359669
5881,user_966,78,3.379041397661214,1,2,9,16.686950248370223,2,2025-02-27 20:01:02.359669
5882,user_334,712,2.9541846078178886,1,3,8,39.90006786071698,9,2025-07-30 20:01:02.360667
5883,user_255,573,3.443290282369864,1,2,11,65.40623239573065,9,2025-10-27 20:01:02.360667
5884,user_606,2294,3.0880340643526942,1,3,12,87.07392664904691,7,2025-09-29 20:01:02.361666
5885,user_73,624,4.160122461078941,1,3,9,20.54924144976672,1,2025-02-15 20:01:02.362667
5886,user_280,1630,2.1118987086279386,1,2,9,62.93184106569725,3,2025-05-25 20:01:02.362667
5887,user_417,1465,4.091217591649167,1,3,12,61.69437077365727,2,2025-02-01 20:01:02.363666
5888,user_593,1067,2.9454693695625425,1,4,8,42.58797409440582,7,2024-12-22 20:01:02.364667
5889,user_950,1528,4.023749206176127,1,4,12,70.50131478752392,8,2025-02-27 20:01:02.365175
5890,user_436,1403,2.771778096050076,1,3,8,16.120914991930867,7,2025-03-08 20:01:02.365681
5891,user_544,2460,2.9489148376863437,1,2,12,95.16443481944644,8,2025-10-19 20:01:02.366688
5892,user_532,1632,3.586171122271293,1,4,11,52.343687742426056,7,2025-07-21 20:01:02.366688
5893,user_92,34,3.6208964349065296,1,3,13,85.10750043217205,8,2025-01-24 20:01:02.367699
5894,user_789,2703,4.571192720573363,1,4,10,10.895975991564255,4,2025-04-11 20:01:02.367699
5895,user_490,1547,4.63331617199075,1,4,9,56.83445218969844,6,2025-03-14 20:01:02.369206
5896,user_53,1196,3.0251269029255723,1,3,8,83.03099415849654,7,2025-08-01 20:01:02.369206
5897,user_249,2829,3.625308112258315,1,3,11,71.3398846765848,1,2025-11-17 20:01:02.370213
5898,user_629,1765,3.548295523414905,0,4,11,8.365171150057682,9,2025-08-18 20:01:02.371213
5899,user_799,1557,4.179238437868552,1,2,11,13.193748475927435,3,2025-05-04 20:01:02.371213
5900,user_458,1665,4.1850761996314185,1,2,9,74.24695985083369,9,2025-01-05 20:01:02.372213
5901,user_63,2259,4.407956643747258,1,2,8,88.13627473571538,1,2025-11-29 20:01:02.372213
5902,user_785,2115,1.777249090611296,1,3,14,86.14431998969961,1,2025-05-06 20:01:02.373719
5903,user_837,1976,3.521386714526859,1,4,9,26.461918859839205,9,2025-11-10 20:01:02.373719
5904,user_653,2208,3.958983750227285,0,2,11,51.33039056209374,6,2025-09-27 20:01:02.375231
5905,user_525,617,3.2135927352555713,1,2,14,5.284887758839574,2,2025-10-12 20:01:02.375231
5906,user_362,1130,4.26756681175581,0,2,10,54.621292653549816,8,2025-11-19 20:01:02.376238
5907,user_688,127,3.79036935966738,1,4,14,88.2033374518842,5,2025-09-04 20:01:02.376238
5908,user_81,1340,2.606394394979073,1,2,11,7.223067331364996,7,2025-01-02 20:01:02.377743
5909,user_952,870,3.574377334244998,0,3,12,84.16165213769719,1,2025-11-12 20:01:02.377743
5910,user_638,217,3.108738257058219,1,3,10,21.20042091547596,3,2025-07-29 20:01:02.378749
5911,user_107,2251,2.96048885939664,1,3,11,15.649960197523816,5,2024-12-23 20:01:02.378749
5912,user_8,1239,2.8792050599351073,1,3,12,50.58327874811136,7,2025-09-05 20:01:02.379749
5913,user_444,92,4.2961971566080575,1,4,13,87.04735214963864,8,2025-02-25 20:01:02.379749
5914,user_64,1706,3.530517702432966,1,4,9,58.28409419940833,7,2024-12-14 20:01:02.379749
5915,user_25,783,3.8083926856488275,1,3,9,73.11299986056335,9,2025-04-13 20:01:02.381653
5916,user_402,1804,3.754036434613782,1,3,14,52.32927556099016,6,2025-05-13 20:01:02.381653
5917,user_442,787,2.932103578930367,0,3,9,14.668771280689564,6,2025-07-16 20:01:02.383234
5918,user_97,1919,2.892608211072246,0,2,13,78.54248976535482,5,2025-08-04 20:01:02.383234
5919,user_734,1133,3.4221159997801145,1,3,8,87.91139942489892,9,2025-08-18 20:01:02.384263
5920,user_200,1187,2.7065836173565665,1,4,13,14.374361323325724,9,2025-09-19 20:01:02.384263
5921,user_881,1810,2.4282412338980643,0,2,14,53.457020836547166,2,2025-11-21 20:01:02.385783
5922,user_910,2526,2.6771788163818315,1,3,14,40.12002556164829,5,2025-07-23 20:01:02.385783
5923,user_815,1222,4.502477757222912,0,3,11,34.95932635631019,1,2025-06-04 20:01:02.386809
5924,user_96,2551,2.9662225632252657,1,2,14,29.44918165029472,8,2025-07-19 20:01:02.387796
5925,user_327,2306,4.415584564924029,1,4,13,23.32659471736519,1,2025-04-27 20:01:02.387796
5926,user_752,1280,3.8716404155695274,1,4,14,66.19137800671837,3,2025-07-22 20:01:02.388796
5927,user_570,1896,2.8461279779668813,1,3,13,36.71960083319594,6,2025-08-01 20:01:02.389796
5928,user_523,131,3.5562678421131575,1,3,13,1.2972991206047002,1,2025-11-21 20:01:02.389796
5929,user_766,1188,2.0278433793770696,1,2,12,5.885648476767946,1,2025-04-20 20:01:02.390793
5930,user_197,506,3.7020637879273885,1,2,9,51.669171656406036,7,2025-04-18 20:01:02.390793
5931,user_640,692,3.729702191968611,1,4,9,90.7450402564676,7,2025-03-21 20:01:02.392364
5932,user_50,2156,4.167114391736801,1,4,9,45.244589242266706,9,2025-02-26 20:01:02.392887
5933,user_594,101,2.7780097598502027,0,4,10,50.72662225181933,1,2025-11-17 20:01:02.392887
5934,user_568,415,4.436202873379074,1,4,13,91.98027507189988,1,2025-11-01 20:01:02.393903
5935,user_701,2044,4.192842963340249,1,4,12,85.96390075073352,7,2025-06-16 20:01:02.393903
5936,user_345,1012,3.1182661981958586,1,4,10,15.926706063463813,4,2025-01-25 20:01:02.395409
5937,user_183,2347,2.8847817460247485,1,4,14,97.46125098244238,5,2025-11-26 20:01:02.396047
5938,user_40,2696,3.059426727935719,1,2,10,85.58403438731614,1,2025-11-21 20:01:02.396047
5939,user_146,312,3.8908798122631096,0,4,10,37.36451652153994,1,2025-01-23 20:01:02.396047
5940,user_495,980,3.4897276389309972,1,4,11,40.520786145787625,4,2025-10-01 20:01:02.397692
5941,user_727,97,2.626955422145199,1,4,13,73.63362265466444,2,2025-10-30 20:01:02.397692
5942,user_70,1365,2.967072216591045,1,3,14,37.612970060000016,5,2025-08-27 20:01:02.398698
5943,user_85,1250,4.178842764376814,1,2,9,40.92762993200161,1,2025-03-25 20:01:02.399698
5944,user_394,2756,2.7511169564830795,1,4,10,69.03969779917355,1,2025-03-05 20:01:02.399698
5945,user_948,2174,3.1768982539959945,1,3,10,65.62035938854207,8,2025-09-22 20:01:02.400698
5946,user_764,2630,4.271954251101949,1,3,12,45.63687848807443,8,2025-10-10 20:01:02.400698
5947,user_77,29,3.3710724484587233,1,4,10,46.120163637487956,9,2025-05-07 20:01:02.401698
5948,user_153,2031,4.111192147190186,1,3,14,23.101316703644926,3,2025-06-28 20:01:02.401698
5949,user_62,836,3.086865695390025,1,3,14,64.51324258180401,9,2025-03-04 20:01:02.402698
5950,user_858,2505,2.7009602972557514,1,2,10,30.113490001700306,5,2025-04-26 20:01:02.402698
5951,user_867,1750,4.0017550545912695,1,4,12,75.37831322940401,7,2025-06-25 20:01:02.403698
5952,user_108,2423,3.8462918680601925,0,4,12,86.64865434704919,3,2025-02-25 20:01:02.404699
5953,user_433,2372,3.2364060404033514,1,4,14,16.102737780069464,1,2025-03-14 20:01:02.405205
5954,user_957,735,2.8599273218749803,1,4,11,39.126467747048146,6,2025-02-15 20:01:02.406212
5955,user_208,1611,4.282841053767034,1,2,13,40.494190828280054,2,2025-06-08 20:01:02.406212
5956,user_7,2138,4.298546450858343,1,4,8,51.61890057877115,1,2025-04-11 20:01:02.407209
5957,user_785,2638,3.283054432009265,1,3,14,17.116835049182043,4,2025-07-11 20:01:02.408210
5958,user_530,560,3.130511921561239,1,4,11,71.55269386946938,3,2025-05-20 20:01:02.408210
5959,user_67,654,1.9732003826663964,1,4,10,11.53847169618939,4,2025-04-09 20:01:02.409304
5960,user_892,2149,2.6290466494715914,1,2,9,10.621418868654342,2,2025-04-12 20:01:02.410302
5961,user_66,2341,2.6347760805893716,0,4,8,76.55118970710588,1,2025-01-14 20:01:02.410302
5962,user_637,913,2.8908334822193864,1,4,13,56.449340724372234,1,2025-05-04 20:01:02.411302
5963,user_624,121,2.8821392953959344,1,2,9,34.72134437220428,7,2025-06-19 20:01:02.411302
5964,user_747,2329,3.916737993648487,1,2,13,50.2291647892029,3,2025-06-28 20:01:02.412302
5965,user_344,1729,3.360351251105208,0,2,13,47.60749958514982,5,2025-02-15 20:01:02.413302
5966,user_602,1770,2.7591472663865777,1,2,9,67.59632961831156,6,2025-01-07 20:01:02.413302
5967,user_213,112,3.5122140400704818,1,4,14,73.18023329982867,4,2025-10-05 20:01:02.414809
5968,user_356,2593,4.057400730464936,1,2,14,68.3011776214146,4,2025-10-21 20:01:02.415477
5969,user_14,2471,2.848373844964443,1,3,14,33.53404780682916,5,2025-01-18 20:01:02.416509
5970,user_395,1494,2.4159998579151933,1,3,11,95.1944495874243,9,2025-11-10 20:01:02.416509
5971,user_234,72,4.172189432365904,1,3,11,94.81145450425356,2,2025-08-27 20:01:02.417505
5972,user_740,2339,4.5679024337264,1,2,9,84.58191807713563,9,2025-06-16 20:01:02.418505
5973,user_170,2021,2.541772203664182,1,4,12,10.298413535770745,3,2025-01-02 20:01:02.419027
5974,user_207,1959,4.859762057065281,1,4,8,21.956439187475198,8,2025-11-18 20:01:02.419027
5975,user_376,778,4.073892271705928,0,2,8,64.04732503132452,9,2025-09-13 20:01:02.420054
5976,user_899,586,4.016229484349332,1,3,8,72.02020794212429,4,2025-09-08 20:01:02.421039
5977,user_675,2554,4.6697156482457105,1,2,10,2.7267479939198758,2,2025-07-04 20:01:02.421039
5978,user_643,851,2.573377885670908,1,3,10,1.2091851010781696,9,2025-01-01 20:01:02.422041
5979,user_934,2579,3.563647779613263,1,3,13,29.299147611104747,2,2025-09-22 20:01:02.422041
5980,user_688,704,2.5191563799560366,1,2,11,82.99352033787552,8,2025-09-17 20:01:02.423546
5981,user_63,80,3.8882461242514705,1,2,12,17.203314750087895,8,2025-02-16 20:01:02.423546
5982,user_736,839,2.634011408482439,1,4,9,64.3183339794481,3,2024-12-24 20:01:02.424553
5983,user_50,1111,4.248233974229144,1,4,14,43.43961960734147,5,2025-05-24 20:01:02.425574
5984,user_423,524,3.0579829965434673,1,3,13,68.05600013304229,7,2025-06-25 20:01:02.425574
5985,user_601,71,3.3393990763962402,1,3,9,57.90062459524785,5,2025-05-08 20:01:02.425574
5986,user_35,1551,2.5424967745057048,1,3,12,44.624136170183306,5,2025-06-19 20:01:02.427096
5987,user_189,1781,4.023090661878944,1,4,13,95.47267511456624,8,2025-01-30 20:01:02.428126
5988,user_427,1775,3.9270030311764335,1,3,9,80.10397302314743,3,2025-09-13 20:01:02.428126
5989,user_254,82,4.042575962961371,1,2,11,93.33278727113755,7,2025-10-15 20:01:02.429124
5990,user_378,1924,3.6759089330188073,1,3,12,59.4275114986289,6,2025-07-09 20:01:02.430114
5991,user_529,854,3.1908805724362677,1,2,9,15.495097614698583,5,2025-11-21 20:01:02.431111
5992,user_645,940,4.554773647184485,1,2,13,73.11400397533495,9,2025-08-21 20:01:02.431616
5993,user_250,911,1.740526915352221,1,4,10,39.309610981494515,3,2025-09-17 20:01:02.432121
5994,user_729,561,3.1049017116442785,1,3,13,7.427915079755643,6,2025-06-10 20:01:02.432121
5995,user_202,656,4.092249533088632,1,3,9,73.03545627051575,3,2025-09-26 20:01:02.432121
5996,user_541,2376,4.88437397155905,1,4,10,24.08036511638708,3,2025-08-05 20:01:02.433767
5997,user_805,2238,4.2523386803402845,1,2,11,71.09562227677338,1,2025-04-14 20:01:02.433767
5998,user_339,1693,4.792214461318569,1,3,8,94.56416967053795,6,2025-01-06 20:01:02.434773
5999,user_352,68,3.8850951227754544,1,3,14,0.9526539355642294,6,2025-02-28 20:01:02.435775
6000,user_230,1600,4.575626936977525,1,2,13,19.399263702604564,8,2025-02-15 20:01:02.435775
6001,user_1,1436,3.5046235955696776,1,4,9,94.0081015761175,5,2025-02-14 20:01:02.436773
6002,user_713,2164,3.0383739194482775,1,3,11,85.83513658315013,5,2025-08-23 20:01:02.437772
6003,user_322,1953,4.070485023057049,1,2,8,15.479113600679096,7,2025-07-09 20:01:02.437772
6004,user_710,495,4.261605626165551,1,2,8,30.81426027423341,2,2025-05-25 20:01:02.438774
6005,user_810,882,3.7675528985944284,1,4,8,72.4412245320069,5,2025-04-15 20:01:02.440275
6006,user_953,1216,1.805804628806953,1,4,8,31.546427807001052,5,2025-02-24 20:01:02.440275
6007,user_394,1219,2.063072576326689,1,4,12,57.994517448838614,8,2025-03-11 20:01:02.441808
6008,user_554,1261,3.233703945107273,1,2,12,75.93472261010209,4,2025-12-05 20:01:02.442835
6009,user_851,2034,3.370790221909885,1,2,8,64.20498938858061,9,2025-07-09 20:01:02.442835
6010,user_927,2557,3.786004040485308,1,2,10,87.32230924888403,8,2025-08-14 20:01:02.443934
6011,user_49,2420,3.7491744360917263,1,3,9,79.58885541380134,6,2025-04-18 20:01:02.443934
6012,user_381,388,2.99589054951039,1,2,10,60.28689360667185,8,2025-09-04 20:01:02.443934
6013,user_316,2074,3.417769458127035,1,4,11,58.04016092280032,8,2025-03-08 20:01:02.446147
6014,user_867,2763,4.135858042442287,1,3,11,34.563089298061826,1,2025-09-03 20:01:02.446502
6015,user_656,329,4.563581757607143,1,4,14,7.3813880977052,6,2025-08-07 20:01:02.446502
6016,user_867,1209,3.7440100074950546,1,3,12,37.49519126511917,6,2025-03-30 20:01:02.446502
6017,user_821,2399,2.511300877569681,1,3,14,31.128136186650444,3,2025-11-08 20:01:02.448008
6018,user_718,555,3.441057653260479,1,4,9,4.489348352419931,6,2025-04-19 20:01:02.449014
6019,user_28,397,3.19504683194175,1,4,9,18.943880846842088,3,2025-09-06 20:01:02.449014
6020,user_342,2428,1.8091959092084193,1,2,14,40.416925168776906,3,2025-09-14 20:01:02.450014
6021,user_479,2895,2.4270793759774447,0,3,10,39.45167426762749,6,2025-10-11 20:01:02.450014
6022,user_567,1460,4.634882435678855,1,3,13,52.671987456387534,7,2025-01-17 20:01:02.451014
6023,user_896,1961,3.1817343831329503,1,4,12,88.35087122482668,8,2025-08-14 20:01:02.451014
6024,user_11,1568,3.345076604014452,1,4,9,52.59890142961851,9,2025-10-30 20:01:02.452014
6025,user_508,72,3.407880718212561,1,4,12,62.41841920313102,9,2024-12-22 20:01:02.452014
6026,user_452,1341,2.8899437880663346,1,3,10,91.78755811186461,5,2025-08-30 20:01:02.453014
6027,user_900,1857,2.7653310013287364,1,2,9,91.46048593892884,4,2025-07-22 20:01:02.453014
6028,user_221,439,3.531938548403268,1,3,14,68.32810150588804,5,2025-10-27 20:01:02.454519
6029,user_333,1094,3.085784110747036,1,3,10,75.25672946335956,3,2025-05-02 20:01:02.454519
6030,user_127,1802,3.6153749317528305,1,3,14,65.44306113800963,6,2025-03-25 20:01:02.456032
6031,user_90,193,2.8803342397043767,1,3,12,29.30622692823739,1,2025-10-02 20:01:02.456547
6032,user_531,1482,3.528617919323132,0,2,9,84.37133272032523,9,2025-02-15 20:01:02.457550
6033,user_224,73,3.9685203013434123,1,2,9,93.3016774192637,2,2025-02-26 20:01:02.458557
6034,user_91,2794,3.017632693173911,1,3,11,59.66093649986084,5,2025-06-20 20:01:02.458557
6035,user_610,119,3.102220763042121,1,2,9,49.858255643458286,6,2025-10-05 20:01:02.459585
6036,user_38,472,3.6765254766132487,1,2,13,6.730641142330596,5,2024-12-17 20:01:02.460563
6037,user_659,67,4.001289066126044,0,2,14,0.2015574100220241,5,2025-03-21 20:01:02.460563
6038,user_458,1649,3.691873602886688,1,4,8,75.80667831720358,2,2025-03-02 20:01:02.461563
6039,user_453,187,2.4725821948748696,1,4,11,85.19428602187867,9,2025-04-30 20:01:02.462563
6040,user_614,2384,3.68996925299004,1,3,11,2.7322957284606764,7,2025-01-07 20:01:02.462563
6041,user_118,2271,2.6416368804680106,1,4,10,2.785633139749466,5,2025-09-11 20:01:02.463563
6042,user_414,2380,2.9341981808720403,1,3,8,63.51081576216695,7,2025-02-04 20:01:02.463563
6043,user_479,2776,4.015440777461415,0,3,14,78.55455658624601,6,2025-11-24 20:01:02.464563
6044,user_445,2772,4.403130899532085,1,2,12,14.086493675762913,6,2025-04-28 20:01:02.465573
6045,user_366,1433,4.077311583245747,0,3,9,70.15005527537481,4,2025-04-14 20:01:02.465573
6046,user_733,120,3.4166780125356,1,2,10,80.47285933215332,1,2025-08-22 20:01:02.466579
6047,user_405,2547,3.9886606585725137,1,4,8,82.75687695768455,4,2025-10-24 20:01:02.466579
6048,user_505,2201,4.537195159344475,0,3,10,28.23850212595319,4,2025-06-12 20:01:02.467579
6049,user_353,2534,3.13803745353699,0,4,13,13.561697326767819,9,2025-05-13 20:01:02.467579
6050,user_138,1007,2.899338451899952,1,2,13,50.10815525270401,7,2025-01-29 20:01:02.467579
6051,user_824,673,4.012644080712345,1,2,14,86.68743367569004,2,2025-06-21 20:01:02.469084
6052,user_246,173,4.9466884539987355,1,2,10,70.55974857013571,8,2025-01-20 20:01:02.470090
6053,user_682,1702,3.118679823297562,0,4,12,34.686197950218464,9,2025-04-10 20:01:02.470090
6054,user_552,1457,3.9497319854437816,1,2,13,12.635621568252663,1,2025-05-30 20:01:02.471089
6055,user_370,1669,2.8922915476753803,1,4,11,72.03936293957402,6,2025-12-06 20:01:02.472115
6056,user_804,690,3.9072212780015487,1,2,8,47.925015622439915,7,2025-07-04 20:01:02.472115
6057,user_193,2313,2.956767631742994,1,2,14,14.96244802569967,6,2025-11-24 20:01:02.473654
6058,user_449,573,2.5042824113491324,1,2,13,77.03981464532869,3,2025-02-25 20:01:02.475660
6059,user_194,318,3.9241363188848206,1,4,9,40.18479375392832,2,2025-04-12 20:01:02.475660
6060,user_437,306,3.4807992508549765,1,2,8,40.3515997917005,3,2024-12-13 20:01:02.475660
6061,user_868,2169,3.7973029806819936,1,2,12,25.198239159516522,5,2025-01-12 20:01:02.477506
6062,user_237,1161,3.54068533340298,1,2,9,61.365546993868314,8,2025-01-07 20:01:02.478230
6063,user_235,1487,3.5944720379842954,1,4,11,32.601171165176126,6,2025-06-08 20:01:02.479202
6064,user_914,2328,2.3913806750552284,1,2,8,69.27134638762466,7,2025-01-14 20:01:02.479202
6065,user_304,2037,4.3624751767733265,0,2,12,65.99837671255581,3,2025-01-09 20:01:02.480203
6066,user_29,439,2.415106295970118,1,4,8,97.79187363071487,7,2025-07-27 20:01:02.480203
6067,user_736,109,2.7493355911145345,1,3,14,36.685090338485814,7,2025-04-23 20:01:02.481708
6068,user_890,398,4.258495394807378,1,3,11,95.75134874453062,6,2025-09-14 20:01:02.482212
6069,user_885,2739,4.007437623373428,1,2,9,89.17366795595414,3,2025-02-07 20:01:02.482559
6070,user_822,536,4.010061707798016,1,3,9,5.465308291820847,4,2025-03-14 20:01:02.482559
6071,user_240,2052,2.2983863347332205,1,4,12,67.31310799790988,8,2025-11-13 20:01:02.483564
6072,user_816,1446,4.875232730084031,1,3,8,58.35155934724789,9,2025-01-15 20:01:02.484569
6073,user_778,1698,4.256702444599214,1,4,10,19.49172277442527,8,2025-06-14 20:01:02.484569
6074,user_539,2612,4.694161102293943,1,3,8,35.57395138364857,3,2025-02-19 20:01:02.485570
6075,user_484,129,2.380739263439781,1,4,9,62.030566859521464,9,2025-10-24 20:01:02.485570
6076,user_727,1271,3.1282875627053266,1,3,8,37.03419078921356,8,2025-08-02 20:01:02.486570
6077,user_401,375,3.651807565543837,1,3,14,71.75558856577388,5,2025-11-12 20:01:02.486570
6078,user_560,681,2.9403057383253244,1,4,12,74.48307712388369,8,2025-06-27 20:01:02.487569
6079,user_188,12,2.7091850842746386,1,3,12,19.874171297620123,4,2025-08-30 20:01:02.488711
6080,user_622,772,3.218024263914012,0,2,9,14.234641938217917,8,2025-09-30 20:01:02.489686
6081,user_969,2807,3.9127606855219703,1,4,9,75.28375876017228,8,2025-04-27 20:01:02.490683
6082,user_794,2883,2.8879152033555804,0,4,10,57.64264018611255,8,2025-05-29 20:01:02.492188
6083,user_183,76,3.119456874528391,0,3,12,24.81790868147754,2,2024-12-31 20:01:02.493080
6084,user_714,1664,4.022384027530939,1,4,12,5.58247222476751,6,2025-02-19 20:01:02.493080
6085,user_882,765,4.626512838365184,0,2,12,33.351184469840945,4,2025-05-02 20:01:02.494086
6086,user_475,325,3.655020603328402,1,3,8,37.028239502315316,1,2025-07-02 20:01:02.494086
6087,user_173,900,3.642642606189189,1,3,9,12.705322329166634,8,2025-11-22 20:01:02.494086
6088,user_211,2583,2.991094273732319,1,3,9,26.695828054685034,1,2025-11-17 20:01:02.495963
6089,user_203,1894,4.594136463247784,1,2,9,64.39769710302393,9,2025-02-11 20:01:02.496468
6090,user_950,2791,2.95082844048934,1,3,13,70.44485240955221,7,2025-07-24 20:01:02.496468
6091,user_267,138,2.5607422344313884,1,2,11,68.23542265609349,8,2025-05-07 20:01:02.497980
6092,user_39,1369,4.748409035782742,1,4,13,7.32742464147873,3,2025-09-20 20:01:02.497980
6093,user_355,629,3.090253281910296,1,2,9,59.76003664322449,9,2025-10-01 20:01:02.498986
6094,user_57,1482,2.9174356597813103,1,4,13,59.08586063145111,6,2025-12-05 20:01:02.498986
6095,user_645,2330,3.971826646454061,1,2,12,96.80886802497263,5,2025-02-27 20:01:02.499986
6096,user_291,472,3.8874069890372436,1,3,11,14.49779454267568,3,2024-12-14 20:01:02.499986
6097,user_185,1028,4.082281464682791,0,4,13,98.38533219242174,2,2025-06-15 20:01:02.500986
6098,user_881,1091,1.9613785329312095,1,3,10,77.51346991962201,9,2025-02-27 20:01:02.500986
6099,user_847,1324,2.954116951927588,1,4,8,55.83035167299095,3,2025-05-13 20:01:02.501986
6100,user_219,863,3.0472064087974498,1,3,11,4.575304459023222,6,2024-12-14 20:01:02.502986
6101,user_848,2823,2.2349775751039487,1,4,8,61.8906924126166,8,2025-01-09 20:01:02.503492
6102,user_952,605,3.4138562149246066,0,2,14,15.012795261194578,7,2025-10-17 20:01:02.504495
6103,user_738,1129,2.7927475287668404,1,2,10,15.55696243356378,2,2025-04-20 20:01:02.504495
6104,user_399,874,2.9220607154539096,1,3,14,7.834627242715597,2,2025-02-05 20:01:02.505529
6105,user_855,1979,4.336870325992111,1,4,11,38.20192139129887,4,2025-06-04 20:01:02.506502
6106,user_737,1013,2.8805217475569207,1,4,12,72.25997399834834,7,2025-06-01 20:01:02.507007
6107,user_521,1053,3.9953947600876916,1,4,9,24.47612877152916,1,2025-05-25 20:01:02.507512
6108,user_320,2737,2.7083602797369366,1,4,11,50.81896293700727,9,2025-11-26 20:01:02.507512
6109,user_639,696,4.309983782258432,1,2,14,38.12436315040959,3,2025-01-25 20:01:02.508518
6110,user_476,303,3.6113382322089853,0,3,14,13.338853684640606,7,2025-05-09 20:01:02.509718
6111,user_141,2450,4.072164708303706,1,3,10,7.617776855654334,2,2025-09-21 20:01:02.510717
6112,user_215,562,3.1118136072603595,1,3,10,36.075241701960046,4,2025-09-18 20:01:02.511732
6113,user_514,4,3.7986313788980075,1,4,10,92.436441157343,2,2025-11-22 20:01:02.512718
6114,user_923,840,3.9707186007013937,1,3,14,22.13472541913033,6,2025-06-06 20:01:02.513719
6115,user_316,2586,2.7593953845828043,1,3,14,91.07908934747353,3,2025-12-09 20:01:02.513719
6116,user_971,972,2.6876934973804745,1,2,10,63.34447282887445,6,2025-02-14 20:01:02.514720
6117,user_67,1817,3.080277549224871,1,3,13,67.71791474377557,2,2025-11-01 20:01:02.515224
6118,user_684,980,2.7591656875817536,1,3,8,91.96073225243904,9,2025-07-12 20:01:02.515224
6119,user_557,1636,2.7026990766949694,1,4,8,39.020633965258746,9,2025-11-06 20:01:02.516231
6120,user_810,242,3.3822594542580275,1,2,10,62.92268787323076,9,2025-04-01 20:01:02.517231
6121,user_432,399,3.3115173769956967,1,2,10,69.46472486671068,3,2025-07-15 20:01:02.517231
6122,user_559,2673,2.264104393749002,1,3,12,72.85695957189921,5,2025-09-20 20:01:02.517231
6123,user_953,2129,1.8012919130743845,1,4,11,81.00000343736475,4,2025-08-29 20:01:02.518736
6124,user_344,165,4.721012033872356,1,2,10,71.81445230451247,4,2025-04-19 20:01:02.519250
6125,user_719,171,3.0393886721683963,1,4,13,18.716757021918173,5,2025-07-14 20:01:02.519250
6126,user_672,112,4.376259302358009,1,3,13,8.578698040060162,7,2025-07-25 20:01:02.520256
6127,user_623,2754,3.1166522137459256,0,4,13,99.35733094001807,9,2025-11-22 20:01:02.521255
6128,user_272,1200,2.845327618971344,1,3,14,99.01648933369768,4,2025-10-18 20:01:02.521255
6129,user_246,1523,3.9406896432540606,1,2,14,91.62215979222145,3,2025-07-10 20:01:02.522270
6130,user_167,1091,3.2377833968633722,1,2,9,41.129160888619396,5,2025-09-23 20:01:02.522270
6131,user_692,1163,2.8404148914225966,1,4,8,5.842790233986872,3,2025-01-02 20:01:02.524100
6132,user_646,1483,3.367722846880154,0,3,14,53.392896995753546,8,2025-12-05 20:01:02.524785
6133,user_612,295,2.7134509769133075,0,4,13,33.04331458340406,5,2025-06-08 20:01:02.525785
6134,user_900,2193,3.9294279991020216,1,4,10,45.802186936729086,3,2025-03-12 20:01:02.525785
6135,user_892,2409,2.081368046315863,1,3,9,44.308168212345045,1,2025-01-15 20:01:02.527292
6136,user_743,1005,3.9909933300613845,1,4,12,3.1684105541547103,5,2025-04-29 20:01:02.527810
6137,user_264,1016,3.2158367721036747,1,4,11,23.03095770863034,7,2025-08-11 20:01:02.527810
6138,user_788,36,4.592558961055917,1,2,11,67.96722670410044,7,2025-05-11 20:01:02.529725
6139,user_876,393,2.742209533643054,1,3,11,25.03669197656827,5,2025-06-28 20:01:02.530331
6140,user_753,2837,3.1862203564054137,1,2,11,89.89409248328012,5,2025-09-26 20:01:02.531345
6141,user_282,1750,2.9355777552910785,1,3,8,27.189312488799565,7,2025-07-11 20:01:02.531345
6142,user_587,887,3.2947972756723316,1,4,9,87.84103861254161,2,2025-01-06 20:01:02.532637
6143,user_576,1308,3.9711913116207556,1,4,13,29.86361185539649,8,2025-08-04 20:01:02.532637
6144,user_880,2651,3.963735504456363,0,4,12,79.90057756472284,6,2025-08-03 20:01:02.533644
6145,user_528,1500,4.110644307003641,1,4,13,47.01084363061554,2,2025-06-14 20:01:02.534149
6146,user_289,1148,3.9817091324143563,1,4,8,40.391845335502474,3,2025-12-07 20:01:02.534149
6147,user_823,117,3.4781760235926544,1,3,8,81.21223041333847,6,2025-08-27 20:01:02.535155
6148,user_158,2728,3.358288619870658,1,3,13,97.694135029615,1,2025-08-10 20:01:02.535155
6149,user_869,615,2.4468283717174075,1,3,14,57.127970430553475,3,2025-10-02 20:01:02.536155
6150,user_270,1573,2.8460509938084524,1,3,9,91.03009091074647,4,2025-06-21 20:01:02.537155
6151,user_216,1533,3.101530459112934,1,2,12,53.39234469910733,8,2025-11-13 20:01:02.538154
6152,user_36,2554,3.0979433250491426,1,3,11,34.57793690922906,4,2025-07-14 20:01:02.538154
6153,user_332,1683,2.3399537538622197,0,4,12,0.5871334883965518,4,2025-01-20 20:01:02.539156
6154,user_4,151,3.0988701677916484,1,3,11,89.87734308517418,6,2025-01-23 20:01:02.540153
6155,user_588,982,2.6903052442810056,1,2,14,23.27391126618641,5,2025-07-03 20:01:02.540656
6156,user_312,1925,3.0005505557625796,1,4,8,4.728918225436917,1,2024-12-20 20:01:02.540656
6157,user_694,520,3.6558075610714447,1,3,9,78.72064274524304,7,2025-05-04 20:01:02.542188
6158,user_639,1535,3.751186158623012,1,2,12,13.460503451883643,7,2025-04-30 20:01:02.542747
6159,user_564,1026,2.7045972244495555,0,3,11,89.62719004132515,5,2025-03-27 20:01:02.543762
6160,user_311,1534,3.118622223742741,1,4,12,13.988354296257022,4,2024-12-15 20:01:02.543762
6161,user_725,2134,2.559552806143685,1,3,8,73.30486843652821,3,2025-03-26 20:01:02.543762
6162,user_887,1703,4.131716783978471,1,4,14,87.204784997062,3,2025-04-20 20:01:02.545268
6163,user_681,1317,4.721071939203861,1,2,10,17.68292035578407,9,2025-10-03 20:01:02.545920
6164,user_470,1072,4.035343350378272,1,2,9,6.8854064493448774,8,2025-11-09 20:01:02.545920
6165,user_962,1510,3.0442800655517415,1,2,14,17.485353311392927,4,2025-07-28 20:01:02.546926
6166,user_473,2100,3.567356630419411,1,3,14,94.57017902949605,3,2025-01-26 20:01:02.547430
6167,user_633,400,4.23318356295175,1,3,13,78.99344522937815,7,2025-05-26 20:01:02.548437
6168,user_681,2068,3.088351666798615,1,3,13,90.1123643297506,4,2025-06-15 20:01:02.548437
6169,user_549,813,2.6845668476983526,1,2,12,60.62136898717148,5,2025-11-18 20:01:02.549436
6170,user_94,295,4.2942747327082555,1,2,13,97.19600286906287,6,2025-07-01 20:01:02.549436
6171,user_556,2703,2.5184944232267683,1,4,9,6.877217232389732,3,2025-05-14 20:01:02.550437
6172,user_926,2672,2.5926541164508206,0,3,11,18.302004019666505,6,2025-09-10 20:01:02.550437
6173,user_774,295,2.2114658661635924,1,2,12,48.428449685371625,2,2025-12-04 20:01:02.551437
6174,user_543,1937,3.7035560654247464,1,3,9,99.07541439057329,6,2025-05-09 20:01:02.552437
6175,user_190,929,4.358807642836402,1,4,8,44.391962831151275,2,2025-06-06 20:01:02.552437
6176,user_749,2339,4.484940603507418,1,4,13,21.77289615503234,6,2025-06-08 20:01:02.553437
6177,user_359,2012,2.632716170949736,1,2,13,61.34236920339006,1,2025-03-17 20:01:02.554437
6178,user_82,1400,3.446052122599331,1,3,12,9.589723387958049,9,2025-07-12 20:01:02.554942
6179,user_942,693,2.264882118109284,1,2,12,55.707464012285946,8,2024-12-25 20:01:02.554942
6180,user_225,1647,2.3080559049970066,1,4,8,26.196254414265617,8,2025-12-09 20:01:02.556509
6181,user_470,2286,3.8508574885833315,1,3,10,60.41909122244418,4,2025-01-31 20:01:02.556509
6182,user_781,328,3.720681893126973,1,2,9,68.10162607270125,3,2025-03-08 20:01:02.557515
6183,user_147,2668,2.9041524226717126,1,4,8,23.65184547898035,3,2025-09-21 20:01:02.558516
6184,user_40,770,2.541982217776816,1,3,13,22.824629898988757,6,2025-07-31 20:01:02.559021
6185,user_363,1508,4.1288284451942285,1,2,10,12.546520137241767,4,2025-11-23 20:01:02.559021
6186,user_269,576,4.2501307339900425,0,4,14,52.584927907298116,4,2025-11-26 20:01:02.560027
6187,user_619,2550,2.469249506182664,1,3,8,58.65518070678263,8,2025-05-08 20:01:02.561027
6188,user_87,2393,5.0,1,4,11,93.11033093352596,8,2025-06-11 20:01:02.561027
6189,user_478,2856,2.199010729579197,1,2,9,52.37020099319839,9,2025-05-01 20:01:02.562027
6190,user_498,1982,3.627192221117564,1,3,9,31.243134466838075,4,2025-04-12 20:01:02.562027
6191,user_155,961,4.444838820043386,1,4,14,25.304254814050598,9,2025-02-08 20:01:02.563027
6192,user_938,2693,3.3102087418122585,1,4,14,46.38896677929094,4,2025-03-01 20:01:02.564027
6193,user_75,296,2.8459466143025067,1,4,12,44.624552306972106,1,2025-06-08 20:01:02.564027
6194,user_875,1048,4.371166466762619,1,4,13,62.687734530077144,4,2025-04-19 20:01:02.565027
6195,user_148,850,3.4486758511608278,1,4,8,52.808949300184906,7,2025-11-29 20:01:02.565532
6196,user_757,925,3.522955794693326,0,2,14,34.593857284653055,2,2025-02-20 20:01:02.565532
6197,user_60,1708,4.091357763132411,1,3,13,52.44474785208486,3,2025-04-24 20:01:02.566539
6198,user_808,651,4.442481333206244,1,4,8,34.113177105898295,3,2025-09-17 20:01:02.567538
6199,user_490,1317,3.442800903544166,1,4,9,80.04560781564648,9,2024-12-15 20:01:02.567538
6200,user_221,657,2.429576084905786,1,4,12,46.112188437709314,1,2025-10-08 20:01:02.567538
6201,user_373,2741,2.394819911652444,1,4,14,62.45282596739404,1,2025-04-30 20:01:02.569044
6202,user_816,1699,3.2337852541084917,0,3,12,98.56652269059185,1,2025-06-20 20:01:02.570051
6203,user_435,2340,3.7517531601622625,1,2,9,87.96062331144154,3,2025-11-19 20:01:02.570051
6204,user_349,2896,1.950017820133724,1,2,12,75.71323082983231,3,2025-08-05 20:01:02.571051
6205,user_132,114,3.5525147276750815,1,3,10,42.90328772405101,1,2025-09-08 20:01:02.572052
6206,user_720,71,2.8169265301973225,1,2,14,36.524745187621086,3,2025-08-01 20:01:02.572052
6207,user_431,321,2.819672507122453,1,2,11,41.792496198995075,5,2025-05-07 20:01:02.572052
6208,user_619,2094,3.269454137895842,1,4,8,56.209869728923024,7,2025-05-06 20:01:02.573556
6209,user_828,659,3.514365988048314,1,4,12,48.166582341278655,9,2025-02-16 20:01:02.574562
6210,user_91,749,3.155804720910014,0,4,12,69.3068502268409,4,2025-01-08 20:01:02.574562
6211,user_581,627,4.440722966137329,1,2,8,65.74195508748441,4,2025-11-07 20:01:02.576067
6212,user_894,794,4.299106439023194,1,2,8,9.72308183478564,7,2025-05-24 20:01:02.576067
6213,user_573,416,2.8998097931083953,1,4,12,84.06953312901732,5,2025-09-02 20:01:02.576067
6214,user_242,1113,3.020001224236995,1,4,13,49.8948931032613,4,2025-06-10 20:01:02.577572
6215,user_775,1636,2.4378540119622905,0,3,12,54.673343665671595,6,2025-02-16 20:01:02.577572
6216,user_944,491,3.3913301339458943,1,3,12,12.829349247080513,6,2025-12-05 20:01:02.578578
6217,user_706,255,4.954651576865488,1,3,8,94.1139618450621,3,2024-12-27 20:01:02.579578
6218,user_366,228,2.576432149109894,1,2,12,69.19041704178196,9,2024-12-26 20:01:02.579578
6219,user_453,348,2.957671371990021,1,4,9,28.080288854758184,6,2025-08-31 20:01:02.579578
6220,user_232,162,3.3589354872035124,1,3,12,88.49831538790713,8,2025-08-03 20:01:02.581084
6221,user_894,2433,3.3633785637388143,1,4,11,53.93518016782335,9,2025-04-03 20:01:02.581084
6222,user_43,74,2.95386553866524,1,3,8,41.60167439152443,5,2025-10-18 20:01:02.582596
6223,user_843,115,2.976875283978815,1,3,13,11.415590398868325,1,2025-02-14 20:01:02.582596
6224,user_716,1946,3.403884018749614,1,3,11,46.73036211404696,6,2025-01-01 20:01:02.583601
6225,user_361,786,3.1152739529888582,1,2,9,6.000676498476121,3,2025-04-21 20:01:02.583601
6226,user_489,2845,3.6577319286772543,1,4,11,38.909399774474316,6,2025-08-16 20:01:02.584608
6227,user_668,1445,2.8557014727599404,1,4,13,52.78590739002429,9,2025-11-28 20:01:02.585608
6228,user_898,2333,3.717542255479387,1,4,11,72.3646022842546,9,2025-10-30 20:01:02.585608
6229,user_910,1317,3.3471508256967284,1,2,9,75.26080725693029,8,2025-08-27 20:01:02.586608
6230,user_312,1207,3.108120661906309,1,3,12,53.86514502747324,9,2025-10-21 20:01:02.587607
6231,user_544,1555,4.712767838576403,1,4,11,97.092072108536,8,2025-02-22 20:01:02.588609
6232,user_955,873,3.4311110822003927,1,4,8,28.50027299510297,8,2025-06-24 20:01:02.588609
6233,user_355,1483,3.525338152655923,1,3,14,10.539640579240183,8,2025-07-23 20:01:02.589607
6234,user_591,1775,2.483870452613611,1,2,9,44.4757438633429,2,2025-11-13 20:01:02.589607
6235,user_134,1575,4.5157586664384,1,3,11,58.09639180125632,9,2025-06-14 20:01:02.590606
6236,user_456,2247,4.179310103403762,1,3,9,42.85859461418594,2,2025-08-04 20:01:02.590606
6237,user_301,383,2.3544975438047304,0,3,14,37.759448368689206,5,2025-09-24 20:01:02.592112
6238,user_591,8,3.4510408295528525,1,4,9,96.95803540468195,6,2025-02-21 20:01:02.593119
6239,user_552,2180,3.5673322484305596,1,4,13,74.32345336012449,6,2024-12-12 20:01:02.593623
6240,user_759,1570,3.304597681425676,1,3,12,55.04637484536232,8,2025-03-18 20:01:02.593623
6241,user_526,2247,3.489413329997764,1,2,10,24.954555794251597,5,2025-11-06 20:01:02.593623
6242,user_197,1176,2.1158385980392835,1,2,9,94.45690748410104,6,2025-05-23 20:01:02.595128
6243,user_575,914,3.7550559555391088,1,3,14,25.14497798640344,2,2025-09-17 20:01:02.595776
6244,user_945,2786,4.517721374495454,1,3,9,7.433179866776685,3,2025-09-25 20:01:02.596289
6245,user_321,906,3.6503362531596912,1,4,14,40.77429440609115,6,2025-11-09 20:01:02.596289
6246,user_381,1409,2.767307725533247,1,3,9,45.29307983390647,2,2025-06-06 20:01:02.597802
6247,user_730,1480,3.8073719947436224,1,2,14,63.75646855428606,2,2025-11-29 20:01:02.597802
6248,user_276,1275,3.0845476360996713,1,4,9,12.301658598338017,4,2025-09-06 20:01:02.598809
6249,user_703,268,4.05321691764206,1,3,8,63.7876107098167,8,2025-08-14 20:01:02.598809
6250,user_224,762,3.967766037515509,1,2,10,89.9457309943336,2,2024-12-29 20:01:02.599809
6251,user_0,367,2.576399883531043,1,3,14,48.83108861220059,4,2025-05-27 20:01:02.600809
6252,user_234,1253,3.9865687651102664,0,2,11,83.47557736139711,3,2025-11-21 20:01:02.600809
6253,user_507,404,5.0,1,2,8,79.59384168280181,7,2025-02-14 20:01:02.601809
6254,user_441,2632,2.5526067193388426,1,4,9,64.08462328964416,1,2025-05-22 20:01:02.601809
6255,user_925,2875,3.9702724231824016,1,3,12,5.88666075612756,6,2025-08-18 20:01:02.602809
6256,user_441,2055,3.743167281356424,0,3,12,46.20255288473278,8,2025-06-12 20:01:02.602809
6257,user_938,2569,3.1095689112763703,0,2,13,65.36806328847605,9,2025-05-13 20:01:02.604314
6258,user_963,1653,2.8573508670945538,1,2,14,82.26257482647887,1,2025-12-07 20:01:02.605322
6259,user_140,2580,2.8491457071534443,1,4,11,9.077267826835012,5,2025-01-24 20:01:02.605322
6260,user_404,360,3.4380496287921347,1,3,8,3.8791744284170426,3,2025-06-08 20:01:02.606319
6261,user_723,2750,2.6554069288705717,1,3,12,85.23371097477204,9,2025-07-15 20:01:02.607320
6262,user_411,1467,3.202374071454149,1,3,13,24.006496325999084,3,2025-10-17 20:01:02.607320
6263,user_557,2615,3.1759545333143544,1,2,10,73.03316448777682,1,2025-12-06 20:01:02.607320
6264,user_188,2364,3.251792665080751,1,2,9,65.47843671275638,6,2025-06-02 20:01:02.609022
6265,user_364,2625,3.720403262722546,1,2,12,10.813447061461744,3,2025-07-28 20:01:02.609022
6266,user_175,799,3.5877453151965417,1,3,9,49.22086006481761,9,2025-12-05 20:01:02.610029
6267,user_442,1338,3.534712579200599,1,4,10,27.12688424166274,6,2025-09-09 20:01:02.611029
6268,user_191,2849,3.0701911695058133,1,4,8,13.21908987939252,4,2024-12-22 20:01:02.611534
6269,user_903,2457,2.3793925330640113,1,2,12,69.07862873840665,3,2025-01-27 20:01:02.611534
6270,user_647,2849,3.30335263680007,1,3,9,1.866817556830347,5,2025-03-15 20:01:02.612540
6271,user_368,1704,4.166176984213947,1,2,11,97.02351551945144,1,2025-11-07 20:01:02.613540
6272,user_678,1608,2.89184014648111,1,3,11,64.37840754485948,9,2025-06-09 20:01:02.613540
6273,user_960,1602,2.632591512883729,1,2,8,82.48164646208281,3,2025-04-22 20:01:02.613540
6274,user_674,1180,3.809258749288606,1,3,13,72.52331603230623,9,2025-08-22 20:01:02.615046
6275,user_298,1048,3.6293957518918734,1,2,12,12.260183756106402,4,2025-06-08 20:01:02.616053
6276,user_778,2440,4.31816831316595,1,4,9,5.113159247739574,3,2025-10-09 20:01:02.617053
6277,user_746,1203,1.7709868069168484,1,2,10,6.3367396457514324,9,2025-11-07 20:01:02.617053
6278,user_946,1166,2.3624701825040955,1,2,10,46.891048518181364,8,2025-04-20 20:01:02.618053
6279,user_878,656,3.7341030783006643,1,3,8,13.33998503617515,8,2025-06-17 20:01:02.618053
6280,user_501,1659,3.8078659153537178,1,3,12,92.12637123130958,9,2025-04-16 20:01:02.619053
6281,user_139,1620,2.4430187175874094,1,3,11,25.846845775507564,5,2025-11-19 20:01:02.619558
6282,user_320,2092,3.093615538432647,0,4,8,21.300358187621736,7,2025-12-05 20:01:02.620565
6283,user_458,2230,4.177684427735482,1,3,13,29.38857325535492,9,2025-04-24 20:01:02.621565
6284,user_110,2661,3.437124381278598,1,2,11,51.13490777408073,8,2025-09-28 20:01:02.621565
6285,user_422,69,3.016642875108433,1,4,9,71.83056212492592,6,2025-06-28 20:01:02.622566
6286,user_104,1989,2.4312053989639395,0,3,11,82.35366941209956,4,2025-03-26 20:01:02.623562
6287,user_433,2463,3.44044422684778,1,2,12,93.39993900936365,3,2025-02-05 20:01:02.624065
6288,user_895,1711,3.1173146933400093,1,3,9,26.186466938098285,1,2025-05-16 20:01:02.624065
6289,user_547,930,3.733282328190258,1,4,8,38.23459819147013,7,2025-10-25 20:01:02.625099
6290,user_615,1026,2.9162060554576152,1,4,9,18.358134806758564,6,2025-04-18 20:01:02.625099
6291,user_776,147,3.098579871030854,1,2,13,67.1430960758198,1,2025-12-02 20:01:02.626623
6292,user_968,2224,2.33327935860715,1,4,14,22.60428577929241,8,2025-08-29 20:01:02.627191
6293,user_219,766,3.5578324856234103,1,3,11,16.60569203039337,9,2025-02-13 20:01:02.627191
6294,user_871,37,3.566698897210077,1,3,12,89.5277694348135,9,2025-06-22 20:01:02.628220
6295,user_15,1398,3.3576369951430007,1,3,9,77.39310702144799,6,2025-02-03 20:01:02.629220
6296,user_861,2847,3.987807435905055,1,2,11,58.41682809486871,5,2024-12-20 20:01:02.629220
6297,user_699,1056,3.974425521009692,1,3,9,48.39499635258528,9,2025-06-22 20:01:02.630218
6298,user_726,2164,4.0269761257082415,1,2,10,7.495206903961071,7,2025-06-26 20:01:02.630218
6299,user_143,2269,4.605961688368367,1,3,11,22.607817522902984,3,2025-11-09 20:01:02.631726
6300,user_453,2430,3.621665955638232,1,4,13,66.4127478636259,8,2025-04-25 20:01:02.632231
6301,user_611,2515,2.8997179738730057,1,3,11,54.483320995483574,9,2025-04-17 20:01:02.632231
6302,user_788,1124,3.6348392330114154,0,4,11,98.69040057516955,9,2025-07-01 20:01:02.633741
6303,user_639,1831,3.5933347884246984,1,2,11,53.86705050648336,5,2025-01-26 20:01:02.633741
6304,user_97,847,4.190572492081214,1,4,14,69.55029638068156,7,2025-02-12 20:01:02.634747
6305,user_548,2472,3.6054662664054176,0,3,14,88.460668147657,1,2025-02-12 20:01:02.634747
6306,user_302,209,4.768631387151588,1,2,13,35.404654518364495,8,2025-02-07 20:01:02.635747
6307,user_710,1061,3.9402004125190997,1,2,12,80.91399403164694,3,2025-06-10 20:01:02.635747
6308,user_376,2322,3.9837415788040107,1,4,14,65.8445402900277,8,2025-08-18 20:01:02.636747
6309,user_498,62,3.106800456248279,1,4,10,97.82291189500214,8,2025-04-08 20:01:02.637252
6310,user_874,736,3.509101730986094,1,4,11,96.76311587593183,6,2025-10-11 20:01:02.638259
6311,user_128,1785,2.3777119504716024,1,4,10,2.2700365754377394,5,2025-05-22 20:01:02.639259
6312,user_924,2657,3.0607571884559395,1,2,14,5.237277677739893,2,2025-05-02 20:01:02.639259
6313,user_253,2331,2.980487772220904,1,2,13,89.2354382769989,7,2025-06-25 20:01:02.640256
6314,user_138,2250,3.088922392093571,1,4,9,95.1148303091929,6,2025-04-06 20:01:02.640256
6315,user_568,2626,3.2405764674283764,1,3,8,18.289157981497073,6,2025-02-27 20:01:02.641760
6316,user_789,1415,3.9060222882092823,0,2,10,36.845350572720115,4,2025-09-29 20:01:02.642766
6317,user_485,421,2.1859916774007315,1,4,10,95.23042735732604,4,2025-07-11 20:01:02.643271
6318,user_714,1666,3.555403931099176,1,2,8,95.94564697250003,5,2025-06-29 20:01:02.643271
6319,user_148,2014,2.849794838590173,0,4,13,40.96466323595017,3,2025-01-22 20:01:02.644277
6320,user_863,1543,2.946208833196602,1,3,14,21.55273109043925,3,2025-07-18 20:01:02.644277
6321,user_943,847,3.057318784077181,1,3,12,10.6290671006532,8,2025-02-20 20:01:02.645781
6322,user_313,2616,4.2173305739991775,1,3,14,31.20383513318947,1,2025-03-08 20:01:02.645781
6323,user_771,587,4.611386328917174,1,2,12,14.154270759776411,8,2025-05-03 20:01:02.646787
6324,user_147,1420,3.719787192222123,1,2,14,35.942660488282044,5,2025-08-12 20:01:02.647788
6325,user_211,2331,2.43015962483883,1,4,12,26.52800198530112,9,2024-12-13 20:01:02.648293
6326,user_905,2590,3.9242135659078645,1,3,13,26.976133327922934,2,2025-07-31 20:01:02.649299
6327,user_332,2716,4.333648063675838,0,3,8,23.970626024632413,5,2025-05-27 20:01:02.650309
6328,user_355,54,2.375934060506534,0,4,14,0.5474219983708006,7,2025-11-17 20:01:02.651299
6329,user_91,2376,2.6412571208841404,1,3,14,77.42491527392355,8,2025-11-12 20:01:02.652299
6330,user_525,1430,2.7856379594597085,1,2,14,43.189316206022774,3,2025-08-10 20:01:02.652299
6331,user_70,1222,1.810110889162433,1,3,8,47.74050614703837,5,2025-01-11 20:01:02.653299
6332,user_787,2834,2.6696557800124645,1,2,9,71.05820035123403,2,2025-07-31 20:01:02.653299
6333,user_251,868,2.099547827667802,1,3,8,35.02866995066858,3,2025-07-30 20:01:02.654804
6334,user_706,1837,4.220134823424482,1,4,8,61.211623415991525,8,2025-08-26 20:01:02.654804
6335,user_744,1877,3.632466311271869,1,3,8,25.759184939370762,2,2025-06-12 20:01:02.654804
6336,user_308,1202,4.8728215085297935,1,3,9,42.43410483565139,5,2025-12-04 20:01:02.656309
6337,user_164,119,3.0100938540091158,1,2,13,7.505471110941764,4,2025-07-20 20:01:02.657314
6338,user_761,1295,3.89894773198964,1,2,10,29.48702313015964,3,2025-09-11 20:01:02.657819
6339,user_530,2659,2.590955413749163,1,2,9,23.07715444640489,1,2025-01-05 20:01:02.658848
6340,user_211,1646,3.7045109824955764,1,3,10,30.683492404089364,3,2025-04-16 20:01:02.659388
6341,user_54,1627,4.466720406511862,1,2,13,74.60489142069767,8,2025-12-04 20:01:02.659388
6342,user_836,1322,3.8381105959275996,1,2,8,7.539725275349596,3,2025-03-17 20:01:02.660395
6343,user_303,2887,2.5981842127854113,1,4,11,55.375847028448725,7,2025-02-27 20:01:02.660395
6344,user_747,2723,3.7654388052778494,0,4,8,79.59379674560076,2,2025-06-16 20:01:02.661394
6345,user_964,91,2.808724302219355,1,3,11,68.84708823624493,1,2025-09-02 20:01:02.662394
6346,user_295,2240,3.1483253808289335,1,2,10,76.67165238127652,9,2025-10-29 20:01:02.662394
6347,user_36,1908,4.691119531811317,1,4,11,71.72190950894763,9,2025-12-02 20:01:02.663382
6348,user_749,656,4.187369404081265,1,4,11,94.10288865053685,2,2024-12-31 20:01:02.663382
6349,user_448,2554,2.743672081771504,1,3,10,56.36644806957732,9,2025-01-07 20:01:02.664888
6350,user_607,1344,3.797128460032317,0,4,11,3.4487586431967143,7,2025-01-28 20:01:02.664888
6351,user_759,1697,3.199191298222276,1,3,10,22.731957784330824,3,2025-05-11 20:01:02.665895
6352,user_168,1615,1.9608816900974697,1,2,13,55.945720697757864,2,2025-11-04 20:01:02.665895
6353,user_318,2687,3.692714668265684,1,3,10,26.8905076331891,7,2025-05-31 20:01:02.666894
6354,user_214,1912,3.945175796130636,1,2,12,46.14719558947551,7,2025-02-27 20:01:02.666894
6355,user_746,2180,4.018137440689411,0,3,10,49.41310516117002,3,2025-04-14 20:01:02.666894
6356,user_343,483,5.0,1,3,10,77.42707799871847,3,2025-04-05 20:01:02.668913
6357,user_634,365,3.3420462996524445,1,2,11,70.20925869196614,2,2025-07-03 20:01:02.668913
6358,user_94,1185,3.1602977706949744,1,4,11,5.3478460051900045,1,2025-03-01 20:01:02.669919
6359,user_181,2867,3.199522846771921,1,4,12,34.88851600321837,4,2025-10-05 20:01:02.670918
6360,user_409,2030,4.337366991555246,1,3,9,62.85949274430047,8,2025-01-10 20:01:02.670918
6361,user_964,289,2.963550270420422,1,3,12,1.9605097405746785,5,2025-09-03 20:01:02.671920
6362,user_471,1969,2.916258773739348,0,2,13,93.25956555310522,7,2025-01-03 20:01:02.671920
6363,user_354,2135,2.5860447485150817,1,3,11,8.462134214257766,4,2025-04-10 20:01:02.673425
6364,user_345,1775,3.7556357212006315,1,3,9,43.418219073966334,5,2025-08-25 20:01:02.673425
6365,user_745,1516,3.410147212718692,1,2,12,38.90397249259422,6,2025-12-08 20:01:02.674432
6366,user_617,251,4.790960238780932,1,3,12,63.05314711350183,3,2025-08-16 20:01:02.675431
6367,user_279,2219,3.0945846609817687,1,2,11,87.29701242413613,1,2025-01-02 20:01:02.676431
6368,user_270,1084,2.2768053927174954,1,4,10,48.0318877200181,6,2025-03-20 20:01:02.678007
6369,user_898,793,4.203977435903425,1,4,14,60.580587425961866,6,2025-02-08 20:01:02.680008
6370,user_461,1571,4.168180282459373,1,3,11,90.7843771968397,1,2025-01-21 20:01:02.681030
6371,user_749,393,4.183137066889503,0,3,9,43.5762441226885,3,2025-11-22 20:01:02.682148
6372,user_622,68,2.9230363608380467,1,3,9,61.50347754686665,5,2025-06-09 20:01:02.683202
6373,user_590,1667,2.8674609090472156,0,4,12,4.834883151217994,8,2025-05-10 20:01:02.684229
6374,user_658,309,2.794329570304714,0,4,10,71.21665339041263,2,2025-07-14 20:01:02.686228
6375,user_804,1819,4.107864354278658,1,3,14,40.86275411554987,9,2025-11-07 20:01:02.687228
6376,user_877,0,3.9825677010317526,1,3,11,2.9145779754376155,3,2025-09-11 20:01:02.688217
6377,user_593,2419,4.17652807948325,1,4,13,29.141866588038834,5,2025-09-23 20:01:02.688723
6378,user_823,985,4.2604239118740015,1,3,8,92.47692713185036,6,2025-01-05 20:01:02.688723
6379,user_509,430,2.468871521173945,1,2,14,31.149946852798315,9,2025-12-09 20:01:02.689753
6380,user_444,2270,3.870520900702423,1,3,14,34.36852518080248,3,2025-01-23 20:01:02.690743
6381,user_899,1303,3.092702325870718,1,2,11,97.56427796199837,8,2025-04-25 20:01:02.690743
6382,user_259,2779,3.845232904286919,1,2,13,82.19971061285364,4,2025-02-24 20:01:02.690743
6383,user_800,2694,2.582449527502191,1,4,8,89.012811347304,3,2025-10-09 20:01:02.692264
6384,user_376,2730,3.0688145879072817,1,2,11,58.7902569192283,5,2025-04-01 20:01:02.692810
6385,user_45,643,4.443906405898066,0,4,11,12.612951522186055,5,2025-06-14 20:01:02.693830
6386,user_395,1172,3.627137934073266,1,3,11,63.98072028893949,9,2025-09-15 20:01:02.696384
6387,user_635,421,3.2123864742726878,1,3,13,44.22028412823581,4,2025-08-12 20:01:02.697937
6388,user_522,383,2.930263591973949,1,2,9,56.23941342569484,1,2025-08-07 20:01:02.699964
6389,user_545,63,2.832542854211244,1,2,8,23.875604038490618,4,2025-06-05 20:01:02.701962
6390,user_951,394,2.8541962581128124,1,2,12,83.76290199641663,1,2025-11-30 20:01:02.702962
6391,user_579,552,3.855926555180905,1,3,9,27.61942656123614,9,2025-06-24 20:01:02.705480
6392,user_915,2048,3.420761966190913,0,2,8,75.2704144478964,9,2025-07-24 20:01:02.706499
6393,user_888,686,2.5286521043851056,1,2,14,24.4602455531874,2,2025-03-17 20:01:02.707027
6394,user_361,144,3.634035300397616,1,4,9,88.97632599139048,2,2025-01-28 20:01:02.708585
6395,user_743,584,3.6527819020234533,1,4,8,44.47661176593323,7,2025-05-20 20:01:02.710604
6396,user_513,2251,1.9604966044685397,1,3,9,13.174102607089022,8,2025-06-27 20:01:02.713612
6397,user_785,397,3.450227790505415,0,2,12,68.49065389609004,1,2025-10-16 20:01:02.715314
6398,user_706,449,3.655869276238352,1,4,13,63.96977799283038,6,2025-12-10 20:01:02.717654
6399,user_949,1422,4.390006000771445,1,3,13,72.61199767692122,4,2025-09-06 20:01:02.720369
6400,user_936,1392,4.1406926526766465,1,3,13,87.1863813762966,8,2025-04-05 20:01:02.722375
6401,user_390,2840,4.299365542744936,1,4,14,62.47090272623088,1,2025-10-04 20:01:02.723982
6402,user_307,1699,2.6197685564172533,1,3,11,43.84725066549735,6,2025-11-11 20:01:02.727100
6403,user_392,799,3.4418226698937757,1,4,13,92.06561352104349,5,2025-05-26 20:01:02.728749
6404,user_272,775,3.2707255469540892,1,2,10,29.545121612180104,3,2025-03-10 20:01:02.731263
6405,user_235,2562,4.259876863724533,1,4,10,1.6204809267711284,4,2025-12-06 20:01:02.732292
6406,user_329,2535,3.805810812824333,1,2,13,63.151860157439856,2,2025-04-18 20:01:02.735019
6407,user_433,1582,3.436796765230701,1,4,11,1.6174477496196826,4,2025-09-30 20:01:02.736018
6408,user_203,2301,3.091495542542491,1,2,14,5.223739040451547,6,2024-12-19 20:01:02.737018
6409,user_180,1817,1.9599079513465452,1,2,10,47.18516337515931,7,2025-11-29 20:01:02.738023
6410,user_307,609,2.7067812762091332,1,3,13,54.954984999977384,6,2025-11-15 20:01:02.739018
6411,user_104,2831,2.6223684541498065,1,2,9,33.04566257154893,1,2025-09-16 20:01:02.739018
6412,user_831,448,2.5133636291916464,1,2,11,11.749996093228464,9,2025-04-20 20:01:02.740019
6413,user_432,1039,3.449632528440025,1,3,10,31.649774744443317,7,2025-01-10 20:01:02.741018
6414,user_626,2294,4.2456446370101455,1,2,8,18.289915509320142,6,2025-07-03 20:01:02.742008
6415,user_568,352,4.62053418602232,1,4,9,11.434324193967683,2,2025-11-13 20:01:02.742008
6416,user_738,542,3.8332655149072767,1,3,14,7.580487252033963,6,2025-08-04 20:01:02.743509
6417,user_653,2178,3.4058615452022543,1,2,14,33.164320056531615,6,2025-04-16 20:01:02.745539
6418,user_186,1613,2.7623314443707843,1,4,14,7.43024338048196,3,2025-02-06 20:01:02.746061
6419,user_857,2063,1.9902758624661308,1,3,8,96.18595505504348,4,2025-07-02 20:01:02.748705
6420,user_746,2839,4.689617228289664,1,2,10,68.84874472932336,5,2025-07-21 20:01:02.749809
6421,user_741,175,2.516569073252634,1,2,14,65.54290951065636,9,2025-02-22 20:01:02.752537
6422,user_239,442,4.180451831492557,1,4,14,9.926551516377003,8,2025-03-19 20:01:02.754439
6423,user_432,335,2.245851447090357,1,4,12,6.815619254525307,5,2025-09-04 20:01:02.757220
6424,user_322,1,4.3402094850191535,1,4,9,83.16357267481716,4,2024-12-21 20:01:02.758231
6425,user_795,2225,3.369207553939077,1,4,12,73.78861824162857,7,2025-11-29 20:01:02.759227
6426,user_70,53,2.9679033195459836,1,4,12,53.659570027721536,5,2025-11-06 20:01:02.761226
6427,user_530,285,3.1552766466089164,1,4,11,35.93106090541236,1,2025-04-11 20:01:02.763287
6428,user_960,523,2.559182012110146,1,3,8,26.50613083856652,3,2025-08-02 20:01:02.765957
6429,user_626,1496,3.3059448604111825,1,2,11,23.565515946436978,1,2025-11-20 20:01:02.768193
6430,user_340,1940,3.5986924901663677,1,3,8,27.995628376658654,6,2025-08-29 20:01:02.770809
6431,user_95,601,2.7094453526297686,1,4,14,24.99832313177356,6,2025-04-16 20:01:02.771910
6432,user_215,2391,3.8601248631704648,1,3,10,2.6787288560364386,1,2025-07-27 20:01:02.773417
6433,user_697,1885,3.3523224978155675,1,3,13,89.84260030279894,9,2025-05-30 20:01:02.775528
6434,user_850,201,3.199255435980966,0,3,11,7.617989296243399,7,2024-12-17 20:01:02.777094
6435,user_499,2470,3.9602498023723025,1,2,11,15.39493546501064,3,2025-04-22 20:01:02.778216
6436,user_491,945,3.659654207456123,1,3,13,10.566084814041343,9,2025-03-18 20:01:02.779209
6437,user_963,716,3.9425253274745375,1,4,8,45.27893931365662,7,2025-12-09 20:01:02.781234
6438,user_770,1053,2.987946369395896,1,4,11,35.936727593119244,3,2025-11-26 20:01:02.782475
6439,user_793,1169,2.80262123289555,1,4,13,83.20685878845195,5,2025-10-25 20:01:02.783593
6440,user_182,164,3.6735454465699897,1,2,14,46.90915041293078,7,2024-12-14 20:01:02.784212
6441,user_368,957,2.263176409609029,1,3,13,7.316099552604327,4,2025-08-04 20:01:02.785329
6442,user_703,2756,4.207292032179049,1,3,10,65.21929249541363,7,2025-02-14 20:01:02.786325
6443,user_148,2707,2.458880431524075,1,2,9,68.7109694400246,1,2025-05-15 20:01:02.788222
6444,user_514,678,3.6547738456786876,1,2,10,77.38304178508308,8,2025-08-29 20:01:02.789215
6445,user_333,106,2.8230506518823613,1,3,8,99.4365247947713,1,2025-10-06 20:01:02.790340
6446,user_150,277,3.75636766244671,1,4,12,5.2597204616886,6,2025-06-15 20:01:02.793820
6447,user_289,2910,2.945927357133329,1,4,10,76.2180428236109,1,2024-12-31 20:01:02.796543
6448,user_696,576,3.822136037638277,1,2,12,94.69521979007351,2,2025-08-26 20:01:02.800282
6449,user_751,1602,2.8378211407286456,1,4,11,31.316120581379025,8,2025-10-31 20:01:02.803910
6450,user_333,462,3.885864293143859,1,4,10,39.62171347201489,6,2025-11-01 20:01:02.804415
6451,user_120,2472,3.442198068125945,1,4,10,68.45128492021847,3,2025-06-12 20:01:02.806546
6452,user_106,2546,4.640149794844559,1,4,10,64.82116909890478,7,2025-04-29 20:01:02.807794
6453,user_968,2559,3.307035679492395,1,4,13,77.7854712446648,5,2025-06-20 20:01:02.809037
6454,user_426,654,2.7570619393071705,1,4,11,36.5858086252548,2,2025-05-11 20:01:02.809658
6455,user_636,2083,3.690519161851246,1,4,8,53.186072244307816,5,2025-02-22 20:01:02.811763
6456,user_467,2808,3.4286986500411545,1,4,13,59.12125234830857,2,2025-01-12 20:01:02.812768
6457,user_394,1414,3.158024341836262,1,3,14,30.18950224328638,7,2025-10-30 20:01:02.814980
6458,user_606,2195,3.2106852764478333,1,3,14,36.25252349364101,2,2025-08-30 20:01:02.817099
6459,user_758,2637,3.0850949274221393,1,3,14,96.74990807248545,9,2024-12-18 20:01:02.819094
6460,user_392,2743,3.361725764542096,1,2,11,27.964137902915166,5,2025-03-13 20:01:02.822477
6461,user_740,548,4.790150253622258,1,4,8,89.25688352929713,7,2024-12-30 20:01:02.824765
6462,user_441,1799,3.1372375021597447,1,2,8,9.560993919274086,4,2025-01-19 20:01:02.825753
6463,user_433,653,2.9522936254430947,0,3,9,14.283955044412078,1,2024-12-23 20:01:02.827370
6464,user_431,2,4.639380872614021,1,4,13,86.34531464494233,1,2024-12-21 20:01:02.829482
6465,user_31,2530,2.865519643482423,0,3,12,67.18351441852512,2,2025-12-09 20:01:02.831209
6466,user_795,801,2.575939288984482,1,2,12,75.96063452679441,3,2025-06-15 20:01:02.833549
6467,user_509,1320,3.7989394431118972,1,2,10,50.747539838617115,1,2025-02-18 20:01:02.835665
6468,user_122,739,2.6868303861276437,1,4,14,93.19531227123078,7,2025-08-29 20:01:02.837559
6469,user_568,787,4.790163053500542,1,4,14,53.356296682446704,9,2025-05-30 20:01:02.840657
6470,user_421,1500,3.2422452285879526,1,4,9,33.65760417373901,4,2025-07-20 20:01:02.842265
6471,user_624,91,3.290614775275463,1,3,9,53.01546281555489,4,2025-01-24 20:01:02.844148
6472,user_301,487,1.9625886886563715,1,3,14,73.08255232194122,9,2025-07-12 20:01:02.845123
6473,user_200,2646,3.9750457798618952,1,3,9,10.008089490347006,7,2024-12-26 20:01:02.846884
6474,user_773,949,2.7706448328264046,1,4,11,41.22251357485924,4,2025-11-17 20:01:02.847505
6475,user_96,2871,2.4158710866314994,1,3,8,41.698958008375456,3,2025-06-18 20:01:02.848628
6476,user_944,1953,4.502959215638054,1,4,12,93.34194101392794,1,2025-03-23 20:01:02.849624
6477,user_76,2652,3.325676326256988,1,3,11,86.12502400009282,6,2025-07-13 20:01:02.851624
6478,user_94,2725,3.9768770995548213,1,2,11,82.29183904341552,9,2025-05-04 20:01:02.852621
6479,user_232,1375,3.372264961991732,1,3,12,48.454928148156625,1,2025-03-10 20:01:02.853624
6480,user_256,2206,3.1717512230346103,1,3,13,16.128564146981518,2,2025-03-03 20:01:02.854628
6481,user_771,20,2.420933436843962,1,3,8,17.178552045807272,9,2025-08-06 20:01:02.856447
6482,user_445,286,4.706376735110868,0,3,8,58.147683354210244,6,2025-05-31 20:01:02.857088
6483,user_751,1750,4.197183077937767,1,3,14,89.56528458560608,5,2025-12-09 20:01:02.858975
6484,user_771,446,3.372514765564301,1,4,13,83.37531729116299,6,2025-05-21 20:01:02.859623
6485,user_876,1720,2.981573046624508,1,3,9,75.04101738471725,4,2025-05-08 20:01:02.860738
6486,user_617,1080,3.3901207269598177,1,2,8,17.566611679453224,3,2024-12-24 20:01:02.861737
6487,user_903,623,4.346993695072841,1,3,14,12.45053933374093,7,2025-04-17 20:01:02.862741
6488,user_297,1010,3.885431474742454,0,4,8,24.30393760362225,2,2025-04-08 20:01:02.863739
6489,user_377,2894,3.8439697718043924,1,3,8,2.519131427191146,3,2025-12-10 20:01:02.865362
6490,user_93,856,3.540168324127391,1,2,10,84.09538946352714,6,2025-03-02 20:01:02.866489
6491,user_129,2410,3.7626775418291,1,4,9,72.18504401747397,6,2025-03-01 20:01:02.867474
6492,user_478,2593,3.020795907005575,1,3,8,62.24464595729413,1,2025-07-28 20:01:02.869097
6493,user_537,2309,2.8944039521129947,1,2,9,65.31103382522919,1,2025-08-22 20:01:02.870222
6494,user_612,1809,3.5388238888026176,1,2,13,15.145203296351252,1,2025-01-21 20:01:02.871105
6495,user_737,95,2.947788829181122,1,2,14,68.35226393736646,2,2025-02-08 20:01:02.872105
6496,user_280,1640,3.309675097825852,1,2,14,49.5875814952907,9,2025-11-28 20:01:02.873610
6497,user_157,104,3.5369178171612354,1,3,8,26.725687968213595,9,2025-05-09 20:01:02.874615
6498,user_30,278,3.4315359238981262,0,2,11,70.01708891706963,8,2025-07-15 20:01:02.875719
6499,user_573,1654,3.1936917915312146,1,4,9,75.73533616931093,5,2025-11-25 20:01:02.875719
6500,user_603,628,3.241750346633015,1,2,12,4.717382439436157,6,2025-07-26 20:01:02.877411
6501,user_960,1693,2.6870621742708147,1,2,10,3.014051776330229,9,2025-04-22 20:01:02.878528
6502,user_631,921,4.2839217100600315,1,4,11,14.957609953817885,4,2025-12-05 20:01:02.879529
6503,user_956,564,2.9110639094593087,1,4,12,85.27290227591286,8,2025-12-11 20:01:02.880534
6504,user_359,2674,2.7902658039326127,1,4,13,35.93771876641628,4,2025-05-21 20:01:02.881529
6505,user_335,389,4.1200796356230995,1,2,14,72.16610089254542,7,2025-03-25 20:01:02.883636
6506,user_971,225,4.619714897120076,1,2,10,36.38113989890274,5,2025-06-18 20:01:02.884752
6507,user_314,908,4.033383727652858,1,3,14,49.27914739429454,5,2025-03-11 20:01:02.885759
6508,user_384,1848,3.480886910111158,1,4,14,47.110579223500245,4,2025-08-05 20:01:02.886755
6509,user_518,1561,3.3464265172509595,1,2,8,85.23125983688425,7,2025-02-02 20:01:02.887650
6510,user_116,1941,3.7137139622193427,1,2,13,44.57234386234473,3,2025-09-20 20:01:02.889685
6511,user_783,1533,2.3109942999691797,1,4,8,21.66772466584407,2,2025-09-24 20:01:02.890644
6512,user_690,291,3.6399677529011494,0,2,12,55.29997666567957,8,2025-03-22 20:01:02.891643
6513,user_280,1589,3.4530020772527714,0,2,10,60.01273470579759,7,2025-11-15 20:01:02.891643
6514,user_431,2358,3.410940486453235,1,3,14,64.53628528671568,2,2025-07-06 20:01:02.891643
6515,user_307,1679,3.177047624053663,1,4,13,94.56647634298633,1,2025-06-15 20:01:02.893433
6516,user_132,948,2.486766518154223,1,2,14,67.42829825997256,5,2025-01-16 20:01:02.895182
6517,user_799,2328,4.645373436719922,1,2,14,87.68179403222923,6,2025-02-21 20:01:02.896321
6518,user_246,1115,3.954965430218595,1,3,8,54.86667803021537,5,2025-01-10 20:01:02.897569
6519,user_788,2361,3.4368664543227045,1,3,14,94.92268834271147,1,2025-06-18 20:01:02.898690
6520,user_363,1521,2.7900553958403274,1,4,8,31.46323070668885,1,2025-05-01 20:01:02.899680
6521,user_385,1190,3.6472144011219427,1,2,13,8.43277964229392,8,2025-10-29 20:01:02.899680
6522,user_486,1831,3.0609434416372787,1,2,8,53.94953889785168,1,2025-01-19 20:01:02.900674
6523,user_549,2311,4.297460778925786,1,2,13,87.81171606848544,7,2025-01-26 20:01:02.900674
6524,user_620,1592,2.8116883929840855,1,4,11,48.20067029682327,1,2024-12-13 20:01:02.901678
6525,user_355,2820,2.7127129764853555,1,3,10,51.798296838497826,2,2025-01-20 20:01:02.902679
6526,user_678,837,1.9808340492323266,1,2,11,22.32824019805375,4,2025-12-09 20:01:02.902679
6527,user_522,1392,3.4440739219447103,1,3,9,95.3369525016399,6,2025-09-17 20:01:02.903679
6528,user_297,1578,3.5806366974040635,1,3,14,77.4883019552924,1,2025-11-27 20:01:02.903679
6529,user_693,545,2.8687603923573564,1,4,13,43.89872294234416,1,2025-08-28 20:01:02.905096
6530,user_766,13,3.998607275355515,1,4,14,85.3884876985432,3,2025-09-28 20:01:02.905096
6531,user_948,1066,3.157832659039228,0,4,14,47.41009290788121,3,2025-08-30 20:01:02.905096
6532,user_463,469,3.6195571837931926,1,3,14,38.84227089786657,2,2025-09-01 20:01:02.906770
6533,user_496,2895,4.139143406733305,1,2,12,42.06856309277666,7,2025-06-08 20:01:02.907460
6534,user_841,1861,4.2916058838255795,1,4,12,88.70339626937873,1,2025-11-06 20:01:02.907460
6535,user_969,1772,2.729538873139087,1,4,11,96.43057265977697,6,2025-11-14 20:01:02.908972
6536,user_904,1561,2.7670784597939595,1,3,12,18.8719798981151,1,2025-10-24 20:01:02.908972
6537,user_472,665,2.227031875366168,1,2,8,89.63962191148232,7,2025-11-22 20:01:02.909978
6538,user_695,502,3.6975268345526002,1,4,10,86.92967374994052,1,2025-11-03 20:01:02.909978
6539,user_664,2914,4.466700160636095,1,4,13,2.7364003451031405,5,2024-12-15 20:01:02.910979
6540,user_461,668,4.437094972105953,1,2,13,32.90724814297958,1,2025-02-08 20:01:02.911979
6541,user_875,2096,3.628243843816606,1,3,12,78.18941706375574,7,2025-03-08 20:01:02.912979
6542,user_503,783,3.115824096861282,0,2,8,43.32230363904925,9,2025-09-16 20:01:02.913980
6543,user_600,2497,3.0367760386671065,1,4,9,22.909823144423292,9,2025-02-21 20:01:02.915069
6544,user_214,1335,3.346552757770553,1,3,14,34.95606594971936,2,2025-03-02 20:01:02.916350
6545,user_926,598,3.4301134878495416,1,4,8,75.40936521545726,5,2024-12-29 20:01:02.917392
6546,user_49,2114,4.555790856889497,0,3,13,41.9514945854895,2,2025-03-30 20:01:02.919380
6547,user_335,857,4.414557628771593,1,2,12,61.22890872463768,1,2025-07-06 20:01:02.922154
6548,user_508,482,3.9057773596261653,1,3,11,5.492542311639436,4,2025-05-23 20:01:02.923770
6549,user_771,1264,3.913244077902442,1,3,11,12.729807431869578,1,2025-10-09 20:01:02.925389
6550,user_697,2060,2.5521972756488527,1,3,8,73.65097653410506,4,2025-08-20 20:01:02.927001
6551,user_644,759,3.5908344427211643,1,4,10,44.1627204692538,3,2025-08-31 20:01:02.928124
6552,user_663,1556,2.707977926350871,1,2,12,72.712484408462,9,2025-10-08 20:01:02.930120
6553,user_761,1535,3.3343275805791794,1,3,8,75.69241566624166,8,2025-11-25 20:01:02.931124
6554,user_908,1545,4.9077694177521485,1,4,11,48.83342131528803,6,2025-07-26 20:01:02.932380
6555,user_391,845,2.7634139077235482,1,3,9,6.1119900557368485,9,2025-04-30 20:01:02.933500
6556,user_886,216,4.130910888646397,1,3,13,52.77244019670086,9,2025-02-05 20:01:02.934128
6557,user_829,2322,3.4056440804091395,1,3,8,57.827114490320156,3,2025-03-08 20:01:02.935241
6558,user_3,2459,3.0520379241539626,0,2,8,33.57449940049004,4,2025-12-02 20:01:02.936250
6559,user_374,645,3.929839073000221,0,3,12,8.74670556430418,7,2025-08-23 20:01:02.937250
6560,user_69,2157,3.713993960149219,1,3,11,64.0293916951086,7,2025-03-31 20:01:02.938131
6561,user_666,1505,3.344286133899192,1,4,9,61.57639944318252,7,2025-05-23 20:01:02.938131
6562,user_560,2374,2.339708606339989,1,3,12,73.10455363623782,8,2025-10-18 20:01:02.939644
6563,user_906,2270,2.6184922479076467,1,3,11,72.3644613845808,6,2025-02-28 20:01:02.939644
6564,user_170,874,4.479167805274148,1,2,13,46.51458554488735,7,2025-11-03 20:01:02.941755
6565,user_969,1873,5.0,1,4,8,84.23851746335129,2,2025-10-09 20:01:02.942817
6566,user_252,1034,4.566409991347127,1,2,8,41.56083138806236,7,2025-06-22 20:01:02.942817
6567,user_800,2069,3.6637992327007067,1,4,10,22.40206676112021,8,2025-03-09 20:01:02.943823
6568,user_648,718,3.5683159890509684,1,2,8,91.25384993991307,7,2025-01-04 20:01:02.945443
6569,user_259,2221,2.0599575048762566,0,2,9,22.330937771404223,3,2025-02-07 20:01:02.946244
6570,user_648,2642,3.8160859144264685,1,2,13,80.47923453135553,2,2025-04-06 20:01:02.946244
6571,user_300,2035,3.1800776523088823,1,3,8,46.10738249936476,5,2025-07-06 20:01:02.947815
6572,user_395,1544,3.1933830558049854,1,3,9,6.797053618955284,5,2025-12-02 20:01:02.947815
6573,user_847,280,3.029685110093798,1,2,12,53.7279595807825,9,2025-03-07 20:01:02.948924
6574,user_282,1130,3.1780806290365864,1,2,11,11.751481233190454,5,2025-03-26 20:01:02.949822
6575,user_336,1929,4.3308458134848005,1,2,12,58.722171451788206,6,2025-08-17 20:01:02.949822
6576,user_400,2756,4.143534857426636,1,2,14,78.44082121527391,5,2025-01-11 20:01:02.950822
6577,user_840,1624,3.207816427516536,1,4,13,37.26658071813189,3,2025-09-06 20:01:02.950822
6578,user_677,1159,3.3574959810162346,1,3,8,0.8641400337070837,8,2025-07-07 20:01:02.951822
6579,user_397,812,3.1960606184196636,1,3,10,47.99238058822062,4,2025-10-23 20:01:02.952822
6580,user_323,1537,3.67036157793827,1,3,9,20.121239230815412,2,2025-08-05 20:01:02.952822
6581,user_492,2144,2.3438680837234362,1,2,14,4.427771163299877,5,2025-05-16 20:01:02.954327
6582,user_969,272,3.476347473323085,1,2,12,34.824854129035835,9,2025-11-07 20:01:02.954327
6583,user_272,555,2.833592557114269,1,2,11,10.471847116866472,5,2025-04-04 20:01:02.955843
6584,user_487,2549,3.769572640046429,1,3,12,88.65977959490746,4,2025-11-27 20:01:02.956361
6585,user_548,137,3.5079967517043897,1,4,13,63.50599800633107,2,2025-08-21 20:01:02.957869
6586,user_408,1954,2.5573787718426884,1,4,14,50.30587903825815,5,2025-03-19 20:01:02.958877
6587,user_98,2618,4.824071641580576,1,2,8,49.95861547262743,2,2025-09-20 20:01:02.958877
6588,user_241,11,4.669761018036026,1,3,9,84.68304108357336,5,2025-07-06 20:01:02.960878
6589,user_790,1428,2.9564990917565868,1,2,10,29.367130524216744,5,2025-07-28 20:01:02.961877
6590,user_281,2790,4.289042254494756,1,2,9,26.932132021310405,8,2025-05-12 20:01:02.962877
6591,user_724,1918,3.473716324161229,1,2,12,83.46253729307811,3,2025-01-20 20:01:02.962877
6592,user_918,1168,2.84496698153475,1,3,10,59.96854545787882,5,2025-10-22 20:01:02.963877
6593,user_257,660,3.6601814242747266,1,2,10,95.50205254213601,8,2025-01-07 20:01:02.964876
6594,user_719,1176,2.81275296947308,1,2,11,82.4011902311354,7,2025-02-10 20:01:02.965382
6595,user_655,741,4.393224393941327,1,3,11,8.803702834417704,9,2025-04-11 20:01:02.965382
6596,user_821,1053,3.433707581705948,1,2,13,7.682275519002147,1,2025-08-30 20:01:02.966888
6597,user_180,2008,2.5133029656688284,1,3,14,72.00927833744798,4,2025-11-24 20:01:02.967895
6598,user_886,818,2.558414058229117,1,2,9,11.446746433075782,7,2025-07-30 20:01:02.967895
6599,user_300,877,2.3272047668909708,1,4,12,86.03288915450646,6,2025-04-23 20:01:02.968895
6600,user_266,1513,4.257383587199629,1,4,10,20.03244104452433,6,2025-03-26 20:01:02.969399
6601,user_70,2308,3.3413878184031702,1,4,12,32.04406231388954,9,2025-04-22 20:01:02.969399
6602,user_881,1038,4.125442291756688,1,3,14,62.875772815954015,2,2025-11-21 20:01:02.970405
6603,user_736,2214,2.5126641762581166,1,4,8,9.817604917705935,2,2025-01-16 20:01:02.971406
6604,user_329,293,3.9868096440623497,1,3,10,12.506281972124988,1,2025-03-20 20:01:02.971406
6605,user_945,1663,4.6332089529187765,1,3,13,45.69731409090607,1,2025-02-18 20:01:02.972407
6606,user_411,1038,3.259763322043259,1,2,12,45.41297131538416,6,2025-02-25 20:01:02.973403
6607,user_305,171,2.8165783399569664,1,2,11,46.72944932697983,5,2025-04-19 20:01:02.973905
6608,user_415,310,2.1021924312657623,1,4,11,32.00045197121383,6,2025-10-26 20:01:02.974436
6609,user_197,562,3.064314034905738,1,4,14,16.163252651784365,1,2025-05-06 20:01:02.975442
6610,user_789,744,3.398090776595878,1,2,14,73.40794689060303,6,2025-03-14 20:01:02.975442
6611,user_172,235,2.926816911751117,1,2,14,21.054559333155677,1,2025-03-21 20:01:02.976442
6612,user_189,2404,4.076610556950806,1,2,8,23.907093600378417,9,2025-09-08 20:01:02.978160
6613,user_800,683,2.238340393165795,1,4,10,77.4267166702143,3,2025-08-24 20:01:02.978160
6614,user_496,60,4.268277393529777,1,3,9,24.133050829561775,4,2025-07-30 20:01:02.979163
6615,user_577,1174,4.777491161682286,1,4,14,0.031101252880083585,1,2025-05-21 20:01:02.980162
6616,user_294,2908,3.523914558662963,1,4,10,92.58286213113759,3,2025-11-12 20:01:02.980162
6617,user_507,197,4.360781426835676,1,3,11,72.77033223113857,1,2025-03-02 20:01:02.981162
6618,user_776,1027,3.755666086397782,1,2,9,63.24120110618977,9,2025-02-17 20:01:02.981667
6619,user_895,1007,2.615801214828176,1,3,14,41.9833593216718,5,2025-07-06 20:01:02.982172
6620,user_238,2090,2.5472146684459953,1,2,8,58.68639252999043,2,2025-06-30 20:01:02.982172
6621,user_382,164,3.357291930202128,1,3,11,77.34415610996611,8,2025-11-10 20:01:02.982172
6622,user_506,612,2.4828400013515,1,4,9,23.44439612817594,7,2025-01-14 20:01:02.983866
6623,user_438,2461,3.0027018533818284,1,2,12,8.530674769002399,2,2025-03-19 20:01:02.983866
6624,user_106,65,3.1860388913485256,1,2,11,93.65311633423889,9,2025-06-20 20:01:02.984872
6625,user_908,1707,2.912639169461092,0,3,10,7.3399658135115615,5,2025-04-11 20:01:02.985872
6626,user_797,339,3.163665965625737,1,3,13,58.71024942145306,5,2025-04-23 20:01:02.985872
6627,user_385,2370,3.0342650495579866,1,2,14,20.0067239724701,3,2024-12-24 20:01:02.986872
6628,user_699,1775,2.9475069005398713,1,2,11,17.98963494117872,5,2025-08-26 20:01:02.987378
6629,user_676,1590,3.002593636733729,1,3,8,74.12208208040778,1,2024-12-13 20:01:02.988385
6630,user_395,1050,2.831485010976662,1,2,11,12.730704192268794,2,2025-02-23 20:01:02.988385
6631,user_438,2819,2.7028420042773496,1,4,10,92.36442312740452,1,2025-09-30 20:01:02.989384
6632,user_404,2017,3.094493322871824,1,2,14,75.85361795403026,8,2025-01-08 20:01:02.990382
6633,user_51,1911,1.9465610549254335,1,3,11,20.35083123020981,1,2025-01-16 20:01:02.990382
6634,user_668,1018,2.826358844994721,1,4,14,74.17785368110012,2,2025-04-05 20:01:02.990382
6635,user_314,1733,4.18627022409383,1,2,8,10.767565606938367,1,2025-01-22 20:01:02.992209
6636,user_185,2839,4.353921613805528,1,4,11,57.813788459939374,3,2025-01-23 20:01:02.992839
6637,user_591,1464,3.125358379954071,1,3,8,4.73574802789043,3,2025-07-19 20:01:02.993927
6638,user_925,1258,3.5226634043810083,1,4,14,54.35715915061403,9,2025-02-20 20:01:02.993927
6639,user_490,1306,2.348381562975732,0,4,14,16.277670219374784,9,2025-04-25 20:01:02.993927
6640,user_337,2766,3.8898499695827713,1,4,11,18.190009693714327,3,2025-04-09 20:01:02.995432
6641,user_15,1358,2.364787020551092,0,2,8,83.75987884212132,2,2025-11-20 20:01:02.996067
6642,user_617,118,4.131507742494474,1,4,12,20.036907375906143,7,2025-05-18 20:01:02.996067
6643,user_660,704,4.379442012977721,1,4,9,64.19621239453586,7,2025-04-30 20:01:02.996067
6644,user_119,1949,3.407019467077083,1,3,10,38.73779768318636,2,2025-11-16 20:01:02.997711
6645,user_529,2369,3.7067563295061396,0,2,9,61.73266366947183,9,2025-10-24 20:01:02.998717
6646,user_824,823,4.110359716555599,1,4,12,58.26478031178226,7,2025-05-07 20:01:02.998717
6647,user_348,2636,3.6526198394669507,1,4,12,50.132397514366076,4,2025-04-06 20:01:02.999717
6648,user_910,2476,3.1208941730899125,1,3,14,35.17575672362295,7,2025-12-07 20:01:02.999717
6649,user_106,2027,3.353396752965303,1,2,12,92.15863922248832,6,2025-10-08 20:01:03.000717
6650,user_910,614,2.6770291317553543,1,2,14,16.206932574123723,4,2025-04-05 20:01:03.000717
6651,user_693,1019,3.5265026282395526,1,4,11,74.5965376524088,9,2025-01-24 20:01:03.002223
6652,user_365,1916,2.560252883929383,1,2,10,46.844571925734726,5,2025-05-23 20:01:03.002223
6653,user_876,407,2.4375039189071557,1,2,9,66.98653563302638,8,2024-12-19 20:01:03.003230
6654,user_627,1889,2.713950728222802,1,4,10,21.429075079524473,9,2024-12-22 20:01:03.003230
6655,user_342,2102,2.955752993209352,1,2,8,62.46255935383099,3,2025-09-15 20:01:03.004736
6656,user_903,1343,3.079263970417828,1,2,13,84.41521695754413,8,2025-07-23 20:01:03.005745
6657,user_815,1379,2.840644416530804,1,3,13,25.303763538527136,4,2025-04-24 20:01:03.006744
6658,user_802,2283,3.3491771274660174,1,2,11,45.728952649802636,2,2025-07-06 20:01:03.007424
6659,user_258,2275,3.4080893548806936,0,4,9,82.89911073038604,6,2025-01-13 20:01:03.007931
6660,user_587,2812,2.2017443867322983,1,3,13,83.21731664465254,4,2025-04-19 20:01:03.008583
6661,user_178,11,3.724911916887009,1,3,10,19.962225608436512,7,2025-01-13 20:01:03.009590
6662,user_111,1973,4.1164040565998805,1,3,8,37.93013383826591,3,2025-07-13 20:01:03.009590
6663,user_304,1482,4.778852711368249,1,3,12,57.90153513666073,7,2025-07-10 20:01:03.010590
6664,user_608,2371,3.061036396860216,0,2,8,98.57803316719527,2,2025-10-11 20:01:03.010590
6665,user_443,2243,2.901384097509248,1,4,13,49.87118476843829,2,2025-01-30 20:01:03.011590
6666,user_171,398,3.9439034777202515,1,3,14,85.19169450251162,6,2025-05-15 20:01:03.011590
6667,user_729,2675,2.2888133120589256,0,2,9,95.33286033087946,5,2025-09-19 20:01:03.012590
6668,user_257,2179,4.441347227833602,1,2,13,13.251398168658223,9,2025-07-23 20:01:03.013590
6669,user_422,2699,2.124371364628961,1,3,12,1.7886941606900297,4,2025-03-19 20:01:03.013590
6670,user_921,1380,4.173512038637341,0,3,13,15.473616100622777,3,2025-05-28 20:01:03.013590
6671,user_350,1241,2.1840107157398885,1,4,12,90.18956750881237,6,2025-08-21 20:01:03.015095
6672,user_812,1219,3.248429642006747,0,4,12,38.14757919656465,9,2025-01-04 20:01:03.015095
6673,user_507,1687,4.8986632731031206,0,3,14,47.072669857045,8,2025-05-13 20:01:03.016101
6674,user_584,1957,3.3535265662156375,0,4,8,74.5085930652749,9,2025-02-01 20:01:03.016101
6675,user_37,301,3.883414197518703,1,2,11,31.816133859157002,8,2025-10-18 20:01:03.017606
6676,user_495,1944,3.0219336232467082,1,2,12,65.35891048912535,6,2025-06-15 20:01:03.017606
6677,user_309,418,3.300571584714906,1,2,14,68.51894556906662,1,2025-06-27 20:01:03.017606
6678,user_913,1698,2.774066552405013,1,4,10,6.959109444124922,6,2025-08-23 20:01:03.019123
6679,user_289,246,3.3284094526803303,1,3,8,51.191082104857685,5,2025-04-24 20:01:03.019511
6680,user_124,1738,3.8011942489004444,1,2,9,3.6998130415711428,5,2025-03-15 20:01:03.020129
6681,user_895,2275,3.1047328777564065,1,4,8,38.6486696603445,4,2025-11-19 20:01:03.021128
6682,user_551,1359,2.602243733330086,1,2,8,52.13094518811457,7,2025-05-14 20:01:03.021128
6683,user_681,1175,2.526418067574128,1,3,9,85.59019634203935,2,2025-04-07 20:01:03.022241
6684,user_620,1855,3.391789576734916,1,3,13,3.4481661725059065,9,2025-02-23 20:01:03.022241
6685,user_883,1301,2.3479827470866725,1,4,9,1.4837413504777075,6,2025-02-07 20:01:03.023747
6686,user_169,680,3.236672754123825,1,2,9,61.68390909165925,7,2025-05-23 20:01:03.024754
6687,user_683,48,3.2583169258247966,1,4,13,13.38111416135651,5,2025-01-16 20:01:03.025754
6688,user_425,186,2.8730733710458813,1,2,9,2.6438569106668752,4,2025-02-08 20:01:03.025754
6689,user_70,1467,2.6604227804013396,1,2,13,61.328024233892656,5,2025-02-10 20:01:03.025754
6690,user_542,2824,2.539588709069307,1,4,8,76.80816128922933,7,2025-10-03 20:01:03.027966
6691,user_495,1186,3.6113409806799583,1,3,9,78.28612123565031,3,2025-04-03 20:01:03.029199
6692,user_705,256,3.1637228486847806,1,2,11,69.02927878387065,4,2025-05-08 20:01:03.030067
6693,user_749,2606,3.5686283403565655,1,4,11,48.85180459269319,3,2025-09-26 20:01:03.030067
6694,user_950,1163,4.060768221947183,1,4,10,37.62637284434833,4,2025-11-24 20:01:03.031571
6695,user_523,255,3.653089849434326,1,4,10,45.16021180743327,3,2025-01-26 20:01:03.032076
6696,user_860,358,3.931359695231699,0,2,10,94.51665640361085,4,2025-10-23 20:01:03.032076
6697,user_441,669,2.076201927372325,1,4,8,19.6648253766768,4,2025-03-15 20:01:03.032076
6698,user_891,2202,3.6760570363283898,1,3,9,16.96601662850732,5,2025-08-24 20:01:03.033784
6699,user_370,1482,2.8083902775193157,1,4,8,57.6233615629095,2,2025-10-19 20:01:03.034299
6700,user_833,2613,3.550744576035834,1,4,8,63.14985552556654,1,2025-03-04 20:01:03.034299
6701,user_792,1116,3.7673138869557397,1,2,10,19.4919367586629,2,2025-03-28 20:01:03.035306
6702,user_870,183,2.652363639498779,1,4,10,61.15905268527292,8,2025-02-18 20:01:03.035306
6703,user_381,443,3.255262782066073,1,2,9,46.027355600107434,7,2025-10-09 20:01:03.036306
6704,user_389,2110,3.8753784987713553,1,2,9,19.72501460796765,5,2025-05-27 20:01:03.037306
6705,user_123,1590,4.5012366432294915,0,4,13,62.23414632920018,6,2025-05-29 20:01:03.037306
6706,user_284,1616,3.5948448834714637,0,3,10,52.09586561598897,9,2025-01-02 20:01:03.038412
6707,user_666,2312,3.0989899566874324,1,4,8,70.05962558037933,4,2025-03-28 20:01:03.038412
6708,user_140,281,3.8557439024262408,1,4,8,27.88213981265386,5,2025-06-03 20:01:03.039408
6709,user_406,2650,3.6902264438314636,1,3,10,44.63815423062648,7,2025-08-28 20:01:03.040307
6710,user_331,1075,2.067595225937355,1,3,11,67.1452564958939,2,2025-09-22 20:01:03.040307
6711,user_26,117,2.993139712687016,0,4,12,19.891959693467285,2,2025-04-13 20:01:03.041811
6712,user_528,1719,3.7522801838118798,1,3,11,8.187302573272637,4,2025-02-09 20:01:03.042920
6713,user_735,2605,3.34040432817895,1,3,11,30.61691823665271,5,2025-08-30 20:01:03.043536
6714,user_488,650,3.598738332435393,1,3,10,73.35024984885612,1,2025-04-15 20:01:03.043536
6715,user_656,1165,2.546089620617219,1,3,9,75.26657800643747,6,2025-01-11 20:01:03.045041
6716,user_388,1189,3.6984755993278777,1,3,13,80.28061732594742,3,2025-02-04 20:01:03.045711
6717,user_288,2284,4.131667194577459,1,2,9,0.08582238277602405,2,2025-01-05 20:01:03.045711
6718,user_188,2014,4.195482051518681,1,3,12,39.11897598965884,1,2025-11-08 20:01:03.046717
6719,user_590,2631,4.042287111129727,1,3,9,24.618721472540273,8,2025-11-02 20:01:03.046717
6720,user_710,915,2.2339945741352207,0,3,14,41.077788873556464,2,2025-02-18 20:01:03.047717
6721,user_750,2366,2.584018356812784,1,3,9,69.1399921899496,3,2025-09-15 20:01:03.048222
6722,user_942,2502,2.6086367534829114,1,4,14,81.17223728346883,3,2025-03-03 20:01:03.048222
6723,user_98,2635,3.6034179332333105,1,3,13,87.06824035386929,5,2025-10-23 20:01:03.049228
6724,user_521,1993,1.9544376498154876,1,4,13,28.4456090787489,9,2025-04-21 20:01:03.050228
6725,user_545,42,3.6485672274015863,1,4,8,94.73980363295809,1,2025-03-20 20:01:03.050228
6726,user_158,137,2.717518257159173,1,4,9,80.5421477304979,5,2025-10-16 20:01:03.051228
6727,user_568,68,3.969516918641103,0,4,14,29.365132589590004,3,2025-06-15 20:01:03.051228
6728,user_140,1772,3.2543806480641333,1,4,12,89.73610213609336,3,2025-05-09 20:01:03.052228
6729,user_683,972,3.744140595269756,1,3,11,26.013440484304862,7,2024-12-28 20:01:03.052228
6730,user_366,1556,3.932057926966654,1,2,9,42.62432639395406,8,2025-09-12 20:01:03.053229
6731,user_592,215,4.438012169009551,1,3,10,67.17593616716864,2,2025-09-07 20:01:03.053229
6732,user_944,2800,3.0391972834164447,1,4,10,14.623600578783346,2,2025-10-28 20:01:03.054777
6733,user_665,1338,4.500832657966329,1,3,11,93.69187011538041,2,2025-05-02 20:01:03.054777
6734,user_16,1652,3.837270398548656,1,2,11,49.485301034334775,3,2025-03-04 20:01:03.056387
6735,user_261,2617,3.2749239178399967,1,2,10,13.350695839696192,2,2025-01-22 20:01:03.057391
6736,user_741,1788,2.7722493746697396,1,4,12,46.68759436150355,9,2025-03-09 20:01:03.057894
6737,user_321,1960,2.9334625348113312,0,3,9,33.976381438682544,4,2025-04-24 20:01:03.058421
6738,user_7,1184,3.7100970456486317,1,3,9,71.71708595159018,6,2025-11-03 20:01:03.059432
6739,user_869,320,2.0983883131812857,1,4,14,13.675624374230654,7,2025-06-26 20:01:03.059432
6740,user_651,1296,2.7695736417104415,1,4,9,21.37386465549811,8,2025-07-29 20:01:03.060432
6741,user_602,1611,3.6250424791523432,1,4,12,91.15989615400794,5,2025-03-14 20:01:03.060432
6742,user_381,473,3.4657912429859477,1,3,12,98.44004993061019,2,2025-04-10 20:01:03.061431
6743,user_652,1788,4.7493067693804,1,3,10,56.22522233596923,4,2025-01-01 20:01:03.062431
6744,user_667,919,2.4529453546651148,1,4,12,19.46869972411436,5,2025-11-08 20:01:03.062431
6745,user_520,2853,4.8659472082061965,1,3,11,48.580059044297194,2,2025-07-25 20:01:03.063431
6746,user_286,2330,4.325584848373095,0,4,8,2.208020530177579,6,2024-12-22 20:01:03.063431
6747,user_254,1691,3.262642928327018,0,2,11,63.37785914565751,6,2025-03-07 20:01:03.063431
6748,user_656,56,3.85880183985104,1,2,9,6.763980747890763,7,2025-03-17 20:01:03.064937
6749,user_858,1562,4.0220649576964345,1,4,11,20.780173315328433,8,2025-01-31 20:01:03.065944
6750,user_448,1078,4.456518506343636,1,4,11,10.126617028223972,5,2025-04-04 20:01:03.065944
6751,user_330,100,2.948374781294103,1,4,9,4.806883805842988,5,2025-04-17 20:01:03.066945
6752,user_427,881,3.2308575065474585,1,3,8,40.499883539014306,3,2025-03-07 20:01:03.066945
6753,user_293,1538,3.910233401233377,0,3,9,0.3218084111683783,6,2025-08-24 20:01:03.067945
6754,user_182,23,2.7594792252984197,0,4,14,16.736279248315977,6,2025-03-30 20:01:03.067945
6755,user_715,904,3.384979399639886,0,4,14,52.25924131298888,4,2025-04-12 20:01:03.069449
6756,user_761,142,3.2062011677243474,1,3,10,89.18296731733307,6,2025-04-18 20:01:03.069449
6757,user_543,2250,3.7422447533430763,1,3,12,13.329177585079288,4,2025-08-24 20:01:03.070456
6758,user_411,70,3.185104124101547,1,3,14,3.519619443322508,7,2025-08-07 20:01:03.071456
6759,user_425,2325,3.2732457875622107,1,4,12,18.648159924054298,4,2025-10-06 20:01:03.071456
6760,user_122,2334,3.755295298135032,1,2,11,24.037625347870218,4,2024-12-13 20:01:03.072456
6761,user_823,2851,3.2011429035830976,1,4,8,76.7320124022318,5,2025-09-02 20:01:03.072456
6762,user_940,2147,2.922923274727118,1,2,8,3.479440472643347,9,2025-01-18 20:01:03.073961
6763,user_47,5,2.666333565565156,1,3,10,51.23751934895382,1,2025-04-11 20:01:03.073961
6764,user_7,776,3.9889790348059315,1,2,8,61.593946951237356,3,2025-05-16 20:01:03.073961
6765,user_362,1194,3.9967557786685637,1,4,12,84.19856183037162,5,2025-08-10 20:01:03.075468
6766,user_606,516,3.8909093535270864,1,3,11,14.585586799439065,2,2025-02-02 20:01:03.076493
6767,user_235,1861,4.55728772015044,0,2,13,60.01509528749457,9,2025-08-20 20:01:03.077472
6768,user_467,964,3.0585681982963386,1,2,13,62.8103377037235,4,2025-11-05 20:01:03.077976
6769,user_769,430,3.4782879043629906,1,4,11,70.89618941245887,3,2025-10-27 20:01:03.077976
6770,user_876,2917,3.0832003144721,1,4,8,90.4712757311361,1,2025-05-07 20:01:03.078982
6771,user_727,1163,2.506117590057995,1,4,10,82.51156766566507,6,2025-03-10 20:01:03.079982
6772,user_614,1940,3.923105003486933,1,3,9,92.09311761005013,9,2025-09-20 20:01:03.079982
6773,user_585,13,3.6850679414100673,0,2,11,15.512423574603872,3,2025-08-15 20:01:03.079982
6774,user_730,164,4.089161641498037,1,4,13,30.103815350896866,7,2025-03-02 20:01:03.081488
6775,user_749,2785,3.2257531858064086,1,3,8,91.23708834481683,6,2025-10-03 20:01:03.081840
6776,user_517,1690,3.329398153548837,1,3,8,5.065350525422085,7,2025-09-22 20:01:03.082345
6777,user_916,106,3.959632339479062,1,3,14,1.4533201803523133,2,2025-09-09 20:01:03.083351
6778,user_81,2739,1.7797721310156762,1,3,10,47.16494112730598,7,2025-10-25 20:01:03.083856
6779,user_662,113,2.3650961503686596,1,3,8,77.15866101130266,6,2025-06-24 20:01:03.083856
6780,user_428,2453,3.5106253216961876,1,4,8,17.172363361249545,2,2025-11-28 20:01:03.084863
6781,user_532,938,3.136186423703202,1,2,14,82.01391059383006,7,2025-11-30 20:01:03.084863
6782,user_122,1798,4.171270997333551,1,3,8,1.7491658019392897,9,2025-07-03 20:01:03.085862
6783,user_508,941,2.4622888132834424,1,2,11,88.3492404085875,3,2025-02-12 20:01:03.086863
6784,user_165,760,4.668715197993677,1,3,14,91.47421361315139,6,2025-07-10 20:01:03.087862
6785,user_799,2674,3.8147386629795275,1,3,13,8.606995113207871,8,2025-06-13 20:01:03.087862
6786,user_625,685,3.089889488689342,1,3,8,24.62187150530625,6,2025-04-26 20:01:03.088876
6787,user_907,904,2.6628720591682558,1,4,10,72.43143497170242,2,2025-10-10 20:01:03.089863
6788,user_817,863,2.837389541065845,1,4,13,68.04479860024567,6,2025-09-15 20:01:03.090862
6789,user_390,1392,4.471519571001008,1,2,8,48.59901481965463,1,2025-07-26 20:01:03.090862
6790,user_962,636,3.2795757168391186,1,3,14,50.91318667929116,8,2025-09-03 20:01:03.092962
6791,user_605,2564,3.191059962889325,1,2,10,86.57311868828067,8,2025-03-06 20:01:03.093322
6792,user_908,1448,2.4367309943798006,1,4,11,85.59665745376451,1,2025-11-07 20:01:03.093968
6793,user_182,1125,3.147118021590257,1,2,10,10.982498301065569,5,2025-11-25 20:01:03.093968
6794,user_922,1611,2.2815506550620928,1,4,12,37.922650790318194,2,2025-10-08 20:01:03.095474
6795,user_254,271,3.6127132174037824,1,4,12,24.816488349058176,6,2025-05-18 20:01:03.095474
6796,user_34,113,3.2258953778290786,1,3,11,32.14449534786426,6,2025-01-01 20:01:03.096481
6797,user_301,1978,3.774447304136041,1,4,12,10.495536057657995,2,2025-02-07 20:01:03.096985
6798,user_303,845,2.2809038911186965,1,3,9,96.92356404885837,1,2025-07-23 20:01:03.097490
6799,user_103,1238,2.638241445306871,1,3,11,41.06899563042672,5,2025-08-19 20:01:03.097490
6800,user_853,207,3.9265021041466035,1,3,8,40.176434022795185,9,2025-07-09 20:01:03.098496
6801,user_895,1410,1.9516107663169047,1,4,11,32.762288525311725,7,2025-09-11 20:01:03.099496
6802,user_473,2735,3.008339021732634,1,4,8,39.34969810869274,7,2025-06-20 20:01:03.099496
6803,user_832,926,2.230189936893831,1,3,12,53.96911869177965,1,2025-02-12 20:01:03.100496
6804,user_710,847,3.4535055065723337,1,2,11,69.33876944395078,7,2025-01-13 20:01:03.100496
6805,user_114,2623,4.233948598027489,1,3,11,3.54367657772392,7,2025-04-19 20:01:03.101496
6806,user_311,13,2.824560907744376,1,3,10,97.70128912865094,3,2025-04-15 20:01:03.102496
6807,user_504,2882,2.6357035534295483,1,4,13,96.50478190838814,3,2025-01-18 20:01:03.102496
6808,user_625,847,4.60782713593944,1,4,12,4.235615426152018,3,2025-11-18 20:01:03.103496
6809,user_850,1695,4.083936774704548,1,2,14,74.0295973621342,7,2025-05-18 20:01:03.104496
6810,user_938,52,3.358021357736457,1,3,12,5.818614231522545,8,2025-03-23 20:01:03.104496
6811,user_565,1204,4.00507045267882,1,3,12,12.659490554956532,4,2025-03-09 20:01:03.105547
6812,user_312,440,2.4166079941815135,1,4,8,24.79235759420422,4,2025-04-22 20:01:03.107048
6813,user_721,1660,4.241657625701201,1,2,13,65.3478218434347,2,2025-11-19 20:01:03.107048
6814,user_647,1329,4.401792402627402,1,4,9,75.01588035003506,1,2024-12-17 20:01:03.108721
6815,user_782,1072,3.0642064475549495,1,2,13,69.88642299590651,7,2025-09-29 20:01:03.109733
6816,user_818,1700,4.001532113136929,1,3,8,22.43791066855192,6,2025-07-12 20:01:03.109733
6817,user_379,2084,4.506237205630276,1,4,14,35.81991205434733,3,2025-04-18 20:01:03.110735
6818,user_880,1443,3.7577067670488438,1,2,12,97.2913400435334,4,2025-12-02 20:01:03.110735
6819,user_940,439,3.565005006776479,1,3,9,57.548894664820395,9,2025-04-23 20:01:03.111735
6820,user_659,123,3.554431249444691,1,3,9,3.9418378296590784,1,2025-10-15 20:01:03.112240
6821,user_479,468,2.59374317499966,1,4,13,46.295116780712284,3,2025-06-19 20:01:03.113246
6822,user_295,2141,2.74505392870947,1,2,11,20.93937816942035,4,2025-11-17 20:01:03.113246
6823,user_869,1019,3.2460759888405426,1,2,13,43.79180598223235,7,2025-07-03 20:01:03.113246
6824,user_171,874,3.6333064258584535,1,2,14,70.31265446731676,4,2025-10-17 20:01:03.114751
6825,user_91,1697,3.325455914157545,0,2,13,33.31706003607783,3,2025-01-12 20:01:03.115608
6826,user_735,760,4.584165381257577,1,2,10,16.622148271002967,2,2025-12-05 20:01:03.115608
6827,user_824,2339,3.393043910625627,0,2,12,27.17729769439182,6,2025-03-03 20:01:03.116614
6828,user_671,2892,3.2657007741208814,1,3,9,90.25974451459821,2,2025-07-08 20:01:03.116614
6829,user_86,1785,2.7515463572660797,1,2,9,46.80338224120937,1,2025-11-23 20:01:03.117614
6830,user_875,2739,2.2084597926677407,1,2,10,34.84882302192525,3,2025-08-10 20:01:03.117614
6831,user_132,66,2.82336801280834,1,4,11,5.220315028807954,3,2025-08-31 20:01:03.119119
6832,user_80,1641,4.61628986434784,1,2,8,88.21188334824924,2,2025-06-28 20:01:03.119515
6833,user_326,1248,4.059606658878451,1,4,12,45.2320916935245,4,2025-03-09 20:01:03.120125
6834,user_410,1214,4.22307121885107,1,3,14,66.66273203592176,8,2025-02-22 20:01:03.121125
6835,user_680,992,3.793636260834231,1,2,9,44.27832181846204,1,2025-11-23 20:01:03.121125
6836,user_541,2509,4.218563073359335,1,3,9,24.122695445333488,9,2025-08-20 20:01:03.122141
6837,user_422,1117,3.70258367782002,1,4,11,87.47271213474615,4,2025-01-20 20:01:03.123650
6838,user_535,2265,3.061385461443785,1,4,10,91.95037062033246,7,2025-01-06 20:01:03.124654
6839,user_250,1600,2.9331303229446823,1,3,11,62.776013541447774,6,2025-04-11 20:01:03.125656
6840,user_380,2099,2.202192735484325,1,3,13,55.005931512288186,1,2024-12-31 20:01:03.125656
6841,user_167,1639,3.4695057562213356,1,2,11,61.986126715767334,4,2025-11-26 20:01:03.127161
6842,user_205,1517,2.3455336249263063,1,2,12,67.57863491430184,3,2025-07-27 20:01:03.127161
6843,user_567,699,3.4314937276578283,1,3,13,70.06646670708717,1,2025-03-12 20:01:03.128168
6844,user_256,375,4.557376809742728,1,2,11,51.040151548917436,3,2025-11-18 20:01:03.128673
6845,user_231,1067,2.586096409620964,0,2,11,76.46308139697777,7,2025-12-08 20:01:03.128673
6846,user_211,2047,3.466170971977777,1,3,13,36.310636817788435,7,2025-08-26 20:01:03.129679
6847,user_486,369,4.286287576962691,1,2,14,27.857688060751585,2,2025-04-02 20:01:03.129679
6848,user_926,1580,3.9850196916220098,1,3,11,19.638760078397045,1,2025-03-05 20:01:03.131184
6849,user_843,2600,3.5586413573783013,1,4,10,79.81365417802972,6,2024-12-26 20:01:03.131184
6850,user_231,1484,2.856524777627401,1,2,12,96.0274304055722,4,2024-12-25 20:01:03.132191
6851,user_134,178,4.699938687056083,0,2,14,42.21663448855048,9,2025-02-18 20:01:03.132697
6852,user_294,1683,3.4146178266536977,1,2,9,18.379416890611587,2,2025-02-18 20:01:03.133202
6853,user_540,1382,3.8233862707478687,1,3,10,33.63687776230472,4,2025-09-10 20:01:03.134208
6854,user_565,1400,2.1203470676413043,1,2,11,88.32883361657163,3,2025-11-23 20:01:03.134208
6855,user_683,2462,3.1960689132369358,0,2,10,31.445615086333735,4,2025-12-05 20:01:03.135209
6856,user_963,896,2.3041952880928713,1,2,8,6.963864096230232,2,2025-02-11 20:01:03.136208
6857,user_526,1890,3.337267692086733,1,3,14,62.884575396195544,3,2025-02-10 20:01:03.136208
6858,user_607,2476,3.206383554635263,1,4,12,11.076549077348552,1,2025-06-20 20:01:03.137209
6859,user_803,2677,2.879218776543578,1,4,9,54.56376742469667,4,2025-05-08 20:01:03.138209
6860,user_202,2702,3.7162398258984886,1,3,10,6.969782491924326,9,2025-10-13 20:01:03.138209
6861,user_183,686,1.6860496122485689,1,4,8,20.81253003143856,1,2025-07-01 20:01:03.139209
6862,user_809,994,2.1991637845971557,1,3,12,31.81977277051561,5,2025-05-27 20:01:03.140206
6863,user_82,1877,2.3997327373752584,1,2,8,29.49001434027767,5,2025-11-02 20:01:03.140206
6864,user_228,1018,4.2846704084783696,1,3,8,43.525277326358406,5,2025-08-31 20:01:03.141207
6865,user_32,776,1.9389318212551474,1,3,11,9.013081664351274,1,2025-07-17 20:01:03.142208
6866,user_516,2327,3.489186205539717,1,4,9,89.8045487693736,2,2025-01-05 20:01:03.142713
6867,user_370,2275,3.4318831926822133,1,2,13,10.773601194612414,9,2025-09-16 20:01:03.143732
6868,user_186,2659,3.275848342814815,1,4,14,90.75112422585158,1,2025-07-10 20:01:03.143732
6869,user_578,1996,2.773743150186189,1,2,10,98.74835094958554,3,2025-10-04 20:01:03.143732
6870,user_710,2132,4.106623083551776,1,3,11,4.840483232325655,8,2025-06-18 20:01:03.145245
6871,user_186,781,2.928764929416074,1,3,13,84.53659010216,9,2025-02-24 20:01:03.145245
6872,user_447,1204,3.6731512888961975,1,2,11,66.04019988099115,5,2025-01-29 20:01:03.146252
6873,user_955,1732,3.3937071276332524,1,4,13,56.52965939202099,5,2025-09-15 20:01:03.146756
6874,user_284,2341,2.801946969337024,1,3,14,95.452300979607,8,2025-02-18 20:01:03.147761
6875,user_201,434,2.905011910008282,1,3,11,23.8429270536323,5,2025-03-04 20:01:03.147761
6876,user_822,596,4.338090925288692,1,4,11,92.80161448364343,4,2025-07-23 20:01:03.148767
6877,user_58,1080,3.8862409516200525,1,3,10,68.80237527336628,5,2025-01-09 20:01:03.149767
6878,user_700,2027,3.7606730633856267,1,4,10,68.21218985298259,2,2025-05-21 20:01:03.149767
6879,user_457,2734,4.147251526440801,1,3,10,45.335945115196886,8,2025-05-08 20:01:03.150767
6880,user_747,2322,3.5674754068932013,1,4,10,37.10935519247639,7,2025-05-22 20:01:03.150767
6881,user_858,670,4.314066924373912,1,3,9,29.90064777108562,2,2025-11-29 20:01:03.151768
6882,user_917,1682,3.4045475058685937,1,3,13,46.92146971100109,6,2024-12-16 20:01:03.152768
6883,user_483,473,3.9023836292341882,1,4,11,43.35823500339999,9,2024-12-28 20:01:03.152768
6884,user_219,1295,3.789156355423676,1,4,11,36.15519743931068,8,2024-12-13 20:01:03.154272
6885,user_287,2200,2.550654785549066,0,2,12,32.71300491733721,4,2025-05-14 20:01:03.154272
6886,user_864,1363,3.729233704714706,1,2,13,66.34381667436546,8,2025-02-03 20:01:03.155280
6887,user_945,634,3.804546655367414,1,3,9,50.16408266537079,7,2025-07-10 20:01:03.155280
6888,user_335,1328,3.1829687489291563,1,3,8,75.05763761754345,6,2025-01-11 20:01:03.156786
6889,user_703,1343,3.0436868027347472,1,2,8,13.117814551994499,6,2025-10-28 20:01:03.157616
6890,user_843,2739,3.3721033622911545,1,3,12,59.641380721596235,5,2025-07-26 20:01:03.157616
6891,user_665,658,3.086234966094334,1,3,8,23.794284610934557,9,2025-05-28 20:01:03.157616
6892,user_556,2453,2.942244440574627,1,2,12,63.0082875686638,3,2025-07-21 20:01:03.159126
6893,user_129,2035,2.919217284687278,1,4,13,6.904576724480005,1,2025-04-24 20:01:03.160981
6894,user_432,538,2.644683529030439,1,2,12,49.778127947328024,9,2025-08-13 20:01:03.161982
6895,user_456,1565,4.241909048404651,1,2,12,92.38473129350788,1,2025-06-21 20:01:03.161982
6896,user_560,754,3.7736261853002087,1,2,9,21.403025806083452,7,2025-09-07 20:01:03.163006
6897,user_737,386,3.6010481199182682,1,2,11,72.8708299833433,2,2025-08-15 20:01:03.163982
6898,user_856,497,3.797185594082227,1,4,11,88.60799157916122,6,2025-11-16 20:01:03.163982
6899,user_457,2160,3.6438264386995973,1,2,8,80.42596370353704,8,2025-11-21 20:01:03.165488
6900,user_926,174,3.5859110172306354,1,2,12,46.20750770358093,4,2025-02-24 20:01:03.165488
6901,user_458,1057,2.9055830456230534,1,4,13,9.801967777422293,1,2025-06-25 20:01:03.166495
6902,user_145,1573,3.515907343091645,1,2,13,3.994096938755265,8,2025-01-29 20:01:03.166495
6903,user_870,299,2.8969888164533097,0,2,9,75.93574688887217,9,2024-12-31 20:01:03.167495
6904,user_52,1455,3.9678821860616083,1,2,11,47.67958607510967,7,2025-01-29 20:01:03.167495
6905,user_759,937,2.594129492471011,1,2,10,61.86508971873741,3,2025-05-16 20:01:03.169000
6906,user_383,2914,3.375079459135618,1,2,11,69.89765789002391,2,2025-05-13 20:01:03.169000
6907,user_131,2674,3.807998855859493,1,4,10,85.04586495830763,9,2025-07-13 20:01:03.169000
6908,user_275,497,2.8577851264240284,1,2,8,42.666398653383276,1,2025-03-14 20:01:03.170515
6909,user_569,2561,4.4889102951826105,1,4,10,80.08699715068009,8,2025-04-28 20:01:03.171522
6910,user_266,916,2.9432499490507644,1,3,8,79.09811408994341,7,2025-10-12 20:01:03.171522
6911,user_669,2027,3.287055372976043,1,3,13,89.79825321496254,3,2025-08-24 20:01:03.172522
6912,user_405,919,4.094883129899585,1,3,11,87.85777080737262,5,2025-04-13 20:01:03.173519
6913,user_702,2218,3.641379586684025,1,3,12,20.553878648657943,1,2025-02-15 20:01:03.174023
6914,user_236,1176,4.1229140612996,0,3,11,24.63166659342859,1,2025-08-19 20:01:03.174818
6915,user_765,1091,2.6271367520618862,1,4,10,16.970379151160987,2,2025-08-07 20:01:03.174818
6916,user_669,877,3.3603631838782198,1,4,11,5.268133218184323,8,2025-08-27 20:01:03.175824
6917,user_236,1335,3.413810176071829,1,2,13,66.8849704605401,9,2025-11-15 20:01:03.176824
6918,user_354,533,2.290937034709088,1,2,13,38.01028372708362,6,2024-12-12 20:01:03.176824
6919,user_610,219,2.735935240793937,1,4,10,80.14453545429997,3,2025-04-03 20:01:03.177824
6920,user_928,1759,3.161348281430743,1,4,14,68.24702467549614,6,2025-02-10 20:01:03.178329
6921,user_332,1619,3.014217625310168,1,4,14,92.35692367862389,2,2025-01-06 20:01:03.178329
6922,user_635,858,3.42487188663671,1,4,14,3.243263859147305,1,2025-03-04 20:01:03.179335
6923,user_5,279,3.3820299089119517,1,3,13,37.29056936801262,4,2025-02-17 20:01:03.180367
6924,user_827,2223,4.188901296931818,1,3,8,66.65654573594722,3,2025-05-25 20:01:03.181351
6925,user_582,23,4.459596968331051,1,2,9,80.54259890591153,4,2025-04-14 20:01:03.181887
6926,user_246,1094,3.9809062701919866,1,3,12,40.62710758711915,6,2025-12-08 20:01:03.182411
6927,user_563,2414,3.3336285786205657,1,4,9,43.52997918367484,2,2025-06-01 20:01:03.182411
6928,user_54,2676,3.6629770074757246,1,3,14,32.994755767582326,2,2025-06-26 20:01:03.183440
6929,user_156,423,4.388202433972689,1,2,11,7.0804314011400304,2,2025-09-14 20:01:03.183974
6930,user_1,2218,4.185177061963013,1,3,8,98.96891928044785,4,2025-02-24 20:01:03.184984
6931,user_470,408,3.9598588826546957,1,2,9,5.44766390380188,7,2025-04-11 20:01:03.186368
6932,user_748,1624,4.0767531525289575,1,4,13,51.81864730121819,2,2025-02-23 20:01:03.187368
6933,user_632,1127,4.8798137689221015,0,2,12,88.33962009858753,1,2025-02-14 20:01:03.188377
6934,user_619,1958,2.7538195256681184,0,2,9,52.8388140417991,8,2024-12-16 20:01:03.188377
6935,user_433,2247,2.4684782162037493,1,4,14,63.08966483692042,7,2025-05-02 20:01:03.188377
6936,user_276,1814,2.6781881207921288,1,3,9,9.675811931415101,7,2025-03-30 20:01:03.189901
6937,user_532,1080,4.234229967575841,1,3,9,47.72387878335741,1,2025-10-19 20:01:03.190931
6938,user_543,503,4.148735873422892,1,2,11,47.75528375852113,3,2025-02-06 20:01:03.190931
6939,user_418,2282,4.858480430889712,1,3,14,11.145547248523634,6,2025-06-29 20:01:03.191916
6940,user_566,1418,2.638656864389171,1,3,13,30.37414644533617,9,2025-05-15 20:01:03.192420
6941,user_651,1286,4.173948964533125,1,2,14,76.05997662077417,3,2025-04-13 20:01:03.193983
6942,user_653,854,3.4368110781525285,1,3,11,77.25673386243334,3,2025-04-13 20:01:03.193983
6943,user_223,1135,2.292017773683423,1,2,12,79.46811036364932,8,2025-04-21 20:01:03.196239
6944,user_26,984,4.879044955469825,1,3,9,24.104099775568066,9,2025-05-15 20:01:03.196239
6945,user_701,2863,3.672321508820545,1,2,11,0.07443148890811102,4,2025-08-05 20:01:03.198827
6946,user_590,1484,3.653102589482386,1,2,12,59.473025915461285,6,2025-06-11 20:01:03.199826
6947,user_213,2140,3.7437602517282,1,3,9,64.93734780462978,5,2025-08-07 20:01:03.201826
6948,user_771,1332,4.105597713570412,0,4,14,17.51271591460385,8,2025-01-16 20:01:03.202825
6949,user_419,2289,2.2477114951801362,1,4,11,16.440176688257935,2,2024-12-23 20:01:03.204333
6950,user_965,154,2.776275857741624,1,3,14,36.55626402779679,6,2025-09-08 20:01:03.206400
6951,user_238,682,2.9939815535870395,1,3,9,25.101898342939933,3,2025-01-14 20:01:03.206400
6952,user_267,604,3.4463813717165688,1,2,11,53.831705000862144,1,2025-03-03 20:01:03.207959
6953,user_831,2654,3.4916604969735916,1,3,9,60.98883773003034,7,2025-08-22 20:01:03.208469
6954,user_158,1917,2.9389100357592834,1,3,10,89.30496252379636,4,2025-04-12 20:01:03.209476
6955,user_112,675,2.6362138922718943,1,2,14,92.64882145639342,9,2025-07-07 20:01:03.210502
6956,user_607,1254,2.5743065125779165,1,2,10,2.406495260847885,6,2025-10-08 20:01:03.210502
6957,user_614,2473,3.6446042528479126,1,2,11,41.42916130848795,8,2025-02-01 20:01:03.212476
6958,user_725,1897,2.382891938807716,1,2,9,51.881512493691254,2,2025-02-26 20:01:03.213506
6959,user_373,1630,2.511504456964453,1,2,11,91.04425225283873,2,2025-02-25 20:01:03.215029
6960,user_376,1596,3.764071225849299,1,2,12,46.40184322258097,1,2025-06-29 20:01:03.217059
6961,user_675,2849,3.5063512355078,1,3,9,71.58714501742809,7,2025-02-08 20:01:03.218059
6962,user_274,607,3.116017339251956,1,3,10,22.426502674788296,8,2025-05-19 20:01:03.219059
6963,user_220,2418,3.0017756366351827,1,2,12,25.353919741048582,5,2025-12-10 20:01:03.219059
6964,user_366,190,4.740159586141228,1,2,13,71.85929276646537,4,2025-09-10 20:01:03.220131
6965,user_72,2005,3.0320465960304306,1,4,9,26.686412530729687,1,2025-11-28 20:01:03.221663
6966,user_479,2485,2.2870806960678123,1,4,11,13.106049870733594,8,2025-01-11 20:01:03.221663
6967,user_341,178,2.5846007479805824,1,3,11,84.10873369737381,9,2025-07-11 20:01:03.222693
6968,user_24,2523,4.187548648517488,1,3,14,7.673435351271629,3,2025-03-11 20:01:03.223690
6969,user_959,2648,4.9518758742034645,1,3,12,58.35057576609598,6,2025-04-09 20:01:03.224226
6970,user_580,1542,3.92877822753645,1,2,10,69.18460945501407,9,2025-02-23 20:01:03.224226
6971,user_276,253,3.6531100384274366,1,4,11,31.187995355462895,4,2025-07-08 20:01:03.225234
6972,user_201,883,2.8936617667158417,1,3,9,77.27938133795593,4,2025-07-15 20:01:03.226220
6973,user_880,750,3.3084334490161305,1,2,14,1.1051062639031106,5,2025-11-11 20:01:03.227777
6974,user_899,348,5.0,1,2,14,55.02539440002071,6,2025-08-08 20:01:03.229784
6975,user_771,984,3.643222695835358,0,4,8,92.98701453601211,7,2025-01-12 20:01:03.231304
6976,user_572,128,2.3631570979715826,1,2,13,30.203109498213077,9,2025-09-21 20:01:03.232334
6977,user_317,2412,3.0707266985473707,0,4,11,15.472065026853144,3,2025-08-07 20:01:03.234528
6978,user_338,1502,2.661294818734823,0,3,8,61.51757971827795,5,2025-05-11 20:01:03.235528
6979,user_299,1599,4.064441567981808,1,3,8,35.406013064758945,9,2025-07-09 20:01:03.236527
6980,user_596,535,3.181335191425305,1,3,9,61.56590551881088,5,2025-02-18 20:01:03.237514
6981,user_464,2034,2.738000632113064,1,3,8,33.6925700245057,6,2025-11-21 20:01:03.238022
6982,user_51,2819,2.407550447061858,1,4,8,64.31087621880825,1,2025-07-25 20:01:03.239030
6983,user_346,1691,3.6313326973657922,1,3,9,27.183519972195413,2,2025-08-07 20:01:03.240030
6984,user_44,2237,3.535046738278832,1,4,14,52.924779726265236,3,2025-04-02 20:01:03.240030
6985,user_213,619,3.9249855552184703,1,2,11,80.60289016661667,6,2025-03-01 20:01:03.241030
6986,user_264,786,3.7348790426265377,1,2,11,93.97318876124753,2,2025-10-30 20:01:03.242029
6987,user_257,2735,5.0,1,4,12,43.88656418998552,5,2025-07-01 20:01:03.243040
6988,user_807,901,4.410354192716889,1,3,8,21.44219750098314,4,2025-07-24 20:01:03.245061
6989,user_169,745,4.13832307180055,1,2,14,58.331270590900544,9,2025-10-25 20:01:03.246718
6990,user_350,2723,3.6161284565663054,1,2,9,39.852606449110525,1,2025-07-17 20:01:03.248251
6991,user_705,2173,3.555332049972077,0,3,8,88.32251267138379,1,2025-06-24 20:01:03.250258
6992,user_836,1509,2.58908128351933,1,2,10,65.18767407524095,8,2025-10-21 20:01:03.252778
6993,user_495,154,2.610554347344647,1,4,9,1.29507176129795,1,2025-05-05 20:01:03.253807
6994,user_845,2845,2.834858845306376,0,3,10,24.49710870369849,8,2025-05-31 20:01:03.255300
6995,user_20,797,4.138741500893134,1,3,13,68.48919737696556,1,2025-04-20 20:01:03.256310
6996,user_164,1387,2.8413667795934914,1,2,10,92.4024924360882,9,2025-06-07 20:01:03.257823
6997,user_649,2894,3.1410372382308553,1,3,11,49.08235372080026,3,2025-05-01 20:01:03.259834
6998,user_556,629,2.8956572895257495,1,3,14,8.851984733382734,4,2025-01-11 20:01:03.260842
6999,user_293,32,2.806320319568715,1,2,10,47.0838593726967,2,2025-02-08 20:01:03.261852
7000,user_318,461,2.9497539402780313,1,4,9,49.0388058206604,1,2025-08-03 20:01:03.263930
7001,user_733,963,2.6359905472447136,1,4,13,36.42055567871713,2,2025-05-30 20:01:03.264932
7002,user_43,1829,2.362452787419933,1,4,9,39.12509816293365,2,2025-04-05 20:01:03.266304
7003,user_924,2118,3.5201864338865825,1,3,13,36.373028445956145,4,2025-05-24 20:01:03.267296
7004,user_533,2208,3.2894488913287394,1,4,11,66.41476320747617,6,2025-02-24 20:01:03.268898
7005,user_338,2060,2.7499978353022456,1,2,11,15.543749218676272,7,2025-05-04 20:01:03.270604
7006,user_222,1012,3.1784297747249295,1,4,11,81.04564323190361,8,2025-02-13 20:01:03.271514
7007,user_175,2631,4.243036985189894,0,3,14,59.51253900640836,6,2025-01-17 20:01:03.272513
7008,user_266,715,3.1983333652867683,1,3,9,0.4030406137298992,2,2024-12-17 20:01:03.274014
7009,user_702,2192,2.254684207316677,1,4,8,23.807007568637516,5,2025-06-03 20:01:03.274014
7010,user_333,1089,3.0578705934986874,1,4,11,57.77895641524029,8,2025-06-26 20:01:03.275023
7011,user_296,2308,4.175851540546551,1,3,13,24.75686999316463,5,2025-10-09 20:01:03.276022
7012,user_442,608,3.6278771375204095,1,4,12,55.608340877803364,2,2025-01-05 20:01:03.276022
7013,user_457,2138,3.085481477469846,1,2,12,48.355650490954275,2,2025-10-02 20:01:03.277622
7014,user_547,557,2.9018134768115864,1,2,10,45.51088189864034,7,2025-01-23 20:01:03.278723
7015,user_405,1033,3.7678164424916636,1,3,9,68.28935571666752,9,2024-12-25 20:01:03.278723
7016,user_385,2320,3.38537303747911,1,3,8,55.80067950507652,1,2025-09-08 20:01:03.279726
7017,user_167,1540,4.462657379499229,0,2,13,17.614944096847896,6,2025-03-13 20:01:03.279726
7018,user_292,1993,2.0824264041019216,1,3,10,63.47588502816244,3,2025-08-22 20:01:03.279726
7019,user_848,1587,3.494122871639912,1,2,8,19.515413208222377,1,2024-12-13 20:01:03.281339
7020,user_741,1286,3.314836435541077,1,4,9,24.856883716207534,9,2025-10-08 20:01:03.281339
7021,user_426,1527,3.0435740039612087,1,2,14,75.69777299910837,3,2025-10-13 20:01:03.282452
7022,user_525,86,3.0939729049445246,1,3,11,23.38881816091454,4,2025-05-08 20:01:03.283067
7023,user_420,782,3.4244009308755845,1,4,8,41.23549610313967,6,2025-11-17 20:01:03.283067
7024,user_198,370,3.5859581912636544,1,2,14,90.0525410002225,8,2025-01-02 20:01:03.284177
7025,user_834,1198,2.3557394033073376,1,4,9,22.202537281364155,7,2025-11-16 20:01:03.284784
7026,user_229,1729,3.4546875201692515,1,4,8,77.20442359735712,2,2025-06-08 20:01:03.284784
7027,user_626,2305,4.16469826927143,1,4,11,97.0807044642694,7,2025-04-30 20:01:03.285886
7028,user_177,1166,3.9120544642703368,1,2,9,18.139213349629312,7,2025-04-20 20:01:03.285886
7029,user_34,2416,4.183108932084905,1,3,8,42.61484795998977,9,2025-03-16 20:01:03.286886
7030,user_586,356,3.394177686412104,1,3,14,60.336792886617495,7,2025-05-19 20:01:03.287787
7031,user_913,2726,3.83539939978843,1,3,14,66.09664128612272,8,2025-03-19 20:01:03.287787
7032,user_564,1633,2.27164100406745,0,2,8,10.533189726930036,4,2025-10-03 20:01:03.289785
7033,user_684,2440,3.7081481869955235,1,2,11,27.813369006688482,7,2025-03-13 20:01:03.290795
7034,user_104,1371,3.212061462695194,1,2,13,97.2332387128569,6,2025-07-11 20:01:03.291905
7035,user_286,2301,3.847005337109973,0,2,10,82.18814836339894,8,2025-08-26 20:01:03.292980
7036,user_307,139,3.1844219119142005,1,4,14,98.17741777461568,2,2025-05-05 20:01:03.293485
7037,user_811,2431,2.8658915720243026,1,2,10,38.91889505695888,7,2025-01-22 20:01:03.293485
7038,user_762,2903,3.7421436189729267,1,4,11,91.6878655161106,3,2025-06-11 20:01:03.294491
7039,user_473,1699,3.2613851268923773,1,3,8,25.725213679911775,5,2025-02-15 20:01:03.294491
7040,user_235,605,3.9041771444717983,1,3,13,62.806540333080854,2,2025-05-12 20:01:03.295491
7041,user_588,2605,3.8457232791883618,0,4,8,57.340739325998115,1,2025-10-18 20:01:03.295997
7042,user_106,2334,3.2124091982059295,1,2,10,59.49977632574161,2,2025-02-17 20:01:03.295997
7043,user_694,1189,2.312355957037222,0,2,13,42.1900605418212,4,2025-02-12 20:01:03.297693
7044,user_749,1234,4.284849835379019,1,4,14,97.75704405516004,5,2025-08-07 20:01:03.297693
7045,user_259,227,3.1349430138981944,0,3,9,58.33466549324366,9,2025-10-16 20:01:03.298701
7046,user_416,164,3.4609269648678307,1,3,14,70.99313794328206,5,2025-04-16 20:01:03.299701
7047,user_341,2117,2.6964104263799493,1,3,11,62.2795153089739,4,2025-10-03 20:01:03.300702
7048,user_766,2793,4.735570084557197,1,3,9,57.91909474198951,8,2025-05-13 20:01:03.300702
7049,user_182,2402,3.275399712678056,1,2,11,43.66973847502707,3,2025-11-14 20:01:03.301701
7050,user_813,450,3.4409205189330914,1,3,14,81.699423859199,3,2025-02-12 20:01:03.302701
7051,user_819,68,2.6246139239746715,1,3,12,57.83489419914388,7,2025-02-23 20:01:03.303700
7052,user_711,602,2.830461987701797,1,3,9,23.096250705077225,2,2025-07-02 20:01:03.303700
7053,user_831,1956,3.433784556764622,1,3,13,95.57114714177453,5,2025-07-10 20:01:03.305675
7054,user_759,2632,2.951511096366411,1,3,13,5.534993716351655,4,2025-11-18 20:01:03.306212
7055,user_774,432,3.027329985567378,1,3,13,76.69812765797471,7,2025-01-25 20:01:03.306714
7056,user_667,2856,2.9096363495813615,0,2,11,90.80051900215011,6,2025-02-03 20:01:03.307718
7057,user_5,2595,2.476422712804231,1,2,10,96.97119097841157,4,2025-02-07 20:01:03.308259
7058,user_119,963,3.797752311865491,1,2,13,68.86908048822134,6,2024-12-17 20:01:03.308870
7059,user_347,1460,4.323903060833585,1,4,13,15.49270341341754,7,2025-02-06 20:01:03.308870
7060,user_146,577,4.50084915320209,1,4,14,66.77643563536141,3,2025-08-07 20:01:03.310016
7061,user_150,1184,3.185023423492506,0,4,9,93.99208730227213,5,2025-01-12 20:01:03.310877
7062,user_716,1493,3.6553663934994316,1,2,13,46.331848568565235,2,2025-01-14 20:01:03.310877
7063,user_601,1439,2.880813933905237,1,4,12,47.750120726593224,6,2025-09-20 20:01:03.311877
7064,user_747,2215,3.6241048503429334,1,4,8,16.168332469219425,2,2025-09-08 20:01:03.311877
7065,user_201,1433,2.8985978912409536,1,3,14,60.703724268646134,4,2025-08-16 20:01:03.312876
7066,user_232,2234,4.1273255727086715,1,4,11,10.758771392988331,4,2025-07-04 20:01:03.312876
7067,user_742,2701,3.3784887997728195,1,2,12,48.79051805727701,6,2025-01-21 20:01:03.313876
7068,user_868,2469,3.7243827984171154,0,2,12,35.98948405378145,1,2025-03-02 20:01:03.314876
7069,user_670,1317,2.9928149371345887,1,2,10,95.00653000018178,4,2025-09-07 20:01:03.315381
7070,user_281,943,5.0,1,2,11,23.736179593906726,7,2025-06-25 20:01:03.315885
7071,user_184,1969,3.308476592577104,1,2,8,57.72240863758369,1,2025-06-13 20:01:03.315885
7072,user_659,2673,4.065454275222255,1,4,10,84.05656091250397,3,2025-03-12 20:01:03.316891
7073,user_115,2653,3.0990004521519388,1,4,10,77.77499164424934,5,2025-05-03 20:01:03.316891
7074,user_192,1740,3.037550692143736,1,2,9,60.93020760521301,1,2025-09-27 20:01:03.317891
7075,user_379,2810,4.090946829888492,1,3,8,9.202045866155228,2,2025-05-26 20:01:03.318891
7076,user_224,580,3.435830519477659,1,2,11,78.05963884990607,4,2025-02-24 20:01:03.319395
7077,user_368,1287,4.5755624693811185,1,2,8,24.819352066415323,6,2025-09-13 20:01:03.319395
7078,user_375,2824,3.8904382616565676,1,4,14,4.057367657640299,8,2025-04-11 20:01:03.320401
7079,user_586,361,3.234160472699586,1,3,11,83.32706491912506,1,2025-03-25 20:01:03.321402
7080,user_300,972,4.071127613248034,1,2,13,21.351554336215617,9,2025-10-23 20:01:03.322402
7081,user_507,890,3.0443936573059864,1,4,14,83.87455050635083,3,2025-07-20 20:01:03.322402
7082,user_188,1336,4.112508491385594,1,4,8,35.49785484951439,4,2025-05-02 20:01:03.323399
7083,user_735,53,3.0326329474399496,1,3,9,99.234469030899,7,2025-10-29 20:01:03.324352
7084,user_50,1532,2.6160200511715868,1,2,12,99.44440006518201,2,2025-04-17 20:01:03.324933
7085,user_851,1710,3.2611155180017155,1,3,9,70.88806407231513,1,2024-12-12 20:01:03.324933
7086,user_830,1168,3.3957490563779897,1,2,9,30.695630308479092,5,2025-10-11 20:01:03.325922
7087,user_242,209,3.0628346001309215,1,3,14,99.9861536208238,1,2025-07-09 20:01:03.325922
7088,user_377,2131,2.339784170557073,1,2,9,45.900501230514855,3,2025-12-09 20:01:03.327443
7089,user_115,2448,2.98676887677816,1,2,13,38.295628881795764,4,2024-12-24 20:01:03.327443
7090,user_539,211,3.440307059288179,1,3,11,6.337988488316382,4,2025-03-03 20:01:03.328473
7091,user_795,1203,3.562667636011289,1,2,12,8.721530423662793,5,2025-05-16 20:01:03.329471
7092,user_307,1983,3.0530571030104863,1,4,9,79.63315720737813,3,2025-01-30 20:01:03.329471
7093,user_65,1720,3.376518742897347,1,4,11,80.60187777843821,3,2025-08-05 20:01:03.329471
7094,user_306,720,3.969253127456506,1,2,13,77.51212061003665,4,2025-07-20 20:01:03.330992
7095,user_654,246,3.1461055148145682,1,3,11,13.036701317237831,9,2025-11-03 20:01:03.330992
7096,user_144,2093,3.1192291666389487,1,3,11,89.3608885851233,7,2025-03-19 20:01:03.332553
7097,user_592,2717,3.8642886444035054,1,3,11,96.63158904144339,5,2025-03-23 20:01:03.333074
7098,user_548,436,3.499763375398553,1,3,11,88.94007910905827,2,2025-09-18 20:01:03.333074
7099,user_3,668,2.8042621741178544,1,4,10,96.82946892126652,5,2025-09-23 20:01:03.334101
7100,user_43,1976,3.505853653940017,1,2,9,84.25600543729226,5,2025-01-10 20:01:03.335085
7101,user_125,2395,3.495320987009752,1,3,12,8.754446448682662,4,2025-02-15 20:01:03.335085
7102,user_554,207,3.0678727509307118,1,2,14,20.85772687633454,1,2025-11-13 20:01:03.336099
7103,user_896,2120,3.0859336212847284,1,3,10,27.619930814811866,2,2025-08-19 20:01:03.337087
7104,user_225,1623,2.575845474884786,1,2,10,54.90627218326598,4,2025-09-18 20:01:03.338087
7105,user_957,1562,3.136167533380896,0,4,10,26.872548532538154,6,2025-09-14 20:01:03.338087
7106,user_232,507,4.318152348174424,1,4,10,26.448701587175805,3,2025-10-30 20:01:03.339088
7107,user_179,296,3.2413817927329474,1,2,12,14.147943958452803,1,2025-10-26 20:01:03.340084
7108,user_667,1307,3.687315883564053,1,2,11,32.929961780858186,5,2025-09-29 20:01:03.340084
7109,user_118,570,2.9387217955523686,0,2,9,98.08131387083718,8,2025-03-29 20:01:03.341088
7110,user_795,481,2.8026034719181547,1,3,11,31.97959330961083,4,2025-10-30 20:01:03.341613
7111,user_422,2777,2.4381507595947127,1,4,11,61.223612977132824,3,2025-09-14 20:01:03.341613
7112,user_905,1074,2.545405220978328,1,3,10,20.35302420870593,1,2025-07-15 20:01:03.343175
7113,user_570,558,2.6695495252189625,1,3,12,8.162290869966649,7,2025-06-08 20:01:03.343175
7114,user_234,1861,4.329181665331903,1,2,11,68.10122688635379,2,2025-02-03 20:01:03.344204
7115,user_500,1671,4.718704855764329,1,4,11,74.34781235049654,3,2025-02-04 20:01:03.344204
7116,user_693,2256,2.601765530114421,1,3,8,77.25468225120899,8,2025-01-10 20:01:03.345708
7117,user_192,2885,3.3085142484347525,1,4,8,52.06445442552907,5,2025-01-12 20:01:03.345708
7118,user_925,277,3.633971881621581,1,4,10,40.085738706172044,9,2025-09-01 20:01:03.346714
7119,user_36,596,4.1345455816346535,1,4,13,46.49284126442693,1,2025-03-31 20:01:03.346714
7120,user_391,586,2.605189327520635,1,3,12,36.168798326279486,3,2025-12-10 20:01:03.348219
7121,user_157,817,4.797296912466161,1,4,14,79.12949104489229,4,2025-05-27 20:01:03.348219
7122,user_174,1568,2.3974186484794777,1,2,11,4.558866452746813,2,2025-06-09 20:01:03.349225
7123,user_47,266,3.092764544440297,1,3,8,39.397406408158,8,2025-10-22 20:01:03.349225
7124,user_538,376,2.0127035453070103,1,4,8,86.46899874812065,6,2025-10-05 20:01:03.350225
7125,user_818,2105,4.315585396081056,1,4,11,8.094270446604469,8,2024-12-26 20:01:03.350225
7126,user_1,1063,3.011486286449708,1,4,9,36.895954937383216,3,2025-08-27 20:01:03.351225
7127,user_758,255,3.374891402632115,1,2,9,27.044988856715158,2,2025-10-14 20:01:03.352225
7128,user_239,375,4.160367460515627,1,3,14,47.21512138756111,1,2025-02-15 20:01:03.352225
7129,user_947,1822,3.6024927896215013,1,2,13,17.70698857920022,8,2025-10-08 20:01:03.353225
7130,user_468,2419,3.0955502988148194,1,2,9,4.135719223384782,1,2025-01-09 20:01:03.353225
7131,user_489,520,4.732969207720157,1,3,8,76.92271432799548,3,2025-05-17 20:01:03.354731
7132,user_8,1326,2.831499272819896,1,4,10,18.325106139076198,7,2025-08-23 20:01:03.354731
7133,user_417,1726,4.180912909857498,1,3,11,87.75036510531669,4,2025-08-21 20:01:03.355738
7134,user_527,2298,3.322181994134874,1,2,11,59.248332581177465,4,2024-12-12 20:01:03.355738
7135,user_706,2332,4.68514913468212,1,4,9,23.000927938585892,3,2025-03-08 20:01:03.357138
7136,user_874,772,4.427220270009255,1,4,10,76.55602625713122,2,2025-03-06 20:01:03.357678
7137,user_355,957,4.12187173819288,1,4,13,72.13221130214745,9,2025-06-01 20:01:03.358202
7138,user_488,1708,4.861047844047204,1,3,11,64.2478593054894,5,2025-08-14 20:01:03.359209
7139,user_811,1180,2.4801555279295098,1,2,9,31.09240279858686,9,2025-04-28 20:01:03.359209
7140,user_273,230,2.821964674749639,0,4,8,90.28790779948751,6,2025-08-09 20:01:03.360209
7141,user_180,2477,3.144678809504351,1,3,9,60.699647749948646,4,2025-03-22 20:01:03.360209
7142,user_362,2840,3.616744953591554,1,4,8,66.44304962251528,1,2024-12-21 20:01:03.360209
7143,user_871,80,4.279203144537068,1,2,13,74.09136395682367,5,2025-07-12 20:01:03.361714
7144,user_408,824,2.0397679149338965,1,3,11,51.29091710441792,7,2025-05-03 20:01:03.362721
7145,user_883,1738,4.425301828508625,1,3,8,23.342063516185895,5,2025-01-06 20:01:03.362721
7146,user_687,509,3.7457566270713976,1,3,12,12.465796865678891,8,2025-09-08 20:01:03.363721
7147,user_657,2865,4.190986885060808,1,2,9,7.416992138421108,7,2025-08-23 20:01:03.363721
7148,user_797,709,3.0856895940418885,1,4,8,57.56898650084937,8,2025-08-29 20:01:03.364721
7149,user_656,1456,2.9542986254330614,1,3,12,16.066914875536952,7,2025-11-25 20:01:03.365227
7150,user_231,442,3.01807634754897,0,2,9,85.82602474777374,3,2025-08-11 20:01:03.366233
7151,user_50,919,3.5268502460276236,1,3,10,91.35049557456288,7,2025-06-18 20:01:03.366233
7152,user_19,2252,3.8445858237853034,1,2,11,97.35755166752519,7,2025-11-20 20:01:03.367267
7153,user_150,217,2.9357993922345273,1,4,13,81.04628564767062,4,2025-07-23 20:01:03.368231
7154,user_63,2220,3.6291595196519078,1,3,9,79.76598888118275,2,2025-08-26 20:01:03.368231
7155,user_883,1739,4.384857224228196,1,4,9,42.53508053763715,7,2025-03-04 20:01:03.369233
7156,user_562,2274,4.08165139557314,1,3,14,79.53514211271494,7,2025-10-09 20:01:03.369738
7157,user_967,1927,3.504548067196198,1,4,8,63.924162964948906,8,2025-10-04 20:01:03.370743
7158,user_31,0,4.199582072366854,1,3,10,55.251325138540395,2,2025-12-02 20:01:03.370743
7159,user_964,645,3.0977024359470464,1,4,9,38.17078641701879,8,2025-09-08 20:01:03.371746
7160,user_912,504,2.5466043442844097,1,4,8,35.6658305585428,4,2024-12-23 20:01:03.372745
7161,user_567,1930,4.020819108316776,1,2,9,91.74751572375017,4,2025-04-22 20:01:03.372745
7162,user_156,1987,3.8223468033324792,1,2,13,33.73887659955068,1,2025-01-01 20:01:03.374246
7163,user_523,275,4.74249791931653,0,3,14,33.11698403252352,3,2025-08-26 20:01:03.374246
7164,user_822,2110,4.6048559074106725,1,3,14,52.161620772743056,2,2025-01-16 20:01:03.375253
7165,user_335,2430,2.557499389784909,0,3,11,97.84625453218865,5,2025-11-14 20:01:03.375253
7166,user_848,449,3.8748316038650596,0,3,13,79.99639526393771,6,2024-12-29 20:01:03.376759
7167,user_885,2163,2.958166248165463,1,3,10,44.00716813910367,4,2025-06-05 20:01:03.377273
7168,user_443,1738,3.5002539088313283,1,4,11,70.63006695188325,7,2025-04-27 20:01:03.377273
7169,user_139,53,2.7274987421649906,1,4,12,32.89617447470593,1,2024-12-19 20:01:03.378279
7170,user_591,1294,3.889987599580609,1,2,13,25.543409531480098,9,2025-01-03 20:01:03.378279
7171,user_933,135,3.555363740030616,1,2,12,49.79689888344847,8,2024-12-31 20:01:03.379279
7172,user_470,1393,4.096155285575076,1,3,11,39.86071314348884,6,2024-12-18 20:01:03.379279
7173,user_257,2486,3.7990168075679365,1,4,9,70.85381074108912,7,2025-05-17 20:01:03.380279
7174,user_210,272,3.8180071450604234,1,3,11,75.38613635010518,2,2025-09-17 20:01:03.381279
7175,user_179,1840,3.543245272129953,1,3,10,2.6355337639901166,3,2025-01-19 20:01:03.382287
7176,user_8,191,2.984364458068339,1,4,8,80.13970295203147,3,2025-06-30 20:01:03.382287
7177,user_724,1956,3.1705211218843683,1,4,8,31.10635791608192,8,2025-10-27 20:01:03.383508
7178,user_180,1595,3.8021671006234943,1,2,13,75.26221032916196,7,2025-02-04 20:01:03.384516
7179,user_296,251,3.2899785666269055,1,4,11,66.80961820848626,5,2025-01-23 20:01:03.384516
7180,user_623,157,3.036287304943281,1,4,8,20.985137839361645,8,2025-02-14 20:01:03.385516
7181,user_94,2744,4.2710551500393095,1,2,9,49.81810944953581,8,2024-12-17 20:01:03.385516
7182,user_29,2372,4.242819233754914,1,4,14,13.539785140777605,7,2025-08-30 20:01:03.386514
7183,user_439,1887,4.0337766295094815,1,3,12,15.705017838458435,3,2025-03-26 20:01:03.387513
7184,user_823,1106,2.9617872843689845,1,3,11,12.444073151356916,4,2025-08-02 20:01:03.388517
7185,user_452,2472,2.644682286053722,0,2,12,24.312052575892228,3,2025-06-22 20:01:03.388517
7186,user_339,2240,4.645749452951784,1,4,13,88.09698887250748,1,2025-05-13 20:01:03.389518
7187,user_919,1232,3.1688541521186275,1,4,14,52.48010966499814,8,2025-07-01 20:01:03.389518
7188,user_108,2071,3.40212870146014,1,3,14,88.21209716107036,3,2025-05-25 20:01:03.390516
7189,user_802,23,3.946099925704794,1,2,13,26.721126721529508,5,2025-01-14 20:01:03.390516
7190,user_871,2437,3.454777914765037,1,4,11,30.68814279732409,8,2025-10-08 20:01:03.392061
7191,user_546,2603,4.067422610192133,1,4,8,37.15873559379346,1,2025-07-01 20:01:03.393091
7192,user_401,2532,3.89521281168202,1,4,14,58.50246795445461,4,2025-04-25 20:01:03.393091
7193,user_71,407,4.15050856517623,1,2,14,67.57409840972446,2,2025-07-22 20:01:03.394598
7194,user_50,1146,3.882338983535375,0,3,12,7.390078192835292,6,2025-11-06 20:01:03.395103
7195,user_420,375,4.211943459148306,1,4,11,69.4727706020382,5,2025-05-09 20:01:03.395483
7196,user_612,1728,3.087869119772481,1,3,12,10.518859586562934,9,2025-08-27 20:01:03.396360
7197,user_668,1248,2.9256948500353217,1,3,13,34.11347111427132,3,2025-09-13 20:01:03.396993
7198,user_621,1593,3.791821790448289,1,2,13,85.27194571309145,2,2025-04-14 20:01:03.396993
7199,user_829,2377,2.776738173524242,1,4,13,79.2290973501076,8,2025-11-22 20:01:03.397994
7200,user_108,198,3.7494027960820233,0,2,9,33.73610858950793,5,2025-07-14 20:01:03.398499
7201,user_110,1839,4.015893902909604,1,3,13,25.734163704079414,6,2025-09-28 20:01:03.399504
7202,user_928,862,3.3000957872306755,0,3,8,78.2564667175493,2,2024-12-19 20:01:03.399504
7203,user_606,264,3.794005874105005,1,2,14,12.395232625838204,2,2025-10-10 20:01:03.400505
7204,user_526,237,3.9283262720909007,1,2,11,44.967394595013275,2,2025-03-30 20:01:03.400505
7205,user_329,2518,3.671816951146039,1,3,14,64.48038333165997,4,2025-01-17 20:01:03.401505
7206,user_718,2747,3.6456420244410763,1,4,14,77.7656390687693,1,2025-08-06 20:01:03.401505
7207,user_525,1784,4.506380404659206,1,3,9,68.56859392769067,7,2025-08-31 20:01:03.402505
7208,user_818,1266,3.637558068739278,1,4,8,62.42622822227224,7,2025-04-24 20:01:03.403010
7209,user_144,2004,3.076803120326137,1,2,8,71.48808420070503,6,2025-09-28 20:01:03.403010
7210,user_462,2198,2.581450436019926,1,2,10,41.06235881858053,7,2025-01-24 20:01:03.404514
7211,user_607,2617,3.960885810527495,1,4,12,38.9176183314279,9,2025-11-01 20:01:03.405521
7212,user_712,1881,3.5996443731042334,1,3,14,5.492153887927021,9,2025-06-15 20:01:03.405521
7213,user_87,1128,3.95632154412597,1,3,11,3.5730424886852186,8,2025-03-02 20:01:03.406520
7214,user_747,386,3.6749149800729652,1,4,10,33.95758369243023,8,2025-10-23 20:01:03.407526
7215,user_781,1891,4.307459843278989,1,3,10,9.770663110268229,6,2025-05-05 20:01:03.407526
7216,user_166,2782,4.632383387342034,1,2,9,22.967635593177217,4,2025-01-28 20:01:03.409036
7217,user_217,258,3.3275756286090634,1,3,8,61.488340470109904,9,2025-05-01 20:01:03.409036
7218,user_340,1869,4.1765123865663725,0,3,13,2.5371893486299535,4,2025-03-05 20:01:03.410042
7219,user_242,2586,3.6268156722597356,1,3,14,23.635088788385193,4,2025-05-05 20:01:03.410042
7220,user_868,227,1.8236804949032168,1,2,8,25.421656043430474,1,2025-06-10 20:01:03.411042
7221,user_677,2628,3.333676467756816,1,4,10,28.293945229203732,2,2025-02-24 20:01:03.411042
7222,user_955,2342,4.222125894400707,1,3,8,83.57658477444365,6,2025-03-14 20:01:03.412042
7223,user_379,1147,4.037906617167628,1,2,9,21.59921081477576,7,2025-02-04 20:01:03.413041
7224,user_511,1181,3.2554592342858197,0,3,14,53.26594877757307,4,2025-05-02 20:01:03.414040
7225,user_56,2530,4.821260419062207,1,3,12,59.58029356018919,9,2025-03-06 20:01:03.414040
7226,user_147,1550,2.6634981863251355,1,3,13,0.4590781075530237,8,2025-07-17 20:01:03.415042
7227,user_263,1612,3.7276038623886736,1,3,14,9.321068986263581,7,2025-04-27 20:01:03.415547
7228,user_151,1553,2.9562881786790127,1,2,14,7.39630575290835,1,2025-10-27 20:01:03.416553
7229,user_590,2398,4.1692830010347075,1,3,11,54.763437504537535,2,2025-03-23 20:01:03.416553
7230,user_762,1227,5.0,1,2,10,52.52567234628477,5,2025-11-28 20:01:03.417554
7231,user_478,6,3.347447157752919,1,4,10,66.2713084751284,2,2025-11-24 20:01:03.417554
7232,user_718,2315,3.7110391816929353,1,4,13,20.773688424188563,5,2025-06-25 20:01:03.417554
7233,user_858,2856,4.160598455989998,1,3,8,58.399347627419196,7,2024-12-19 20:01:03.419059
7234,user_573,2677,2.8582442463009334,1,4,9,36.4358082506818,1,2025-09-30 20:01:03.419059
7235,user_193,2757,2.960353363013496,1,2,13,25.407888534171676,9,2025-05-29 20:01:03.420069
7236,user_656,2056,4.504323362311617,1,4,14,50.373083718956245,2,2025-06-05 20:01:03.421066
7237,user_13,927,3.084979935467764,0,2,9,90.14918706917953,8,2025-07-29 20:01:03.421066
7238,user_729,1785,3.26403043618601,1,2,13,45.06048520124649,7,2024-12-19 20:01:03.422596
7239,user_457,2045,2.630524594042896,1,3,12,50.576663772087386,6,2025-07-30 20:01:03.424113
7240,user_133,523,4.305135057902806,1,4,9,44.471616024151075,8,2025-04-06 20:01:03.425117
7241,user_146,278,4.41173362934626,1,4,8,77.82210559647432,3,2025-01-03 20:01:03.425117
7242,user_154,651,3.313020831225792,1,4,9,10.9409664354148,9,2024-12-29 20:01:03.426119
7243,user_240,1105,2.8302773165425723,1,4,9,22.59703304041497,4,2024-12-12 20:01:03.427119
7244,user_924,857,2.878887617319389,1,2,8,40.95715801973541,8,2025-10-03 20:01:03.427624
7245,user_930,984,3.3520077013333873,1,2,8,78.7473458526557,1,2025-04-03 20:01:03.427624
7246,user_710,1688,3.118164441860886,1,4,10,84.49149384515559,5,2025-10-25 20:01:03.428631
7247,user_662,90,2.5777932665738486,1,2,13,8.74605060646908,5,2025-03-24 20:01:03.429631
7248,user_400,1257,4.330283327276486,1,2,14,18.579328315494127,9,2025-01-26 20:01:03.429631
7249,user_850,2516,4.743847485508857,1,2,13,71.3239881725652,7,2025-07-27 20:01:03.430631
7250,user_181,961,2.665177686042143,1,3,8,41.543305810685325,4,2025-02-27 20:01:03.430631
7251,user_1,1812,2.978848946760004,1,3,9,92.56199156722124,9,2025-11-19 20:01:03.431630
7252,user_420,1771,4.66080541862201,1,4,13,43.645516854304354,9,2025-09-07 20:01:03.432136
7253,user_697,492,4.072085748761227,1,2,12,55.52839850522483,3,2025-11-12 20:01:03.432989
7254,user_377,2443,3.7759433522486887,1,3,11,11.503825428176595,4,2025-11-08 20:01:03.433494
7255,user_571,801,2.792513776884984,1,4,14,52.881723144820604,4,2025-10-29 20:01:03.434501
7256,user_597,154,2.686978879106498,1,2,12,6.956500588690096,2,2025-09-25 20:01:03.434501
7257,user_824,2025,3.7617115098476237,1,2,9,39.977849092832166,1,2025-09-01 20:01:03.435500
7258,user_793,678,3.152908087834572,1,2,8,3.0979643468057594,7,2025-03-03 20:01:03.435500
7259,user_401,1722,3.03695343607888,1,3,10,91.62413111608225,1,2025-09-14 20:01:03.436501
7260,user_521,2546,2.600809318307726,1,4,11,13.78598845947402,5,2024-12-13 20:01:03.438005
7261,user_68,82,2.243107834866251,1,4,11,42.42718226711705,9,2025-07-17 20:01:03.438005
7262,user_121,1531,3.1035141007406026,1,4,12,53.39318040029997,5,2025-03-21 20:01:03.439012
7263,user_858,2542,4.80718938681162,1,2,8,57.00166503254148,8,2025-10-26 20:01:03.440011
7264,user_81,2452,3.6597697287261446,0,3,11,23.127898424751038,1,2025-05-25 20:01:03.441010
7265,user_214,1708,4.361529076904488,1,2,9,85.7591015118983,4,2025-08-06 20:01:03.442036
7266,user_826,2414,3.7026396220855773,1,2,9,48.853783050169106,5,2025-01-27 20:01:03.443219
7267,user_259,2418,4.254308617393287,0,4,12,78.33994263517906,7,2025-06-07 20:01:03.443219
7268,user_255,1204,3.854168244622428,1,3,9,30.285259155124688,4,2025-06-13 20:01:03.444577
7269,user_389,1329,3.1734325466548867,1,3,12,42.39666181520101,7,2025-05-10 20:01:03.444577
7270,user_757,2246,2.849469592247476,1,2,11,39.47185825512348,1,2025-01-16 20:01:03.446059
7271,user_583,2292,2.604941925744503,1,3,10,40.351607448022854,1,2025-08-27 20:01:03.446059
7272,user_805,2882,3.5330010441243833,0,4,14,44.693325270670094,1,2025-10-29 20:01:03.447065
7273,user_851,598,3.7243912540695225,1,3,8,65.65157751939338,5,2025-06-22 20:01:03.447065
7274,user_191,2141,1.9878672933965797,1,2,9,56.36626102062125,7,2025-11-21 20:01:03.448065
7275,user_20,315,4.236041976520769,0,2,8,4.820445876783652,5,2025-05-19 20:01:03.448570
7276,user_621,281,2.934341459470412,1,3,13,91.18833262561259,5,2025-02-05 20:01:03.449576
7277,user_208,1246,2.795141405173957,1,3,11,62.67848124766606,6,2025-01-04 20:01:03.449576
7278,user_288,970,2.774815895050559,1,4,10,50.807137605079824,8,2025-10-30 20:01:03.450577
7279,user_239,780,3.415490330839271,1,4,10,0.10691616386443448,6,2025-10-23 20:01:03.450577
7280,user_48,1382,2.9543302760948325,1,2,14,71.76097448829775,4,2025-06-24 20:01:03.451577
7281,user_553,1977,4.081146607312283,1,3,10,23.33498494759655,8,2025-02-22 20:01:03.451577
7282,user_279,1167,4.3092876420707045,1,2,10,81.11502312455718,5,2025-08-23 20:01:03.452577
7283,user_453,178,3.5720676413682932,1,4,10,54.53542816604049,6,2025-04-24 20:01:03.452577
7284,user_192,2557,3.7765276365862976,1,2,10,90.92090355949804,2,2025-09-06 20:01:03.454081
7285,user_876,491,3.5847553224921285,1,4,13,73.45186563567961,6,2025-02-21 20:01:03.454586
7286,user_584,111,2.6627829907065568,1,3,14,90.220172541331,6,2025-02-08 20:01:03.454586
7287,user_406,1315,3.149931410808685,1,3,10,25.609531473212588,3,2025-09-04 20:01:03.455593
7288,user_819,1489,2.698124419600561,1,2,14,14.695959733636643,3,2025-08-02 20:01:03.456594
7289,user_670,919,3.2982426882619165,1,4,8,21.05743791396296,8,2025-04-09 20:01:03.457099
7290,user_659,1927,2.171606598100025,1,4,8,46.68940841886603,3,2025-10-13 20:01:03.457099
7291,user_279,2064,2.0938546885519838,1,3,14,78.55571612653574,7,2025-01-29 20:01:03.457099
7292,user_542,1124,2.6260452598703785,1,2,13,96.46021320179258,7,2025-07-06 20:01:03.458745
7293,user_757,2827,2.734081122986909,0,4,13,49.016066251475266,3,2024-12-13 20:01:03.459751
7294,user_399,2897,4.60136406207302,1,3,13,63.3734050868795,9,2025-01-31 20:01:03.460751
7295,user_906,1442,2.6957651092996766,1,2,13,80.9294028521325,6,2025-03-14 20:01:03.461753
7296,user_125,131,2.58170204928891,1,3,10,30.550529053753372,9,2025-02-05 20:01:03.461753
7297,user_864,1255,3.6255093102399902,1,2,11,1.0842682932472036,8,2025-10-03 20:01:03.462752
7298,user_392,970,4.273944971020487,1,4,11,94.85395059088316,4,2025-11-03 20:01:03.463752
7299,user_368,1515,3.9176185245184953,0,4,12,50.349567100007775,1,2025-05-05 20:01:03.463752
7300,user_272,1270,3.05343024910901,1,4,8,72.85915482505924,2,2025-04-25 20:01:03.463752
7301,user_311,2696,3.69174902741117,1,3,12,40.66852626117794,1,2024-12-16 20:01:03.465257
7302,user_60,1161,3.1910177161277615,1,4,14,31.788710239921347,8,2025-06-03 20:01:03.465257
7303,user_608,1153,2.5827984683657927,1,4,9,54.80559161585315,2,2025-05-29 20:01:03.466264
7304,user_190,1809,3.529263742144976,1,4,8,76.28136078638212,7,2025-08-12 20:01:03.466264
7305,user_538,2734,3.472391591017562,1,4,9,64.07723800515578,6,2025-06-02 20:01:03.467264
7306,user_376,314,3.0464887832501075,1,3,8,61.0468934629958,3,2025-09-24 20:01:03.468264
7307,user_666,1490,3.9965222252648083,1,4,11,56.233834865213495,1,2025-10-21 20:01:03.468264
7308,user_943,2873,2.950645003692762,1,3,12,88.46457283974384,8,2025-08-13 20:01:03.469264
7309,user_615,1924,2.7478597634099686,1,2,9,54.254084937201185,5,2025-09-27 20:01:03.469769
7310,user_550,759,4.098828146258532,1,3,9,67.15536613508331,1,2025-06-21 20:01:03.470774
7311,user_208,1594,2.7312781170409526,1,2,13,32.84182984817271,7,2025-09-18 20:01:03.470774
7312,user_21,2320,3.562352687432977,1,4,13,89.46554513018434,9,2025-05-14 20:01:03.471776
7313,user_584,700,2.9954846801031483,1,3,13,78.03508243795677,8,2025-07-03 20:01:03.472776
7314,user_698,1932,5.0,1,3,14,32.174835876551654,3,2025-01-28 20:01:03.472776
7315,user_740,1091,4.262794167719757,1,3,8,41.57616918724971,8,2025-02-02 20:01:03.473777
7316,user_156,599,4.464295630749923,1,3,14,37.925958006637586,4,2025-09-08 20:01:03.474283
7317,user_558,2532,4.350781893859788,0,3,10,5.60024471433792,1,2025-06-24 20:01:03.475290
7318,user_967,790,4.593498600296254,1,3,11,0.9311095264263325,9,2025-05-10 20:01:03.475290
7319,user_80,448,3.4461317087014076,1,2,10,27.505532361569518,9,2025-05-24 20:01:03.476289
7320,user_117,1146,2.110595258042419,1,4,14,14.683328045132615,8,2025-01-25 20:01:03.477317
7321,user_138,106,2.3992175220641205,1,3,8,29.24500515733869,8,2025-02-21 20:01:03.477317
7322,user_381,1072,2.5741314471120913,0,4,11,86.76051060524333,5,2025-10-04 20:01:03.478500
7323,user_593,2560,2.304988139213485,1,4,13,20.240336352669775,4,2025-02-28 20:01:03.478500
7324,user_140,997,3.137522233945606,1,4,13,70.23064769389863,4,2025-10-03 20:01:03.479991
7325,user_125,1909,3.166268177917793,1,3,13,67.07665654840267,8,2025-03-18 20:01:03.479991
7326,user_134,1125,3.371414636450397,0,2,10,6.789964078638066,4,2025-09-12 20:01:03.479991
7327,user_324,1964,2.3123892266877433,1,4,8,4.549319611857361,6,2025-10-04 20:01:03.481497
7328,user_277,1344,4.493747871230646,1,4,13,64.70494096713986,3,2025-02-01 20:01:03.481925
7329,user_409,2768,2.8905929452160977,1,4,13,33.06037508266771,9,2025-03-23 20:01:03.482838
7330,user_490,2776,4.658395257306829,1,4,8,10.580522072649512,2,2025-01-10 20:01:03.483437
7331,user_503,2529,2.7836661003253353,1,2,8,56.12964528792719,3,2025-05-04 20:01:03.483943
7332,user_715,580,3.1265201673777687,1,4,12,55.73202493426251,5,2025-01-10 20:01:03.483943
7333,user_328,2784,4.662064700895336,1,2,8,38.479654040071345,9,2025-03-13 20:01:03.484950
7334,user_357,1707,2.862221671136578,0,4,9,85.65933486813253,4,2025-05-18 20:01:03.484950
7335,user_3,1143,2.2277723593112237,1,2,10,58.04142182165973,1,2025-08-25 20:01:03.485949
7336,user_479,1716,4.0952850671313925,1,4,8,0.112797776576401,1,2025-05-15 20:01:03.486949
7337,user_517,366,3.4331982403514463,1,4,12,83.44659574291849,5,2025-05-14 20:01:03.486949
7338,user_105,264,2.8897140596457778,1,2,10,91.31257689124665,7,2025-04-19 20:01:03.487950
7339,user_187,2874,3.1402082453920697,1,3,11,29.45099681860971,9,2025-10-01 20:01:03.488950
7340,user_599,2803,3.8315020073929014,1,4,14,77.16251959798086,2,2025-01-28 20:01:03.488950
7341,user_670,46,2.3738800291260507,1,3,14,53.733642224101175,6,2025-01-21 20:01:03.489948
7342,user_957,1662,2.416518743823835,1,2,12,27.387940715601566,4,2025-11-20 20:01:03.490948
7343,user_777,1991,3.4550346053800505,1,2,14,56.571917819235814,4,2025-04-29 20:01:03.491950
7344,user_184,926,2.205517060956659,0,3,9,56.13099135488573,5,2025-05-27 20:01:03.492455
7345,user_723,83,2.940312344374549,1,3,8,41.55672712902664,2,2025-04-27 20:01:03.492960
7346,user_297,2665,3.2402182948619767,1,2,8,61.820082117557874,2,2025-09-08 20:01:03.492960
7347,user_857,1912,2.021996533836851,0,3,9,55.1253488566682,5,2025-06-12 20:01:03.493966
7348,user_307,1560,2.8012663402878055,1,2,13,38.60986253371337,3,2025-02-21 20:01:03.493966
7349,user_235,2897,4.306775030466062,1,4,14,74.88203934323748,3,2025-08-25 20:01:03.495472
7350,user_818,1341,2.487575153340702,1,2,8,24.02303982522159,9,2025-05-29 20:01:03.496119
7351,user_594,1884,3.443791926516464,1,3,14,60.06167827716117,5,2025-02-15 20:01:03.496119
7352,user_514,46,3.9884878539667232,1,2,14,77.56444634494363,6,2025-03-19 20:01:03.496119
7353,user_53,2130,2.96903805867104,1,4,14,3.4716093841359985,4,2025-03-01 20:01:03.497765
7354,user_579,2871,2.5527661509614576,1,3,12,47.5101685837109,7,2025-09-10 20:01:03.497765
7355,user_509,2849,2.438873355515402,1,2,9,85.55587712726968,2,2025-04-03 20:01:03.498772
7356,user_288,2815,3.9365460380811674,0,2,10,7.239245334017729,9,2025-12-04 20:01:03.498772
7357,user_106,738,2.7709840397908487,1,3,9,56.07336415701184,4,2025-12-04 20:01:03.500278
7358,user_67,2036,2.744621955579337,1,3,9,29.310668012237663,8,2025-05-26 20:01:03.500278
7359,user_749,54,3.386174960469323,1,3,11,47.350823133856544,6,2025-05-16 20:01:03.501285
7360,user_236,2265,4.184696950784349,1,3,12,58.2423288124168,9,2025-10-31 20:01:03.501285
7361,user_17,1837,3.711312870171287,1,2,9,43.178660082529305,9,2025-05-11 20:01:03.502284
7362,user_879,1915,1.6930200533285131,1,4,8,18.82655112114048,9,2025-02-23 20:01:03.503284
7363,user_231,1124,2.5271275956319457,1,3,11,83.32662536226893,3,2025-09-03 20:01:03.503284
7364,user_156,2272,5.0,1,2,11,18.34818630231172,1,2025-04-20 20:01:03.504789
7365,user_620,1002,4.350447067162434,1,3,14,84.8993862134855,4,2025-05-22 20:01:03.504789
7366,user_418,83,3.6749588412803846,1,3,11,13.318009611099836,6,2024-12-15 20:01:03.504789
7367,user_763,2887,4.713795228950837,1,3,10,10.161735651943859,4,2025-10-09 20:01:03.506675
7368,user_474,2714,3.2312743552907044,1,4,11,12.433476059540782,6,2025-04-25 20:01:03.507803
7369,user_599,2327,2.9900839861261304,0,4,9,46.70445046130632,8,2025-03-04 20:01:03.508369
7370,user_285,1151,3.3062016287232527,1,2,12,55.33144367441414,4,2025-08-27 20:01:03.508369
7371,user_641,1875,4.03230065386357,0,4,12,13.329038094189771,2,2025-01-25 20:01:03.509375
7372,user_537,797,3.1417770383705586,0,4,10,23.7898148032645,1,2025-10-12 20:01:03.510375
7373,user_110,257,4.062379849430796,1,2,8,59.10222591920123,1,2025-05-12 20:01:03.510375
7374,user_85,2714,3.9511798433582843,1,4,10,75.50255908674653,2,2024-12-25 20:01:03.511375
7375,user_600,1082,3.787015116890392,1,4,9,19.159513979887898,8,2025-05-04 20:01:03.511375
7376,user_879,1550,3.0911403047989205,1,4,11,24.568383596190944,3,2025-04-26 20:01:03.512375
7377,user_607,1753,3.892032839677424,1,4,14,97.70487563095125,9,2025-07-29 20:01:03.512375
7378,user_825,1894,2.6746187540763704,1,3,12,56.02310677330633,6,2025-04-30 20:01:03.513376
7379,user_277,2377,3.171604604824169,0,3,13,52.45088434188985,7,2025-04-11 20:01:03.513376
7380,user_922,1838,1.9959836296753652,1,4,11,11.078652228457553,5,2025-02-25 20:01:03.514882
7381,user_228,1043,4.208858614049055,0,3,12,67.94106124311277,6,2025-05-02 20:01:03.514882
7382,user_605,1712,2.970603830790873,1,3,8,33.70496585507789,3,2025-05-20 20:01:03.515890
7383,user_867,2348,3.0778402857568783,1,4,13,42.84924895015484,5,2025-02-24 20:01:03.516889
7384,user_3,2228,2.3422146480186266,1,4,13,50.812042738257915,6,2025-07-19 20:01:03.517395
7385,user_509,523,3.088692139764816,1,4,8,91.96882503900537,5,2025-02-23 20:01:03.517395
7386,user_608,2018,3.1954370740688427,1,3,9,80.40685720128099,8,2025-05-13 20:01:03.517395
7387,user_729,343,2.946311950164402,1,2,10,49.03131324755166,1,2025-11-18 20:01:03.518900
7388,user_324,2391,3.0275013086962255,0,3,11,9.629578021149,6,2025-03-20 20:01:03.519907
7389,user_234,123,3.7683378725369985,1,3,10,61.75383332595575,3,2025-09-03 20:01:03.519907
7390,user_782,726,3.252707863074547,1,4,14,96.25429837941306,4,2025-11-23 20:01:03.520905
7391,user_162,2001,3.9397717441126274,1,3,14,21.49550712064897,4,2025-03-22 20:01:03.521907
7392,user_516,650,4.157639640948617,1,2,10,19.180559663321016,1,2025-03-22 20:01:03.521907
7393,user_112,532,3.093071504758684,1,2,10,48.49646896013605,8,2025-06-17 20:01:03.521907
7394,user_181,2013,3.333090341590651,1,4,11,95.09599307438357,3,2025-09-21 20:01:03.523808
7395,user_561,1101,2.807234150019741,0,3,11,76.62564014393435,6,2025-08-20 20:01:03.523808
7396,user_276,461,3.069305527571916,1,4,9,86.32764837571204,7,2025-05-05 20:01:03.524833
7397,user_606,2140,4.0727606556113365,1,3,13,7.256265144008978,2,2025-01-26 20:01:03.525827
7398,user_494,2073,3.4445469327360856,1,3,10,6.520078739675473,9,2025-02-12 20:01:03.525827
7399,user_326,122,3.601436299193187,1,3,9,53.34421476828438,7,2025-10-31 20:01:03.525827
7400,user_357,1674,4.734621979709528,1,3,9,75.78868313072601,3,2025-05-09 20:01:03.527347
7401,user_483,2586,3.876665630433552,1,3,11,36.39006328461684,2,2025-03-15 20:01:03.528377
7402,user_699,2862,3.984100694199614,1,4,8,88.28767844800312,2,2025-04-08 20:01:03.528377
7403,user_943,1091,4.119606386520901,1,4,9,64.33481460454146,4,2025-07-27 20:01:03.529375
7404,user_494,2576,2.7662414489614493,1,4,12,55.261739937811996,5,2025-12-03 20:01:03.529375
7405,user_141,1865,4.268352481846464,1,2,10,46.784672337005,1,2025-01-04 20:01:03.530373
7406,user_287,2314,2.320576324205838,1,2,10,77.91336913325394,2,2025-09-08 20:01:03.531373
7407,user_361,1629,1.9352996844375083,1,3,12,88.3665514666432,6,2025-03-10 20:01:03.531905
7408,user_799,132,5.0,1,2,13,37.39740933968698,7,2025-02-04 20:01:03.532426
7409,user_236,265,4.199894855070232,0,2,13,49.21701481438413,7,2025-09-15 20:01:03.532426
7410,user_963,233,3.381291275849247,1,4,14,2.7678727613046905,3,2025-05-04 20:01:03.533987
7411,user_344,2531,2.90854751488791,1,4,8,72.13146856907872,1,2024-12-19 20:01:03.533987
7412,user_98,2646,2.8516671381172767,1,4,11,47.28979804997175,3,2025-09-15 20:01:03.534995
7413,user_479,308,3.12066040175069,1,3,9,85.71280644658489,9,2025-06-15 20:01:03.534995
7414,user_548,1,4.454505611145489,1,3,10,17.255628639716846,8,2025-07-13 20:01:03.535995
7415,user_910,2122,2.913949355043519,1,4,10,44.09470100363204,9,2025-02-02 20:01:03.536997
7416,user_52,256,3.6196163858886132,1,2,11,22.30501224295871,4,2025-01-17 20:01:03.536997
7417,user_49,1665,3.9144633882046898,1,3,11,81.30107739176442,3,2025-03-13 20:01:03.537999
7418,user_509,2315,3.5352494529022493,1,2,14,19.663855843650445,5,2025-09-08 20:01:03.538982
7419,user_382,2808,3.7524855382565323,1,3,8,10.437932169399522,5,2024-12-22 20:01:03.539982
7420,user_786,2209,3.553397885249028,0,4,9,70.86984314004073,2,2025-03-02 20:01:03.541012
7421,user_409,1430,3.3925370997041266,1,2,12,78.51312863373637,3,2025-12-05 20:01:03.541012
7422,user_22,1439,2.1054325677265373,1,2,13,83.12286824987099,1,2025-11-14 20:01:03.542546
7423,user_644,1867,2.8230514145858954,1,4,9,95.57921054117018,9,2025-05-02 20:01:03.543082
7424,user_38,439,3.9194136779646684,1,3,14,53.02779721607528,7,2025-07-07 20:01:03.543082
7425,user_160,1382,3.9657042552725463,1,4,8,71.2293586508277,6,2025-06-06 20:01:03.544110
7426,user_676,2638,4.126142917649114,1,3,8,84.15842221264224,1,2025-03-13 20:01:03.545192
7427,user_60,81,4.598171599625379,1,4,14,94.97731529952338,4,2025-11-18 20:01:03.545829
7428,user_671,1289,3.353440079769012,1,4,13,34.791049994114196,9,2025-11-25 20:01:03.547549
7429,user_333,2274,2.478579789959481,1,3,11,73.19420077000686,2,2025-08-24 20:01:03.548667
7430,user_632,2540,4.686746218729656,1,4,8,75.67443742952403,3,2025-05-19 20:01:03.550655
7431,user_678,644,2.8982586677499884,1,2,9,50.78664225106462,7,2025-11-02 20:01:03.552665
7432,user_799,771,3.8246420888075643,1,4,13,3.6207106383824295,6,2025-11-24 20:01:03.554558
7433,user_513,1125,3.038899276324912,1,3,10,9.396152440761396,7,2025-05-19 20:01:03.555724
7434,user_568,2589,4.340113515085001,1,2,14,40.45796147507584,4,2025-09-04 20:01:03.557229
7435,user_368,958,3.9090953625914815,1,3,8,48.348083988009996,9,2025-04-16 20:01:03.557229
7436,user_367,2196,3.0672396773779984,1,3,12,85.08696087241842,1,2025-08-09 20:01:03.558903
7437,user_607,2896,3.4200309082938043,1,3,14,95.213482288952,6,2025-09-18 20:01:03.558903
7438,user_83,481,2.0738553043373993,1,4,12,90.4924390433577,7,2025-06-27 20:01:03.559911
7439,user_936,2453,3.8978385292786,1,3,9,71.48920560018975,7,2025-09-01 20:01:03.560909
7440,user_131,451,2.904325460458337,1,2,12,51.84957817603982,4,2025-07-24 20:01:03.561911
7441,user_316,2610,3.2433579129742247,1,4,10,88.5938842017533,1,2025-08-31 20:01:03.561911
7442,user_653,2468,2.667436963922305,1,4,13,59.68333466794018,6,2025-11-03 20:01:03.562911
7443,user_274,2145,3.5672429697712253,1,4,9,67.90025217830953,9,2025-07-14 20:01:03.562911
7444,user_247,570,3.8160322289858843,1,3,10,7.847231225161567,1,2025-09-06 20:01:03.564416
7445,user_959,1798,3.643078511485478,1,4,11,18.07650154843048,5,2025-05-12 20:01:03.564921
7446,user_107,163,3.286728309742333,1,3,13,89.31226014794092,9,2025-03-08 20:01:03.564921
7447,user_523,1209,2.356146237660443,1,4,11,86.76874489080886,5,2025-04-02 20:01:03.565928
7448,user_273,1911,4.355446298783565,0,3,10,26.774069588771898,9,2025-09-12 20:01:03.566928
7449,user_762,2255,4.770762020181632,1,2,10,72.39169067007852,1,2025-06-22 20:01:03.566928
7450,user_129,2647,2.3967481741702783,1,3,11,59.32714472329357,4,2025-10-27 20:01:03.567929
7451,user_608,48,2.8299150700910554,1,2,9,47.88435446855591,1,2025-08-27 20:01:03.568928
7452,user_863,183,3.435745681003376,1,3,14,84.6238048262527,8,2025-04-16 20:01:03.569432
7453,user_274,837,2.733846690181625,1,3,8,78.10120819267485,6,2025-10-10 20:01:03.569432
7454,user_537,1110,2.209550775827778,1,4,12,46.27866915720481,7,2025-12-07 20:01:03.571438
7455,user_940,2315,3.034416038174847,1,3,12,39.30840989490017,4,2025-09-20 20:01:03.571438
7456,user_555,2729,4.019442467577614,1,3,10,19.74399124068613,7,2025-03-16 20:01:03.572439
7457,user_800,700,2.004741025528422,1,4,9,51.552354256653445,2,2025-06-19 20:01:03.572439
7458,user_447,2241,2.903711744048256,1,2,8,88.33323435247868,7,2025-10-15 20:01:03.573945
7459,user_488,493,3.901815962556977,1,3,14,93.52546574817453,2,2025-04-23 20:01:03.573945
7460,user_295,2068,3.3044169916490094,1,2,8,20.509990163407398,1,2025-11-03 20:01:03.574953
7461,user_46,1335,4.435899410619889,1,2,8,19.843053046451743,8,2025-08-24 20:01:03.575953
7462,user_199,2220,3.7194489459270423,1,4,13,63.51170228302669,3,2025-10-22 20:01:03.575953
7463,user_575,1938,3.399413128436537,1,2,14,4.137540098389669,9,2025-08-02 20:01:03.577459
7464,user_876,1899,3.086653868243042,0,3,9,73.12115490065551,6,2025-08-21 20:01:03.578565
7465,user_125,2313,2.654262409913744,1,3,13,63.80932905921477,9,2025-10-27 20:01:03.579572
7466,user_372,2549,1.9779560762006194,1,2,10,31.850710555483786,9,2025-09-21 20:01:03.580714
7467,user_454,1773,2.4752336447929624,1,2,9,55.12036305954713,9,2025-09-07 20:01:03.581328
7468,user_84,1059,3.940487423745995,1,2,13,55.40698308993449,8,2025-08-15 20:01:03.582432
7469,user_587,2492,2.7648904407466968,1,2,10,72.82934881150331,4,2025-10-17 20:01:03.583660
7470,user_554,569,3.3107541247719663,1,3,10,85.76082056905197,1,2025-03-12 20:01:03.585873
7471,user_851,1839,3.4854130112324295,1,3,9,22.2257121015219,4,2025-07-19 20:01:03.586877
7472,user_798,2446,3.78221828122363,1,2,8,77.40092249801654,6,2025-11-12 20:01:03.588878
7473,user_476,2600,1.938768478297316,1,2,9,87.63973937795889,1,2024-12-20 20:01:03.589868
7474,user_247,1983,4.566217347428923,1,2,11,97.0313658660648,8,2025-09-01 20:01:03.591872
7475,user_970,56,3.9282211577919024,0,4,9,73.38528466853838,1,2025-07-26 20:01:03.592986
7476,user_291,140,3.6385514674279986,1,2,9,23.86387495552804,8,2025-02-12 20:01:03.594095
7477,user_380,2026,3.3660777689879264,1,4,14,57.90205400047132,4,2025-07-21 20:01:03.595050
7478,user_311,2377,2.7645351721238582,1,2,9,7.032806851502016,8,2025-07-16 20:01:03.596947
7479,user_575,2516,3.6854383231295182,1,4,12,5.788101958472436,6,2025-07-24 20:01:03.597559
7480,user_299,405,4.337503457717272,1,2,9,55.1826089119103,6,2025-11-18 20:01:03.599672
7481,user_433,2262,3.6047468404003773,0,2,11,45.88969023829969,6,2025-01-24 20:01:03.600663
7482,user_77,603,2.500421596233047,1,3,9,46.94634023717745,5,2025-11-12 20:01:03.601585
7483,user_422,2072,2.9942248515681964,1,4,10,56.025674961520465,4,2025-08-22 20:01:03.602607
7484,user_878,640,2.8483146338237924,1,4,13,75.7500864629054,9,2025-02-28 20:01:03.603606
7485,user_441,2211,3.2956054089784845,1,3,14,75.31293245307178,6,2025-08-05 20:01:03.605130
7486,user_279,403,2.0367830331278003,0,2,9,79.4455409008771,4,2025-09-20 20:01:03.605130
7487,user_396,488,3.296018562337651,0,3,11,49.18856351546875,5,2025-09-08 20:01:03.607315
7488,user_121,1094,3.3545291689398375,1,2,8,21.991769249261782,4,2025-10-19 20:01:03.608319
7489,user_451,2798,3.3869558026001094,1,3,8,59.253815072994506,2,2025-08-03 20:01:03.608319
7490,user_353,2561,3.4998752034682,1,3,8,97.36163774968044,7,2025-11-20 20:01:03.609585
7491,user_56,693,4.163496885928831,1,2,12,85.2232957304497,2,2025-10-29 20:01:03.610559
7492,user_580,564,4.015660556505535,1,2,8,3.133777640699298,9,2025-08-02 20:01:03.611562
7493,user_328,2165,4.704947380026815,1,4,12,52.654557424197634,4,2025-08-07 20:01:03.612563
7494,user_137,1683,2.990465870616335,1,2,9,65.17053785272915,3,2025-01-26 20:01:03.613563
7495,user_56,1387,3.7354981597356876,1,3,11,4.978155597866085,9,2025-04-04 20:01:03.613563
7496,user_901,1360,4.4798652064591336,1,4,13,38.91800110446149,9,2025-05-02 20:01:03.615073
7497,user_360,2728,2.5610616562596125,1,2,10,1.954311303104861,4,2025-01-22 20:01:03.617081
7498,user_525,876,4.2489375994653535,1,4,13,59.74859347684773,5,2025-09-14 20:01:03.618084
7499,user_533,1335,2.4772135262825388,1,3,12,66.6503060249372,4,2025-07-02 20:01:03.619590
7500,user_399,1523,4.494049459656361,1,3,8,98.58480871630934,9,2025-05-21 20:01:03.619590
7501,user_434,1695,3.9104479346076677,0,2,8,46.39752531998238,3,2025-01-30 20:01:03.621596
7502,user_314,1430,3.8286780513363854,1,4,12,47.20896464359286,1,2025-05-04 20:01:03.622598
7503,user_358,2028,4.173739329024214,1,2,9,39.54544502991414,2,2025-10-02 20:01:03.622598
7504,user_858,1100,4.549102297693715,1,4,9,28.511302462926846,8,2025-08-28 20:01:03.624103
7505,user_286,1927,3.8307344204512166,1,2,11,17.055131170063465,3,2025-08-20 20:01:03.624103
7506,user_57,43,2.8028280355141315,1,2,13,7.277478165509288,6,2025-07-29 20:01:03.625249
7507,user_229,355,2.818241736628154,1,3,12,88.12802940597564,7,2025-04-24 20:01:03.625249
7508,user_493,2165,2.9530580342794606,1,3,14,31.77065630753836,6,2025-05-08 20:01:03.626754
7509,user_132,1016,3.4784525735179637,1,4,9,79.67872393962337,2,2025-06-24 20:01:03.627627
7510,user_484,389,3.107738379709715,1,4,12,58.6192679254238,4,2025-11-16 20:01:03.627627
7511,user_596,561,2.341110843332917,1,4,12,40.7577306212211,7,2025-02-25 20:01:03.628276
7512,user_943,2692,2.6476272495291555,1,3,8,17.739261652887695,7,2025-01-09 20:01:03.629276
7513,user_183,1453,3.7391020387361884,1,4,8,73.43070605501117,4,2024-12-13 20:01:03.629276
7514,user_118,791,3.2843075606889442,1,2,14,77.28187724647265,6,2025-10-28 20:01:03.630276
7515,user_344,2457,2.8206162667593024,1,2,14,89.06414097273678,4,2025-02-19 20:01:03.630276
7516,user_529,46,3.130039675907529,1,3,11,16.30606574787071,5,2025-10-02 20:01:03.631825
7517,user_587,498,3.4300844515010276,1,4,14,29.823437145023636,4,2025-07-20 20:01:03.633440
7518,user_701,13,4.354934493898915,1,3,8,49.28591431977863,5,2025-07-05 20:01:03.633945
7519,user_869,216,2.6858374518938968,1,2,13,2.888060052034813,8,2025-04-11 20:01:03.634951
7520,user_399,2831,4.423627058546143,1,3,8,32.34299492931731,4,2025-08-09 20:01:03.634951
7521,user_382,2232,3.915039058056573,1,2,13,9.794776759251,8,2025-07-27 20:01:03.635952
7522,user_160,1937,3.6075536492376408,1,3,14,39.98795013161306,4,2025-05-31 20:01:03.635952
7523,user_438,2863,2.7643181292394536,1,2,9,17.950723836679362,2,2025-05-24 20:01:03.636951
7524,user_450,759,2.859239149317946,1,2,13,1.32331664707519,2,2025-04-20 20:01:03.636951
7525,user_642,910,4.627922836612099,1,2,11,82.13929946335425,9,2025-02-13 20:01:03.637952
7526,user_372,175,4.7134095996907766,1,4,14,72.85111648398218,6,2025-01-25 20:01:03.638951
7527,user_218,2866,4.145580220551422,1,4,11,54.97819126933101,7,2025-10-16 20:01:03.638951
7528,user_540,1110,4.23783115457438,1,4,8,29.970478017487178,4,2025-05-03 20:01:03.639953
7529,user_655,163,3.2774745794058493,1,3,8,69.1518720100034,6,2024-12-12 20:01:03.639953
7530,user_546,903,4.490187841096528,1,2,10,20.799343458832055,3,2025-02-13 20:01:03.640952
7531,user_326,1931,2.030715424489115,1,2,12,0.7310629126784818,6,2025-08-03 20:01:03.640952
7532,user_650,1238,3.154364163765453,0,2,10,75.09864934243083,1,2025-09-29 20:01:03.642457
7533,user_956,1588,2.9868055231379844,1,4,12,96.53062746143975,2,2025-05-01 20:01:03.642961
7534,user_182,2208,2.7143490177881775,1,2,13,20.113906530550963,1,2024-12-17 20:01:03.642961
7535,user_831,2885,3.3923259934552608,1,2,14,11.322422844750445,3,2024-12-26 20:01:03.643967
7536,user_477,1658,3.1348372289403175,1,4,12,52.017907551122235,1,2025-06-01 20:01:03.643967
7537,user_451,852,4.184362047684807,1,3,14,40.407775657799625,6,2025-03-23 20:01:03.643967
7538,user_930,52,3.6961555364847047,1,4,9,10.918696899440562,1,2025-12-05 20:01:03.645473
7539,user_874,2583,4.116739164155401,1,3,9,7.366927172711357,4,2025-02-03 20:01:03.646251
7540,user_859,1506,4.056988851737616,1,3,9,29.784699229483557,1,2025-01-02 20:01:03.646251
7541,user_608,507,3.333168071385648,1,3,12,17.329134830044644,8,2025-12-10 20:01:03.646251
7542,user_506,1010,2.3478531658308497,1,3,8,82.7333498155681,4,2025-10-14 20:01:03.647925
7543,user_782,111,3.9812370799154086,1,4,8,45.34521846137534,5,2025-01-05 20:01:03.648932
7544,user_926,1588,4.131565630526666,1,3,12,91.94596622983376,6,2025-11-16 20:01:03.648932
7545,user_339,2218,3.879481430309204,1,2,8,56.773264854138276,7,2025-04-20 20:01:03.649932
7546,user_828,2277,4.019193389357915,1,2,9,72.19646380655573,1,2025-06-26 20:01:03.649932
7547,user_905,1031,4.71269190755019,1,4,14,51.50158293104698,7,2025-06-07 20:01:03.650932
7548,user_775,2377,2.7992209907740273,1,3,12,79.13541552525123,4,2025-01-11 20:01:03.650932
7549,user_577,480,3.9068918604925162,1,4,14,64.84455097387702,5,2025-06-26 20:01:03.652437
7550,user_207,2017,2.64560018706484,1,2,9,44.68479163821141,7,2025-11-24 20:01:03.652437
7551,user_236,2151,4.95599411909874,1,3,8,15.609052318595552,5,2025-06-29 20:01:03.653443
7552,user_37,942,3.615060697458428,1,2,11,80.65960450639753,2,2025-04-01 20:01:03.653443
7553,user_534,2374,3.001564708416005,1,3,14,15.948761320611048,5,2025-11-15 20:01:03.654948
7554,user_942,636,1.6512734684207722,1,4,13,23.698155697404477,1,2025-05-05 20:01:03.654948
7555,user_932,1637,2.503524693641109,1,2,9,87.7156012433054,3,2025-04-30 20:01:03.654948
7556,user_213,2406,3.554276862921464,0,2,12,12.133616873878704,6,2025-05-04 20:01:03.656454
7557,user_899,2316,3.9001927952846454,1,3,11,86.77905954385866,1,2025-07-04 20:01:03.656454
7558,user_747,1400,3.4945382629508313,1,2,13,59.25687887893607,3,2025-01-21 20:01:03.657461
7559,user_4,2118,3.833157984210244,1,4,10,1.080293249616282,2,2024-12-21 20:01:03.658471
7560,user_417,52,3.1143309713379708,1,3,12,4.789435153517241,5,2025-03-28 20:01:03.658471
7561,user_275,2763,3.6353184703657315,1,4,14,58.96083867339157,6,2025-08-23 20:01:03.659478
7562,user_601,943,3.367810595918442,1,3,12,46.24117871525255,2,2025-06-08 20:01:03.659478
7563,user_747,1616,3.3831591119331383,1,2,8,22.42742800954033,9,2025-06-21 20:01:03.660477
7564,user_784,1648,3.566783057528097,1,2,12,42.24665563007842,8,2025-01-14 20:01:03.660477
7565,user_902,2626,3.1409999557086112,1,3,11,59.62106998561777,3,2025-07-24 20:01:03.661481
7566,user_647,613,3.4347489377133207,1,4,13,31.840728024466735,1,2025-05-05 20:01:03.662478
7567,user_857,1323,2.7073589488221197,1,3,8,26.384953761497233,5,2025-06-28 20:01:03.662478
7568,user_243,766,3.726291489657053,1,2,10,14.127938463779833,9,2025-10-03 20:01:03.663478
7569,user_759,2632,3.031718266741034,1,4,13,47.2610071097347,8,2025-04-16 20:01:03.663478
7570,user_836,521,4.388964625868189,1,3,13,17.64625907215568,1,2025-11-29 20:01:03.664984
7571,user_62,1376,3.056124068920001,1,4,13,39.38746614436194,6,2025-01-30 20:01:03.665489
7572,user_789,2139,4.022412649401611,1,3,14,66.80312474220224,8,2025-03-27 20:01:03.666496
7573,user_871,1653,4.1035302920148675,1,3,10,74.67703032733172,6,2025-01-30 20:01:03.666496
7574,user_458,964,3.2391471724840546,1,4,12,47.84923921003854,4,2025-11-14 20:01:03.667496
7575,user_114,219,4.4046019046799385,0,4,9,41.19377067217761,4,2025-05-26 20:01:03.667496
7576,user_776,1809,2.436068159214823,1,2,9,45.36046657453878,1,2024-12-23 20:01:03.667496
7577,user_612,2622,3.2631476271933244,1,3,11,89.06905241422042,5,2025-05-19 20:01:03.669001
7578,user_733,1758,2.35218532997718,0,2,10,61.14048672570058,7,2025-06-20 20:01:03.670008
7579,user_210,1276,4.235221471160543,0,3,9,58.6994969182401,8,2025-07-21 20:01:03.670008
7580,user_530,951,3.178384395169741,1,3,14,18.018220406530293,4,2024-12-13 20:01:03.671014
7581,user_957,250,3.329075191591709,1,2,10,59.82678815427596,8,2025-11-19 20:01:03.671014
7582,user_254,1109,2.558956898277208,1,4,13,47.809136706360036,2,2025-11-10 20:01:03.672015
7583,user_637,1456,2.8750465639350726,1,4,14,39.03738525069356,6,2025-01-05 20:01:03.672015
7584,user_729,2781,4.1055530725284894,1,4,8,30.114809006758346,4,2025-04-23 20:01:03.673522
7585,user_502,1585,3.9140546337863884,0,2,12,87.23734618263393,7,2024-12-12 20:01:03.674041
7586,user_650,2661,3.04688645417843,1,2,13,93.3664381974722,3,2025-11-30 20:01:03.675048
7587,user_142,1190,3.8511037309673104,1,3,9,88.21920803179383,9,2025-09-11 20:01:03.676048
7588,user_235,59,4.3476531900646345,0,4,12,24.742404100987635,4,2025-09-16 20:01:03.676048
7589,user_747,1477,2.725572929088617,1,2,8,52.665232556377426,6,2025-04-18 20:01:03.677048
7590,user_860,2294,4.886455158752575,1,3,12,49.81750058913295,5,2024-12-27 20:01:03.677553
7591,user_577,843,2.340334142041506,1,4,9,63.85525265090644,1,2025-02-13 20:01:03.677553
7592,user_70,245,2.5901126695423784,1,4,13,25.1431963164405,1,2025-05-12 20:01:03.678560
7593,user_947,2886,2.131203122033143,1,4,14,90.33899761835433,2,2025-08-12 20:01:03.679573
7594,user_871,2150,4.0447224621584095,1,4,14,12.60965939080787,5,2025-11-04 20:01:03.681079
7595,user_847,523,4.093682433594518,1,3,8,27.218502955045597,8,2025-07-26 20:01:03.682592
7596,user_657,1794,3.5664430475092037,1,4,8,85.83578360182031,4,2025-10-26 20:01:03.682592
7597,user_945,319,4.07236749279037,1,4,10,97.78345743225168,1,2025-11-12 20:01:03.683597
7598,user_7,1444,3.485387844661886,1,2,8,55.53895655769142,2,2025-06-28 20:01:03.684603
7599,user_655,838,2.5640642391070028,1,2,13,68.13843300711711,2,2025-06-25 20:01:03.684603
7600,user_929,2558,5.0,1,3,10,82.83341310968812,4,2025-03-24 20:01:03.685604
7601,user_342,2078,3.905222674667658,1,3,13,80.43881655310055,1,2025-10-30 20:01:03.685604
7602,user_84,2453,3.7055030063391006,1,3,10,59.89913826294786,4,2024-12-31 20:01:03.686604
7603,user_486,976,2.670221922123701,1,4,10,42.95718643596934,5,2025-02-08 20:01:03.687603
7604,user_665,900,2.6877585036080816,1,2,14,96.68429102962224,5,2025-08-16 20:01:03.687603
7605,user_952,852,3.486794544113282,1,2,10,13.952157406872601,4,2025-01-18 20:01:03.688604
7606,user_730,1178,4.00064480722342,1,3,11,54.41463322690663,5,2025-02-24 20:01:03.688604
7607,user_960,2025,3.355345421760754,1,3,11,93.5958727055864,2,2025-11-20 20:01:03.688604
7608,user_136,1748,4.6872468271095915,1,3,14,55.70251407068214,4,2025-01-02 20:01:03.690111
7609,user_745,1778,4.06378776386078,1,3,9,31.95188366238806,4,2025-01-21 20:01:03.691118
7610,user_866,808,3.4505866197661246,1,4,11,50.79032654955288,5,2025-07-04 20:01:03.691118
7611,user_665,898,2.415969220216616,1,3,11,93.38862998894756,9,2025-04-15 20:01:03.692118
7612,user_117,1699,2.71523387382923,1,4,10,46.26947464884654,4,2025-02-27 20:01:03.693128
7613,user_815,1242,2.691760611609495,1,3,9,87.34529449979954,1,2025-06-09 20:01:03.693128
7614,user_5,2864,2.6385041359445127,1,2,13,34.91299289476336,2,2025-07-02 20:01:03.694135
7615,user_335,2511,3.861877982412561,1,3,14,22.45144808631643,1,2025-09-06 20:01:03.694135
7616,user_804,2403,3.8624015780723506,1,3,8,15.456966628904478,2,2025-05-20 20:01:03.695640
7617,user_209,740,3.4793612892319112,1,2,13,22.272029670057524,5,2025-09-12 20:01:03.695640
7618,user_903,1125,3.0658319079677145,0,4,8,7.968701278866752,3,2025-07-11 20:01:03.696648
7619,user_615,812,3.5613221977010965,1,4,14,64.75903347485541,8,2025-11-29 20:01:03.697646
7620,user_312,234,4.593071520839043,1,2,13,21.64112985503255,1,2025-01-25 20:01:03.698152
7621,user_816,126,4.656657071205478,1,4,11,29.163062185182476,3,2025-04-12 20:01:03.699158
7622,user_224,2158,3.8759725565576884,1,4,11,89.09834761550145,2,2025-05-13 20:01:03.699158
7623,user_603,1465,2.5903984856879028,1,2,12,8.54298687641476,4,2024-12-23 20:01:03.700158
7624,user_466,1543,3.520092862089151,0,4,12,30.80043955867865,9,2025-11-03 20:01:03.700158
7625,user_32,1869,2.9887546655892936,1,2,10,36.34117070944362,3,2025-06-07 20:01:03.701158
7626,user_214,857,4.57525819922789,1,2,9,0.2172270375283003,9,2025-11-30 20:01:03.702158
7627,user_492,2045,2.9030929828192353,1,2,11,15.73422162786452,8,2025-10-24 20:01:03.702158
7628,user_269,2863,2.40958729868836,1,4,13,23.956550865439187,2,2025-03-30 20:01:03.703158
7629,user_629,2879,3.8492282827975655,1,2,9,2.514641837271947,6,2025-02-03 20:01:03.703158
7630,user_459,369,3.3493961218113597,1,3,14,24.508562797454847,4,2025-04-30 20:01:03.704664
7631,user_737,643,4.424015585814842,1,3,8,9.080080042450266,7,2025-08-21 20:01:03.704664
7632,user_285,122,3.2117959539839447,1,3,14,94.79162324714243,9,2025-08-22 20:01:03.705671
7633,user_722,691,3.9633278456445846,1,3,13,66.8350429964355,7,2025-09-03 20:01:03.706176
7634,user_280,2216,3.418307448304754,1,2,12,22.24266059307749,8,2025-01-26 20:01:03.706682
7635,user_372,2344,3.4668821401914944,1,4,12,98.72164211725541,9,2025-05-27 20:01:03.707263
7636,user_468,1144,3.662617150533202,1,3,9,13.026521701057813,1,2025-10-15 20:01:03.707263
7637,user_93,297,3.0432771011007933,1,3,12,50.33879797216264,1,2025-05-02 20:01:03.708909
7638,user_37,447,4.4181859749671935,1,4,11,99.38886473298012,2,2025-06-06 20:01:03.708909
7639,user_597,258,3.297220370134835,1,3,10,5.013426431416413,9,2025-02-28 20:01:03.709916
7640,user_732,703,2.990125396339314,1,2,9,15.94975334911426,1,2025-07-09 20:01:03.709916
7641,user_529,2790,2.618728235042799,1,3,11,82.15206320969027,9,2025-10-26 20:01:03.711915
7642,user_62,935,2.7413306903950407,1,3,9,26.077691745424715,6,2025-06-03 20:01:03.711915
7643,user_340,2358,4.042506487476108,1,2,13,92.40547680095214,2,2025-03-07 20:01:03.712916
7644,user_50,784,4.718850653678431,1,2,10,17.278920456672843,6,2025-06-24 20:01:03.712916
7645,user_725,1912,3.0411073923567176,1,4,14,14.416748108694499,5,2025-05-11 20:01:03.713916
7646,user_807,1800,3.389684604626296,0,3,11,53.44291408327114,4,2025-11-01 20:01:03.714916
7647,user_358,165,2.8565621582567506,1,2,9,62.71553970941065,9,2025-03-27 20:01:03.715421
7648,user_529,631,2.689206033172989,0,3,8,64.262070052239,8,2025-04-20 20:01:03.715421
7649,user_49,182,4.592043184561991,1,2,8,43.9675371521915,3,2025-09-17 20:01:03.716428
7650,user_615,119,3.1066746380056984,1,2,12,56.82141093081201,3,2025-06-11 20:01:03.717427
7651,user_718,734,3.624849344477141,1,2,9,50.263827099049806,3,2025-12-08 20:01:03.717427
7652,user_924,1964,3.6743755270752416,1,3,10,78.61556185100005,8,2025-08-21 20:01:03.718427
7653,user_901,2270,3.4699442864048766,1,3,13,88.43682600357822,3,2025-06-10 20:01:03.718427
7654,user_395,2360,3.806566070989615,1,4,13,40.59442229335728,8,2025-11-28 20:01:03.719932
7655,user_820,114,4.774695568460135,1,4,10,14.867811490574889,9,2025-08-23 20:01:03.719932
7656,user_439,2726,4.14127216205299,1,4,14,5.583422970931828,4,2025-01-09 20:01:03.719932
7657,user_816,2818,3.4686145236580748,1,4,12,10.719090171650269,9,2025-01-18 20:01:03.721437
7658,user_544,1149,3.835701460345079,1,3,10,91.08189568220749,2,2025-08-13 20:01:03.721437
7659,user_725,2531,4.660924454927918,1,4,9,0.3640450689499808,9,2025-09-01 20:01:03.722445
7660,user_18,2413,4.723368795073932,1,2,12,89.98242585550062,7,2025-01-13 20:01:03.723445
7661,user_22,1979,3.2223454226473836,0,3,12,70.90069248723641,5,2025-06-03 20:01:03.723950
7662,user_141,1048,3.0745868761626682,1,3,14,8.513082283156182,2,2025-06-26 20:01:03.723950
7663,user_91,640,2.8536266852122925,1,4,12,42.484545698936735,3,2025-08-08 20:01:03.724958
7664,user_762,1528,3.430981529429059,1,3,8,57.033589381597636,3,2025-08-23 20:01:03.725956
7665,user_413,27,3.395830380234849,1,2,12,46.39956406446109,8,2025-07-07 20:01:03.725956
7666,user_919,2341,3.9176610680936603,1,4,8,17.058578123542134,4,2025-02-10 20:01:03.727461
7667,user_447,329,4.161796727331653,1,2,8,81.96751556800312,8,2025-01-14 20:01:03.728502
7668,user_145,1505,3.39697064156243,1,3,12,9.632264849009353,4,2025-05-30 20:01:03.728502
7669,user_822,2787,3.4378156394554074,1,4,9,75.5376141409536,2,2024-12-14 20:01:03.729482
7670,user_548,2783,2.5991994219790033,0,4,12,54.28071794385061,2,2025-04-30 20:01:03.730480
7671,user_7,1999,2.134067685889309,0,2,13,70.14924808277763,6,2025-03-12 20:01:03.730480
7672,user_949,1836,3.4888023851022827,0,2,9,5.183030880956951,5,2025-11-20 20:01:03.731480
7673,user_52,2616,2.6922812145926693,1,4,12,76.41260393832877,2,2025-07-30 20:01:03.732005
7674,user_831,1049,3.706215917744888,1,4,11,83.78214680964453,6,2025-06-21 20:01:03.732005
7675,user_289,2014,4.389205799421291,1,3,10,16.92288411140044,2,2025-01-17 20:01:03.733555
7676,user_24,405,4.14256364794836,0,3,13,5.087164947182843,3,2025-01-09 20:01:03.733555
7677,user_462,96,3.111754337265914,1,2,9,52.15915003083935,5,2025-11-23 20:01:03.734582
7678,user_794,1943,3.342973943903316,1,2,13,1.9818224358561731,1,2025-07-28 20:01:03.734582
7679,user_12,2236,3.588794657403673,0,3,8,28.6623541423498,8,2025-06-12 20:01:03.735581
7680,user_522,2483,1.8879067702099945,1,2,14,94.2917111525436,2,2025-09-11 20:01:03.736580
7681,user_188,1101,4.028740741964971,1,3,11,58.441927815081485,3,2025-05-12 20:01:03.736580
7682,user_413,2047,4.012381874052488,1,2,12,72.9355234130902,9,2025-11-10 20:01:03.738106
7683,user_821,1305,3.37576394831189,1,3,13,6.039148150939477,8,2025-07-14 20:01:03.738106
7684,user_102,536,4.568873703965081,0,4,9,34.25160547820435,8,2025-06-30 20:01:03.739121
7685,user_201,1772,2.8731733434380833,1,3,14,13.269418828777868,6,2025-05-03 20:01:03.739121
7686,user_372,489,3.9734509272878693,0,4,8,25.44803171054958,9,2025-08-23 20:01:03.740119
7687,user_321,762,3.5780034817135506,1,2,12,70.42869950507045,4,2025-01-03 20:01:03.740119
7688,user_631,1440,4.077179302992918,1,4,14,94.99709132437084,8,2024-12-14 20:01:03.741624
7689,user_442,247,3.0263456125443224,1,3,11,8.81528777278957,5,2025-01-10 20:01:03.741624
7690,user_523,1563,3.847626648622741,0,4,14,10.406940102466711,2,2025-11-13 20:01:03.743270
7691,user_825,1305,2.541030725704815,1,2,10,35.04566319464423,5,2025-03-26 20:01:03.744117
7692,user_501,2489,2.131159576901638,1,3,9,47.90078626524297,9,2025-02-10 20:01:03.745145
7693,user_90,2543,3.0894988645164454,1,3,14,4.424245709782282,1,2025-10-07 20:01:03.745680
7694,user_300,1554,2.1119550597189245,1,2,9,59.60531803207838,5,2025-10-25 20:01:03.745680
7695,user_163,499,3.387547938821508,1,3,8,6.479024078545404,1,2025-06-14 20:01:03.746708
7696,user_625,2473,3.197883957949169,1,2,11,25.798076391009772,7,2025-07-15 20:01:03.747694
7697,user_601,2371,2.1393159472155086,1,4,14,97.39002853454441,7,2025-02-19 20:01:03.748199
7698,user_146,564,4.1233382490225,1,2,12,80.7848663942971,9,2025-11-05 20:01:03.748199
7699,user_479,2823,2.8549482807794444,1,3,8,93.761218077816,9,2025-04-04 20:01:03.749205
7700,user_452,516,3.6478365763539182,1,2,14,57.63420702450429,3,2025-07-06 20:01:03.750205
7701,user_378,2662,4.683879625067174,1,3,10,82.21398904218672,3,2025-08-22 20:01:03.750205
7702,user_478,1957,2.6882316274634293,0,2,10,41.039865340925715,7,2025-03-27 20:01:03.751205
7703,user_191,2689,3.5954800782318146,1,4,12,40.040530737988334,3,2025-01-09 20:01:03.751205
7704,user_158,1955,3.260377518722545,1,2,9,31.12611477918271,5,2025-03-21 20:01:03.752205
7705,user_152,1448,3.3662315637742863,1,4,12,91.94832305299019,1,2025-07-28 20:01:03.752205
7706,user_177,1924,4.158574979820262,0,3,9,7.703209758075147,7,2025-02-26 20:01:03.753205
7707,user_80,169,3.1809055194921467,1,4,10,72.19363853145009,2,2025-04-13 20:01:03.754204
7708,user_582,574,3.176797215254415,1,2,12,16.271123119896735,2,2025-05-18 20:01:03.754709
7709,user_766,2537,3.811883331995214,1,3,9,12.509441321083138,5,2025-02-15 20:01:03.754709
7710,user_860,1099,4.260026555669401,1,2,10,33.49945325225938,6,2025-02-06 20:01:03.756714
7711,user_388,437,3.4198616529458694,1,4,11,27.178644866227774,6,2025-07-03 20:01:03.757216
7712,user_287,562,2.931867798759641,0,3,11,7.202990532817088,7,2025-07-29 20:01:03.757216
7713,user_316,1783,3.491314096680828,1,2,14,46.91202817060468,4,2024-12-19 20:01:03.758887
7714,user_362,1865,4.398147816922262,0,4,13,57.46825723909965,3,2025-12-08 20:01:03.759902
7715,user_482,1701,2.7702782110543858,1,3,10,31.68703882400219,8,2025-01-07 20:01:03.759902
7716,user_36,1963,3.8789167585366577,1,3,12,95.11163747869666,4,2025-04-08 20:01:03.760903
7717,user_247,1545,3.174531970838819,1,3,8,77.36385660704032,1,2025-02-13 20:01:03.761903
7718,user_246,69,3.8611710969690534,0,4,9,91.24573330084168,6,2025-09-24 20:01:03.761903
7719,user_184,1100,2.7139481852796856,0,4,8,52.68722326182029,4,2025-12-09 20:01:03.762903
7720,user_57,2446,2.6621308620677464,1,4,8,75.1761004179012,3,2025-10-19 20:01:03.762903
7721,user_59,155,3.7777091664043416,1,2,11,70.9857363969524,3,2025-10-27 20:01:03.763902
7722,user_396,767,2.6677409526837876,1,2,10,31.075283723377634,3,2025-05-16 20:01:03.763902
7723,user_601,1062,2.531216807268138,1,3,11,74.42495797272171,6,2025-11-26 20:01:03.764903
7724,user_963,1346,2.815712128126906,1,4,11,32.711697167775064,4,2025-07-18 20:01:03.765407
7725,user_274,1612,3.097501605579505,1,4,12,70.9675094879416,8,2025-07-22 20:01:03.766413
7726,user_208,1342,3.02236958096638,1,2,13,79.04173699947702,2,2025-09-08 20:01:03.766413
7727,user_806,1951,3.6692070995600554,1,2,13,99.82364438975083,7,2025-03-06 20:01:03.767414
7728,user_708,1413,2.9853144317146385,1,4,10,14.997310050140744,5,2025-09-16 20:01:03.768413
7729,user_395,1036,2.8608729052757886,0,4,11,67.11572931744334,7,2025-05-21 20:01:03.768413
7730,user_837,2873,3.335629399126519,1,3,9,9.592376997619024,7,2025-12-04 20:01:03.769414
7731,user_881,2263,4.03319203267148,1,4,14,28.07632238847576,7,2025-07-04 20:01:03.769919
7732,user_625,756,3.412966297302705,1,2,9,87.56755831302486,3,2025-01-05 20:01:03.770925
7733,user_28,1243,3.728988057517178,1,2,8,97.98595939734737,9,2025-05-15 20:01:03.770925
7734,user_69,704,3.8398340758122957,1,2,10,7.703045919606977,4,2024-12-21 20:01:03.771925
7735,user_223,1081,3.9864005554806274,1,3,13,30.78018455997993,6,2024-12-31 20:01:03.771925
7736,user_798,2105,3.442380683699357,1,2,11,40.14246641742084,4,2025-09-30 20:01:03.773432
7737,user_330,48,1.8839490598111885,1,3,8,90.37013103981523,3,2025-06-27 20:01:03.773432
7738,user_36,2793,3.3264176510724743,1,4,10,70.19334329905347,3,2025-04-18 20:01:03.774439
7739,user_906,1931,3.2502379496852543,1,3,9,56.10185126687524,4,2025-11-21 20:01:03.775439
7740,user_221,1584,2.860668584522539,0,4,10,91.44221246801358,4,2025-08-03 20:01:03.775944
7741,user_440,213,3.3714804887530727,1,4,12,67.01039514683428,9,2024-12-20 20:01:03.775944
7742,user_182,1810,2.9854358070053046,1,4,14,62.36333707356633,3,2024-12-15 20:01:03.777478
7743,user_848,2443,3.2499905335598127,1,3,12,93.73365909663379,8,2025-11-17 20:01:03.777478
7744,user_152,2796,2.802691173816658,1,2,10,66.24234149532126,4,2025-02-24 20:01:03.778487
7745,user_814,234,2.4165265804397973,1,4,12,60.38743737535993,5,2025-02-26 20:01:03.778487
7746,user_935,416,4.899442564750817,1,2,12,26.593476203020927,8,2025-09-25 20:01:03.779488
7747,user_720,2152,4.031086694145041,1,3,9,58.27372346487778,9,2025-09-17 20:01:03.779488
7748,user_539,47,4.086991089258582,1,4,9,9.804042738173823,6,2025-05-20 20:01:03.780994
7749,user_627,2816,2.988727794430255,1,4,14,69.23239745010773,5,2025-08-31 20:01:03.781343
7750,user_892,1766,3.2425480529982833,1,4,9,53.12411119482922,9,2025-10-12 20:01:03.781343
7751,user_40,2707,2.8948100596461104,0,4,13,97.23272233829232,6,2025-02-19 20:01:03.782348
7752,user_178,2305,3.3425444692720583,1,4,14,9.758977565782734,3,2025-05-21 20:01:03.783354
7753,user_655,2326,2.6378128943161463,1,2,13,91.61789277609314,9,2025-01-21 20:01:03.783859
7754,user_11,56,4.1700608953847675,1,2,13,62.0581787884687,6,2025-05-06 20:01:03.783859
7755,user_906,2473,2.7278319815536087,1,3,14,28.415387499168233,6,2025-11-12 20:01:03.784865
7756,user_413,2208,4.438443172223853,1,3,13,95.72953989056676,4,2025-01-27 20:01:03.785865
7757,user_642,79,2.833529739737852,1,2,10,75.20954889185722,5,2025-05-21 20:01:03.785865
7758,user_264,232,4.771357478297162,1,4,12,2.1391353442628103,6,2025-02-02 20:01:03.786866
7759,user_32,959,3.2391687887713903,1,2,12,81.9986559006329,1,2025-09-21 20:01:03.786866
7760,user_607,2616,3.3364406430801186,1,4,12,30.510024058913533,9,2025-05-31 20:01:03.787865
7761,user_329,2495,5.0,1,2,12,20.645626201468747,5,2025-10-14 20:01:03.788881
7762,user_175,1397,3.2462293154252455,1,2,13,43.08946302573806,4,2025-04-21 20:01:03.788881
7763,user_432,386,3.5582535991420587,1,4,13,8.604484731851535,4,2025-11-24 20:01:03.789866
7764,user_731,2793,2.7606331677044875,1,2,14,95.62389447097354,2,2025-03-31 20:01:03.790866
7765,user_314,862,4.771621044540025,1,3,12,79.88698177595481,5,2025-04-03 20:01:03.792370
7766,user_573,2270,3.1360387543938377,1,2,10,99.29307552475673,8,2025-08-01 20:01:03.792994
7767,user_656,785,3.654299626228914,1,4,14,60.650531956554175,1,2025-04-14 20:01:03.794011
7768,user_918,2663,3.301900584861584,1,2,14,85.35977948894975,7,2025-04-12 20:01:03.794011
7769,user_576,1044,2.9361687769043554,1,4,14,27.813830655180816,5,2025-08-03 20:01:03.794011
7770,user_687,2499,4.233703095008034,1,2,10,81.39341688513267,2,2025-11-25 20:01:03.795518
7771,user_278,2219,3.076553249510159,1,3,12,74.05652276125511,7,2025-04-10 20:01:03.796158
7772,user_449,782,2.7385883594431277,1,3,10,96.64603373291148,5,2025-10-19 20:01:03.796158
7773,user_755,1413,2.5749332946076824,1,3,10,94.34515125902657,9,2025-10-01 20:01:03.796158
7774,user_108,26,3.666169181769629,1,3,12,73.22757973155768,1,2025-03-24 20:01:03.797938
7775,user_360,1080,3.394304545382341,0,4,14,6.9941207539797485,7,2025-09-09 20:01:03.797938
7776,user_486,2445,3.6574186685750094,1,3,11,75.74203798550285,2,2025-05-28 20:01:03.798945
7777,user_918,2429,3.147562267524551,1,4,14,91.92453281858263,4,2025-03-12 20:01:03.798945
7778,user_388,1046,3.8899166584950553,0,2,13,28.16028063263619,1,2025-09-27 20:01:03.800451
7779,user_280,713,4.023543018126193,1,3,13,0.12338994271479109,7,2025-10-18 20:01:03.800451
7780,user_663,2434,1.9945620901240364,1,2,11,62.173306117264936,5,2025-09-24 20:01:03.801458
7781,user_7,1889,4.960460717387586,1,2,9,33.44734824879433,8,2025-03-17 20:01:03.801458
7782,user_431,600,3.8202595976787634,1,4,9,4.986583178088599,4,2025-06-13 20:01:03.802458
7783,user_192,460,3.5202270320908773,1,2,14,49.05911877050082,2,2025-01-02 20:01:03.803458
7784,user_209,2871,2.3450777664406495,1,2,12,82.4910180818807,6,2025-10-28 20:01:03.804459
7785,user_655,1765,3.301086819996875,1,3,11,91.86995513696353,7,2025-07-11 20:01:03.804964
7786,user_591,1573,3.3012577801445997,1,3,11,0.206889143433997,5,2025-11-19 20:01:03.804964
7787,user_498,1897,3.5209706019804545,1,3,12,39.854722322964186,2,2025-10-18 20:01:03.806470
7788,user_766,1473,4.264318836981152,1,4,9,68.60363071141047,1,2025-06-23 20:01:03.807513
7789,user_856,1158,4.334261473718196,1,4,11,14.459020463075234,7,2025-09-25 20:01:03.808558
7790,user_318,1555,2.8182933768760865,0,3,12,21.10911218666972,1,2024-12-15 20:01:03.809096
7791,user_929,934,4.794844721292183,1,3,12,77.89259263423119,5,2025-04-01 20:01:03.809096
7792,user_912,1965,2.658392968646706,1,4,14,34.73027698658774,2,2025-04-30 20:01:03.810103
7793,user_777,2556,3.350875357647577,1,2,11,84.9082822560823,7,2025-03-09 20:01:03.811110
7794,user_377,1311,3.6257210956185473,1,3,12,63.869173288804625,1,2025-04-17 20:01:03.811110
7795,user_85,2589,4.217089738619406,1,2,12,67.80567356940999,5,2024-12-27 20:01:03.812103
7796,user_877,2258,3.5570806834854976,1,3,12,88.31160835715329,4,2025-02-23 20:01:03.813089
7797,user_430,599,2.7582967432344283,1,2,11,71.19958753168466,3,2025-08-22 20:01:03.813089
7798,user_768,354,3.3096284486601744,1,3,11,35.634072679971254,4,2025-10-25 20:01:03.813089
7799,user_924,2167,4.262266504426262,1,2,12,94.81756150825015,1,2025-11-18 20:01:03.814595
7800,user_383,1647,3.1292280355632354,1,2,10,57.01835224899381,5,2025-06-06 20:01:03.814595
7801,user_684,2558,2.472552441050869,1,3,9,41.61276664360528,5,2024-12-15 20:01:03.816108
7802,user_220,1747,4.497431496254759,1,4,8,44.966715447883765,2,2025-08-18 20:01:03.816108
7803,user_436,1705,2.911970910903732,1,2,13,32.415231266487986,8,2025-01-03 20:01:03.817113
7804,user_35,1253,3.4365818539559014,1,3,13,13.969046136751405,8,2025-10-21 20:01:03.817113
7805,user_870,1463,4.397798182851547,1,2,13,87.58762778214829,6,2025-12-10 20:01:03.818119
7806,user_714,1863,3.320238721148023,1,4,10,2.319194357945753,3,2025-03-28 20:01:03.818119
7807,user_209,36,2.7829963877819064,1,3,14,39.160522719526256,7,2025-01-28 20:01:03.819119
7808,user_546,1308,3.333172576794375,1,3,8,21.707043261482497,8,2025-05-27 20:01:03.819625
7809,user_97,815,2.867043240351465,1,2,14,55.80048492586622,3,2025-02-13 20:01:03.820631
7810,user_569,1719,2.6039094113923937,0,4,13,92.14013169841563,3,2025-10-07 20:01:03.821662
7811,user_312,289,3.4065554407072423,1,2,14,28.0443957403799,1,2025-01-11 20:01:03.822651
7812,user_761,2317,2.671157484589863,1,4,11,14.150638922059267,4,2025-07-01 20:01:03.824132
7813,user_750,1034,3.1315768478965564,1,4,9,27.152107873285036,4,2025-01-18 20:01:03.825172
7814,user_46,1401,3.886914776284985,1,2,9,18.429106791158688,9,2025-04-03 20:01:03.826152
7815,user_504,749,4.080682236164675,0,3,9,28.678835808677494,4,2025-03-17 20:01:03.827661
7816,user_408,238,4.510483206378664,1,4,14,65.3029523343659,9,2025-06-06 20:01:03.827661
7817,user_706,919,4.420350635057055,1,3,12,2.298905010272223,4,2025-10-11 20:01:03.828668
7818,user_134,946,4.008182519926005,0,2,9,50.11578935994999,7,2025-10-09 20:01:03.829667
7819,user_839,1206,2.8384315940157183,1,2,11,30.550788376345483,9,2025-03-18 20:01:03.829667
7820,user_587,1303,2.781498188002279,1,3,9,91.21575163764741,4,2025-07-02 20:01:03.829667
7821,user_143,1703,3.0823344336456437,1,2,10,14.990501004840617,6,2025-03-29 20:01:03.831173
7822,user_258,1639,4.089427361816459,1,3,11,49.27346740807366,6,2025-10-14 20:01:03.831173
7823,user_440,1791,3.1742036089643246,1,4,11,6.761280721265994,8,2025-07-18 20:01:03.832179
7824,user_461,628,4.139003086921962,1,2,14,46.90629736130924,8,2025-09-09 20:01:03.832684
7825,user_498,105,3.441029344015104,1,4,9,83.10370798894452,8,2025-04-11 20:01:03.832684
7826,user_593,1558,3.578460194993055,1,4,8,1.4760695906048449,5,2025-05-25 20:01:03.833689
7827,user_886,1437,3.6466784244091306,1,2,8,64.56572668409986,7,2025-07-31 20:01:03.834695
7828,user_314,922,4.206706848549077,1,3,14,80.79371438941564,5,2025-06-25 20:01:03.834695
7829,user_141,2295,3.30885755697576,1,4,9,25.58352370527276,3,2024-12-22 20:01:03.835696
7830,user_460,2032,4.2884709831169,1,2,12,87.22634135200929,1,2025-01-18 20:01:03.835696
7831,user_894,2215,3.191012178183761,1,4,9,71.90367841712548,8,2025-06-24 20:01:03.836696
7832,user_894,2131,3.64816091853777,0,2,8,44.82099124371204,1,2025-06-07 20:01:03.837695
7833,user_437,499,2.8079704280916817,1,2,14,51.16170701213639,8,2025-08-09 20:01:03.838697
7834,user_242,1561,2.9087239186652503,1,3,13,9.21749785477739,7,2025-04-17 20:01:03.838697
7835,user_108,1113,4.146752509720985,1,3,13,30.053343972427204,8,2025-10-30 20:01:03.839697
7836,user_216,2071,4.214627340267881,1,3,8,59.43654777664881,2,2025-03-17 20:01:03.840696
7837,user_416,1464,4.717577103341835,1,3,12,35.617143303008646,1,2025-08-21 20:01:03.840696
7838,user_541,940,4.103708172293256,1,3,9,78.08226088621336,9,2025-04-06 20:01:03.842204
7839,user_515,1038,3.119955459287303,1,4,13,52.32653419170278,7,2025-07-26 20:01:03.842708
7840,user_412,1697,2.9351724448249947,1,2,13,22.557903337274333,8,2025-09-10 20:01:03.843222
7841,user_190,2481,3.154207948131256,1,3,11,31.69723725325191,6,2025-01-10 20:01:03.844228
7842,user_567,2909,5.0,0,4,11,19.419089519869992,5,2025-08-17 20:01:03.844228
7843,user_94,2063,3.316509272623074,1,3,13,9.51054590160667,4,2025-07-06 20:01:03.845229
7844,user_93,996,2.821482242108875,1,4,14,72.53651111894501,9,2025-11-04 20:01:03.846238
7845,user_895,1443,3.134802873995385,1,4,8,5.642696437918127,9,2025-02-24 20:01:03.846238
7846,user_476,1486,2.9816677623731036,1,4,8,78.82303018238733,5,2025-12-06 20:01:03.846238
7847,user_813,1260,2.845815664654052,1,2,12,72.11194518204911,6,2025-11-11 20:01:03.847924
7848,user_472,513,3.0428565913610397,1,2,11,97.0385539690757,3,2025-02-14 20:01:03.847924
7849,user_956,2794,3.1583793572468855,1,3,12,36.27066146053895,5,2025-02-02 20:01:03.848931
7850,user_268,2202,4.413657575597413,1,3,10,76.68707641187623,7,2025-07-26 20:01:03.848931
7851,user_108,27,4.042871939373288,1,4,10,81.84776651633155,7,2025-05-23 20:01:03.849931
7852,user_70,2230,2.9351847361421397,1,2,12,32.425139056379,6,2025-01-25 20:01:03.850931
7853,user_24,1121,2.3508446514108092,1,2,8,17.532870678561842,4,2025-01-17 20:01:03.850931
7854,user_379,254,4.500465443893435,1,3,8,90.00288426606325,5,2025-05-20 20:01:03.851931
7855,user_468,2129,5.0,1,4,14,81.07437417659357,6,2025-07-12 20:01:03.851931
7856,user_553,486,4.44407814031396,1,2,10,42.83349585805946,5,2024-12-20 20:01:03.853442
7857,user_32,837,3.5823438290970624,1,2,14,67.03151429022589,9,2025-05-13 20:01:03.853442
7858,user_197,1021,3.110424142402372,1,3,8,9.704572684912073,7,2025-10-10 20:01:03.854448
7859,user_431,566,4.84802200806906,1,4,11,45.886711349993526,7,2025-11-27 20:01:03.855455
7860,user_818,151,4.034567231458367,1,4,14,57.44199705256957,7,2025-09-15 20:01:03.855455
7861,user_56,2214,3.1186386800716956,1,3,13,98.55399874450188,4,2025-12-05 20:01:03.856455
7862,user_721,2505,3.4181189094869526,1,2,8,43.14468245148236,2,2025-08-07 20:01:03.857465
7863,user_202,2629,2.698698518518408,1,2,8,69.5053460387782,1,2025-06-15 20:01:03.857465
7864,user_630,641,2.994024424446103,1,4,14,50.41528652335209,6,2025-08-08 20:01:03.858471
7865,user_667,1969,3.313567455677735,1,3,13,86.12815500005576,1,2025-06-11 20:01:03.858976
7866,user_87,2751,3.932089254936289,1,3,8,22.980608902141242,5,2025-05-01 20:01:03.859983
7867,user_855,1316,4.056358718955749,1,4,12,40.4132402717703,5,2025-07-29 20:01:03.859983
7868,user_765,2868,3.661095297053564,1,4,12,2.4589871534717256,8,2025-10-23 20:01:03.860983
7869,user_815,2248,4.6284349970504195,1,4,10,87.99748810136931,7,2025-09-02 20:01:03.860983
7870,user_857,2828,3.0021463913241035,1,2,14,29.20253156556346,5,2025-03-24 20:01:03.861983
7871,user_94,2741,4.711852381361779,1,3,10,26.73375018124461,2,2025-10-30 20:01:03.862983
7872,user_3,336,3.1760728173501103,1,3,11,58.25400621923136,1,2025-03-13 20:01:03.862983
7873,user_407,2724,2.9614260924857985,1,4,14,61.40623117158807,9,2025-02-08 20:01:03.863983
7874,user_343,2626,3.665729271384044,1,2,9,94.14667881374595,1,2025-12-10 20:01:03.863983
7875,user_522,1632,3.3313090928907805,1,2,8,49.89611083190157,5,2024-12-29 20:01:03.865486
7876,user_222,2822,3.44167268211286,1,2,14,28.330087734347153,2,2025-10-03 20:01:03.865486
7877,user_718,667,3.1982714083334534,1,2,14,9.962239482293478,8,2025-01-08 20:01:03.866493
7878,user_384,2,4.358981048926213,1,2,10,72.0314858368263,5,2025-05-09 20:01:03.866493
7879,user_699,352,4.352267157582912,1,4,12,58.619923772505075,3,2025-07-11 20:01:03.867493
7880,user_180,2038,2.2979724964803077,1,4,12,95.33163497072724,6,2025-09-10 20:01:03.867493
7881,user_900,1249,3.212145703321364,1,3,10,48.136699450671195,2,2025-01-31 20:01:03.868998
7882,user_888,2138,3.2893726094981828,0,2,13,3.2782047440628737,6,2025-05-05 20:01:03.870037
7883,user_133,2341,2.852712592886592,1,2,9,97.76453555637778,8,2025-07-03 20:01:03.871003
7884,user_426,23,3.1168921374136773,1,2,11,3.01417647083686,1,2025-12-05 20:01:03.872006
7885,user_954,547,3.6250612179536623,1,4,13,82.98089893783963,5,2025-10-20 20:01:03.873511
7886,user_236,196,4.232732969372033,1,3,12,91.72079043129341,3,2025-05-18 20:01:03.874516
7887,user_714,638,4.244568876491257,1,4,8,96.76750036035216,7,2025-11-10 20:01:03.874516
7888,user_14,1882,3.877651965002335,1,2,11,19.294909802149395,8,2025-04-02 20:01:03.875518
7889,user_318,974,3.7157814247530143,1,3,13,60.98293168948361,9,2025-07-27 20:01:03.875518
7890,user_925,2056,3.638944700983377,1,2,14,17.449673313521753,9,2025-07-20 20:01:03.877023
7891,user_24,2194,4.24584460699903,1,4,12,2.3247634513145377,8,2025-11-20 20:01:03.877023
7892,user_749,952,4.376885247629899,1,3,9,89.0078414194781,7,2025-01-10 20:01:03.878030
7893,user_253,2718,4.234563476651763,1,3,10,7.964093915807657,8,2025-10-05 20:01:03.878030
7894,user_500,1195,4.0100767727903515,1,2,8,76.64441180678212,3,2025-11-13 20:01:03.878030
7895,user_554,87,2.7935620034899977,1,4,8,78.87693470793062,7,2025-03-20 20:01:03.879535
7896,user_423,246,3.0827161089341066,1,4,11,31.578221651083606,3,2025-09-21 20:01:03.880542
7897,user_226,2227,3.379850846756164,1,3,9,31.025861531839173,7,2025-01-22 20:01:03.880542
7898,user_312,663,3.2803221808664595,1,3,13,69.92435200412739,5,2025-08-30 20:01:03.881542
7899,user_81,2583,3.359413032250465,1,4,14,67.92843728354515,3,2025-05-10 20:01:03.882047
7900,user_499,862,3.8689149915112315,1,3,10,47.18917476494854,2,2025-01-25 20:01:03.882047
7901,user_907,1571,3.5934072970764266,1,2,10,48.48133054267868,6,2025-01-11 20:01:03.882047
7902,user_201,663,2.9708177395362703,1,3,13,13.955592089747437,6,2025-05-13 20:01:03.883805
7903,user_784,609,2.9426746599753866,1,4,8,77.48562968923105,3,2025-05-31 20:01:03.884812
7904,user_269,1513,3.8402155405601217,1,3,9,83.65746407372731,3,2025-10-26 20:01:03.884812
7905,user_571,2840,2.9436846569809507,1,2,14,85.51262727340942,9,2025-02-16 20:01:03.885812
7906,user_796,1126,2.7575834064919285,1,4,14,82.24371169054598,8,2025-07-17 20:01:03.886812
7907,user_819,2572,3.0820625336312797,0,4,13,8.498205604723397,5,2025-09-01 20:01:03.886812
7908,user_29,2514,4.165390965304582,1,4,14,41.441131994151725,1,2025-08-31 20:01:03.887812
7909,user_892,1576,2.8940743959489965,1,3,11,57.951124517399556,2,2025-10-16 20:01:03.888813
7910,user_632,1833,5.0,1,2,10,32.83693193971211,4,2025-09-24 20:01:03.888813
7911,user_729,1771,3.5121458413593243,1,2,9,94.02194946668622,4,2024-12-25 20:01:03.889813
7912,user_840,177,2.7186865195087067,0,3,13,52.63962255349214,9,2025-09-16 20:01:03.889813
7913,user_544,413,3.5533347069168144,1,2,9,17.497850895419308,8,2025-02-19 20:01:03.890813
7914,user_340,2678,4.608000948363486,1,4,14,39.796617770793986,8,2025-04-20 20:01:03.891812
7915,user_813,1556,3.5107780734205845,1,4,10,11.335271926563816,8,2025-11-16 20:01:03.892318
7916,user_364,199,3.4734928658162847,0,4,14,56.68245381649123,2,2025-03-01 20:01:03.892318
7917,user_407,404,3.385436179563156,1,4,11,39.69759755202963,2,2025-11-26 20:01:03.893324
7918,user_732,2742,2.9701290320066867,1,2,12,36.152407678293926,7,2025-03-02 20:01:03.894331
7919,user_145,2433,3.6844080427216825,1,3,10,88.9773247831306,9,2025-12-09 20:01:03.894331
7920,user_341,1061,3.124077812592319,1,2,13,52.02980197558779,2,2025-07-24 20:01:03.895330
7921,user_813,1831,3.4887874890881365,1,3,11,36.69254342243398,3,2025-04-15 20:01:03.895835
7922,user_623,1324,3.5243471591723496,1,3,13,86.42508729312878,7,2025-05-12 20:01:03.896842
7923,user_791,1212,4.395804121057134,1,2,9,78.73738699777667,5,2024-12-25 20:01:03.896842
7924,user_205,46,2.7540107230563247,1,2,14,36.739704320266064,1,2025-05-09 20:01:03.897842
7925,user_173,2488,2.794291692470078,1,4,9,13.333353927174596,2,2025-08-02 20:01:03.898347
7926,user_83,2583,2.5549842562354286,1,3,8,52.71147441535922,3,2025-08-02 20:01:03.898347
7927,user_939,218,4.464588688437443,1,4,11,54.86843909470372,8,2024-12-21 20:01:03.899353
7928,user_770,2328,2.2509183318346615,1,3,10,43.61450798631446,7,2025-01-02 20:01:03.900354
7929,user_422,2335,3.487392660039217,0,4,13,6.901364727648307,9,2025-12-06 20:01:03.901354
7930,user_480,864,2.666951043016763,1,4,13,17.665840367196083,4,2025-03-12 20:01:03.901354
7931,user_121,1561,3.9758620942859344,1,4,8,82.93412737213951,6,2025-09-19 20:01:03.902354
7932,user_900,1961,3.5002814391616073,1,4,8,57.40720353745616,4,2025-06-28 20:01:03.903354
7933,user_92,2265,4.0880946593211025,1,3,13,7.673565975131824,5,2025-06-11 20:01:03.903354
7934,user_928,2184,2.9587840519337085,1,2,8,87.3171116055797,5,2025-08-24 20:01:03.904859
7935,user_506,1853,3.331396956170163,1,3,14,45.20454399274628,1,2025-10-04 20:01:03.904859
7936,user_695,2542,4.253346916609113,1,3,13,32.79007108021836,3,2025-05-11 20:01:03.905864
7937,user_160,2048,3.57125584262571,1,4,10,96.52481791410358,1,2025-11-29 20:01:03.905864
7938,user_277,2103,3.114747704045592,1,3,8,4.585096489336649,2,2025-01-18 20:01:03.907376
7939,user_59,1566,2.8342704523184743,1,4,9,43.38590464100369,7,2025-09-01 20:01:03.907982
7940,user_857,1254,3.576718530480998,1,4,14,44.37913032121129,2,2025-07-26 20:01:03.908541
7941,user_342,2161,3.324853423340406,1,2,10,82.37982880644161,6,2025-08-20 20:01:03.909558
7942,user_880,1520,4.745179990764492,1,2,11,28.88891799770438,9,2025-07-25 20:01:03.909558
7943,user_455,2726,2.7467327535808197,0,2,11,94.20454803734815,7,2025-09-01 20:01:03.910558
7944,user_470,1871,3.9665701474900605,1,2,14,79.28549801434046,6,2025-11-10 20:01:03.911557
7945,user_899,644,3.100935197663647,1,4,9,83.01495995023126,7,2025-05-01 20:01:03.911557
7946,user_143,2353,3.6485072630189714,1,2,13,54.71834038669902,1,2025-04-15 20:01:03.912557
7947,user_289,1279,3.3720309589629496,1,4,13,13.469047098283404,9,2025-11-11 20:01:03.912557
7948,user_151,1290,3.186334677210494,1,4,10,79.08320675378833,6,2025-03-09 20:01:03.913558
7949,user_493,1002,4.431514919117134,1,2,11,36.90965681992565,9,2025-10-20 20:01:03.913558
7950,user_327,2388,3.6334618552459865,1,3,9,81.86567582160166,2,2025-06-17 20:01:03.915063
7951,user_967,558,5.0,1,3,8,70.3564977010467,5,2025-11-04 20:01:03.915063
7952,user_819,1817,3.7823124845327647,1,2,12,11.593967012145711,6,2025-01-13 20:01:03.916069
7953,user_932,13,2.2031713091204845,1,2,14,47.521565869219565,7,2025-02-25 20:01:03.917106
7954,user_126,1794,3.095228015808076,1,4,8,76.89124770011814,5,2025-09-11 20:01:03.917106
7955,user_139,1024,2.785614651201553,1,2,8,42.426644384031405,3,2025-10-01 20:01:03.918085
7956,user_798,596,4.538608014977028,0,3,11,62.67666529279495,1,2025-07-22 20:01:03.919141
7957,user_950,391,4.030824279795663,1,4,11,58.30174303221052,7,2025-07-30 20:01:03.919141
7958,user_952,2250,4.465399705395153,1,4,12,27.87321797556754,6,2025-11-05 20:01:03.920169
7959,user_692,2305,1.7224974673571127,0,2,11,89.4492821398953,3,2025-09-12 20:01:03.921172
7960,user_934,1194,3.628206682729478,1,4,11,38.224710949865816,8,2025-09-05 20:01:03.921172
7961,user_51,2522,2.7495076983810014,0,2,9,93.52846951926699,9,2025-04-10 20:01:03.922157
7962,user_17,2277,2.95402257876439,1,4,11,67.30133045103213,2,2025-07-14 20:01:03.922157
7963,user_954,1370,3.295616400080844,0,3,12,20.62304409378949,3,2025-12-02 20:01:03.923662
7964,user_678,899,3.2843477993933465,1,4,12,79.06256601837596,6,2025-11-06 20:01:03.923662
7965,user_682,1629,2.4023032203135477,1,4,12,17.31051394107006,6,2025-07-19 20:01:03.924653
7966,user_373,263,3.955248084804012,1,3,9,86.64035167932606,9,2025-07-05 20:01:03.925683
7967,user_122,1045,3.2004020804073314,1,2,9,77.50506202321903,5,2025-11-30 20:01:03.925683
7968,user_744,232,3.6243504803237574,1,4,8,95.12161871092364,5,2025-09-21 20:01:03.926660
7969,user_861,1234,4.180312515173774,1,2,13,50.054300482888436,6,2025-11-10 20:01:03.926660
7970,user_310,344,3.058024263370361,1,2,12,15.813388099103665,5,2025-10-10 20:01:03.928165
7971,user_587,2329,2.82496284482006,0,4,13,14.832410175110988,3,2025-10-20 20:01:03.928165
7972,user_808,515,4.447911573874637,1,4,10,94.75787988660957,1,2025-07-12 20:01:03.929172
7973,user_381,2038,3.0084488460370338,1,2,14,84.41038084596678,1,2025-05-13 20:01:03.929172
7974,user_502,1330,3.609937918595262,1,4,14,93.58567056275669,8,2025-01-25 20:01:03.930172
7975,user_275,744,3.631687875258096,1,3,13,28.554456047084,1,2025-11-04 20:01:03.930172
7976,user_576,549,3.459442870923256,1,4,12,40.31895236056656,3,2025-10-30 20:01:03.931172
7977,user_851,1127,3.460110772298587,1,3,13,37.630953764589705,9,2025-11-13 20:01:03.932441
7978,user_168,1550,3.527350853945081,1,4,8,17.630376353968693,5,2025-02-17 20:01:03.932441
7979,user_923,2888,4.411414544305596,1,4,8,6.865357443083131,2,2025-07-19 20:01:03.933470
7980,user_244,1017,3.812880801060815,1,2,11,66.38003701376043,7,2025-04-07 20:01:03.934003
7981,user_414,884,4.0114850287615695,1,2,12,32.17678014099725,2,2025-05-29 20:01:03.935013
7982,user_705,2606,3.1684832495773176,1,4,13,75.69412673755353,8,2025-06-12 20:01:03.935013
7983,user_884,2282,2.545140077771949,1,4,12,3.462355793539118,8,2025-06-15 20:01:03.936016
7984,user_604,2259,2.9271969919433083,0,2,10,33.346310818811176,1,2025-11-20 20:01:03.937011
7985,user_410,1457,4.001292425018332,1,2,11,5.487466966504384,3,2025-09-20 20:01:03.937011
7986,user_535,2116,2.3884776492614614,1,3,13,58.55912975175551,4,2024-12-28 20:01:03.937999
7987,user_377,64,3.563541454439856,1,4,12,93.48412906324234,4,2025-03-08 20:01:03.938999
7988,user_365,1811,2.8440358384753894,1,3,11,72.21517677614021,7,2025-09-19 20:01:03.938999
7989,user_237,2391,2.718227790103404,1,2,12,26.178141496589248,3,2025-06-03 20:01:03.939996
7990,user_796,181,2.69442198924365,1,4,10,94.30101290788994,5,2025-04-06 20:01:03.939996
7991,user_825,1644,2.399822380237257,1,2,11,82.11359956205946,8,2025-11-21 20:01:03.941527
7992,user_812,728,2.6387521857043783,0,3,10,24.4491195506772,7,2025-02-20 20:01:03.942059
7993,user_946,54,3.3902375916829133,1,4,12,34.425737275079015,9,2025-05-07 20:01:03.942059
7994,user_271,1274,3.385913608199348,1,2,14,5.419838582207859,7,2025-02-26 20:01:03.943087
7995,user_178,1103,2.5470142325825598,1,3,9,77.45431787605763,3,2025-03-24 20:01:03.943621
7996,user_389,2702,4.41851644684622,1,4,13,2.945305261761133,2,2025-04-16 20:01:03.943621
7997,user_595,1940,2.5224414786353573,1,3,13,87.76080908081556,7,2025-07-08 20:01:03.945141
7998,user_904,1230,4.140813519998186,1,4,9,61.646788874107905,8,2025-07-29 20:01:03.945141
7999,user_291,1433,3.6283371600169216,1,2,14,26.452127390643454,1,2025-05-07 20:01:03.946151
8000,user_233,217,3.8286045009409917,1,3,11,92.61311715185563,1,2025-11-09 20:01:03.946680
8001,user_401,1448,3.0376629089734557,1,2,8,97.42065175903606,9,2025-01-25 20:01:03.947690
8002,user_918,2721,3.6578953141586683,1,3,11,12.098016112106059,2,2024-12-24 20:01:03.947690
8003,user_305,1769,4.048647769203038,1,2,12,86.15671613099481,2,2025-07-16 20:01:03.948697
8004,user_70,2368,2.909534923107866,1,2,9,46.709866962636795,5,2025-03-06 20:01:03.949696
8005,user_195,2860,2.5557959664747973,1,2,12,39.59937451160908,7,2025-06-08 20:01:03.949696
8006,user_546,655,4.147100289190974,1,4,10,48.775734447555074,7,2025-09-17 20:01:03.950697
8007,user_604,1204,4.02877385991974,1,3,9,1.3258845141901787,3,2025-06-26 20:01:03.950697
8008,user_121,1332,4.087486140734135,1,3,9,38.61362547786342,7,2025-02-26 20:01:03.951696
8009,user_959,1613,4.66222474284467,1,4,8,69.1743259300792,8,2025-03-17 20:01:03.951696
8010,user_675,34,3.0953223219085197,1,2,10,49.73616036752369,1,2025-10-19 20:01:03.952697
8011,user_743,151,4.765373193216655,1,4,11,94.44045939567188,7,2025-07-10 20:01:03.953697
8012,user_619,316,3.245552581568859,0,4,9,14.971158407330687,3,2025-06-14 20:01:03.953697
8013,user_170,2407,3.679452267231032,1,2,10,54.88921924056246,5,2025-12-01 20:01:03.955203
8014,user_392,828,3.2345974310681918,1,3,14,84.29418592030787,7,2025-08-07 20:01:03.955203
8015,user_550,2472,4.1071868238249545,1,4,12,14.76064031621791,1,2025-10-28 20:01:03.956210
8016,user_403,2212,1.7720871341180284,1,3,10,17.05559440837494,2,2025-06-08 20:01:03.956210
8017,user_950,2498,3.800587673702272,1,3,9,27.72747983304714,9,2025-07-26 20:01:03.957711
8018,user_535,921,3.0755005240259052,1,2,9,82.76293178320805,8,2025-06-21 20:01:03.958172
8019,user_736,579,3.122621657841375,1,3,12,37.55259887929678,7,2025-05-10 20:01:03.958741
8020,user_712,509,3.24783555491786,1,2,12,74.91872382752231,9,2025-07-27 20:01:03.958741
8021,user_470,761,3.7236188563983155,0,3,13,30.244648997837665,1,2025-10-25 20:01:03.959730
8022,user_352,1739,4.873301686218686,1,4,14,1.6882841175219765,5,2025-09-03 20:01:03.960717
8023,user_461,2066,3.3750582030016014,0,3,9,49.69801011893744,3,2025-04-24 20:01:03.960717
8024,user_129,736,3.5262691471088936,1,3,11,47.633909368337676,5,2025-05-18 20:01:03.961717
8025,user_198,1584,3.13906282801981,1,4,10,58.41208632624666,3,2025-05-15 20:01:03.961717
8026,user_106,854,3.536205084498784,1,4,8,65.35116685184636,3,2025-03-07 20:01:03.962717
8027,user_373,864,2.758714174978333,1,4,13,89.20801896075861,3,2025-03-01 20:01:03.963756
8028,user_566,165,3.2958303580544537,1,4,11,47.04141333044846,5,2025-10-31 20:01:03.964732
8029,user_254,64,4.209544000688795,0,3,13,75.0621084182345,4,2025-03-07 20:01:03.965261
8030,user_954,20,3.3898583352336242,1,4,10,42.9591415939798,8,2025-10-21 20:01:03.966290
8031,user_384,2131,2.7089940788327045,1,2,13,13.132435844502478,2,2025-10-10 20:01:03.966290
8032,user_850,2600,3.371491379533929,1,2,10,81.30286787894133,3,2024-12-23 20:01:03.967289
8033,user_676,1598,4.511562177128937,1,2,14,51.31972087298637,1,2025-04-01 20:01:03.967289
8034,user_931,1117,4.055058508092652,1,2,12,48.18001996042946,4,2025-02-05 20:01:03.968809
8035,user_235,2812,4.64174138002706,1,3,13,25.26757900997859,9,2024-12-27 20:01:03.969357
8036,user_647,2132,3.2634836655145025,1,3,9,48.6078651589115,7,2025-08-11 20:01:03.969357
8037,user_731,1824,4.016146809338993,1,4,14,94.52546146807087,4,2025-07-27 20:01:03.970383
8038,user_355,75,3.2692686104393487,1,2,13,2.4663577310248153,1,2025-06-23 20:01:03.971388
8039,user_243,155,3.1734772243859,1,4,10,95.53336004357854,6,2025-09-10 20:01:03.971388
8040,user_645,2239,3.8061217789529014,1,3,9,96.05278153411122,7,2025-08-05 20:01:03.972371
8041,user_81,208,2.4310400883183068,1,2,10,83.02352861025298,5,2025-01-24 20:01:03.973370
8042,user_458,1634,3.84294121122032,1,2,10,42.16014700351557,8,2025-11-28 20:01:03.973873
8043,user_899,429,3.4578832854748836,1,4,13,41.023825894227514,8,2025-03-18 20:01:03.973873
8044,user_454,1459,3.057140967573539,1,3,8,52.730208607805885,8,2025-05-11 20:01:03.974879
8045,user_816,756,3.948317000333389,1,3,14,78.06808833566022,3,2025-07-29 20:01:03.975900
8046,user_718,760,4.118785090253882,1,2,11,68.50056555555895,2,2025-10-29 20:01:03.975900
8047,user_478,165,3.3845019763326127,1,2,12,1.99544757896305,4,2025-02-11 20:01:03.975900
8048,user_208,2099,4.390000416032012,1,3,11,72.73189783775031,6,2025-10-31 20:01:03.977422
8049,user_348,2901,2.306156575210881,1,3,8,60.48856082288204,5,2025-11-29 20:01:03.978453
8050,user_740,161,3.3001484900770177,1,3,13,8.484928529795743,4,2024-12-16 20:01:03.979452
8051,user_939,1071,3.9689997631245566,1,2,11,55.268626768743836,8,2025-05-27 20:01:03.980972
8052,user_694,153,2.628750925167581,1,2,9,35.29260234515158,4,2025-01-16 20:01:03.980972
8053,user_561,708,3.8715107883329636,1,4,13,94.2374764278247,2,2025-07-06 20:01:03.983228
8054,user_317,2582,3.1915507531697482,1,4,8,65.29211690663888,5,2025-05-08 20:01:03.984254
8055,user_105,566,2.918073069918379,1,4,8,77.60602490431197,7,2025-08-22 20:01:03.985255
8056,user_448,497,4.23452745607708,1,4,8,8.787220194825041,3,2025-11-16 20:01:03.987253
8057,user_702,2241,2.669066127493437,1,3,12,72.30009541321391,5,2025-09-28 20:01:03.987253
8058,user_936,2869,4.708202221577043,1,2,11,44.127909068547055,2,2025-05-21 20:01:03.988764
8059,user_209,1403,3.051273349370652,1,4,12,71.1461923909952,7,2025-01-31 20:01:03.989771
8060,user_664,1870,3.6886082711847563,1,2,9,23.270740554968327,2,2025-02-05 20:01:03.989771
8061,user_72,1901,4.098577653018264,1,3,11,70.40309501185348,6,2025-10-05 20:01:03.990769
8062,user_223,165,2.5560520880896918,1,4,11,25.358065095410865,4,2025-08-14 20:01:03.991771
8063,user_320,1946,2.754100693577466,1,3,9,37.12996816774399,3,2025-05-24 20:01:03.991771
8064,user_89,993,2.8151728392726505,1,3,12,71.85170722379134,6,2025-04-04 20:01:03.992931
8065,user_167,654,1.7526083582021137,1,2,9,27.238157173019506,6,2025-07-29 20:01:03.994689
8066,user_75,2342,3.5181779403701094,0,2,10,2.6118251174249707,2,2025-01-19 20:01:03.995763
8067,user_894,1274,4.1358535263615375,1,3,11,55.000816244895425,4,2025-08-22 20:01:03.996782
8068,user_528,1090,4.479694186153447,1,2,11,33.57300072102234,9,2025-07-11 20:01:03.997770
8069,user_855,1902,3.425758898151108,0,4,11,87.59380483359963,6,2025-03-29 20:01:03.998276
8070,user_776,71,3.0510607246633192,1,4,14,45.2530655566491,4,2025-03-12 20:01:03.998276
8071,user_865,1981,3.5385990008465757,1,4,10,60.863241338891605,2,2025-10-04 20:01:03.999283
8072,user_676,152,2.817710840581868,0,4,10,71.86516117238493,3,2025-10-02 20:01:04.000282
8073,user_240,227,3.4309188368008874,1,2,11,23.75606310279147,2,2025-03-24 20:01:04.000282
8074,user_222,1549,3.8319651070615404,1,3,11,57.70248567296401,2,2025-06-13 20:01:04.001282
8075,user_491,1152,2.8777026186686343,0,3,8,67.52992616735158,9,2025-09-29 20:01:04.002282
8076,user_643,1687,3.193791287749451,0,3,11,97.49594226491787,1,2025-01-28 20:01:04.002282
8077,user_587,1465,3.584488724690481,1,2,9,52.44108324746784,1,2025-11-05 20:01:04.003282
8078,user_631,411,4.124844373934569,1,3,11,53.7678492520005,4,2025-05-28 20:01:04.004786
8079,user_481,2298,3.5842297415736457,1,2,12,32.80447885783947,8,2025-07-14 20:01:04.005364
8080,user_233,2120,3.589743887693806,1,2,8,34.8208830387485,3,2025-04-26 20:01:04.005364
8081,user_99,2653,1.9824121324866435,1,2,13,54.26453826127653,5,2025-05-19 20:01:04.006879
8082,user_875,1622,3.51664939423914,1,4,11,11.075895768237377,4,2025-02-07 20:01:04.007251
8083,user_621,146,2.962030833467977,1,2,12,77.66556075902884,4,2025-07-08 20:01:04.008224
8084,user_843,1076,3.2692741527427778,1,3,9,29.96591352220944,8,2025-01-14 20:01:04.008730
8085,user_960,2231,3.8630886001269293,1,4,11,90.05867636985441,5,2025-09-19 20:01:04.008730
8086,user_848,2090,2.8560046885311294,1,2,12,77.824461855757,1,2025-09-07 20:01:04.010777
8087,user_309,124,3.079245441992279,1,3,13,98.12770411485234,5,2025-08-15 20:01:04.011752
8088,user_21,2808,2.0437818586966454,1,4,11,73.80807811410229,9,2025-11-14 20:01:04.011752
8089,user_798,1097,4.575208792371725,1,2,9,97.06888162170495,6,2025-06-19 20:01:04.012749
8090,user_14,1645,3.7003531875187536,1,3,10,32.77573855743179,5,2025-01-31 20:01:04.013749
8091,user_149,835,3.1829344550517074,1,2,9,73.08077934751208,9,2025-05-21 20:01:04.013749
8092,user_422,1080,2.72965977555443,1,3,14,80.84305533062727,1,2025-06-13 20:01:04.014750
8093,user_862,2695,2.995804013915093,1,3,13,66.96967955975873,8,2025-06-16 20:01:04.015276
8094,user_558,222,3.983294617723734,1,2,9,36.88960717661843,6,2025-07-23 20:01:04.015814
8095,user_744,486,3.7498755870958673,1,3,11,41.72538656358788,6,2025-03-30 20:01:04.016841
8096,user_11,23,3.864746025368629,1,2,8,56.86621405910818,4,2025-10-08 20:01:04.016841
8097,user_75,1952,2.4200940555413526,1,3,11,31.417726136859812,6,2025-08-20 20:01:04.017840
8098,user_307,404,2.9955801622266374,1,2,10,6.803176103158693,7,2025-02-26 20:01:04.018840
8099,user_578,2047,2.9875164137889683,1,4,9,33.66690730617692,4,2025-07-14 20:01:04.019361
8100,user_135,1805,3.507621378133071,1,2,13,43.132775813901056,9,2025-11-25 20:01:04.019361
8101,user_643,250,2.810361944640392,1,2,14,79.127791333323,3,2025-11-01 20:01:04.020386
8102,user_571,1622,2.657877595858202,1,2,9,17.407058230929174,3,2025-08-01 20:01:04.021375
8103,user_956,1323,4.412631729128586,1,2,13,39.54134903923069,7,2025-02-14 20:01:04.022374
8104,user_113,2870,3.38169416133997,1,4,11,89.47297606685281,4,2025-04-23 20:01:04.022374
8105,user_253,1388,3.805982778299623,1,2,10,76.47274535011184,9,2025-01-02 20:01:04.023374
8106,user_57,219,3.4520979070381244,1,3,13,53.381072860578215,7,2025-08-24 20:01:04.023880
8107,user_933,704,3.6886763241611296,1,2,9,21.435529824735966,1,2025-03-29 20:01:04.024886
8108,user_881,2451,3.1083442264511714,1,4,11,54.91643727984491,4,2025-09-15 20:01:04.025886
8109,user_895,7,2.45510394180305,1,4,8,88.93947473737018,6,2025-04-24 20:01:04.025886
8110,user_744,1502,3.8776146840596897,1,2,8,94.92594373388285,9,2025-07-06 20:01:04.025886
8111,user_823,2506,4.220897050582725,1,2,11,25.713830538068315,1,2025-09-16 20:01:04.027755
8112,user_935,101,3.960717027860105,0,4,11,22.717672726897,4,2025-07-31 20:01:04.028398
8113,user_254,1546,4.268226035255061,0,2,11,26.255113133799245,2,2025-04-09 20:01:04.028398
8114,user_353,2088,2.822327067335406,1,4,9,81.29800225246338,2,2025-05-28 20:01:04.029397
8115,user_43,1788,2.8634891842727432,1,4,11,33.66850259351597,5,2025-08-16 20:01:04.029397
8116,user_807,1285,4.182829163434045,1,2,10,71.6124820807713,6,2025-04-05 20:01:04.030398
8117,user_666,68,3.0384623315411665,1,2,14,61.86145811131679,9,2025-07-29 20:01:04.030398
8118,user_589,2790,4.0651034156423425,1,4,9,70.33132537821156,1,2025-05-24 20:01:04.031397
8119,user_92,71,3.6587400419255762,1,4,9,79.62697545628991,7,2025-08-25 20:01:04.031902
8120,user_282,2252,3.3528726900848795,1,2,9,19.35555482847543,2,2025-05-07 20:01:04.032755
8121,user_744,1632,4.836525320782501,1,4,9,35.79044771602656,4,2025-02-22 20:01:04.033413
8122,user_575,1552,4.16693799051401,1,3,14,87.0413603732223,6,2025-05-11 20:01:04.033918
8123,user_838,440,2.338405027557309,1,2,11,36.06608567640552,2,2025-04-23 20:01:04.033918
8124,user_693,525,2.6344551739867503,1,3,14,17.649714684771123,4,2025-12-03 20:01:04.033918
8125,user_350,2823,3.7610432334867157,0,2,8,81.19957633130292,8,2025-10-21 20:01:04.035423
8126,user_459,1614,3.0012218546820706,1,3,8,74.61908286222865,6,2025-11-02 20:01:04.035423
8127,user_63,1475,2.8505695304823853,0,3,12,7.7031549151368335,3,2025-09-25 20:01:04.036429
8128,user_838,2172,3.304538645570566,1,3,10,77.4441408323578,1,2025-09-18 20:01:04.037428
8129,user_56,2791,3.596949571970312,0,2,11,36.579323509690894,2,2025-11-15 20:01:04.037428
8130,user_529,2564,2.9515710908737396,1,2,10,39.7913150900847,6,2025-09-28 20:01:04.038430
8131,user_806,2287,3.0646652396846688,1,4,11,42.995711745638886,3,2025-09-17 20:01:04.038430
8132,user_936,1135,3.753051769127545,1,4,13,5.4570550053193,9,2025-06-19 20:01:04.039430
8133,user_709,1577,4.166666490096999,1,4,12,30.94164514744948,9,2025-01-27 20:01:04.040430
8134,user_374,2478,3.773284821537567,1,4,9,76.76244681458473,7,2025-11-04 20:01:04.040430
8135,user_616,250,3.764369260339205,0,4,13,70.33354627254353,6,2025-05-15 20:01:04.041935
8136,user_517,1981,4.24914049920674,1,2,13,41.19665087417833,3,2025-06-03 20:01:04.041935
8137,user_558,187,3.8422173745977743,1,2,9,56.71340483605252,2,2025-09-09 20:01:04.042942
8138,user_693,2555,2.0678591005219493,1,2,11,99.84506514075007,5,2025-07-14 20:01:04.043448
8139,user_114,858,3.4861186543579152,0,4,12,1.6215279574076868,1,2025-06-04 20:01:04.044453
8140,user_727,2719,3.5769348640442233,1,3,12,0.3809802493646264,5,2025-05-04 20:01:04.044453
8141,user_14,470,5.0,1,2,14,63.130074641727454,6,2025-07-08 20:01:04.045467
8142,user_503,1229,2.9698452510627966,1,2,13,7.298365279398588,8,2025-09-20 20:01:04.046169
8143,user_896,876,3.0620747482662085,1,3,8,23.727453235452,6,2025-08-03 20:01:04.046169
8144,user_770,1334,3.279747298093726,1,2,10,2.6180781903861083,5,2025-06-24 20:01:04.047787
8145,user_190,1574,4.397133201722398,1,2,11,78.57254608559799,5,2024-12-22 20:01:04.047787
8146,user_470,220,3.156718828115161,0,3,14,73.20772697280069,7,2025-05-04 20:01:04.048794
8147,user_699,2451,4.0319139022896975,1,3,13,88.34145455666163,1,2025-09-12 20:01:04.048794
8148,user_268,1186,2.7108703236221716,1,3,8,18.880979454476787,7,2025-01-31 20:01:04.049794
8149,user_706,1528,4.188074352461422,1,3,14,21.92344884148667,7,2025-07-20 20:01:04.049794
8150,user_898,1926,4.261532662715637,1,2,13,22.94646485170381,2,2025-07-02 20:01:04.050794
8151,user_278,2398,3.448070031728747,1,2,11,48.87763231036474,1,2025-04-13 20:01:04.051792
8152,user_696,707,3.4836602221434663,1,3,11,94.54039918518815,9,2025-07-18 20:01:04.051792
8153,user_189,967,4.280116953567554,1,2,13,52.5239091583651,4,2025-06-02 20:01:04.052794
8154,user_587,226,2.7202512891357644,1,3,10,69.17411867700793,9,2025-08-18 20:01:04.052794
8155,user_339,2366,4.184844057245429,1,4,13,8.224575684576408,9,2025-10-15 20:01:04.052794
8156,user_633,724,4.042654432320969,1,4,9,44.43316779831805,8,2025-07-05 20:01:04.054299
8157,user_773,112,2.9027317021938943,0,2,14,71.42798956279636,9,2025-08-04 20:01:04.055307
8158,user_713,1716,4.146825290531775,1,2,10,40.53026923452566,2,2025-01-12 20:01:04.055307
8159,user_867,2067,3.999631908892532,1,4,9,86.42173321217143,6,2025-10-05 20:01:04.056813
8160,user_225,2386,2.5170470723648353,1,4,14,58.5273571327913,4,2025-11-10 20:01:04.057318
8161,user_652,1845,2.781366039962691,1,2,9,11.643969825222133,5,2025-09-21 20:01:04.057318
8162,user_545,1108,2.702301116379117,0,4,9,86.40336618191267,6,2025-09-01 20:01:04.058830
8163,user_193,1750,3.397183684592513,1,3,12,37.87664923038941,9,2025-11-09 20:01:04.058830
8164,user_752,2700,4.471395245523925,1,4,8,76.12862875337241,8,2025-05-27 20:01:04.059836
8165,user_596,696,2.887904442389025,1,3,11,34.515841252042236,4,2025-06-20 20:01:04.060836
8166,user_340,1021,3.67813201800975,1,4,13,85.43627050422573,6,2025-04-02 20:01:04.060836
8167,user_570,297,2.5893432632115427,1,4,13,46.47933855609161,1,2024-12-17 20:01:04.061836
8168,user_345,692,3.4962981463217733,1,3,9,79.31427990497569,1,2025-05-23 20:01:04.061836
8169,user_489,1550,3.504794234258359,1,3,9,73.52849979470426,7,2025-04-21 20:01:04.062836
8170,user_177,2032,3.3386838422512466,1,4,13,63.91079822529646,8,2025-01-21 20:01:04.062836
8171,user_902,50,2.507826192796482,1,4,11,79.3919186897592,1,2025-08-14 20:01:04.063836
8172,user_600,617,3.829492351755939,1,3,14,40.50189368321854,6,2025-05-19 20:01:04.064836
8173,user_165,1972,3.952351825389312,1,2,12,92.11652704928795,3,2025-04-07 20:01:04.065341
8174,user_511,2159,3.0182648891791475,1,2,12,16.591890236876218,6,2025-08-31 20:01:04.065341
8175,user_297,674,3.8698753756487787,1,2,10,79.09252190713157,2,2025-08-10 20:01:04.066855
8176,user_304,790,4.031224458407286,1,4,9,35.82202382442621,2,2025-08-07 20:01:04.066855
8177,user_196,441,3.9643328217444975,1,3,13,38.253271894051586,1,2025-10-17 20:01:04.067862
8178,user_958,1038,3.3710519448774012,1,2,12,49.10529163944519,3,2025-11-03 20:01:04.067862
8179,user_39,15,4.734178406739643,1,3,12,93.39652231725726,2,2025-03-02 20:01:04.067862
8180,user_145,1715,3.1121651324400657,1,4,10,19.671573548771338,4,2025-07-15 20:01:04.069367
8181,user_735,1735,3.001805848537642,1,4,11,1.8220807607216893,2,2025-07-17 20:01:04.070374
8182,user_504,2871,2.2936592145461887,1,2,8,59.54150717742984,7,2025-04-30 20:01:04.070374
8183,user_259,1598,3.1735046408344907,1,2,13,83.19439895917199,7,2025-07-14 20:01:04.071374
8184,user_5,1983,2.1542135590546136,1,3,10,15.113832513954218,2,2025-11-22 20:01:04.072388
8185,user_269,1269,3.15426368817314,1,3,14,24.226209652922748,1,2025-05-05 20:01:04.072388
8186,user_158,1231,3.407039218146188,1,3,13,96.6762469532691,2,2025-06-15 20:01:04.072388
8187,user_834,776,3.8392904927566667,1,3,11,91.23286777358148,6,2025-06-15 20:01:04.074200
8188,user_554,2762,3.526852564804033,1,3,10,90.7433404900406,1,2025-05-08 20:01:04.075205
8189,user_580,724,4.14918355626802,1,2,8,29.55178680665722,7,2025-10-18 20:01:04.075205
8190,user_826,1614,3.3790415047128617,1,4,11,68.88321163758924,5,2025-11-21 20:01:04.076240
8191,user_689,403,3.666724175128298,1,4,13,58.7136522894132,9,2025-07-10 20:01:04.077207
8192,user_769,227,2.2666971821693087,1,4,13,74.15552031175953,4,2025-05-28 20:01:04.077712
8193,user_718,894,3.5241088936926586,1,3,8,20.277407877617403,5,2025-01-14 20:01:04.077712
8194,user_167,2594,2.821297197805204,1,3,10,68.32336389931433,7,2025-03-02 20:01:04.078718
8195,user_936,2309,3.515736818561543,1,4,9,46.48871580029655,7,2025-07-26 20:01:04.079718
8196,user_729,755,2.5119303245808355,1,2,8,74.06020623494251,4,2025-03-15 20:01:04.079718
8197,user_398,2193,1.930497179128074,1,3,12,10.13938783591568,6,2024-12-14 20:01:04.079718
8198,user_250,393,2.9462869227214252,1,2,11,26.787545111580215,9,2025-09-23 20:01:04.081224
8199,user_28,746,2.8530903520437074,1,2,9,23.141846558856194,5,2025-07-18 20:01:04.081224
8200,user_228,1731,4.04691879601136,1,3,8,75.35401304868297,6,2025-11-09 20:01:04.081224
8201,user_101,1504,3.652542848441691,1,2,8,95.29870621362139,3,2025-06-04 20:01:04.082738
8202,user_93,483,2.8718218543009217,1,3,13,10.135811913498816,5,2025-04-09 20:01:04.083744
8203,user_432,434,2.703855177969383,1,3,9,28.50382176905034,2,2025-06-22 20:01:04.084423
8204,user_510,2769,2.6459585573888043,1,2,11,89.24939223495949,3,2025-10-02 20:01:04.084423
8205,user_174,2909,2.7393940358544495,1,4,8,96.21303262144554,5,2025-09-28 20:01:04.085423
8206,user_643,557,3.2842642776594912,1,2,11,17.627812939849242,3,2024-12-13 20:01:04.085423
8207,user_808,2406,4.537565306727701,1,3,8,44.40658380679856,6,2025-02-16 20:01:04.086423
8208,user_486,1639,3.7665849206689592,1,4,12,53.26266444077605,3,2025-05-24 20:01:04.086423
8209,user_953,1691,3.9724524340370295,1,4,9,18.077019878391265,8,2025-01-16 20:01:04.087422
8210,user_684,1381,3.1742660434999768,1,2,13,48.28751790050584,6,2025-11-12 20:01:04.088459
8211,user_386,967,4.578885303047142,1,4,14,52.9957043887323,3,2025-03-22 20:01:04.089425
8212,user_134,2620,4.68441136443132,1,3,10,38.88370923527214,7,2025-04-10 20:01:04.089425
8213,user_662,1688,2.802422381108204,1,2,12,50.042579051701665,4,2025-01-27 20:01:04.090424
8214,user_114,2350,3.874625900789198,1,3,12,37.84499828177788,2,2025-12-04 20:01:04.090424
8215,user_303,2302,2.9348250693570117,1,4,14,98.98085773077342,2,2025-11-13 20:01:04.091929
8216,user_587,1347,3.3110211343741547,1,4,8,44.3933993669687,8,2025-06-02 20:01:04.091929
8217,user_83,895,3.676048330068795,1,2,14,38.613926729539216,3,2025-10-11 20:01:04.092936
8218,user_32,492,2.526773293453998,1,4,12,87.36089114076886,8,2025-09-23 20:01:04.092936
8219,user_915,753,3.127519164105048,1,4,9,32.379892708762995,1,2025-06-20 20:01:04.094312
8220,user_571,2379,2.8766073883120633,1,2,13,40.289919133807736,8,2025-10-11 20:01:04.095284
8221,user_139,1424,2.410847164802834,1,2,8,1.632519766810081,8,2025-12-04 20:01:04.095789
8222,user_964,2410,3.4461279057530465,1,3,14,9.908115711509724,5,2025-06-07 20:01:04.096650
8223,user_659,94,4.026001268927002,1,2,9,80.74167449922086,5,2025-05-04 20:01:04.096650
8224,user_934,770,4.062646851385271,1,2,13,93.19664030818217,9,2025-10-24 20:01:04.097655
8225,user_33,129,2.704683621210144,1,4,11,54.457069636098886,4,2025-09-28 20:01:04.097655
8226,user_89,632,2.9226101260849195,0,3,12,83.03764387634762,2,2025-03-01 20:01:04.098661
8227,user_585,1567,4.222958795022157,0,4,14,79.11472258919906,5,2025-06-25 20:01:04.099661
8228,user_312,11,3.1067525183205356,1,3,9,7.30403044251241,6,2024-12-14 20:01:04.099661
8229,user_40,1288,3.557414919100439,1,3,8,47.639937862369365,6,2025-09-10 20:01:04.100661
8230,user_630,120,2.8301554937664664,1,3,14,24.840543644187097,6,2025-06-20 20:01:04.100661
8231,user_880,1531,3.478809115346976,1,4,10,3.022847704775966,6,2025-05-08 20:01:04.101661
8232,user_597,315,3.4858803227214925,1,4,13,85.98671326697216,8,2025-05-04 20:01:04.101661
8233,user_336,2729,4.580923561061859,1,4,13,33.78261740658007,6,2025-03-19 20:01:04.103167
8234,user_947,916,3.7103194446973773,0,3,13,1.401372562676395,4,2025-02-13 20:01:04.103167
8235,user_232,583,4.36561068492355,1,2,9,57.49531631310214,6,2025-10-07 20:01:04.103167
8236,user_485,869,2.9903874699231108,1,4,11,87.07834158854489,2,2025-07-08 20:01:04.104681
8237,user_819,2189,2.862689690858697,1,4,11,86.81876617249736,5,2025-09-18 20:01:04.105688
8238,user_242,1229,2.9810584859331604,1,3,11,82.16870270768133,4,2024-12-21 20:01:04.105688
8239,user_253,2293,3.1395307994904984,1,4,13,64.23302895090008,7,2025-04-25 20:01:04.107193
8240,user_433,1359,3.3037776492625617,1,2,12,84.85363726118604,9,2025-01-31 20:01:04.107193
8241,user_169,1317,3.2424021775591276,1,4,11,6.2982198112220615,7,2025-05-24 20:01:04.107193
8242,user_325,76,4.055781919289081,1,3,14,97.34585363886765,3,2025-03-26 20:01:04.108847
8243,user_552,2907,3.435363335059685,0,4,9,41.850616567178214,6,2025-12-06 20:01:04.108847
8244,user_444,1501,4.258211402108314,1,2,14,18.014730991556306,9,2025-09-26 20:01:04.109853
8245,user_275,1886,3.7964929163380123,1,4,8,67.9268442467408,3,2025-11-07 20:01:04.110858
8246,user_101,270,3.5407150238296103,1,4,13,1.6972648022674286,2,2025-05-26 20:01:04.110858
8247,user_651,530,4.312965803180581,1,2,13,94.88087260395193,2,2025-08-05 20:01:04.111859
8248,user_392,2511,3.5373377237639265,1,2,14,52.271333586252986,2,2024-12-13 20:01:04.112859
8249,user_579,1575,3.942698980457914,1,3,11,99.61312390539405,8,2025-09-13 20:01:04.112859
8250,user_446,576,3.6511216932806665,1,4,9,4.371505444391033,6,2024-12-29 20:01:04.113859
8251,user_677,2245,3.1270068940591234,1,3,8,50.777274898771765,5,2025-02-05 20:01:04.113859
8252,user_410,2726,2.200927576314766,1,4,10,63.621629303046255,5,2025-07-17 20:01:04.115365
8253,user_967,1745,5.0,1,2,11,11.097519956437917,5,2025-07-21 20:01:04.115365
8254,user_136,792,4.294853269802156,1,2,9,48.06880429659256,4,2025-07-13 20:01:04.116371
8255,user_700,722,3.3690338966301154,1,3,14,70.67687098370855,9,2025-08-10 20:01:04.116371
8256,user_550,1950,3.7069523396200883,1,3,9,26.465931522932173,2,2025-05-10 20:01:04.117371
8257,user_246,1686,3.870486768095001,1,3,13,98.73421867313958,4,2024-12-28 20:01:04.117371
8258,user_235,2681,3.881695105642941,1,3,14,44.77656408439569,7,2025-07-08 20:01:04.118877
8259,user_386,870,3.76715771653529,1,2,13,43.5128724321577,4,2025-10-16 20:01:04.118877
8260,user_70,496,3.1532883527112925,1,2,8,94.31500078605166,9,2025-04-02 20:01:04.119884
8261,user_764,775,4.427730489205697,1,4,14,18.014612146962662,2,2025-09-07 20:01:04.120882
8262,user_457,2225,3.2877730561889495,1,3,13,71.52388681467185,7,2025-02-01 20:01:04.121885
8263,user_814,859,3.6752679178639385,1,2,10,38.693592101789484,8,2025-07-28 20:01:04.121885
8264,user_650,857,3.0080955640424665,1,4,9,56.347968470935726,4,2025-02-10 20:01:04.123390
8265,user_37,2027,4.451228209489252,1,3,11,74.95830266523974,2,2025-07-16 20:01:04.123390
8266,user_638,931,3.233220689923975,1,3,12,50.54090285435765,9,2025-09-26 20:01:04.124396
8267,user_894,2166,3.9860054121095803,1,2,13,23.94199224633483,7,2025-11-12 20:01:04.125397
8268,user_17,2070,4.502054618291848,1,4,13,14.600538027880539,7,2025-03-14 20:01:04.125397
8269,user_479,2014,2.8884581781938006,1,2,13,83.41135922783813,8,2025-10-05 20:01:04.126397
8270,user_827,2477,4.1754657270970625,0,3,11,38.44451480432639,9,2024-12-28 20:01:04.126397
8271,user_643,449,2.0119102335491776,1,2,8,93.57718962016986,4,2025-06-30 20:01:04.127902
8272,user_392,2015,3.5811790418813496,1,4,9,87.96493170190192,9,2025-02-04 20:01:04.127902
8273,user_361,107,2.731632071028715,1,4,10,14.538566408763188,7,2024-12-22 20:01:04.128908
8274,user_897,127,3.076526580044782,1,4,9,49.412961957826596,2,2025-08-19 20:01:04.128908
8275,user_151,1651,3.4557416512283217,1,3,8,59.829155868211615,8,2025-05-05 20:01:04.128908
8276,user_255,2339,3.006245373442033,1,2,12,93.77791088556295,1,2025-05-21 20:01:04.130413
8277,user_801,2174,3.3249808148542512,1,4,8,36.48089812980619,4,2025-04-03 20:01:04.130413
8278,user_176,726,3.3599270277257247,1,2,8,25.392562794467565,6,2025-09-17 20:01:04.131925
8279,user_234,321,4.5929254820783285,1,2,8,84.08571893573551,6,2024-12-13 20:01:04.132429
8280,user_248,2666,4.113015549748752,1,2,12,32.19411502667106,1,2025-06-25 20:01:04.132429
8281,user_603,229,4.331654746042197,1,3,11,76.07432990077768,5,2025-10-27 20:01:04.133436
8282,user_14,1366,3.8478155919067754,1,4,14,90.29113051790102,2,2024-12-13 20:01:04.133941
8283,user_367,775,3.2167110770773695,1,2,13,58.84629242836817,3,2025-04-02 20:01:04.134947
8284,user_307,62,2.99600617724989,1,4,9,41.71962180739973,3,2025-03-15 20:01:04.134947
8285,user_648,1298,2.690418719710592,1,3,10,30.34352323710696,5,2025-10-01 20:01:04.135948
8286,user_325,724,4.001649060231287,1,2,14,92.32458649322913,9,2025-02-01 20:01:04.136945
8287,user_924,434,3.6534293831521105,1,4,10,78.18714697490404,2,2025-10-20 20:01:04.137947
8288,user_864,2476,3.1977660804351307,1,4,9,95.69684101457895,2,2025-09-21 20:01:04.137947
8289,user_513,1838,3.8255896433483794,1,4,14,1.9302484473865955,9,2025-09-21 20:01:04.138948
8290,user_788,1454,2.8687377412964454,1,2,12,86.31134713959091,2,2025-08-05 20:01:04.139945
8291,user_533,2615,4.461535878575734,1,4,10,4.6824385051171475,2,2025-05-11 20:01:04.139945
8292,user_686,952,3.198577576296216,1,2,9,43.246911662519224,5,2025-05-18 20:01:04.140946
8293,user_792,1532,4.353052745752251,1,4,14,61.41163681484315,7,2025-09-08 20:01:04.141945
8294,user_587,1270,3.041355466340965,1,2,11,77.2719009204964,5,2025-03-16 20:01:04.142450
8295,user_705,1811,2.856401329475932,1,4,11,27.43578288901174,7,2025-02-18 20:01:04.142955
8296,user_506,1611,3.3225687241507496,1,2,8,78.07708457602472,7,2025-09-16 20:01:04.143961
8297,user_173,358,1.8755986603026717,1,4,14,20.7650283749502,4,2025-02-15 20:01:04.143961
8298,user_920,2355,3.117507024599913,1,3,11,13.711317774313647,6,2025-06-26 20:01:04.143961
8299,user_971,2632,4.494477044847077,1,4,12,44.96156071192981,3,2025-07-02 20:01:04.145467
8300,user_857,1298,2.666580482845979,1,3,8,5.715182711801036,2,2024-12-16 20:01:04.145467
8301,user_309,1915,3.222995504261431,1,4,13,62.297183772669406,1,2025-01-11 20:01:04.146979
8302,user_790,2490,2.595947831758837,1,3,8,33.795782036493236,4,2025-06-23 20:01:04.146979
8303,user_929,1157,2.7313861679388935,1,4,9,13.35420078709192,5,2025-10-19 20:01:04.147984
8304,user_821,777,2.087184662278443,1,2,13,78.37595205905457,1,2024-12-20 20:01:04.147984
8305,user_964,1959,3.3719482337724256,0,2,10,3.4417744456516686,2,2025-03-21 20:01:04.148990
8306,user_244,261,4.119743696901297,1,2,12,69.86345862211596,6,2025-03-19 20:01:04.149990
8307,user_293,2258,3.03835736740369,1,4,14,47.76699224751374,7,2025-01-13 20:01:04.149990
8308,user_387,276,3.894323385957146,1,2,8,27.42911846805699,3,2024-12-18 20:01:04.150989
8309,user_856,2541,2.7333027645711425,1,3,10,19.233254613613127,1,2025-03-09 20:01:04.151990
8310,user_334,1041,4.917444447204782,1,3,8,51.9402130577629,9,2025-08-02 20:01:04.151990
8311,user_805,1261,2.635311874959975,1,3,12,52.224355398211465,6,2025-01-30 20:01:04.152990
8312,user_89,403,2.3999425285299436,1,4,12,46.756704997695444,6,2025-07-01 20:01:04.152990
8313,user_549,278,3.795991395713885,1,4,13,44.979294459057705,7,2025-07-22 20:01:04.154496
8314,user_256,2147,2.947707017960147,0,4,13,32.33378094082998,4,2025-06-29 20:01:04.154496
8315,user_650,1532,4.330943599325428,1,2,13,16.951355953364644,1,2025-08-29 20:01:04.155503
8316,user_77,2778,4.495677117990633,1,4,11,58.68859663414088,6,2025-11-06 20:01:04.155503
8317,user_114,513,4.4087866878143736,0,4,13,17.897730646453315,9,2025-03-17 20:01:04.157525
8318,user_488,1416,4.385020296020964,1,2,12,11.259585540656492,1,2025-01-16 20:01:04.157525
8319,user_495,1020,2.4051377048119473,0,2,8,29.161039654384346,9,2025-01-19 20:01:04.158532
8320,user_591,1723,2.3519821220466617,1,3,13,34.53775325748709,6,2025-07-02 20:01:04.159532
8321,user_115,1206,3.9486823715815564,1,4,9,19.828127335010535,8,2025-08-09 20:01:04.160532
8322,user_726,389,3.403884239613075,1,4,14,40.583510251564704,3,2025-06-18 20:01:04.161531
8323,user_970,1105,2.611115497022279,1,4,8,27.586800480256713,4,2025-01-08 20:01:04.162565
8324,user_491,1832,5.0,1,2,11,21.330970632483982,7,2025-03-30 20:01:04.163531
8325,user_919,1171,2.9647376142117183,1,2,12,9.754298623319613,7,2025-11-19 20:01:04.163531
8326,user_119,1079,2.8790973963154407,1,2,8,84.18146959384326,2,2025-02-28 20:01:04.163531
8327,user_782,147,3.177394855200656,1,4,9,44.971377136886645,1,2025-03-16 20:01:04.165037
8328,user_24,331,3.6056402484202597,0,4,13,84.9974436149998,8,2025-09-12 20:01:04.165037
8329,user_51,797,3.0558373534386583,1,3,14,28.491133657512812,8,2025-11-27 20:01:04.166043
8330,user_645,2176,4.544760689974936,1,2,8,89.6839695148039,9,2025-07-25 20:01:04.167043
8331,user_447,1161,4.336407499873294,1,4,9,36.53856391309779,8,2025-02-02 20:01:04.167043
8332,user_551,292,3.0096206947140383,1,3,14,54.31853013731911,5,2025-08-20 20:01:04.168044
8333,user_964,1578,3.215281363399411,1,4,9,39.13089041489176,3,2025-09-07 20:01:04.169043
8334,user_873,2559,3.7715845479068433,1,2,8,16.613140990733033,8,2025-11-19 20:01:04.169549
8335,user_518,1588,2.7263851427744936,1,3,9,90.47649419153338,4,2025-05-17 20:01:04.170417
8336,user_73,2484,5.0,1,3,10,0.25578523676552667,4,2025-01-01 20:01:04.171060
8337,user_488,2594,3.7777687643495526,1,4,8,12.407900479996636,9,2025-04-24 20:01:04.172065
8338,user_306,293,4.265185394774199,1,2,9,1.019935286929341,7,2025-07-11 20:01:04.173573
8339,user_874,1761,4.6817123661261215,1,2,14,56.471769810893825,7,2025-09-28 20:01:04.174580
8340,user_122,1103,3.533491908298597,1,3,13,88.06584704188934,2,2025-04-11 20:01:04.174580
8341,user_924,69,3.251480541874624,1,2,9,58.553500639325186,9,2025-04-24 20:01:04.175581
8342,user_93,1983,3.2860811243358308,1,3,14,9.472117897822319,2,2025-08-28 20:01:04.176580
8343,user_882,2766,4.41348762370047,1,3,8,50.18487771840605,9,2025-10-04 20:01:04.176580
8344,user_971,1974,3.5293583806854847,1,4,14,77.64114804789088,9,2025-02-08 20:01:04.177613
8345,user_854,2491,4.1515623771395305,1,4,9,35.76632496175057,5,2025-09-02 20:01:04.177613
8346,user_140,1191,4.061099352296746,1,2,11,77.91256934141127,2,2025-02-28 20:01:04.179962
8347,user_494,679,2.5934571376464044,1,4,14,56.698553862906245,7,2025-02-19 20:01:04.179962
8348,user_924,2400,3.336033632730749,1,3,12,99.54739500762209,6,2025-01-03 20:01:04.179962
8349,user_353,75,3.22114445813232,1,4,12,86.96820424006219,9,2025-01-20 20:01:04.181467
8350,user_524,74,3.717496015637132,1,2,10,28.165068603342014,6,2025-02-03 20:01:04.182474
8351,user_208,638,4.119329272069745,1,4,11,41.932377458307656,8,2025-03-28 20:01:04.184825
8352,user_494,2090,3.2814348380994502,1,3,12,42.50991314310648,7,2025-03-18 20:01:04.184825
8353,user_180,1781,3.828387184761484,1,4,11,39.89804972083498,3,2025-07-23 20:01:04.185822
8354,user_674,2791,4.029067604029978,1,3,8,7.655195827675043,2,2025-02-02 20:01:04.186824
8355,user_415,1648,4.745316803956955,1,3,11,67.39521810365596,8,2025-01-26 20:01:04.186824
8356,user_936,788,3.4733506529034677,1,3,9,15.300419499889717,5,2025-08-15 20:01:04.187824
8357,user_369,1124,3.9402970725332356,1,3,10,82.5123453151822,8,2025-07-03 20:01:04.188824
8358,user_771,2026,2.6765529096798066,1,3,9,89.08396077998795,4,2024-12-21 20:01:04.188824
8359,user_913,2803,2.9483481401379037,1,2,14,34.92501336163421,4,2025-09-03 20:01:04.189825
8360,user_462,1581,4.407281601026907,1,4,9,58.23128497620902,4,2025-11-24 20:01:04.190823
8361,user_201,1286,3.028706780360036,1,4,9,12.273668193723164,9,2024-12-14 20:01:04.192327
8362,user_527,1341,3.5173957569342296,1,3,9,51.524870578192605,3,2025-05-20 20:01:04.192831
8363,user_538,2333,3.7256063230478977,1,4,11,17.595599127913395,6,2025-04-17 20:01:04.192831
8364,user_906,1872,2.6983472061858067,1,4,14,89.39608033877106,1,2025-06-13 20:01:04.194346
8365,user_652,967,3.7869883533953597,1,2,10,20.96013212498947,3,2025-08-29 20:01:04.195355
8366,user_444,66,4.487247080053439,1,3,10,35.14435663214106,9,2025-09-13 20:01:04.195861
8367,user_888,1858,2.314457780990704,1,4,12,63.21441923770895,9,2025-10-17 20:01:04.195861
8368,user_58,1966,2.280886176778332,1,2,9,81.12719372858653,2,2025-02-10 20:01:04.196869
8369,user_192,877,2.581636666471513,1,2,8,53.07514080354652,3,2025-08-27 20:01:04.197868
8370,user_337,2317,3.196154708443753,1,2,13,47.55150754083037,4,2025-10-25 20:01:04.198373
8371,user_107,2774,3.791133774495389,1,4,10,57.26362767712831,3,2025-08-10 20:01:04.198373
8372,user_311,1219,3.240907216821269,1,2,12,3.3634484605755355,7,2025-05-31 20:01:04.199380
8373,user_292,2283,2.382691847164985,1,3,10,83.7877670403761,3,2025-09-10 20:01:04.200380
8374,user_868,644,3.3667247238710147,1,4,13,40.138041581622396,9,2024-12-14 20:01:04.200380
8375,user_85,832,4.354916036801743,0,4,12,14.72893667664772,1,2025-08-02 20:01:04.202399
8376,user_917,599,3.65784372019707,1,4,11,39.19689000861707,8,2025-11-06 20:01:04.203395
8377,user_490,1291,2.771908186260149,1,4,13,71.08251194599853,1,2025-02-22 20:01:04.204886
8378,user_691,571,3.7048247296803978,1,2,10,93.2503553371556,6,2025-03-31 20:01:04.206398
8379,user_233,2860,2.883730335612707,1,2,11,25.081546635255446,3,2025-10-12 20:01:04.207909
8380,user_509,1530,2.0718678591625554,1,2,11,20.699410350755677,3,2025-08-29 20:01:04.208414
8381,user_656,214,3.891463275983225,1,3,12,36.880606315982156,9,2025-03-26 20:01:04.209950
8382,user_485,1587,3.3270478158745864,1,3,11,4.187491593812576,1,2025-11-14 20:01:04.211979
8383,user_813,2675,4.208469594443922,0,4,8,88.38579865433599,7,2025-06-12 20:01:04.212978
8384,user_825,1680,2.2815877056991045,0,2,10,42.07147795741529,8,2025-08-27 20:01:04.213963
8385,user_675,2129,3.4665295746263776,1,3,12,43.213327064579296,6,2025-05-26 20:01:04.214977
8386,user_494,1957,2.913450848534916,0,4,9,44.114783725095975,5,2025-08-18 20:01:04.216138
8387,user_925,941,4.2141665920838784,1,4,9,23.380669520212404,9,2025-07-16 20:01:04.218137
8388,user_202,2023,3.9341941964839613,0,2,13,10.569625752610046,8,2025-10-27 20:01:04.219137
8389,user_407,13,2.9900265858775232,1,3,11,71.82916178852403,6,2025-04-09 20:01:04.220232
8390,user_488,200,3.61809944060018,1,4,12,55.264540867232206,3,2025-11-01 20:01:04.221231
8391,user_322,82,4.126883087255588,1,4,9,14.542825829487715,9,2025-06-28 20:01:04.222231
8392,user_767,2270,2.281052518276428,1,3,9,58.503351318227146,4,2025-05-11 20:01:04.222231
8393,user_827,990,2.8700659784301212,1,4,8,24.526070305929025,1,2025-02-07 20:01:04.223739
8394,user_648,143,3.58100154358677,1,4,12,62.98862856812426,7,2025-12-08 20:01:04.223739
8395,user_491,1409,2.212809778202982,1,3,13,1.790548736236952,9,2025-01-19 20:01:04.223739
8396,user_280,1658,3.3201401107081807,0,2,9,59.70581506447837,5,2025-10-30 20:01:04.225260
8397,user_3,789,2.564042122365195,1,3,13,71.05764468147248,4,2025-06-17 20:01:04.226268
8398,user_569,710,4.40979470021433,1,3,9,50.61141598844887,3,2025-10-20 20:01:04.226268
8399,user_753,2882,1.761248185310476,1,3,10,75.05849154199018,7,2025-03-02 20:01:04.227268
8400,user_162,1127,4.164277363675317,1,4,11,91.15464336462202,5,2024-12-15 20:01:04.228335
8401,user_754,2532,4.153619366947995,1,3,9,21.32286538313385,4,2025-03-23 20:01:04.229350
8402,user_712,283,4.035461810311979,1,2,12,57.307966984196334,4,2025-11-13 20:01:04.230350
8403,user_386,606,4.784778873823374,1,2,11,43.93572915573264,5,2025-04-02 20:01:04.232372
8404,user_732,1784,2.5171100854233095,1,3,13,15.725262981116206,9,2025-03-31 20:01:04.233376
8405,user_715,1505,4.303986151423221,1,2,12,32.428760803267956,4,2025-05-18 20:01:04.234934
8406,user_295,1460,2.744058764343064,0,4,8,59.49214032596419,1,2025-07-22 20:01:04.235932
8407,user_518,1475,2.694416867813136,1,4,12,93.0005076721791,3,2024-12-31 20:01:04.236916
8408,user_861,1753,2.989600680324829,1,4,8,25.027061238059012,4,2025-10-28 20:01:04.237917
8409,user_726,407,3.668818718305845,0,2,9,35.28966111399746,1,2025-07-03 20:01:04.238920
8410,user_852,1350,3.3629400715766,1,3,11,97.43469904059027,2,2025-08-22 20:01:04.238920
8411,user_55,1127,4.059596048009501,1,2,9,4.759432533465269,1,2025-06-29 20:01:04.239921
8412,user_298,2913,2.253725651264816,1,3,12,65.61373778717986,9,2025-01-11 20:01:04.239921
8413,user_172,1699,3.5598565936786617,1,3,13,83.34008768618204,4,2025-08-13 20:01:04.241427
8414,user_56,106,3.8601457008978457,1,3,10,24.753069360952562,2,2025-04-16 20:01:04.241932
8415,user_808,2133,4.578139947307742,1,2,9,32.53858324805613,2,2025-01-20 20:01:04.241932
8416,user_673,2349,3.320737998005376,1,3,8,89.10951088619228,6,2025-09-27 20:01:04.242939
8417,user_202,232,2.621210648571034,1,4,10,8.515471815443066,2,2025-02-04 20:01:04.243444
8418,user_771,1399,4.096658049306344,0,4,13,41.07013581064501,8,2025-10-28 20:01:04.244450
8419,user_378,1884,2.5823585115819876,1,3,10,88.7949676509632,3,2025-07-22 20:01:04.244450
8420,user_136,1081,4.57080259989759,1,3,12,82.57008939398929,6,2025-03-01 20:01:04.245451
8421,user_588,1265,3.991967160386649,1,3,10,57.40417679909308,1,2025-06-08 20:01:04.245957
8422,user_243,2268,2.8215794850048983,1,2,13,45.75378521702091,6,2025-12-03 20:01:04.246964
8423,user_905,112,4.1083361428819,1,2,13,19.432550470990673,8,2025-06-27 20:01:04.246964
8424,user_955,1714,4.2302761289309645,1,3,8,3.8667935977831247,4,2025-03-27 20:01:04.248471
8425,user_117,2024,3.154518091427307,1,2,8,5.542268309744758,4,2025-06-08 20:01:04.248471
8426,user_231,2813,3.327251275271877,1,3,13,23.88411755804658,5,2025-03-02 20:01:04.249478
8427,user_75,1361,3.918757040101072,1,2,13,71.32741142403319,9,2025-12-04 20:01:04.249478
8428,user_155,2872,3.853710385356473,1,2,12,68.56252033646919,4,2025-10-19 20:01:04.250478
8429,user_424,1851,2.8569304572546845,1,2,12,80.24362731612393,8,2025-11-22 20:01:04.251478
8430,user_939,55,2.754432410474737,1,3,8,99.72717852144787,8,2025-01-06 20:01:04.251478
8431,user_13,2276,2.4204751121992008,1,2,8,25.844472638795857,2,2025-02-12 20:01:04.252478
8432,user_215,759,3.666402535924142,1,2,11,30.38525085353908,2,2025-04-18 20:01:04.253478
8433,user_858,2843,4.100443801846383,1,4,12,35.687009994675954,8,2025-08-09 20:01:04.254478
8434,user_601,1218,3.0806678029301544,1,2,11,65.02011953714764,6,2025-05-14 20:01:04.254984
8435,user_521,846,3.885439223096438,1,4,8,81.91252065959235,8,2025-09-13 20:01:04.254984
8436,user_792,51,2.851007559811123,1,3,8,4.818420105886512,6,2025-02-11 20:01:04.256491
8437,user_972,1617,3.2633225750365096,1,4,10,16.455135989921345,2,2025-09-14 20:01:04.256491
8438,user_955,2584,3.8498925700072064,1,3,11,92.63756983162428,1,2025-05-30 20:01:04.258004
8439,user_502,2002,3.6400332532156723,1,3,8,74.9759570513246,6,2025-11-14 20:01:04.258509
8440,user_135,1664,3.3401477926080116,0,2,10,59.52528930648933,6,2025-04-28 20:01:04.258509
8441,user_533,2262,4.6581815799815365,1,4,10,79.09275744311344,3,2025-07-24 20:01:04.259516
8442,user_690,512,4.1288793893012254,1,2,9,88.94711681811458,3,2024-12-28 20:01:04.260516
8443,user_221,1465,3.152312549566943,0,3,11,55.863330948612855,2,2025-01-04 20:01:04.260516
8444,user_9,1906,3.6045456497693067,1,3,9,85.03167137650978,3,2025-11-08 20:01:04.261516
8445,user_348,576,2.5035942937455546,1,4,9,37.64040946313454,3,2025-09-17 20:01:04.262516
8446,user_544,1953,3.6663754814220484,1,4,8,98.3203134258916,2,2025-09-26 20:01:04.262516
8447,user_867,2201,3.383872733614411,1,2,10,70.82819588650592,2,2025-09-29 20:01:04.263516
8448,user_806,2585,2.9625358893620235,0,2,10,5.368453413578401,9,2025-08-16 20:01:04.263516
8449,user_634,716,2.4145474976215744,1,3,11,1.5100122076510014,6,2025-08-10 20:01:04.265023
8450,user_196,1555,4.717246482657563,1,2,13,52.15211773858025,9,2025-03-04 20:01:04.266031
8451,user_29,1621,3.7616882712370825,1,2,8,28.45299933915072,9,2025-03-30 20:01:04.266031
8452,user_644,1668,3.309464392716787,1,2,10,52.4492067508482,1,2025-03-17 20:01:04.267031
8453,user_531,1465,4.400147969632493,1,4,9,12.954698332329295,2,2025-09-01 20:01:04.267537
8454,user_104,298,2.535869682963943,1,4,12,31.732999546357167,2,2025-06-11 20:01:04.267537
8455,user_200,345,3.6950013531619335,1,3,8,75.35284694133223,6,2025-02-22 20:01:04.269043
8456,user_841,72,3.0733577591070587,1,4,8,14.129241400409542,7,2025-10-04 20:01:04.269043
8457,user_730,1494,4.180467015971953,1,2,10,22.537634182802037,1,2025-02-23 20:01:04.270051
8458,user_694,2638,2.940238461934417,1,3,8,24.774773033733066,7,2024-12-20 20:01:04.271050
8459,user_611,999,3.0556696508009056,1,4,8,33.2373856854594,4,2025-09-21 20:01:04.271050
8460,user_219,396,2.478460864388677,1,3,9,0.16434853500431057,3,2025-01-21 20:01:04.272052
8461,user_761,687,3.5531279650104466,1,3,12,61.92205416400147,3,2025-01-15 20:01:04.272052
8462,user_482,1190,3.6768496199409455,1,3,13,90.70928504155346,2,2025-05-23 20:01:04.273561
8463,user_213,1289,2.230677086063258,1,3,14,61.222250244106924,3,2025-12-11 20:01:04.274569
8464,user_558,1982,3.4468257019147757,1,4,9,38.79267483940141,1,2025-02-03 20:01:04.274569
8465,user_688,2472,3.63723086971923,1,4,10,84.80225995716357,5,2025-04-29 20:01:04.275569
8466,user_573,611,2.8031604885527535,1,3,14,13.529595184115673,3,2024-12-15 20:01:04.275569
8467,user_7,1473,4.2732971702350735,1,3,8,37.48601988693371,9,2025-12-03 20:01:04.277077
8468,user_446,1191,3.162951693061822,1,2,10,81.88237031874239,3,2025-01-11 20:01:04.279083
8469,user_266,328,3.960051801064962,1,2,9,95.78957291715938,9,2025-09-19 20:01:04.280097
8470,user_296,64,4.049907818859803,1,2,12,84.73460655306272,5,2025-04-28 20:01:04.281098
8471,user_864,2147,2.8722196071449075,1,2,12,91.60568795898105,5,2025-01-26 20:01:04.283240
8472,user_138,1925,4.007435279265188,1,3,14,76.14102645624203,6,2024-12-23 20:01:04.284310
8473,user_20,1759,3.9753961448075756,1,4,14,16.192052468682448,5,2025-05-28 20:01:04.285310
8474,user_457,756,3.090154285366828,1,4,13,74.5612206312171,4,2025-04-18 20:01:04.287310
8475,user_686,1321,4.278585030074596,1,3,10,52.67349219529072,7,2025-02-02 20:01:04.288522
8476,user_547,252,2.6509830690836544,1,4,9,10.816283949808469,4,2025-04-09 20:01:04.289519
8477,user_269,934,3.042996756750449,1,3,11,32.700701778991615,3,2025-08-22 20:01:04.290517
8478,user_102,1035,3.6699302574593426,1,2,13,70.25351856961784,4,2025-10-10 20:01:04.292024
8479,user_340,328,3.9495573382682587,1,4,9,61.441620269904796,3,2024-12-14 20:01:04.293577
8480,user_165,2728,3.8479311482607055,1,2,8,29.821544265087663,1,2025-07-02 20:01:04.294585
8481,user_15,1191,4.415196432123645,1,3,8,30.543647361056735,2,2025-06-29 20:01:04.294585
8482,user_311,1765,2.1318170237843623,1,4,8,46.81769489156974,8,2025-03-11 20:01:04.296089
8483,user_874,1677,4.286231996062658,1,4,10,8.910403798140997,2,2025-06-08 20:01:04.296089
8484,user_591,2715,3.2694622440798593,1,4,10,12.733030454247396,6,2025-10-04 20:01:04.296089
8485,user_872,1254,3.3267874983727106,0,2,11,11.027867336292829,2,2025-03-19 20:01:04.297760
8486,user_137,48,3.524384108466157,1,4,9,63.729129843829966,3,2025-04-19 20:01:04.297760
8487,user_243,2568,3.3639454005812177,1,2,13,22.16053595616232,8,2025-06-09 20:01:04.298766
8488,user_35,969,3.2610481810308505,1,2,14,77.8402974125966,9,2025-11-24 20:01:04.299766
8489,user_921,1383,2.630288729905888,1,2,11,48.707199516498854,9,2025-01-05 20:01:04.299766
8490,user_465,2541,3.4438123647211403,1,4,8,77.34647002698,8,2025-09-06 20:01:04.300766
8491,user_954,1826,2.7639314953992407,1,2,12,63.90125337955761,3,2025-02-19 20:01:04.300766
8492,user_427,531,2.2827488669311777,1,2,14,70.79261780066687,7,2025-11-04 20:01:04.301766
8493,user_644,196,2.9555992986644575,0,2,10,39.16649362748029,1,2025-11-14 20:01:04.301766
8494,user_146,1333,5.0,1,2,12,21.389755720143143,4,2025-05-07 20:01:04.303272
8495,user_492,483,3.3693731106884806,1,4,10,10.480627500066564,5,2025-09-02 20:01:04.303272
8496,user_938,2481,3.6676153848248454,1,4,10,91.65887031995456,5,2025-07-25 20:01:04.304791
8497,user_480,1285,3.5126762423080624,1,2,8,0.8545051909653267,2,2025-10-29 20:01:04.305835
8498,user_742,1988,3.1391947663408173,1,2,8,52.19126185069014,2,2025-05-31 20:01:04.307305
8499,user_477,534,3.1928365939857963,1,4,14,75.5576985604691,9,2025-10-12 20:01:04.307305
8500,user_175,1630,4.6475768800829185,1,4,8,30.82799169372119,3,2025-10-03 20:01:04.308313
8501,user_925,2686,3.647051021329467,0,3,14,8.981920906453034,1,2025-10-12 20:01:04.309673
8502,user_888,1316,2.300793720076458,1,3,11,22.205737109667577,4,2025-04-03 20:01:04.310674
8503,user_331,1819,3.0331957017928324,0,3,10,96.13405436488748,3,2025-06-11 20:01:04.312670
8504,user_369,2570,3.9295007069667376,1,3,12,47.317079927029205,6,2025-08-08 20:01:04.313670
8505,user_137,2438,2.8484353596046663,1,2,8,8.583950574674304,3,2025-07-30 20:01:04.315176
8506,user_494,2092,3.2802864879965,1,4,10,3.377777805748672,6,2025-12-09 20:01:04.316184
8507,user_604,593,2.1996356158883614,1,4,13,29.787140907635255,9,2025-12-08 20:01:04.316184
8508,user_387,2277,4.352766956832596,0,3,8,0.027012235672785323,1,2025-08-09 20:01:04.317184
8509,user_818,596,3.621446920945783,1,3,8,77.79486283975831,7,2025-06-02 20:01:04.317184
8510,user_399,578,4.545631826747413,1,4,14,67.98844202269755,8,2025-11-23 20:01:04.318692
8511,user_189,2119,4.055507350141028,1,2,8,78.0694663006408,9,2025-02-28 20:01:04.319214
8512,user_652,832,3.6663030905338068,1,2,9,67.58687964487868,7,2025-05-04 20:01:04.320220
8513,user_266,698,3.340447108564196,0,4,8,75.06111125973804,6,2025-06-30 20:01:04.321221
8514,user_134,1022,4.227056058658443,1,4,13,61.073106896824626,3,2024-12-17 20:01:04.322223
8515,user_588,1110,3.6948219734734167,1,2,12,26.76776569956051,5,2025-03-13 20:01:04.322223
8516,user_776,1495,3.0119487526404454,0,4,13,79.07476188206229,8,2025-03-22 20:01:04.322223
8517,user_675,2695,2.566218003516527,1,3,8,23.010232317036518,6,2025-05-08 20:01:04.324742
8518,user_169,1281,2.1703301347856687,1,2,8,4.4155589915922056,2,2025-03-15 20:01:04.324742
8519,user_104,2694,3.646935381849276,1,4,14,58.83433114082466,2,2025-09-11 20:01:04.325741
8520,user_900,2094,4.135112481227508,1,2,14,72.64209827814987,3,2025-09-18 20:01:04.325741
8521,user_295,1988,1.9778190084738498,1,3,9,20.778619464549163,1,2025-07-20 20:01:04.327247
8522,user_887,1970,2.535339069527913,1,3,10,96.49745623317398,4,2025-10-12 20:01:04.328256
8523,user_669,2865,4.181689808911014,1,4,14,1.2562927374773825,9,2025-03-24 20:01:04.329255
8524,user_207,393,2.7556531462163627,1,3,9,59.60426738597536,9,2025-09-03 20:01:04.329759
8525,user_582,2745,4.409975993698209,1,2,8,59.40086396214447,1,2024-12-31 20:01:04.329759
8526,user_729,381,3.1048150440765365,1,2,11,39.01662809041881,9,2025-04-14 20:01:04.332269
8527,user_321,2577,2.9085300604039324,1,4,14,89.05226656419637,5,2025-08-07 20:01:04.332811
8528,user_124,1125,2.903062429643259,0,2,12,36.9135232062541,3,2025-08-11 20:01:04.333314
8529,user_239,445,3.751661773921038,1,4,9,20.231308612691144,1,2025-01-22 20:01:04.335361
8530,user_8,1538,3.1092974697416556,1,2,12,40.812742672436016,3,2025-11-16 20:01:04.336319
8531,user_263,1492,4.416874254995725,1,2,13,1.617952552228119,9,2025-05-12 20:01:04.337350
8532,user_405,2615,4.060926003009389,1,2,14,4.387271221772259,2,2025-08-25 20:01:04.337350
8533,user_80,2738,2.5256204558561928,0,3,12,17.381112953260768,7,2025-03-17 20:01:04.339335
8534,user_200,2871,5.0,1,4,9,83.81604195635319,8,2025-07-05 20:01:04.340322
8535,user_348,2279,3.2599776647988414,1,2,8,19.272500418553307,1,2025-07-22 20:01:04.340322
8536,user_136,2096,4.025255116676854,1,3,12,8.621901441504566,5,2025-01-07 20:01:04.340322
8537,user_488,415,4.404841901078392,0,4,10,55.23494744242324,6,2025-10-22 20:01:04.341829
8538,user_687,242,3.6278912283145752,1,3,8,27.898096497428636,6,2025-09-08 20:01:04.341829
8539,user_45,2083,3.6735985595973544,1,2,11,36.8944409275728,3,2025-07-26 20:01:04.343341
8540,user_31,45,3.468767717855492,1,4,9,64.69532194363943,4,2025-11-23 20:01:04.343341
8541,user_926,130,3.583384123099103,1,2,12,76.02478628088859,5,2025-10-09 20:01:04.344348
8542,user_478,2586,2.9856707746168953,1,4,13,52.190481768346956,7,2025-02-18 20:01:04.344348
8543,user_760,653,3.8892787851500055,1,4,13,30.17590732410367,1,2024-12-14 20:01:04.345347
8544,user_488,1047,3.169949217673169,1,2,14,80.58599690832318,5,2024-12-12 20:01:04.345852
8545,user_58,441,2.322266610228036,1,3,9,88.71521563480971,6,2025-09-28 20:01:04.346859
8546,user_821,917,4.3933229758245425,1,2,12,63.024508895485575,1,2025-03-30 20:01:04.346859
8547,user_141,528,4.681633275536935,1,4,14,38.45348984644615,2,2025-11-05 20:01:04.347859
8548,user_820,1403,3.47516285286947,1,4,8,8.820626275435306,8,2025-03-09 20:01:04.348365
8549,user_295,917,3.2794156913529204,1,2,11,85.5982844810782,2,2024-12-29 20:01:04.348365
8550,user_636,1606,4.8569648672672585,1,4,12,33.011043261590125,1,2025-02-12 20:01:04.349871
8551,user_324,637,2.204560583782629,1,4,14,82.98481754805734,5,2025-04-30 20:01:04.349871
8552,user_688,1338,2.927405670269543,1,3,12,88.2972739138299,5,2025-01-23 20:01:04.350878
8553,user_179,2474,3.3106308921255905,1,2,14,77.22763290418929,6,2025-06-26 20:01:04.350878
8554,user_886,1971,3.952665981996052,1,4,10,69.5970591110261,1,2025-02-11 20:01:04.351878
8555,user_602,1462,3.416234859496357,1,4,14,98.32005413086502,4,2025-07-20 20:01:04.352878
8556,user_812,2401,4.429743836431321,1,2,13,88.38417311877315,5,2025-08-25 20:01:04.352878
8557,user_421,1971,3.122211305395797,0,2,9,66.8593636882433,3,2025-11-07 20:01:04.354384
8558,user_814,1976,4.181456521341992,1,3,9,31.47074261776277,1,2025-06-01 20:01:04.354384
8559,user_124,518,2.384393337246459,1,3,14,20.287053593927805,1,2025-06-25 20:01:04.355391
8560,user_517,263,4.5732443304196195,1,3,13,91.44173453108077,6,2025-12-03 20:01:04.357485
8561,user_818,649,4.53587248637024,1,2,13,14.800652223661858,2,2025-04-29 20:01:04.358548
8562,user_127,2074,2.4775025705501217,0,3,10,76.67567872521948,8,2025-11-24 20:01:04.359612
8563,user_188,2247,3.2579450095203946,1,2,12,28.048926785448593,7,2025-10-17 20:01:04.360613
8564,user_852,188,3.855347896258277,1,3,9,62.75484179606866,6,2025-11-20 20:01:04.361598
8565,user_472,606,2.827319760912259,1,3,13,54.38066912415166,9,2025-08-22 20:01:04.362598
8566,user_664,1864,1.7991330152595821,1,2,12,61.77745803307214,5,2025-08-20 20:01:04.362598
8567,user_872,2027,2.83572610380436,1,4,8,83.86916423137765,5,2025-06-15 20:01:04.363599
8568,user_796,2140,3.0323057017272483,1,2,12,40.75509483091485,7,2025-11-12 20:01:04.363599
8569,user_141,2776,4.177015622165284,1,3,13,71.88857038861026,5,2025-07-22 20:01:04.364599
8570,user_932,1840,3.86259432936532,1,2,9,2.288103322856494,7,2025-06-04 20:01:04.365104
8571,user_103,2294,2.6022279797858934,1,3,10,5.380761381465127,4,2024-12-15 20:01:04.365618
8572,user_492,2011,2.249014892557715,1,4,12,47.25821357022424,1,2025-06-08 20:01:04.366626
8573,user_834,2127,4.678969656729393,1,3,10,83.3672749478575,8,2025-04-04 20:01:04.366626
8574,user_826,2517,3.0546166173846956,1,2,14,90.65359013837137,2,2025-05-09 20:01:04.367625
8575,user_356,2052,3.7467088571531706,0,2,11,40.15921569572893,9,2025-08-25 20:01:04.367625
8576,user_815,2867,4.124635846420931,1,3,12,33.41850011925603,6,2025-10-04 20:01:04.367625
8577,user_778,2331,3.9401361166625564,1,2,9,2.34796536477504,4,2025-07-27 20:01:04.369131
8578,user_281,554,3.7031807554913825,1,4,14,89.54562059379101,3,2025-02-14 20:01:04.370139
8579,user_700,2265,3.6763187704268194,1,3,13,26.352168350276482,3,2025-04-26 20:01:04.370139
8580,user_284,2072,2.578929357097583,1,4,9,58.37665432962945,4,2025-01-14 20:01:04.372139
8581,user_599,2744,4.639416428016542,1,3,14,6.06567633966778,2,2025-10-15 20:01:04.373646
8582,user_372,1379,2.897579874640769,1,3,13,89.67120982073094,3,2025-06-05 20:01:04.375651
8583,user_861,1203,3.388593940377517,1,3,14,23.81163588320847,8,2025-08-01 20:01:04.375651
8584,user_863,657,2.243817028821283,1,2,10,8.582651555578591,5,2025-09-03 20:01:04.377179
8585,user_274,2710,3.0045633002677,1,2,14,40.15925059352843,5,2025-09-17 20:01:04.379210
8586,user_714,2521,4.3297393093053245,0,2,13,2.9738737665900628,2,2025-05-12 20:01:04.380209
8587,user_702,1636,4.486402495696935,1,4,10,19.247126079543452,7,2025-08-07 20:01:04.381197
8588,user_727,2433,2.892199372313644,1,3,14,36.60766710839849,6,2025-04-02 20:01:04.381703
8589,user_228,2868,3.6686534984619255,1,3,12,89.19714306983056,9,2025-11-30 20:01:04.382217
8590,user_187,2064,3.641878531603171,1,2,14,46.25503768356014,3,2025-07-01 20:01:04.382217
8591,user_891,987,2.2112392284948883,1,3,8,61.34089623407624,2,2025-03-09 20:01:04.382217
8592,user_660,1248,3.4698137215455134,1,2,10,3.945160260389502,5,2025-08-06 20:01:04.383938
8593,user_683,818,3.287667362669871,1,2,12,45.055258282711264,8,2025-07-31 20:01:04.384946
8594,user_48,778,2.711039574000093,1,3,10,60.73212882816074,6,2025-11-12 20:01:04.384946
8595,user_31,2386,4.020031361424566,1,3,12,9.932300436120933,9,2025-03-14 20:01:04.385945
8596,user_497,2546,2.7632664667501254,1,2,11,97.11918690367793,9,2025-03-20 20:01:04.385945
8597,user_234,1523,3.667647605444575,1,2,9,63.554080990899465,2,2025-03-10 20:01:04.386947
8598,user_24,2516,4.093426180387731,1,3,9,79.1707709674541,4,2025-10-26 20:01:04.387946
8599,user_78,2022,3.6985090514393604,1,3,8,97.91006236754973,2,2025-09-30 20:01:04.387946
8600,user_60,513,4.603868559761126,1,2,10,76.83290245985398,7,2025-04-04 20:01:04.388946
8601,user_317,1216,4.128065971640758,1,2,8,30.77016825069958,5,2025-04-27 20:01:04.389946
8602,user_923,1921,3.930693864668605,1,4,10,50.38065772683203,3,2025-04-14 20:01:04.389946
8603,user_470,1723,3.8280672725966998,1,3,14,66.60776292074789,3,2025-05-28 20:01:04.390946
8604,user_886,1587,4.282315774581856,1,3,9,31.576062344414634,4,2025-03-13 20:01:04.391946
8605,user_410,1116,3.6159494742005958,1,3,13,86.50287198320747,5,2024-12-18 20:01:04.392451
8606,user_572,2506,2.585754243964889,0,3,12,37.8853490527988,6,2025-02-16 20:01:04.392956
8607,user_247,2718,2.1667740717406576,0,4,13,18.12589560059905,4,2025-10-08 20:01:04.393963
8608,user_807,351,2.9469702239221256,1,2,13,8.22186404755948,1,2025-09-10 20:01:04.393963
8609,user_168,2645,3.011984751950541,1,2,8,76.45490038722423,3,2025-12-04 20:01:04.393963
8610,user_39,1735,4.432896783222965,0,2,9,85.85996199111177,6,2025-09-12 20:01:04.395469
8611,user_617,86,4.410041994581739,1,3,9,26.740567663351232,4,2025-06-17 20:01:04.396131
8612,user_532,1428,3.1982451785820767,1,4,11,41.264236485171814,5,2025-04-26 20:01:04.397139
8613,user_17,2528,2.9560740392849456,1,4,9,87.61144706356443,7,2025-06-09 20:01:04.397644
8614,user_734,349,3.690582751907491,1,3,10,71.10916843011084,1,2025-05-10 20:01:04.397644
8615,user_861,36,4.540711230250666,0,2,14,39.15024203165726,2,2025-02-12 20:01:04.398651
8616,user_502,153,4.694229246351066,1,4,14,40.33067379759492,9,2025-09-17 20:01:04.399651
8617,user_238,1223,2.9713361151060678,1,2,12,82.22589969131475,7,2025-07-25 20:01:04.399651
8618,user_971,2095,3.2353289340187557,1,3,11,94.46130571801224,2,2025-10-02 20:01:04.400651
8619,user_97,2017,4.015771433580204,1,2,13,11.7359301597612,3,2025-01-28 20:01:04.400651
8620,user_522,2120,3.8318967247812465,0,3,13,51.32605544849634,6,2025-03-10 20:01:04.401651
8621,user_427,759,3.315308530381252,1,4,11,50.62256308818448,3,2025-04-06 20:01:04.402651
8622,user_779,1042,1.9065862064792911,1,2,11,86.99286201562188,5,2025-02-25 20:01:04.402651
8623,user_761,79,3.602531501649014,1,3,14,74.1991100121695,6,2025-02-25 20:01:04.403652
8624,user_67,1934,4.407289935812764,1,2,14,99.2555604156499,3,2025-05-15 20:01:04.404651
8625,user_827,2316,3.356931003788055,1,2,8,43.08950857238105,8,2025-01-23 20:01:04.405156
8626,user_887,249,2.048258676681648,1,3,13,79.27202889142261,5,2025-05-15 20:01:04.405156
8627,user_554,239,3.0417778287079362,1,3,10,73.00646614636447,9,2025-11-30 20:01:04.406662
8628,user_752,2059,3.752857334421655,1,4,10,91.51199924211069,1,2025-02-22 20:01:04.407342
8629,user_935,783,4.279963492306992,0,3,13,98.57591859249251,2,2025-10-20 20:01:04.407342
8630,user_729,982,3.474825381120841,1,2,11,96.76798013248835,4,2025-09-08 20:01:04.408349
8631,user_823,259,2.3088854792179068,1,4,11,61.46550303203847,3,2024-12-19 20:01:04.408855
8632,user_287,1403,4.238998940251098,1,2,9,87.61851826047935,7,2025-03-29 20:01:04.409862
8633,user_265,394,4.163601169974058,0,3,14,68.8070045148714,4,2025-09-11 20:01:04.409862
8634,user_732,1740,2.849824328153359,1,4,13,8.24649849695217,6,2025-03-15 20:01:04.410861
8635,user_891,639,4.215456802468186,0,2,12,32.22671304300747,4,2025-02-18 20:01:04.410861
8636,user_493,233,4.139882370318697,1,2,12,45.42306568533407,6,2025-07-19 20:01:04.411861
8637,user_807,2144,3.575395991336448,1,2,9,54.21422505113185,8,2025-04-22 20:01:04.412861
8638,user_604,2183,2.9292434434026515,1,3,13,57.15349308854133,2,2025-07-21 20:01:04.413367
8639,user_759,28,3.021699041480627,1,4,11,11.702258662845955,8,2025-06-25 20:01:04.413367
8640,user_915,2734,3.389738055924278,1,4,13,18.312640146730107,9,2025-03-12 20:01:04.413367
8641,user_645,2401,2.8867311336080803,0,2,13,78.79582873690956,2,2025-09-29 20:01:04.415204
8642,user_286,424,3.8926459916962393,1,2,14,78.52561597234252,1,2025-10-20 20:01:04.415880
8643,user_440,1305,3.0212288101382443,1,3,9,36.03623892132172,4,2025-05-09 20:01:04.415880
8644,user_594,1478,2.816450540237333,1,4,12,19.379586422938367,8,2025-06-06 20:01:04.416880
8645,user_559,1597,3.620244505396078,1,2,12,72.7824937243665,1,2025-09-18 20:01:04.417880
8646,user_29,1712,4.0061530954753355,1,2,9,44.01146620130406,9,2025-05-27 20:01:04.417880
8647,user_36,966,3.498991697300747,1,2,9,60.667104072762356,9,2025-05-28 20:01:04.419386
8648,user_787,1599,2.6197690824333755,1,3,9,29.775121063827147,6,2025-01-14 20:01:04.419755
8649,user_538,626,2.9557750478123874,1,2,13,86.86583567645562,5,2025-07-22 20:01:04.420394
8650,user_330,499,2.7408578544617272,1,2,14,27.302218527087675,1,2025-11-09 20:01:04.421393
8651,user_576,1146,3.9420396590181888,1,4,10,55.29142502778194,2,2025-10-19 20:01:04.421393
8652,user_859,205,2.6140271071388845,1,2,13,53.94311005229597,5,2025-03-04 20:01:04.422408
8653,user_166,1812,3.472539456723638,1,3,14,35.832467440988324,7,2025-05-16 20:01:04.422408
8654,user_498,2642,4.032944888519475,1,2,11,17.595310991775513,8,2025-03-10 20:01:04.423917
8655,user_698,504,3.1367383621456613,1,4,11,63.768382615556554,3,2025-07-02 20:01:04.423917
8656,user_953,2313,3.8184705149978173,1,3,8,35.399556940698304,9,2025-03-29 20:01:04.424925
8657,user_681,1539,3.275083792718304,1,4,10,96.87075306050552,1,2025-05-06 20:01:04.425925
8658,user_342,2808,2.5182120961678223,1,4,10,68.20843185755496,6,2025-12-01 20:01:04.425925
8659,user_635,635,3.7217281452661903,0,3,12,27.39221103188535,4,2025-06-01 20:01:04.425925
8660,user_366,1814,3.6201661665635507,0,2,10,59.91314137379927,8,2025-06-16 20:01:04.427431
8661,user_232,2440,4.444970428652607,1,2,11,49.6526274360735,3,2024-12-17 20:01:04.428437
8662,user_223,1624,3.6493453404293357,1,3,10,86.20073316278526,6,2025-09-26 20:01:04.428943
8663,user_90,2338,2.378515766792675,0,2,10,19.528540793292226,7,2025-07-15 20:01:04.428943
8664,user_187,2537,3.3272261420829286,1,3,14,25.467156501725597,8,2025-11-16 20:01:04.429949
8665,user_872,2684,2.6749819101495156,1,4,10,52.52541380373113,8,2025-01-27 20:01:04.429949
8666,user_806,2666,3.7607495895644303,1,2,14,98.15372863673663,2,2025-08-14 20:01:04.431454
8667,user_5,1949,3.87028450497989,1,2,11,84.34273653698955,7,2025-08-23 20:01:04.431814
8668,user_762,1291,2.625530188690396,1,2,9,87.17816163448619,7,2024-12-16 20:01:04.432688
8669,user_857,0,2.691465230841936,1,4,10,97.52513897466861,7,2025-10-23 20:01:04.432688
8670,user_304,1433,3.6241774114649137,0,4,13,71.61428863374448,8,2025-02-09 20:01:04.433694
8671,user_864,1908,2.270618833215009,0,2,14,91.55009426268542,9,2025-05-13 20:01:04.434701
8672,user_164,230,3.1114190931573247,1,3,11,22.523134537826028,3,2025-02-01 20:01:04.434701
8673,user_654,1267,3.2239742306018035,1,4,11,28.567430578302545,7,2025-05-25 20:01:04.435701
8674,user_582,579,3.882493824991036,1,2,13,33.562772802298355,6,2025-02-14 20:01:04.435701
8675,user_770,2123,2.3224766632055935,0,2,13,6.163715474454834,5,2025-11-01 20:01:04.436700
8676,user_839,1740,3.7454722093635966,1,2,10,4.3771667385835045,1,2025-09-29 20:01:04.437701
8677,user_945,2095,3.395088978321208,0,2,8,4.031668976892311,8,2025-05-08 20:01:04.437701
8678,user_637,2275,4.609589185189769,1,2,10,88.86724928688174,8,2025-06-26 20:01:04.438719
8679,user_921,2052,3.6837547335501633,1,3,12,76.31529743412233,9,2025-03-31 20:01:04.439700
8680,user_453,1350,4.7635582524903075,1,4,9,61.12100032911645,8,2025-12-07 20:01:04.440700
8681,user_444,956,1.7474065607027949,1,4,14,56.411727008416314,2,2025-07-30 20:01:04.442205
8682,user_933,178,3.219876144134753,1,2,11,48.09795291098213,2,2025-11-09 20:01:04.443243
8683,user_600,2642,3.9903589951238843,1,2,14,12.621134420267243,9,2025-05-16 20:01:04.443243
8684,user_662,797,2.968818548206501,1,3,10,94.77549260522014,2,2025-07-03 20:01:04.444418
8685,user_99,1539,3.0029895825598203,0,3,9,7.088622582551906,9,2025-09-12 20:01:04.445424
8686,user_440,533,3.475895378009768,1,4,14,12.60919501904877,4,2025-01-23 20:01:04.445930
8687,user_787,192,3.7664155707131104,1,3,11,90.20031613327562,6,2025-02-28 20:01:04.446784
8688,user_468,471,2.0781174801983275,1,3,8,25.86085504162484,8,2025-10-10 20:01:04.446784
8689,user_73,1497,3.017314670667087,1,2,9,95.59332619360846,2,2025-02-05 20:01:04.447788
8690,user_856,1297,4.57431231008907,1,2,10,30.85903707649874,5,2025-07-27 20:01:04.447788
8691,user_655,632,2.877036480461708,1,3,13,80.68766139246706,5,2025-01-11 20:01:04.448795
8692,user_22,222,4.029990404561369,1,4,14,37.65188160543567,2,2025-06-02 20:01:04.448795
8693,user_581,1491,4.573865097458596,1,4,10,8.365017181887547,4,2025-03-04 20:01:04.449795
8694,user_595,2834,1.834412749500313,1,4,11,97.38873706334019,5,2025-06-04 20:01:04.450795
8695,user_149,1829,2.7613453927753535,1,4,9,15.039830922887454,3,2025-02-11 20:01:04.450795
8696,user_235,228,3.697900429707876,1,2,9,91.51156745207685,1,2025-05-02 20:01:04.451795
8697,user_330,28,3.214503680301189,1,2,11,31.685117147298314,4,2025-06-24 20:01:04.451795
8698,user_732,82,3.4131370699338834,1,2,10,36.01036823996926,2,2025-03-22 20:01:04.452795
8699,user_727,686,2.870768619092176,0,2,9,73.82984048708168,2,2025-06-09 20:01:04.453795
8700,user_730,1381,2.128304419521198,1,3,10,27.832278009128853,8,2025-01-18 20:01:04.453795
8701,user_468,1697,2.869686823099274,1,2,9,57.94375538442479,6,2025-12-11 20:01:04.454825
8702,user_677,2585,3.0876196963468274,1,3,12,12.021589424221691,7,2025-09-06 20:01:04.454825
8703,user_408,54,3.253929679233398,1,2,9,72.30819142770251,4,2025-03-29 20:01:04.457389
8704,user_329,2131,2.1002718710329624,0,2,11,22.26239586847132,7,2025-11-14 20:01:04.458522
8705,user_346,159,2.378033316014298,1,3,10,72.31853037014804,9,2025-11-09 20:01:04.458522
8706,user_931,831,3.3100832516867333,1,3,11,80.60741742425071,5,2025-03-07 20:01:04.460055
8707,user_226,2651,3.7679804991696653,0,3,8,17.193308400368334,7,2025-05-15 20:01:04.461071
8708,user_498,2104,3.4798975674760184,1,2,8,70.33500347600685,6,2025-07-05 20:01:04.461071
8709,user_167,2186,2.655053971991161,0,2,11,14.673894348416361,7,2025-11-26 20:01:04.462071
8710,user_803,1191,3.9716050836975767,1,2,9,72.04098069900097,5,2025-01-21 20:01:04.462071
8711,user_69,561,3.5770213016195296,1,4,8,65.12986174403184,8,2025-08-04 20:01:04.463071
8712,user_584,1682,2.2066777214414173,0,2,12,59.28369818561928,5,2025-06-05 20:01:04.463071
8713,user_652,1937,3.890990104116465,1,3,11,38.0173047455005,9,2025-10-06 20:01:04.464071
8714,user_949,1118,4.569377252965675,1,4,12,40.92971550267326,8,2025-08-03 20:01:04.465071
8715,user_689,1543,2.459287593865623,1,2,8,38.494359149423964,1,2025-05-08 20:01:04.465577
8716,user_513,1200,2.6307330950339582,1,3,11,18.271768207975303,5,2025-07-08 20:01:04.465577
8717,user_889,2127,3.6610530973688418,1,2,8,42.685988299865016,4,2025-02-20 20:01:04.466583
8718,user_187,2864,4.100361374520927,1,3,8,60.67669396678084,4,2025-08-31 20:01:04.467583
8719,user_909,2891,4.045140662315553,1,2,12,66.19189297761922,6,2025-02-14 20:01:04.467583
8720,user_648,561,3.6962169147956287,1,4,11,67.58153680433135,8,2025-02-06 20:01:04.467583
8721,user_224,772,3.6984411404080086,1,4,8,64.4884092779277,3,2025-10-16 20:01:04.469088
8722,user_519,1425,2.5706056726661175,1,2,12,90.43063607580547,1,2025-07-10 20:01:04.469474
8723,user_543,909,4.234432752771139,1,3,11,98.02616256852468,5,2025-02-11 20:01:04.470095
8724,user_229,2468,2.415084645810414,1,4,11,8.093703153521126,3,2025-08-25 20:01:04.471093
8725,user_162,1150,3.8859309047178545,1,2,10,54.80036372473748,3,2025-01-06 20:01:04.471093
8726,user_58,2006,3.3825843116863985,1,4,10,42.24609313451799,5,2025-09-04 20:01:04.472121
8727,user_270,2705,3.5234626312048114,1,3,12,56.95869458205721,6,2025-04-13 20:01:04.473629
8728,user_553,527,3.474288937143462,1,4,9,75.00702279430634,7,2025-01-17 20:01:04.474633
8729,user_655,2103,3.4078138704755223,1,2,11,87.04027075648561,3,2025-03-23 20:01:04.475661
8730,user_582,2596,3.2917696469637536,1,2,14,61.06692951690255,1,2025-07-18 20:01:04.476197
8731,user_769,1961,3.2666001679826446,0,4,9,16.142895454191407,9,2025-07-16 20:01:04.477205
8732,user_693,1382,2.664031570073763,1,4,13,41.91066337521404,3,2025-09-10 20:01:04.477566
8733,user_94,314,4.102508311431489,1,3,12,6.746291966787965,6,2025-02-15 20:01:04.478212
8734,user_686,1991,2.8817106663277716,1,3,14,94.51364856875041,4,2025-02-12 20:01:04.479211
8735,user_558,1023,4.088659598040878,1,4,13,93.03898067549699,7,2025-10-11 20:01:04.479211
8736,user_280,2032,2.613244475499621,1,4,13,46.340762480566845,5,2025-12-05 20:01:04.480212
8737,user_388,1971,2.951891659359168,1,4,12,96.21309765256947,1,2025-08-05 20:01:04.480212
8738,user_717,2548,2.4685777503259443,1,2,14,1.9912329883577606,4,2025-09-10 20:01:04.481211
8739,user_103,2412,3.785923763848918,0,3,9,56.05276192644214,4,2025-11-12 20:01:04.481716
8740,user_81,2333,3.9519621602678927,1,4,12,20.696240189090066,1,2025-04-03 20:01:04.482721
8741,user_943,1598,2.637099390064159,1,4,13,57.03188771920361,9,2025-07-10 20:01:04.483574
8742,user_479,2657,3.560267631775466,1,3,14,99.07511199048604,4,2025-06-18 20:01:04.484580
8743,user_670,2601,3.297142585561128,1,4,8,25.878984126215464,7,2025-11-22 20:01:04.484580
8744,user_362,1262,4.512662416211188,1,2,12,7.841280505113235,2,2025-01-30 20:01:04.485581
8745,user_876,2058,2.438152857862564,1,4,14,55.242036785986734,2,2025-10-11 20:01:04.485581
8746,user_78,1196,2.840394468154166,1,2,10,5.441641807711983,9,2025-10-25 20:01:04.486581
8747,user_922,252,2.774276865983984,1,3,11,10.551682552076647,3,2025-04-05 20:01:04.487581
8748,user_827,1989,4.133385892140522,1,3,13,77.79599474946917,2,2025-03-16 20:01:04.487581
8749,user_804,385,3.5131928051931673,1,3,12,42.67449412975493,1,2025-02-02 20:01:04.488611
8750,user_245,2364,2.955771797103071,1,2,11,58.405366067518,1,2025-03-13 20:01:04.489582
8751,user_410,127,2.7731615109997767,1,2,12,81.4426156740018,4,2025-08-06 20:01:04.491082
8752,user_670,1786,3.629189719681598,1,2,11,42.21461332649351,1,2025-08-10 20:01:04.492085
8753,user_115,2002,3.4177538320209617,1,2,14,30.849072209688156,5,2025-06-25 20:01:04.493092
8754,user_243,1084,2.674160779943259,1,2,13,10.091236603434261,4,2025-09-15 20:01:04.493597
8755,user_521,1503,3.1872955757786094,1,2,11,82.74027247217929,6,2025-06-02 20:01:04.493597
8756,user_354,57,2.88066350153482,1,2,10,11.61059090769796,9,2025-08-21 20:01:04.494603
8757,user_571,1341,4.452889942326986,1,3,14,59.63974778466019,7,2025-08-15 20:01:04.495603
8758,user_831,2691,2.957931902734283,1,2,11,29.595017006270552,8,2025-09-21 20:01:04.496436
8759,user_20,302,3.9249241873147303,0,4,9,81.17862379124126,4,2025-06-23 20:01:04.496436
8760,user_625,444,1.9612028818081506,1,2,14,66.02186636141278,8,2025-07-03 20:01:04.497115
8761,user_637,641,4.899887960543316,1,2,12,57.389631952508765,1,2024-12-18 20:01:04.498115
8762,user_143,2171,2.6749082776535618,1,3,14,83.12494623850895,9,2025-06-15 20:01:04.498620
8763,user_329,2497,3.2801172426368894,1,4,11,98.09550833860669,7,2025-09-19 20:01:04.498620
8764,user_386,2368,3.8244487484565535,1,2,12,27.88984119033826,6,2025-09-27 20:01:04.499627
8765,user_813,918,3.721228406743767,1,2,12,32.375398398344046,9,2025-07-30 20:01:04.500627
8766,user_345,1483,4.275218541264165,1,3,13,39.02233199791548,5,2025-12-03 20:01:04.500627
8767,user_640,398,3.8602241973936713,1,3,14,7.4548133242472,3,2025-05-14 20:01:04.501627
8768,user_68,2523,2.826472994454816,1,4,9,90.19828757554713,2,2025-05-15 20:01:04.501627
8769,user_183,1943,3.4603737234888103,1,4,12,15.842659422827932,4,2025-01-14 20:01:04.502627
8770,user_746,2083,2.8385419330248385,1,3,9,38.90057226475091,1,2025-12-06 20:01:04.503627
8771,user_122,1109,4.122830035721701,1,2,11,91.5138326957346,9,2025-05-08 20:01:04.503627
8772,user_347,113,4.7399450899883755,1,3,9,27.521802319682408,3,2025-05-04 20:01:04.504626
8773,user_258,601,4.289272932322642,1,3,13,55.80355400503812,5,2025-03-24 20:01:04.504626
8774,user_26,1030,2.9561889515770763,0,2,11,85.69813257215017,7,2025-09-24 20:01:04.506211
8775,user_50,841,4.256732002942833,1,3,12,1.83299379464541,3,2025-09-02 20:01:04.506725
8776,user_304,2844,4.585251429161698,1,3,12,74.28917180831044,9,2025-06-04 20:01:04.507729
8777,user_681,882,1.9385381214445254,1,4,13,43.60482064435983,5,2025-02-11 20:01:04.507729
8778,user_732,1136,2.8950144953249044,1,3,11,81.72530659019401,8,2025-03-03 20:01:04.508540
8779,user_91,495,2.297023395576189,1,3,13,99.88238112132406,3,2025-09-10 20:01:04.509575
8780,user_378,2766,3.092271695080507,1,4,9,48.294769365362086,7,2025-01-28 20:01:04.510547
8781,user_196,1865,3.798710919107334,1,2,14,19.83217511856695,4,2025-02-16 20:01:04.510547
8782,user_37,1034,3.938796918250321,1,2,11,82.67340497478772,4,2025-02-07 20:01:04.511546
8783,user_545,1324,3.211302550810175,1,2,10,19.677122046261776,9,2025-10-28 20:01:04.512547
8784,user_302,1229,3.2718985401564273,1,4,11,47.98129869354979,2,2025-05-08 20:01:04.512547
8785,user_693,1722,2.198012161535196,1,4,12,57.46546549402163,6,2025-06-01 20:01:04.513546
8786,user_658,2725,2.9075140860139017,1,3,11,79.81708184602742,9,2025-04-09 20:01:04.514546
8787,user_246,731,3.9022026229668967,1,3,14,21.9564169736605,4,2025-07-04 20:01:04.515051
8788,user_611,1013,3.329112458048632,1,3,13,66.76244613727845,1,2025-07-15 20:01:04.515051
8789,user_223,2240,2.651718564636644,1,2,9,97.46094408286368,5,2025-03-05 20:01:04.516057
8790,user_871,2688,3.9553168309802844,0,2,12,50.397019752864935,3,2024-12-17 20:01:04.516057
8791,user_796,2695,3.3077695933420563,1,4,14,3.022555951180117,3,2024-12-24 20:01:04.517057
8792,user_227,2706,5.0,1,3,13,28.529978580786807,3,2025-11-14 20:01:04.517057
8793,user_211,1543,4.616435771282294,1,2,10,76.39737946224304,4,2024-12-28 20:01:04.518563
8794,user_263,1449,5.0,1,4,9,19.18596019022075,7,2025-10-18 20:01:04.519078
8795,user_95,1336,3.1175275494543206,1,3,8,82.35382080304637,9,2025-01-20 20:01:04.519078
8796,user_21,172,2.2206230320326954,1,4,8,55.623254541244904,3,2025-10-25 20:01:04.520084
8797,user_843,483,3.5413552667657693,1,3,14,95.39132794088786,1,2025-08-16 20:01:04.521084
8798,user_694,1627,3.2296354594453662,1,4,9,67.96040275276786,7,2025-01-11 20:01:04.522085
8799,user_211,912,4.00881225898815,1,3,9,47.877890305404655,7,2025-06-14 20:01:04.522085
8800,user_407,1462,2.9648579966657804,1,4,9,52.20674511643983,9,2025-09-28 20:01:04.522085
8801,user_236,2526,3.8039740280987244,0,3,10,57.12816532238703,7,2025-04-16 20:01:04.523589
8802,user_773,2835,3.304848156349517,1,4,11,53.64456180285438,6,2025-02-04 20:01:04.524449
8803,user_94,2292,3.8685276028021844,1,3,8,66.46954268241628,2,2025-12-01 20:01:04.525454
8804,user_790,1336,3.233847972256407,1,2,12,50.019525805075105,3,2025-08-28 20:01:04.525454
8805,user_273,2288,3.715363654534188,0,2,11,94.84637905039759,7,2025-06-17 20:01:04.526451
8806,user_18,1993,4.446247514622875,1,3,10,44.23002414803127,8,2025-10-25 20:01:04.526451
8807,user_409,176,2.3864480749069528,1,4,11,63.60912449775816,2,2025-02-15 20:01:04.528958
8808,user_796,281,2.536649572602404,1,3,10,83.07082212769569,3,2025-09-14 20:01:04.528958
8809,user_846,239,2.551941747758919,1,4,9,16.694110381430004,3,2025-06-13 20:01:04.529990
8810,user_859,2785,3.8380242161885123,1,2,8,92.02613390774263,4,2025-07-20 20:01:04.530974
8811,user_115,1325,4.002883770708045,1,3,8,10.17450425623776,3,2025-05-07 20:01:04.531510
8812,user_829,78,4.29217346073461,1,3,13,73.59299907868355,7,2024-12-23 20:01:04.532032
8813,user_170,1286,3.5504458721272414,1,2,12,28.121959931021756,4,2025-11-08 20:01:04.532032
8814,user_136,2363,4.7570036864328165,1,2,13,49.55883460675484,9,2025-03-09 20:01:04.533591
8815,user_482,1316,3.1574124747082934,1,4,8,78.61500672955101,2,2025-05-18 20:01:04.533591
8816,user_833,1067,3.999501293687154,1,4,12,56.86432091443747,6,2025-12-09 20:01:04.534620
8817,user_750,2763,4.030963067246892,1,3,9,75.37547775628731,2,2025-10-12 20:01:04.535619
8818,user_348,1588,3.237922752854427,1,4,9,3.9112013818597746,2,2025-05-19 20:01:04.535619
8819,user_268,2062,3.2624086710018085,1,2,9,69.1832232643723,2,2025-03-25 20:01:04.536618
8820,user_589,2449,4.045742948140028,1,4,11,75.1215489361119,6,2025-01-23 20:01:04.536618
8821,user_9,2889,4.352643509506864,1,2,10,84.33505485365967,5,2025-04-26 20:01:04.537604
8822,user_64,1776,3.4365078876068558,1,4,8,19.99040307411092,3,2025-07-21 20:01:04.538620
8823,user_419,823,2.8205734667248255,1,2,14,98.93562246604742,8,2024-12-28 20:01:04.539155
8824,user_53,1555,2.6068607261563117,0,2,10,97.8316989134594,6,2025-10-03 20:01:04.540163
8825,user_160,1472,4.1548612600734405,1,3,10,38.99923627535231,9,2025-11-15 20:01:04.540163
8826,user_368,1916,4.208459340330731,1,2,9,7.126100090509868,3,2025-08-02 20:01:04.540163
8827,user_299,2577,4.187496361953395,1,3,10,84.60010706679064,5,2025-05-23 20:01:04.541683
8828,user_964,2824,3.98464531187949,1,3,12,95.17452922729608,7,2025-08-14 20:01:04.541683
8829,user_566,1214,2.8963654572253867,1,4,12,69.34238558478305,6,2025-03-01 20:01:04.541683
8830,user_89,358,2.8080967529150493,1,2,11,28.942301829800854,9,2025-07-08 20:01:04.544395
8831,user_953,766,3.903668500874248,1,4,8,19.361168488586465,1,2025-06-07 20:01:04.545901
8832,user_795,787,2.6092143342825604,1,3,13,64.37571480993103,5,2025-11-05 20:01:04.545901
8833,user_510,2521,3.046323905347972,0,4,12,13.61723032091665,8,2025-08-27 20:01:04.546909
8834,user_136,1401,4.0278647381636095,0,4,14,13.911201722153955,9,2025-09-25 20:01:04.547908
8835,user_569,1758,2.9348565840024867,1,4,14,53.270372149205244,3,2025-07-22 20:01:04.548413
8836,user_578,1661,2.9614461009459494,1,4,10,78.57008567790105,4,2025-08-07 20:01:04.548413
8837,user_896,351,3.2847626276491173,1,3,12,74.20058250690906,9,2025-11-01 20:01:04.549419
8838,user_203,1395,3.6885197568070787,1,4,10,88.06324822894233,6,2025-09-26 20:01:04.550547
8839,user_786,2821,4.14053014853559,1,4,12,65.84141132768266,6,2024-12-28 20:01:04.551582
8840,user_209,2207,3.65629897888671,1,2,9,42.487821393257505,4,2025-10-29 20:01:04.552576
8841,user_792,661,3.200977577483675,1,4,11,15.645431795312238,6,2025-03-04 20:01:04.554086
8842,user_650,1690,2.691862537618954,1,2,9,54.14767257001557,9,2025-06-16 20:01:04.554601
8843,user_620,1950,3.5888316053530227,1,3,9,90.18667707279968,6,2025-04-25 20:01:04.555632
8844,user_658,2871,2.11576697551627,1,4,11,4.065319508463805,9,2025-02-09 20:01:04.555632
8845,user_848,978,3.193572518644317,1,2,12,92.83990550923642,2,2025-03-30 20:01:04.556629
8846,user_382,1799,3.3654674701523093,1,3,13,95.24210530745863,4,2025-08-17 20:01:04.557153
8847,user_848,1455,3.0163336473765043,1,2,12,1.918949452981289,3,2025-06-03 20:01:04.557153
8848,user_849,1913,2.1336003642187658,1,4,9,99.72777119976493,9,2024-12-15 20:01:04.559049
8849,user_588,384,3.9061263633157894,1,2,14,12.796724806440562,9,2025-07-30 20:01:04.559756
8850,user_254,1387,5.0,1,3,11,55.47668564471911,4,2025-03-30 20:01:04.560741
8851,user_51,1278,2.3141770251811136,1,2,13,84.47414399072858,9,2025-07-30 20:01:04.560741
8852,user_572,617,3.0194892970593665,1,2,14,97.4896022102599,8,2025-10-19 20:01:04.562740
8853,user_85,2550,3.4005266457105003,1,2,10,99.15831928618192,2,2025-04-13 20:01:04.563739
8854,user_187,129,4.721499591667456,1,2,10,44.97627468874644,2,2025-03-11 20:01:04.565260
8855,user_323,2055,4.171542820218643,1,2,14,75.83138803151574,1,2025-01-31 20:01:04.566293
8856,user_657,1121,3.3567122180796867,0,4,11,81.14065259846774,4,2025-08-04 20:01:04.568290
8857,user_295,561,2.7819958312548136,1,2,13,55.790635063095316,2,2025-04-12 20:01:04.569289
8858,user_596,2161,3.143986972812148,1,2,9,98.53854757063915,1,2025-09-22 20:01:04.570456
8859,user_795,12,3.7148573300787677,1,3,8,64.08117587256513,5,2025-11-16 20:01:04.571460
8860,user_236,1652,3.578300036484014,1,3,8,97.03417245089575,2,2025-09-27 20:01:04.572458
8861,user_715,1614,4.190960389145668,1,2,13,12.730404705016618,1,2025-05-24 20:01:04.572458
8862,user_316,2679,2.4834271732130055,1,2,14,69.29589988211822,9,2025-10-25 20:01:04.573457
8863,user_183,2178,4.819448525253548,1,2,13,73.61174491492484,9,2025-02-06 20:01:04.574583
8864,user_178,2253,3.520936751885298,1,4,14,65.4659645242955,1,2025-02-09 20:01:04.575585
8865,user_309,261,3.78451193195903,1,3,13,88.84195415912141,1,2024-12-18 20:01:04.577211
8866,user_173,1419,3.168759234505712,1,2,10,36.92235033229837,7,2025-07-25 20:01:04.578338
8867,user_719,2060,3.1294770171976984,1,4,10,82.07618315441728,8,2025-06-27 20:01:04.579338
8868,user_267,2718,3.7552019109955217,1,4,12,81.46166468247502,7,2025-02-08 20:01:04.579958
8869,user_480,2860,3.1051625048037828,1,2,13,32.004847461686104,6,2025-10-24 20:01:04.581578
8870,user_60,1803,2.567214394945202,1,3,8,38.02119342592049,1,2025-11-21 20:01:04.582603
8871,user_486,54,5.0,1,4,8,39.17603106741171,6,2025-02-21 20:01:04.583109
8872,user_388,1441,2.8360512448481545,1,2,11,62.71924480649126,3,2025-03-15 20:01:04.583470
8873,user_5,458,2.81876392942281,1,3,8,26.487752490681338,8,2025-08-24 20:01:04.584268
8874,user_604,486,2.9664001124188526,1,3,8,9.215290059722303,3,2025-12-09 20:01:04.585474
8875,user_421,1753,2.495171053081874,1,3,12,83.53908654115475,7,2024-12-23 20:01:04.586490
8876,user_366,2132,3.8323840713999116,1,4,14,44.44871308094971,2,2025-05-04 20:01:04.587447
8877,user_742,1951,2.520769757598493,1,3,14,33.207866964717326,3,2025-10-16 20:01:04.588361
8878,user_847,1964,4.404555689468918,1,2,11,64.042864632462,3,2025-01-26 20:01:04.589360
8879,user_696,1628,4.526780643138852,1,2,9,56.89737163953161,4,2024-12-14 20:01:04.589360
8880,user_823,719,3.1373457250910723,1,2,8,96.60285510568468,3,2025-02-04 20:01:04.591462
8881,user_741,267,3.1270451826702854,1,4,12,17.081346350280914,2,2025-07-21 20:01:04.592073
8882,user_803,2039,3.4046966144154642,1,4,10,17.579712436995376,3,2025-08-20 20:01:04.593658
8883,user_83,983,3.1310695213967965,1,2,12,39.58116019202941,8,2025-07-20 20:01:04.594857
8884,user_709,1786,3.0807525797535718,1,3,14,57.60837521252425,4,2025-04-29 20:01:04.595474
8885,user_781,249,4.739992820479401,1,2,10,15.736874787037781,9,2025-11-17 20:01:04.596314
8886,user_615,2830,2.6691557441263676,1,4,14,42.68963714709777,3,2025-10-10 20:01:04.597976
8887,user_622,1175,3.609922855090624,1,3,10,1.5748005182420033,8,2025-05-02 20:01:04.598985
8888,user_199,132,4.177823822067915,1,4,12,39.89203742316823,4,2025-01-09 20:01:04.600110
8889,user_594,1923,2.2737513181120947,1,3,10,2.7946155621202062,9,2025-07-06 20:01:04.601860
8890,user_506,2850,3.2914424865814618,1,3,8,93.58203150838536,5,2025-07-07 20:01:04.602860
8891,user_484,2660,2.7619218492589166,1,3,14,51.76725993368307,9,2025-07-22 20:01:04.603861
8892,user_402,585,3.4273881647746163,1,3,12,91.56415578490432,1,2025-01-15 20:01:04.605489
8893,user_656,1712,4.33262203032493,1,4,11,49.07115217364936,6,2025-06-19 20:01:04.606611
8894,user_391,2627,2.856700436154199,1,4,11,47.43865363248128,3,2024-12-25 20:01:04.607727
8895,user_837,337,3.7697243825752507,1,2,14,11.737970002803344,1,2025-04-10 20:01:04.609039
8896,user_936,1679,3.7539807479520606,1,4,8,31.650590618454054,1,2025-09-21 20:01:04.610278
8897,user_432,1783,3.855511117131727,1,2,10,31.995257262928554,6,2025-12-06 20:01:04.611461
8898,user_857,2640,3.623481165907335,0,4,10,5.15225566343881,2,2025-01-06 20:01:04.612474
8899,user_406,441,4.055744002752503,1,4,12,22.35754060709163,9,2025-10-14 20:01:04.613469
8900,user_209,2142,3.6729073546067883,0,3,14,97.7123048802952,9,2025-09-27 20:01:04.613469
8901,user_642,2199,3.6361881651924675,1,4,10,7.741020374939178,5,2025-01-05 20:01:04.615089
8902,user_118,1007,2.8928122451349183,0,3,8,13.006920185788061,9,2025-04-04 20:01:04.617214
8903,user_543,2543,3.137760868920072,1,2,10,82.21354731354222,4,2025-06-16 20:01:04.618211
8904,user_459,1200,2.793351506024293,1,4,8,11.099016410946616,1,2025-04-12 20:01:04.619212
8905,user_126,2861,3.1999760305124063,1,3,14,45.394404020552884,7,2025-01-05 20:01:04.620515
8906,user_921,1260,4.405066869549123,1,3,11,36.643028045207636,6,2025-11-15 20:01:04.621405
8907,user_519,483,4.034164511623214,1,3,12,70.35023762414865,5,2025-10-14 20:01:04.621405
8908,user_236,1690,4.769049645001088,1,3,8,42.63291953214944,6,2025-05-05 20:01:04.622411
8909,user_755,1028,3.1517067007200326,0,3,13,22.754026250684344,2,2025-07-07 20:01:04.623404
8910,user_713,1800,4.242330373800172,1,4,12,22.944010621606324,4,2025-01-26 20:01:04.625025
8911,user_23,2330,3.1437492527342212,1,3,9,48.97177445827449,8,2025-05-08 20:01:04.626021
8912,user_9,566,3.4402742812175564,1,4,14,4.303016652794245,4,2025-06-28 20:01:04.626021
8913,user_386,1848,3.558034357571535,1,4,14,36.36763652931304,2,2025-07-16 20:01:04.627526
8914,user_567,691,3.7437909632812363,1,3,11,82.02264835314972,5,2025-07-02 20:01:04.627526
8915,user_82,1638,3.0462582255724002,1,4,9,20.210543106683364,8,2025-07-06 20:01:04.628533
8916,user_202,1859,3.2527980716656058,1,2,8,43.179789626476136,4,2025-05-22 20:01:04.628533
8917,user_692,811,3.408150096857131,1,4,14,7.745414440303655,5,2025-04-15 20:01:04.629533
8918,user_695,1115,4.4448666356889195,1,3,10,69.01729266433205,1,2025-03-25 20:01:04.631793
8919,user_322,2130,3.7126885801155134,1,4,10,54.44989227074096,6,2025-04-09 20:01:04.632622
8920,user_92,1814,3.6485402345368523,1,2,8,85.71889985482052,2,2025-05-27 20:01:04.633744
8921,user_420,1564,3.900322923275661,0,4,11,70.04116834099612,4,2025-03-16 20:01:04.635060
8922,user_919,1896,2.545630540113018,1,4,10,58.4994152909646,3,2025-10-05 20:01:04.636056
8923,user_33,730,3.483949271819723,1,3,10,43.931241123388276,1,2025-02-03 20:01:04.637039
8924,user_81,2818,2.8674716859767084,1,4,10,42.13125887344891,5,2024-12-21 20:01:04.637039
8925,user_826,1816,4.84530115032222,1,3,12,46.272980059632204,9,2025-05-07 20:01:04.637936
8926,user_71,55,4.088559061486622,1,4,8,10.84459258948678,6,2025-01-09 20:01:04.638935
8927,user_223,316,2.6645937643420208,1,2,11,63.22203280792703,5,2025-07-02 20:01:04.638935
8928,user_503,1659,3.371975956528379,1,2,11,59.585861508700496,2,2025-06-25 20:01:04.639934
8929,user_609,1680,3.5414878479320526,1,3,13,41.8149327399449,5,2025-02-01 20:01:04.639934
8930,user_429,1716,2.6450548799252878,1,2,9,65.2635211838359,2,2025-11-18 20:01:04.641470
8931,user_180,2586,2.7074772202286943,1,3,11,99.43107672632738,9,2025-11-12 20:01:04.642096
8932,user_568,790,3.7947942358312914,1,2,12,59.48439233289764,3,2025-05-17 20:01:04.642096
8933,user_189,668,3.727272938817765,1,2,10,45.481730574432554,4,2025-07-20 20:01:04.643211
8934,user_181,1168,2.3017403410168016,1,3,13,40.02892271676702,3,2025-03-25 20:01:04.643211
8935,user_812,2848,3.8003182529598423,1,4,13,51.310897904795794,2,2025-04-14 20:01:04.643211
8936,user_948,631,2.7202358319819053,1,2,14,59.65505272980036,1,2025-07-08 20:01:04.644513
8937,user_306,363,4.211447245247891,1,2,14,21.598759575341575,1,2024-12-25 20:01:04.645517
8938,user_236,2139,4.067915790910777,1,2,8,22.382646026323926,5,2025-01-13 20:01:04.645517
8939,user_17,1915,2.9105022325946317,1,2,8,22.29696571448959,4,2025-02-06 20:01:04.646347
8940,user_521,1280,3.002288076616046,1,3,14,99.32110039015554,8,2025-10-20 20:01:04.646347
8941,user_474,2034,3.551526311988901,1,2,12,89.85196768787925,1,2025-05-21 20:01:04.646347
8942,user_595,2593,1.980453772750587,1,3,9,45.595488051397446,3,2025-07-15 20:01:04.648173
8943,user_133,855,3.899654304681281,1,2,12,58.99874226629333,3,2025-11-06 20:01:04.648173
8944,user_188,1782,2.889000800214224,1,4,10,24.889433405009143,7,2025-12-09 20:01:04.649286
8945,user_823,2843,3.166516327177556,1,4,13,65.566928779626,5,2025-01-04 20:01:04.650275
8946,user_620,2876,4.172338678542808,1,4,9,45.72151415608351,2,2025-04-16 20:01:04.651287
8947,user_804,2803,3.869313505619345,1,3,14,19.24667983561602,8,2025-06-09 20:01:04.652182
8948,user_377,1783,2.771737765707768,1,4,9,13.415442974959257,8,2025-02-04 20:01:04.652182
8949,user_959,2553,5.0,1,2,12,75.99189183354812,8,2025-11-25 20:01:04.653182
8950,user_88,2208,4.223038564375878,1,4,9,77.95357605282169,2,2025-10-04 20:01:04.654729
8951,user_19,1677,2.9869368932500446,1,2,10,97.24488341223395,7,2025-07-07 20:01:04.655740
8952,user_164,1326,2.049953036116741,1,3,14,54.25149432702143,2,2025-01-09 20:01:04.656247
8953,user_443,2528,3.394595970307458,1,2,10,15.632484031428062,3,2025-11-11 20:01:04.657254
8954,user_718,2454,4.690242205022032,0,2,11,18.579180066534185,4,2025-10-09 20:01:04.658255
8955,user_718,2875,4.753549161156641,0,2,12,67.62781647863223,3,2025-10-08 20:01:04.658255
8956,user_922,533,2.303730969577974,1,2,14,55.90206687505268,8,2025-03-26 20:01:04.659252
8957,user_481,2290,3.0642069910601966,0,4,8,56.599937447120666,7,2025-08-14 20:01:04.660251
8958,user_810,1602,3.664148720557542,1,3,11,76.45384605750658,8,2025-11-19 20:01:04.661758
8959,user_519,1237,4.2602433857338475,1,4,12,36.141821371645996,9,2025-01-19 20:01:04.662827
8960,user_623,535,2.4411367872063643,1,3,10,84.45319362289763,4,2025-07-26 20:01:04.663762
8961,user_124,1492,2.9955278879220937,1,2,9,56.75411582031937,9,2025-12-08 20:01:04.663762
8962,user_858,1626,2.4862093728759715,1,4,13,17.17461114637141,1,2025-02-03 20:01:04.664761
8963,user_828,988,2.690123105173439,1,2,12,38.31804511092173,7,2025-02-04 20:01:04.665263
8964,user_13,159,4.033684425808931,1,2,9,52.54274910525516,6,2025-08-30 20:01:04.666266
8965,user_154,80,2.9386042183445302,1,3,8,96.9330314851357,2,2025-12-05 20:01:04.666266
8966,user_806,1468,2.506146706724502,1,3,12,30.834745895062333,3,2025-05-16 20:01:04.668268
8967,user_505,2302,3.9838331788063255,1,4,10,28.643913139596776,7,2025-11-25 20:01:04.668268
8968,user_54,593,3.1282258575875974,1,2,9,83.92513275052018,7,2025-03-05 20:01:04.669370
8969,user_40,1691,3.439264021690153,1,2,9,41.44928139029377,9,2025-01-02 20:01:04.669977
8970,user_64,1790,2.4936989810252714,0,4,9,3.919830703969651,9,2025-04-23 20:01:04.669977
8971,user_398,2562,1.952980722358003,1,4,13,81.12103239351335,7,2025-04-06 20:01:04.670978
8972,user_851,1433,2.9381474942114765,1,4,10,50.33670543895209,8,2025-10-04 20:01:04.671980
8973,user_715,1035,3.490082548721662,1,4,14,12.85975970536497,8,2025-10-03 20:01:04.671980
8974,user_566,1373,2.729699992167138,1,3,13,12.247529471092221,8,2025-03-03 20:01:04.671980
8975,user_33,281,2.200849167839674,1,4,11,26.13499613328978,3,2024-12-31 20:01:04.673485
8976,user_743,363,3.9231139975546463,1,2,12,72.615655175576,2,2025-10-08 20:01:04.674490
8977,user_367,590,3.3951472409128174,1,4,11,79.2597630541634,3,2025-05-21 20:01:04.674490
8978,user_772,2709,3.8495900174644655,1,4,13,71.39749327743675,8,2025-11-18 20:01:04.675490
8979,user_268,2378,4.268696416302353,1,4,13,64.1804468393602,5,2025-04-17 20:01:04.676490
8980,user_140,1175,4.782242985624743,1,4,12,86.3170207324159,1,2025-10-02 20:01:04.676490
8981,user_741,324,2.738511322560501,1,4,8,37.60291286527959,2,2025-06-06 20:01:04.677997
8982,user_643,448,2.8500756406153225,1,3,14,69.73770539835886,3,2025-02-12 20:01:04.677997
8983,user_828,1201,4.290941059496639,1,4,12,66.77241284362071,9,2025-11-22 20:01:04.679002
8984,user_687,2133,2.9084756997197427,1,2,9,9.883361173381832,8,2025-10-10 20:01:04.679002
8985,user_170,794,3.2407667815152754,1,3,10,1.5606577597488291,9,2025-05-14 20:01:04.680003
8986,user_628,232,2.310325277798376,1,3,10,4.305983599321372,4,2025-07-21 20:01:04.680003
8987,user_399,1887,3.8800924296302917,1,4,14,86.02431342624364,7,2025-08-29 20:01:04.681507
8988,user_15,53,2.4454336322575787,1,4,11,43.526253830057534,2,2025-06-19 20:01:04.681507
8989,user_18,597,4.314428230372325,1,2,12,93.80517373137187,3,2025-01-17 20:01:04.682920
8990,user_336,1441,4.836417571172997,1,2,14,81.44484364712964,1,2025-04-10 20:01:04.683516
8991,user_771,246,3.5544243978501515,1,2,9,21.27783494433305,5,2025-08-27 20:01:04.683516
8992,user_648,905,3.0154545847482135,0,3,13,44.52713736347634,8,2025-06-08 20:01:04.684730
8993,user_608,2238,3.1978916560457478,1,4,12,25.9484213023789,1,2025-11-22 20:01:04.685730
8994,user_852,684,3.9540267191003133,0,2,14,35.27328083249691,1,2025-09-30 20:01:04.685730
8995,user_147,2468,4.297075434767732,1,3,8,99.6454312656893,1,2025-08-25 20:01:04.686731
8996,user_635,1519,3.601788620020036,1,3,12,67.09437918534043,9,2025-08-04 20:01:04.686731
8997,user_616,2641,4.640654684423084,1,3,8,46.83357451670741,2,2025-01-14 20:01:04.687730
8998,user_965,144,2.747786053464653,1,3,14,42.28366348935941,4,2025-06-08 20:01:04.688882
8999,user_666,1110,3.211204653011056,1,4,12,20.51672105646948,2,2025-02-11 20:01:04.689881
9000,user_758,279,2.6827701934218093,1,2,9,65.4242297255102,9,2025-01-13 20:01:04.690879
9001,user_60,850,3.211992521640204,1,2,14,11.91311345343542,8,2025-04-13 20:01:04.691881
9002,user_150,370,4.275579357001545,1,4,14,16.986827470643473,8,2025-05-13 20:01:04.692385
9003,user_678,2332,3.075424224727882,1,4,12,31.1215055109619,4,2025-11-27 20:01:04.692385
9004,user_581,1752,5.0,1,3,9,95.2203316868541,7,2025-08-31 20:01:04.693752
9005,user_403,1594,4.230185294131869,1,2,13,35.60897145964583,2,2025-02-08 20:01:04.694396
9006,user_412,1626,2.757963445427401,1,4,14,6.7443053100502475,5,2025-05-02 20:01:04.694396
9007,user_502,982,3.1624371491548056,1,2,8,76.923116358043,6,2025-06-04 20:01:04.695397
9008,user_741,345,2.7935496083621536,1,3,13,21.03926706225232,9,2025-06-24 20:01:04.695901
9009,user_533,746,4.762458919321018,1,4,8,67.90248719107034,6,2025-11-05 20:01:04.696407
9010,user_473,1378,2.9628995144450108,1,3,8,82.1621711996816,5,2025-03-12 20:01:04.696407
9011,user_853,828,3.7930400583160298,1,4,8,65.53946842347482,2,2025-10-15 20:01:04.696407
9012,user_267,31,2.9483729378185597,1,3,10,13.580818298392739,1,2024-12-24 20:01:04.698086
9013,user_572,894,3.366694309436753,1,2,13,28.562103784537918,6,2025-06-30 20:01:04.699093
9014,user_939,2294,2.882040884564816,0,4,14,88.47939295886698,9,2025-04-14 20:01:04.699093
9015,user_730,1551,4.348901391665325,0,4,11,99.8421163589261,2,2025-05-08 20:01:04.700093
9016,user_970,989,2.4454340661746565,0,4,12,1.923533804886235,7,2025-09-24 20:01:04.700093
9017,user_464,984,4.9717957120800165,1,2,11,9.32755138626874,4,2025-06-02 20:01:04.701093
9018,user_613,2743,3.8784310498686345,1,3,11,21.538502117581835,6,2025-05-12 20:01:04.702093
9019,user_782,1653,3.643411681849497,1,2,12,3.5229300687180998,3,2025-11-08 20:01:04.702093
9020,user_31,1558,3.596237419814448,1,4,13,88.00020940438633,3,2025-05-01 20:01:04.703093
9021,user_601,2462,3.747483005227595,1,4,12,84.24709064139806,7,2025-09-11 20:01:04.703093
9022,user_399,1395,2.9501266938391617,1,4,13,97.41944866254853,9,2025-11-26 20:01:04.704598
9023,user_628,1321,3.3504486155912367,1,4,11,86.56173730431954,1,2025-11-26 20:01:04.705605
9024,user_387,1333,4.366761682413777,1,2,14,18.05486210150108,5,2025-08-08 20:01:04.706603
9025,user_171,1706,4.399003652478497,1,2,10,9.582761086331127,5,2025-09-16 20:01:04.707106
9026,user_840,2451,3.263829023604378,1,2,13,29.582383608908415,1,2025-01-10 20:01:04.708618
9027,user_547,1636,3.241983202448556,1,3,8,37.713989783005054,2,2024-12-22 20:01:04.708618
9028,user_325,2056,3.5320588376395046,1,4,9,95.43409314306885,6,2025-01-06 20:01:04.709625
9029,user_878,2866,4.274934997588696,1,4,8,79.61819542269964,8,2025-02-25 20:01:04.710625
9030,user_794,661,2.5712321687172914,1,3,8,89.06803152662293,4,2025-09-25 20:01:04.710625
9031,user_442,1799,3.2191741272125642,1,4,13,81.62393666340014,6,2025-09-06 20:01:04.711625
9032,user_884,529,3.27103404834183,1,3,9,55.61616510424015,4,2025-04-13 20:01:04.711625
9033,user_290,412,3.7945906960875786,1,4,8,19.36787646044579,1,2025-10-05 20:01:04.712625
9034,user_784,1505,3.4834339332407107,1,4,11,78.62966638936683,8,2025-07-27 20:01:04.712625
9035,user_327,2787,4.16489040469197,1,2,12,86.65815827161462,4,2025-12-10 20:01:04.713625
9036,user_824,2129,4.557235832945412,1,2,10,45.4093215213132,8,2025-03-22 20:01:04.713625
9037,user_202,783,2.9150205777543454,1,4,12,93.75155224406573,7,2025-09-09 20:01:04.715132
9038,user_718,1318,3.8797394640513243,1,4,10,90.55700350583464,5,2025-01-11 20:01:04.716139
9039,user_693,560,2.689179282285445,1,4,11,62.40589207724244,5,2025-11-18 20:01:04.716139
9040,user_828,2823,3.967703868627602,1,3,11,27.45155307175573,4,2025-02-08 20:01:04.717139
9041,user_602,1012,3.057664158843288,1,4,8,26.194755828155834,8,2025-04-10 20:01:04.717139
9042,user_260,810,4.089761672316315,1,4,13,44.54235553646432,4,2025-05-31 20:01:04.718139
9043,user_958,2176,3.527825120967056,1,2,14,85.29855588090933,4,2025-06-17 20:01:04.719139
9044,user_780,1472,3.6024718642069815,1,4,9,87.05774231844799,6,2025-08-29 20:01:04.719644
9045,user_758,456,2.083002167479475,1,2,11,2.254334222765264,9,2025-05-23 20:01:04.719644
9046,user_776,794,4.005094425488006,1,4,12,20.990888820796783,2,2025-04-22 20:01:04.720651
9047,user_969,2578,2.340583954268272,1,3,11,49.936626804083005,6,2025-04-19 20:01:04.721650
9048,user_690,1384,3.175638801905876,1,3,9,53.26220430072417,1,2025-06-25 20:01:04.722651
9049,user_176,2266,3.5137716045449987,1,2,13,92.56474131420912,9,2025-03-24 20:01:04.722651
9050,user_679,1011,4.244812744967286,1,4,8,8.43952131049206,5,2025-07-23 20:01:04.723650
9051,user_518,1146,2.702468029328193,0,4,11,61.8855769190912,7,2025-04-30 20:01:04.724156
9052,user_615,862,3.5062955671448446,1,3,9,76.88164424256408,8,2025-12-07 20:01:04.724156
9053,user_521,1245,2.2074497634684374,1,2,12,38.40398587337109,9,2025-03-05 20:01:04.725162
9054,user_918,2102,3.8734988865934685,1,3,10,1.9110162803272601,4,2025-02-28 20:01:04.726162
9055,user_488,2055,3.3576221410079583,0,4,13,35.78324517491931,3,2025-02-26 20:01:04.726162
9056,user_457,2868,2.654517569392416,1,3,9,87.707514013688,4,2025-09-11 20:01:04.727271
9057,user_541,157,3.420637774425076,1,3,12,44.40797173072206,4,2025-01-27 20:01:04.728488
9058,user_870,2102,3.02089795185122,1,2,13,88.6354180344176,9,2025-02-24 20:01:04.728488
9059,user_408,2726,3.2085029556494864,1,2,14,89.90645072928437,8,2025-02-17 20:01:04.730042
9060,user_824,850,2.9603552248997187,1,4,9,89.7907953183188,2,2025-01-26 20:01:04.730042
9061,user_797,2709,2.943937147021451,1,4,9,50.776412531575964,5,2025-02-02 20:01:04.730042
9062,user_526,1563,2.6221934216490657,1,2,11,60.99044804825281,5,2025-11-14 20:01:04.731959
9063,user_203,2833,3.8328692491766385,1,4,12,2.5323143959037564,8,2025-08-29 20:01:04.732464
9064,user_242,2002,4.7903103540083665,1,3,10,83.73166411323201,4,2024-12-30 20:01:04.732826
9065,user_45,1093,3.334895498139195,1,4,13,13.86057385651519,1,2025-02-12 20:01:04.733470
9066,user_206,380,4.065347971956184,1,3,9,39.82096586020495,3,2025-04-22 20:01:04.733975
9067,user_577,2060,3.086422934952337,1,4,8,2.894923346863343,1,2025-06-18 20:01:04.734981
9068,user_836,267,3.746612010837566,1,3,9,27.604349265174967,5,2025-11-01 20:01:04.734981
9069,user_212,2162,3.7720845955734936,1,2,8,95.12139588594258,9,2025-06-27 20:01:04.735981
9070,user_499,1521,4.2370956584708495,1,4,13,35.569431700364454,1,2025-06-03 20:01:04.735981
9071,user_692,561,2.3836774900934046,1,4,14,90.4890429598096,1,2025-05-22 20:01:04.736981
9072,user_319,2186,4.4674683701019635,1,4,9,15.503322933027007,5,2025-10-20 20:01:04.737981
9073,user_90,1702,2.4816925444762,1,4,10,10.544886808488396,9,2025-02-20 20:01:04.737981
9074,user_855,687,4.100724808553441,1,4,9,96.10420292826048,2,2025-03-14 20:01:04.738996
9075,user_285,2802,3.7113548421436766,1,2,10,83.22676560647224,5,2024-12-19 20:01:04.739982
9076,user_814,2810,3.9165250066347803,1,4,10,28.61748657877403,9,2025-10-08 20:01:04.739982
9077,user_378,2721,3.143007402743346,1,2,12,82.03385972221007,4,2024-12-29 20:01:04.740981
9078,user_556,1403,3.6119973250319797,1,3,14,14.02289609126658,2,2025-08-13 20:01:04.740981
9079,user_61,2021,4.223123913821151,1,4,11,96.10255678067234,1,2025-04-10 20:01:04.741982
9080,user_9,816,3.603301036849108,1,4,12,31.574086637919397,6,2025-01-27 20:01:04.742991
9081,user_45,429,3.1729796757919773,1,4,11,16.519095943599083,6,2025-04-22 20:01:04.742991
9082,user_11,2597,3.745181803795404,1,4,11,84.27476065689152,6,2025-04-19 20:01:04.743997
9083,user_20,872,3.2170703869118635,1,4,12,82.0527242767637,3,2025-07-13 20:01:04.743997
9084,user_248,106,3.0494962881581187,1,2,13,48.45438309817498,2,2025-01-12 20:01:04.743997
9085,user_420,1802,3.2856543317256635,1,2,13,0.6476369228008982,5,2025-07-13 20:01:04.745503
9086,user_865,135,3.1019416832072144,0,3,10,15.614988757390758,1,2025-11-27 20:01:04.746580
9087,user_653,1528,4.145317809480021,1,2,13,14.43853607985518,9,2025-12-06 20:01:04.746580
9088,user_275,1831,3.7628256207590227,1,2,9,69.95645320272685,5,2025-05-14 20:01:04.746580
9089,user_248,1541,4.114677984179408,1,4,9,81.44319706485138,1,2025-08-17 20:01:04.748440
9090,user_180,191,3.7135891324066383,1,3,11,28.791198112394433,2,2025-04-26 20:01:04.749092
9091,user_749,773,4.815339999602084,1,4,9,13.962626935695665,3,2025-11-27 20:01:04.749092
9092,user_427,1589,2.644632677719113,1,2,9,78.90883447380216,6,2025-09-17 20:01:04.750092
9093,user_789,677,4.09235522416897,1,3,8,61.152010956826366,5,2025-05-31 20:01:04.750092
9094,user_792,2152,3.7164668608686178,1,2,14,5.267412788209958,4,2025-08-01 20:01:04.751092
9095,user_831,431,2.2954307417132593,1,3,11,67.07088053140171,4,2025-05-29 20:01:04.752092
9096,user_396,257,3.389490448502394,1,2,11,29.86849610525695,7,2025-10-23 20:01:04.752092
9097,user_788,85,4.110609586839223,1,2,8,90.80349049663499,5,2025-08-21 20:01:04.753092
9098,user_415,238,4.01265958104076,0,2,10,45.53575844091505,3,2025-03-06 20:01:04.753092
9099,user_51,1202,2.827571142083128,1,3,10,48.229857910631246,5,2025-10-16 20:01:04.754597
9100,user_10,1346,3.2802264820663054,0,3,12,44.88254827071301,8,2025-11-27 20:01:04.754597
9101,user_621,1801,3.344752397833047,1,3,8,61.104495717847676,6,2025-01-05 20:01:04.756111
9102,user_925,1788,4.946552966842399,1,4,9,59.31417650302112,9,2025-03-28 20:01:04.757266
9103,user_836,922,4.325238657221287,1,3,11,42.52089660059265,2,2025-02-07 20:01:04.757266
9104,user_247,1843,2.142286954542016,1,3,11,68.60568305268461,3,2025-10-07 20:01:04.759264
9105,user_384,32,4.369118053797127,1,2,9,9.709219762073417,8,2025-09-17 20:01:04.759921
9106,user_870,2643,3.0318429410325702,1,2,14,54.53152765687336,9,2024-12-31 20:01:04.759921
9107,user_780,1185,4.471757631812686,1,2,9,85.17176389296976,6,2024-12-19 20:01:04.760921
9108,user_780,2479,3.7522389632935154,1,2,12,95.67690547995359,3,2025-01-13 20:01:04.761921
9109,user_182,600,3.0626030367198696,1,3,14,57.53609393067401,6,2025-06-23 20:01:04.761921
9110,user_651,2794,3.4837254002593205,0,4,13,49.13227197460015,7,2025-04-06 20:01:04.762921
9111,user_670,2110,2.788669985836586,1,4,10,24.10288791877492,9,2024-12-13 20:01:04.762921
9112,user_275,1479,3.189711373170283,1,2,12,99.21825749081836,9,2025-06-01 20:01:04.763921
9113,user_436,1903,3.7608849207436323,1,3,9,11.229916703305843,3,2024-12-16 20:01:04.764921
9114,user_502,1590,4.181923042248435,1,4,10,2.7115049071886776,7,2025-04-25 20:01:04.765424
9115,user_410,405,3.3088445691181048,1,4,14,47.24243982619917,4,2025-10-17 20:01:04.765424
9116,user_102,2000,5.0,1,3,13,61.45433569160066,5,2025-06-23 20:01:04.766430
9117,user_305,640,2.7435022363461523,1,2,14,42.534737292235825,4,2025-04-22 20:01:04.767430
9118,user_511,552,3.233203965554103,1,4,11,91.34196971455978,2,2025-02-23 20:01:04.767430
9119,user_791,1524,3.8381361006799244,1,2,9,27.171012732142742,2,2025-09-12 20:01:04.767430
9120,user_824,1639,2.628549535801673,1,3,14,35.998357142363815,9,2025-05-01 20:01:04.768936
9121,user_514,2151,4.220523253789966,1,3,9,66.06717927717816,6,2025-06-29 20:01:04.769943
9122,user_822,1947,3.6567921193417305,1,2,10,37.51707649877459,6,2025-12-06 20:01:04.769943
9123,user_478,2826,3.8957872723205855,1,3,10,46.62372396077067,3,2024-12-19 20:01:04.771481
9124,user_247,2851,3.088996675991598,0,4,8,6.3562360924799055,6,2024-12-27 20:01:04.771481
9125,user_803,778,2.513783994700488,1,2,14,57.62490243007071,3,2025-05-09 20:01:04.772493
9126,user_351,1072,4.668687773623722,1,4,10,33.125101741851026,9,2025-10-09 20:01:04.773993
9127,user_364,1503,2.6809903706590617,1,3,12,25.660315790182754,3,2024-12-15 20:01:04.774997
9128,user_818,2054,4.338078089845999,1,3,14,10.272663649775449,9,2025-05-04 20:01:04.775999
9129,user_446,415,4.46485359167979,1,2,8,77.23211095888428,5,2025-07-18 20:01:04.776998
9130,user_962,1739,2.5161740835443407,1,2,12,97.12100345381447,6,2025-10-27 20:01:04.777501
9131,user_131,373,2.792751073056319,0,2,13,57.32410732833287,3,2025-02-07 20:01:04.777501
9132,user_778,2824,3.5215380904243467,1,4,13,49.71323981539722,7,2025-11-08 20:01:04.778507
9133,user_741,2298,3.7566443054344756,1,2,14,80.66170255444833,4,2025-04-13 20:01:04.779506
9134,user_411,1653,3.0822380135629928,1,3,11,90.36206753524043,8,2025-06-21 20:01:04.779506
9135,user_782,1453,3.3089955926526864,1,3,10,21.007321024931958,2,2025-05-19 20:01:04.780506
9136,user_661,2840,4.133762424465941,1,2,9,80.99935336698117,1,2025-02-18 20:01:04.780506
9137,user_779,328,3.1459295723003717,1,3,13,62.407803758493245,8,2025-01-30 20:01:04.781506
9138,user_430,1917,2.7817360765879693,1,4,10,26.761456059129163,3,2025-08-08 20:01:04.782011
9139,user_723,954,4.259973201775463,1,4,9,14.758468402226821,9,2025-05-23 20:01:04.782879
9140,user_719,361,2.8456215173963457,1,4,13,44.1351509828555,1,2025-07-25 20:01:04.783522
9141,user_577,1223,2.8924462945588347,1,2,10,42.64802079570179,2,2025-03-01 20:01:04.784026
9142,user_275,1236,4.1860061075502975,1,2,9,80.5709191300836,1,2025-04-19 20:01:04.784026
9143,user_845,1844,3.061780736618583,1,4,14,77.71349355463758,9,2025-02-15 20:01:04.785032
9144,user_376,234,3.0224192061121973,1,2,13,6.930816923429861,5,2024-12-24 20:01:04.785032
9145,user_379,731,3.169908001767083,0,3,14,17.530421446180867,2,2025-08-26 20:01:04.785032
9146,user_315,2532,2.3675543710594043,1,2,12,19.339696425130594,6,2025-09-04 20:01:04.786537
9147,user_601,668,3.4558430702225973,1,3,9,53.6468341038835,1,2025-09-07 20:01:04.787543
9148,user_729,1749,4.508351475633293,1,2,8,3.9154160969449903,6,2025-01-15 20:01:04.788573
9149,user_38,659,3.920148997670314,1,3,8,25.08800315031322,3,2025-02-21 20:01:04.788573
9150,user_232,1307,2.6211843402922943,1,4,14,35.12115976379826,2,2025-04-04 20:01:04.789542
9151,user_49,1774,4.855157289206549,1,3,12,39.80502802706275,3,2025-06-18 20:01:04.790544
9152,user_16,1398,3.783368246405413,1,3,9,44.59239610045047,3,2025-09-22 20:01:04.790544
9153,user_702,2010,3.5200229521323014,1,3,11,5.763986135098786,3,2025-05-21 20:01:04.790544
9154,user_440,2759,2.900276593633076,1,3,13,93.96183107860041,2,2025-07-15 20:01:04.792050
9155,user_192,261,2.9843223244692205,1,4,9,19.500687254923065,2,2025-11-01 20:01:04.794297
9156,user_159,2498,4.019872623926397,1,3,10,64.36247536405311,7,2025-08-29 20:01:04.795261
9157,user_61,2054,3.6655921524552353,1,3,11,25.729702820899337,6,2025-01-19 20:01:04.795767
9158,user_606,432,3.2147203092406778,1,4,13,97.29094104958854,6,2025-11-05 20:01:04.796774
9159,user_636,1083,2.9903428898588675,1,3,8,82.68053042371658,7,2024-12-25 20:01:04.796774
9160,user_1,1519,3.8066671328887747,1,2,11,35.63205183903892,1,2025-09-01 20:01:04.797775
9161,user_516,2121,4.981222877981773,1,2,10,46.714268521370236,1,2025-03-03 20:01:04.798280
9162,user_145,2867,2.4453178726143827,1,2,8,19.96801073096882,1,2025-03-27 20:01:04.798280
9163,user_100,2349,4.117715450599344,1,4,14,38.04096157219627,1,2025-05-25 20:01:04.799287
9164,user_700,1941,3.7174781259708976,1,3,13,69.6034064597799,6,2025-03-14 20:01:04.800286
9165,user_256,145,3.54312620277582,1,3,13,30.23638031348289,5,2025-04-02 20:01:04.800286
9166,user_614,903,4.058742028449625,1,2,8,53.509952841091625,6,2025-08-06 20:01:04.801286
9167,user_924,2844,4.033678378192309,1,2,11,67.21658995018517,3,2025-03-25 20:01:04.801286
9168,user_769,2612,3.392404380377211,1,3,12,59.62998059448126,9,2025-10-18 20:01:04.802792
9169,user_736,1720,2.77482705127174,1,2,9,50.566605053524086,2,2025-07-30 20:01:04.802792
9170,user_590,1309,3.6640448459820663,1,3,8,28.267228690889933,2,2025-08-26 20:01:04.803798
9171,user_249,1984,3.4067643689512925,1,2,8,24.355403210118677,5,2025-02-16 20:01:04.804827
9172,user_792,1523,2.571851062361092,1,3,14,48.1307450225695,7,2025-10-10 20:01:04.804827
9173,user_610,2574,2.9138716523220496,1,3,14,37.41630234682426,1,2025-09-09 20:01:04.806416
9174,user_572,1691,3.557003466879653,1,4,8,39.212947880215864,3,2025-02-25 20:01:04.806416
9175,user_373,1223,3.910565680958258,1,3,13,2.343527327058881,8,2025-09-27 20:01:04.807964
9176,user_741,2383,3.403642470622049,1,2,10,16.359627565286438,6,2025-11-11 20:01:04.808484
9177,user_50,1700,4.227386021152688,1,2,8,52.97061496208644,4,2025-07-23 20:01:04.808484
9178,user_116,1491,4.25666542566747,1,3,14,50.19058152709047,3,2025-02-18 20:01:04.810535
9179,user_813,1525,3.6749593683576234,1,4,10,30.216246631408417,3,2025-07-31 20:01:04.811514
9180,user_583,2611,4.245261488576764,0,4,12,72.84512659615379,3,2025-02-11 20:01:04.812513
9181,user_713,2240,3.6487312580687394,0,4,9,77.78511956910957,1,2025-01-08 20:01:04.813512
9182,user_642,537,4.208166926896645,1,2,9,77.8017432090168,2,2025-05-01 20:01:04.815021
9183,user_145,887,3.3200851820416473,1,4,14,33.949895353721196,8,2025-07-11 20:01:04.815021
9184,user_224,2015,4.64029432575493,1,2,9,84.25388001724244,5,2025-01-26 20:01:04.816029
9185,user_740,2250,3.8570102378482547,1,2,12,24.11345327204577,6,2025-04-27 20:01:04.816029
9186,user_319,837,3.7301354268452673,1,2,12,46.343047328058304,9,2025-02-06 20:01:04.817029
9187,user_714,1765,4.506667745429695,0,2,13,38.60557980691733,5,2025-09-30 20:01:04.818029
9188,user_82,2239,3.5102658287231208,1,4,14,55.292365156863134,5,2025-07-21 20:01:04.818534
9189,user_234,1910,4.032612832152801,1,3,12,75.30702998249781,5,2025-04-08 20:01:04.819039
9190,user_262,2731,3.8615495715017305,1,2,14,66.07005645938838,2,2025-10-12 20:01:04.819039
9191,user_444,2604,3.8712187038685997,1,2,10,61.01615477633923,2,2025-08-05 20:01:04.820045
9192,user_585,1037,3.7882632941259566,1,2,11,89.15289668103287,8,2025-07-03 20:01:04.821043
9193,user_409,914,3.685060048943685,0,4,8,30.19696226582139,8,2025-06-29 20:01:04.821043
9194,user_9,2077,2.628058413116116,1,2,12,69.82928597694386,6,2025-01-22 20:01:04.822072
9195,user_483,1208,3.525259515771156,1,4,10,32.55871911257048,3,2025-08-23 20:01:04.822072
9196,user_725,370,3.2096047676262045,1,3,11,42.72755442383528,5,2025-02-23 20:01:04.823895
9197,user_951,1627,3.5711239029107773,1,2,10,87.74745190668732,4,2024-12-14 20:01:04.824590
9198,user_873,194,2.4982773037129413,1,3,11,56.59199217467427,7,2025-06-02 20:01:04.824590
9199,user_679,2511,4.668812301889869,1,4,10,3.4363660339515545,5,2025-04-29 20:01:04.825590
9200,user_827,1626,2.131950337921092,1,2,8,50.72041461106416,6,2025-06-10 20:01:04.825590
9201,user_547,1074,3.162832316815033,1,2,10,49.936849942003036,6,2024-12-15 20:01:04.826590
9202,user_566,2472,3.3592463397935584,1,4,13,85.04950967123547,5,2025-08-27 20:01:04.826590
9203,user_101,2619,3.270350299858394,1,4,11,65.43022039703365,8,2025-10-03 20:01:04.828095
9204,user_847,1033,4.112002383367725,1,2,10,3.0174590540794077,9,2025-02-27 20:01:04.828095
9205,user_105,2103,2.9606358898306246,1,2,10,80.24195900822403,5,2025-09-01 20:01:04.829101
9206,user_799,2746,3.5479737324599236,0,4,8,19.693397122856382,9,2025-01-09 20:01:04.829101
9207,user_52,600,3.3145276333869647,1,3,8,3.8182606218306825,7,2025-10-31 20:01:04.830101
9208,user_715,929,4.260232956248502,1,3,9,27.301039320605458,3,2025-09-26 20:01:04.830101
9209,user_722,1071,3.8692820898861435,1,2,14,28.873717481717044,2,2025-07-24 20:01:04.831606
9210,user_747,1128,3.9556392130424687,0,4,14,72.48243479698765,4,2025-08-28 20:01:04.831606
9211,user_149,2313,2.5170255023712853,1,4,9,83.26081212627535,8,2024-12-16 20:01:04.832614
9212,user_115,2891,2.4659861022600342,1,2,9,91.8598019419543,4,2025-05-02 20:01:04.832614
9213,user_698,1145,3.004635506331311,1,2,12,5.738830607924406,7,2025-07-08 20:01:04.834129
9214,user_946,2075,4.047379252746975,1,2,13,81.65461289600618,5,2025-10-08 20:01:04.834511
9215,user_930,162,2.4609794236517177,1,4,13,74.90896711322115,3,2025-06-06 20:01:04.835136
9216,user_523,721,4.533357672291013,1,4,13,15.303601193629168,9,2025-07-22 20:01:04.836136
9217,user_348,1399,3.4366848712330507,1,2,10,65.77517263079923,9,2025-08-07 20:01:04.836136
9218,user_941,2742,4.129448687440098,1,2,11,61.56775526881434,7,2025-07-09 20:01:04.837137
9219,user_159,2647,3.217208599421839,1,4,14,52.07807967233953,8,2025-09-20 20:01:04.838136
9220,user_685,314,4.069910947083126,1,2,11,3.341318481876565,1,2025-03-16 20:01:04.838136
9221,user_236,2390,4.038068304095147,1,3,13,35.82087039266396,8,2025-03-03 20:01:04.839136
9222,user_414,651,3.6227893399059328,1,3,11,8.176417728222962,2,2025-06-17 20:01:04.840137
9223,user_207,1375,3.1875357733226144,1,3,8,91.95087194855383,2,2025-05-15 20:01:04.840137
9224,user_518,1193,3.2134106739191566,1,4,9,77.99384167112106,6,2025-02-03 20:01:04.841136
9225,user_414,552,2.437632070239419,1,4,12,31.82515362127526,4,2025-03-27 20:01:04.841136
9226,user_762,1070,2.64289734304021,1,4,8,10.283699438779315,3,2025-03-19 20:01:04.842641
9227,user_653,935,4.139701738144018,1,2,14,30.0950393953876,1,2025-03-12 20:01:04.843146
9228,user_675,773,1.9318421440773512,1,3,8,77.6003193590849,8,2025-02-07 20:01:04.843146
9229,user_821,823,4.362213911169144,1,3,11,61.388259897350125,7,2025-02-21 20:01:04.843146
9230,user_19,2307,3.7724498857288333,0,4,9,55.92867480866756,2,2025-05-19 20:01:04.844662
9231,user_847,2773,2.9302827458022636,1,4,12,21.584557419872276,6,2025-07-01 20:01:04.845669
9232,user_237,674,3.187838977041851,1,3,10,77.68443161142473,5,2025-03-20 20:01:04.846174
9233,user_50,1756,4.530703034731219,1,4,13,19.64824977624128,2,2025-01-23 20:01:04.846174
9234,user_706,1088,3.8262734938050205,1,2,13,15.740277434981198,1,2025-11-27 20:01:04.847679
9235,user_800,95,3.070422190121768,1,3,14,97.58521690469178,7,2025-08-19 20:01:04.847679
9236,user_827,1129,4.1977924527202655,0,3,12,97.29424035528169,5,2025-06-12 20:01:04.848686
9237,user_521,973,3.6937662728457132,1,2,14,15.96017836848187,8,2025-06-18 20:01:04.848686
9238,user_642,2560,3.4716947693903295,1,3,14,25.59968856407202,4,2025-10-27 20:01:04.849686
9239,user_183,2,2.2370470215471285,1,3,10,92.52588494034136,3,2025-09-27 20:01:04.850686
9240,user_279,274,3.8151863329361477,1,4,9,51.6799857011912,7,2025-09-28 20:01:04.850686
9241,user_549,914,2.8292740329517962,1,4,14,35.92933907337002,2,2025-11-05 20:01:04.851686
9242,user_30,238,4.090274788454935,1,2,10,57.87869362884478,9,2025-04-26 20:01:04.851686
9243,user_271,1036,2.3461785329199722,1,4,9,87.06263009172591,2,2025-08-28 20:01:04.852686
9244,user_107,196,3.1460301900266834,1,4,10,31.351884122019825,3,2025-03-08 20:01:04.853686
9245,user_490,21,4.175585411472779,1,2,9,57.10721446795202,3,2025-01-05 20:01:04.853686
9246,user_102,898,4.048080368152529,1,4,11,78.54629766263736,4,2025-11-24 20:01:04.855191
9247,user_877,2740,2.822692978370617,1,4,13,34.64022512680025,7,2025-04-05 20:01:04.855191
9248,user_942,619,2.9155545643065772,1,4,12,86.60784732092661,1,2025-07-27 20:01:04.855191
9249,user_254,421,3.8711753112557044,1,4,12,16.258622426933268,5,2025-03-29 20:01:04.856698
9250,user_372,1630,3.5254835619056615,1,3,13,99.01755493585803,4,2025-06-08 20:01:04.857433
9251,user_623,2486,2.656376555971505,0,3,10,85.78354821947872,1,2025-07-28 20:01:04.857433
9252,user_113,2098,2.3406212022333963,1,3,12,32.6448065451616,8,2025-08-08 20:01:04.858945
9253,user_784,1277,2.1432781770518474,1,4,12,70.2959760774412,1,2025-04-20 20:01:04.858945
9254,user_205,374,3.4512844288941444,1,3,14,35.383353207989344,2,2025-11-01 20:01:04.859952
9255,user_510,2036,3.148186171005327,1,2,9,98.39260835736347,4,2024-12-27 20:01:04.859952
9256,user_166,2362,3.3437439720051794,1,3,8,8.451084263816522,1,2025-02-12 20:01:04.860951
9257,user_544,1175,2.255412763740891,1,3,8,87.63236906269641,2,2025-10-15 20:01:04.861951
9258,user_729,352,3.650552352755959,0,4,13,94.23397752975873,7,2025-11-16 20:01:04.861951
9259,user_816,592,4.329855630905812,1,4,10,2.9363593684488487,2,2025-08-18 20:01:04.862951
9260,user_135,2894,3.173910215301492,1,4,14,35.85826381733387,6,2025-03-01 20:01:04.862951
9261,user_761,2349,2.1947640933818873,0,4,11,33.888412128928756,9,2025-06-28 20:01:04.863951
9262,user_29,1583,4.41837995267665,1,3,11,91.25773965506846,4,2025-04-22 20:01:04.864951
9263,user_969,1061,2.983722683742037,1,4,11,75.64660119395336,7,2025-11-23 20:01:04.865457
9264,user_335,388,4.036523195101814,1,3,11,70.41580069870328,5,2025-09-10 20:01:04.865457
9265,user_183,2303,2.6076780899606478,0,4,13,79.77042156131576,6,2025-02-13 20:01:04.866463
9266,user_585,1013,4.1645352717170825,1,2,11,54.16232048224345,9,2025-11-13 20:01:04.867461
9267,user_805,204,2.777246542533249,1,4,13,10.279001867351955,6,2025-11-06 20:01:04.867461
9268,user_51,1394,3.1516112785187884,0,4,10,86.38650496690433,2,2025-01-11 20:01:04.868967
9269,user_965,1902,3.6719916554305865,1,4,11,96.6667674769334,8,2025-11-02 20:01:04.868967
9270,user_504,972,3.4016203378927443,1,2,10,26.129839395154587,2,2025-03-12 20:01:04.869974
9271,user_172,602,3.216852206098775,1,4,10,55.044523069550586,7,2025-09-25 20:01:04.870971
9272,user_519,1050,3.4681884958374782,1,3,8,80.05874803799159,5,2025-07-03 20:01:04.871974
9273,user_656,2120,3.5378088660217624,1,4,14,71.50692097144771,6,2025-08-30 20:01:04.873479
9274,user_642,158,2.789818931105499,1,3,14,30.845128065380955,6,2025-08-12 20:01:04.874484
9275,user_894,317,4.26868550450444,0,3,8,90.98678421436107,7,2025-11-30 20:01:04.874484
9276,user_552,427,2.61037602128824,1,3,8,86.02540635070385,4,2025-01-15 20:01:04.875485
9277,user_744,2396,4.143213754299882,1,2,11,94.08585406397818,9,2025-10-19 20:01:04.875990
9278,user_425,82,2.465876594169339,1,3,11,82.79831434226898,5,2025-04-13 20:01:04.875990
9279,user_654,510,2.1689950853986613,1,4,14,13.495627689447021,6,2025-05-18 20:01:04.877495
9280,user_224,1924,3.2072836625575456,0,2,11,39.31654359456183,2,2025-03-10 20:01:04.877495
9281,user_697,1233,2.7595055536510156,1,3,13,69.96806323076503,5,2025-10-11 20:01:04.878502
9282,user_908,1842,3.033349200485303,1,2,9,62.91438441942256,3,2025-02-25 20:01:04.879502
9283,user_233,1837,2.408449336536922,1,3,8,3.427013857978678,1,2025-06-13 20:01:04.879502
9284,user_593,1460,3.124549742597453,1,3,11,4.632965482070961,4,2025-05-28 20:01:04.880502
9285,user_473,454,3.1443928697403907,1,2,12,35.36752391127253,5,2025-02-05 20:01:04.880502
9286,user_782,1930,3.991326314771491,1,3,10,99.42013312991806,9,2025-12-05 20:01:04.881502
9287,user_276,192,3.067325063007285,1,3,14,98.3742719180328,1,2025-07-12 20:01:04.882512
9288,user_279,2012,2.937114227268211,1,2,12,26.537194319906565,4,2025-10-19 20:01:04.882512
9289,user_340,1157,4.023928431565191,0,2,8,32.24915594482006,2,2025-02-04 20:01:04.883518
9290,user_676,2251,4.987529351475674,1,4,11,16.571792219521885,1,2025-01-25 20:01:04.884023
9291,user_306,2562,3.791991478770014,1,4,11,95.72206372490514,5,2025-10-30 20:01:04.885030
9292,user_814,1252,3.5349543956445215,1,3,13,83.7380912950113,6,2025-09-30 20:01:04.885030
9293,user_279,1587,2.6314146082999343,1,2,13,27.935563779741635,4,2025-03-18 20:01:04.886030
9294,user_970,586,3.802392442933458,1,2,12,47.58367432659001,2,2025-03-12 20:01:04.886030
9295,user_99,417,2.7699520690786055,1,3,10,56.280791164510156,7,2025-02-05 20:01:04.887030
9296,user_950,1841,3.66518481847008,1,2,12,11.47078068814482,7,2025-10-05 20:01:04.888030
9297,user_146,2515,3.828195899442474,1,2,14,81.02082089353827,1,2025-09-19 20:01:04.888030
9298,user_915,2009,3.498079060690923,1,4,11,4.316829539245592,6,2025-04-01 20:01:04.889030
9299,user_300,1526,3.2436861627597127,1,4,14,97.26725171742214,7,2025-10-20 20:01:04.890030
9300,user_92,2487,3.227328757520172,1,4,14,22.304049522423107,8,2025-02-11 20:01:04.890030
9301,user_262,1110,2.3677467257403038,1,3,9,70.7842354153918,4,2025-07-31 20:01:04.891030
9302,user_763,889,2.733408615076673,1,3,12,45.51306897236813,5,2025-06-21 20:01:04.891030
9303,user_813,1872,3.5487470434400907,1,3,13,10.752110261991021,1,2025-08-06 20:01:04.892535
9304,user_395,1484,3.699135986206593,1,4,14,70.20863185985606,8,2025-02-14 20:01:04.893040
9305,user_775,1949,2.7672728190987788,0,3,8,30.874837808818935,9,2025-07-04 20:01:04.894047
9306,user_861,1486,4.043105146004715,1,3,8,96.14001350270543,7,2024-12-14 20:01:04.894047
9307,user_242,1322,3.5030905076190106,1,3,11,10.90083747710363,2,2025-05-13 20:01:04.895553
9308,user_824,1069,2.832537214729567,1,3,10,37.167726289405756,3,2025-03-23 20:01:04.895553
9309,user_552,1166,4.142751695611277,1,4,8,17.954161291048177,1,2025-06-02 20:01:04.896560
9310,user_116,2465,3.3672774948638464,1,3,9,85.80401662109294,5,2025-03-04 20:01:04.897065
9311,user_678,920,3.040799184666032,1,3,13,12.718042652101113,4,2025-09-18 20:01:04.897570
9312,user_404,1641,3.038433279269556,1,4,12,8.19112241124551,7,2025-08-12 20:01:04.898577
9313,user_415,10,2.8198768748079894,1,2,10,11.14576995863963,9,2025-02-02 20:01:04.898577
9314,user_165,960,3.731985267351253,0,3,10,77.68887055655762,4,2025-06-12 20:01:04.899577
9315,user_441,1822,3.416513822300744,1,4,12,47.144563065187825,9,2025-09-24 20:01:04.900577
9316,user_184,610,3.3460892495470054,1,3,14,57.1690473885083,3,2025-05-01 20:01:04.900577
9317,user_313,1350,3.117592206181315,1,3,12,59.173742128757844,1,2024-12-16 20:01:04.901577
9318,user_298,2714,2.642160695176849,1,2,14,20.973252726833035,1,2025-10-13 20:01:04.902611
9319,user_595,1221,2.9406184919131437,1,4,14,10.945510083365583,1,2025-12-06 20:01:04.903599
9320,user_885,2495,3.56289459528133,1,3,12,61.07764098681804,3,2025-06-14 20:01:04.904578
9321,user_127,936,2.5707808867047026,1,2,8,91.07485623653704,1,2025-04-18 20:01:04.905083
9322,user_781,2700,4.410852759318654,1,2,10,22.51170349189122,1,2025-06-08 20:01:04.905083
9323,user_902,448,2.7905679860291275,1,4,9,45.7762067937759,7,2025-10-07 20:01:04.906089
9324,user_386,1109,3.4439702098729126,1,2,10,66.93064960081429,9,2025-04-21 20:01:04.907086
9325,user_773,873,3.5323026010563305,1,2,8,33.967262337795326,2,2025-07-04 20:01:04.907591
9326,user_188,17,4.100065208642335,1,3,14,84.88255482246679,4,2025-10-08 20:01:04.907591
9327,user_71,987,3.208067236978877,1,4,9,61.339189332032184,9,2024-12-20 20:01:04.909102
9328,user_458,877,4.521853180042006,1,2,14,76.30379038607417,1,2025-10-05 20:01:04.909102
9329,user_803,891,3.6743761191379507,1,4,10,46.11947721447442,7,2025-02-24 20:01:04.910108
9330,user_895,2578,3.5194196163866405,1,3,8,89.42308668532412,1,2025-01-07 20:01:04.910108
9331,user_306,1241,3.94502771484456,1,2,11,80.85808900227886,5,2025-09-01 20:01:04.911108
9332,user_642,2446,4.5719881490470335,1,4,13,62.21007212697418,3,2025-02-14 20:01:04.911108
9333,user_824,1759,3.228940340765313,1,3,14,64.88713786172771,7,2025-10-24 20:01:04.912108
9334,user_46,1946,3.244410667932907,1,2,9,98.43284690600541,2,2025-04-25 20:01:04.913108
9335,user_648,184,4.430611150133167,1,4,8,15.222910928787826,6,2025-06-20 20:01:04.913108
9336,user_796,102,3.265258272682631,1,3,13,38.252715918680735,3,2025-11-25 20:01:04.914109
9337,user_745,1248,3.2833874036578217,1,3,8,91.75773801692073,4,2025-02-23 20:01:04.914109
9338,user_778,771,4.226486938664842,1,2,11,93.57285447667795,3,2025-11-16 20:01:04.915109
9339,user_665,36,2.3027809586088965,1,4,9,10.244421767796464,2,2025-10-14 20:01:04.915614
9340,user_245,1503,2.13714600753022,1,4,8,45.42914434965356,4,2025-08-25 20:01:04.916620
9341,user_682,1178,3.39094354123156,1,2,12,10.550771440861439,9,2025-07-20 20:01:04.916620
9342,user_908,852,4.280955168849936,1,2,12,47.09546704643331,6,2025-07-15 20:01:04.916620
9343,user_617,180,4.380958735267175,1,2,13,85.92205040229379,2,2025-05-18 20:01:04.918126
9344,user_965,2614,2.832145920740892,1,4,9,25.22307548315975,2,2025-07-06 20:01:04.919132
9345,user_62,1070,2.951602758612278,1,4,13,47.32340454203948,8,2025-09-29 20:01:04.919638
9346,user_133,1778,4.327486121538688,0,2,12,94.46719148357704,8,2025-03-03 20:01:04.919638
9347,user_161,2103,4.573270769898516,1,3,12,94.20659566545672,2,2025-03-20 20:01:04.920644
9348,user_765,2223,2.77554745562022,1,4,8,89.9548140110827,8,2025-03-03 20:01:04.921645
9349,user_662,1950,3.9934333805471227,1,3,10,81.42225105889692,1,2025-11-07 20:01:04.922644
9350,user_606,2018,2.3060041660660433,1,3,10,22.58480555203607,9,2025-10-26 20:01:04.922644
9351,user_795,40,4.363333763410207,1,2,8,77.44868805118269,1,2025-08-15 20:01:04.923642
9352,user_109,1908,3.9425985271858726,1,4,8,84.64457197238711,6,2025-09-08 20:01:04.924451
9353,user_634,437,3.910383770253596,1,2,12,38.63421057282827,5,2025-03-30 20:01:04.925153
9354,user_145,1449,3.0761283085999787,1,2,13,71.6083571821262,1,2024-12-19 20:01:04.925153
9355,user_710,267,3.8792722507063635,1,4,13,40.22087018868579,7,2025-09-30 20:01:04.926154
9356,user_620,1259,4.093984791679123,1,3,10,40.6258306695569,7,2025-04-03 20:01:04.927153
9357,user_486,736,4.574555521573465,1,2,9,0.09038666147412888,7,2025-09-30 20:01:04.927658
9358,user_379,2108,3.416802210597477,1,4,10,85.90049607907662,6,2025-07-31 20:01:04.927658
9359,user_711,2488,2.642522080218858,1,4,10,66.69087660239568,9,2024-12-30 20:01:04.928664
9360,user_467,677,3.248723907757746,1,4,12,75.26302580059935,3,2025-02-18 20:01:04.929667
9361,user_84,2242,3.961027184310866,1,2,10,11.858173130206051,5,2025-03-23 20:01:04.929667
9362,user_813,357,4.077118487963201,1,3,11,55.27653436476708,2,2025-11-17 20:01:04.929667
9363,user_906,832,2.849671020415435,1,2,9,12.891408937917825,2,2025-06-07 20:01:04.931173
9364,user_328,44,2.9449045595849115,1,4,9,25.10546206391465,4,2025-06-28 20:01:04.932180
9365,user_812,2201,4.494374524065192,1,3,13,25.97774797905804,5,2025-01-21 20:01:04.932685
9366,user_259,548,2.286353223539325,0,3,12,52.023077335858545,2,2024-12-12 20:01:04.933190
9367,user_638,617,2.446204634743882,0,4,9,69.98536241625351,1,2025-11-15 20:01:04.933190
9368,user_701,1290,3.505309721689242,1,2,11,49.91410600389064,7,2025-09-06 20:01:04.934196
9369,user_947,2253,2.804342686704724,1,4,8,26.68460717847011,3,2025-01-04 20:01:04.935196
9370,user_382,2198,4.09622123428779,1,4,9,75.87162596515795,1,2024-12-29 20:01:04.935196
9371,user_820,2191,4.011236395448139,1,4,10,14.945716091487471,2,2025-07-23 20:01:04.936196
9372,user_288,2708,4.603430277717676,1,3,12,3.821012107675703,4,2025-01-27 20:01:04.937197
9373,user_705,616,2.1892111761933846,1,4,10,1.1879179950171626,1,2025-02-11 20:01:04.937197
9374,user_253,1210,3.3824324639448085,1,3,9,87.8159172127483,7,2024-12-22 20:01:04.938197
9375,user_82,2020,4.316758212571431,1,4,11,85.7557370152283,8,2025-06-16 20:01:04.939196
9376,user_62,9,3.0036070838712075,1,4,11,12.3396436301768,5,2025-01-23 20:01:04.939196
9377,user_239,2433,3.3440155051889295,1,3,9,56.391948482685514,7,2025-02-19 20:01:04.940194
9378,user_212,1611,3.2140311635556746,1,3,11,81.38455567313655,1,2025-02-07 20:01:04.940194
9379,user_318,1692,2.270386822079525,1,3,9,30.187358337478365,8,2025-04-07 20:01:04.941700
9380,user_776,22,3.461469896580784,1,2,13,62.61903451864209,7,2025-10-08 20:01:04.941700
9381,user_691,2672,4.242153540407503,1,3,9,19.9262799785664,8,2025-06-01 20:01:04.943359
9382,user_431,2170,1.8951861788635198,1,2,8,86.24819278530845,8,2025-06-16 20:01:04.943359
9383,user_42,1223,3.5489361151787557,1,3,9,18.18765389955478,7,2025-06-22 20:01:04.943359
9384,user_474,1237,3.6667469187783093,0,3,8,66.39186190254209,1,2025-09-04 20:01:04.944873
9385,user_807,156,3.0565253634734795,1,4,8,99.16854608569871,1,2025-08-25 20:01:04.945387
9386,user_87,2753,4.109961487799498,1,4,13,60.828077138746394,5,2025-09-24 20:01:04.946034
9387,user_410,565,3.6288830375302963,1,4,9,5.432788012310674,7,2025-02-13 20:01:04.946034
9388,user_614,1500,4.49824835201759,1,2,10,48.09869216553804,2,2025-10-31 20:01:04.947683
9389,user_181,2287,2.8413059366276903,1,3,12,44.95110743075943,5,2025-02-23 20:01:04.947683
9390,user_688,569,3.9873909584077425,1,3,11,64.55192004242815,8,2025-01-26 20:01:04.948690
9391,user_709,1396,4.480218233538765,1,3,8,91.53494688670133,6,2025-10-08 20:01:04.948690
9392,user_614,2477,4.3502626997691,1,2,10,98.56489797330083,8,2025-11-27 20:01:04.949689
9393,user_285,779,3.5002465249617876,1,4,13,54.75979147588649,4,2025-02-26 20:01:04.950690
9394,user_440,864,2.9645030600605877,0,3,8,44.28915116050008,5,2025-04-05 20:01:04.951690
9395,user_778,778,3.0793847705891046,0,2,14,94.16098339107612,1,2025-03-05 20:01:04.951690
9396,user_801,860,3.3346611817887544,1,3,14,95.63610946762986,5,2025-05-27 20:01:04.952690
9397,user_211,1933,2.1379535557038767,1,4,13,3.8940402530394103,8,2025-06-01 20:01:04.952690
9398,user_537,1091,3.678926273241059,1,4,14,87.27509495807637,7,2025-02-06 20:01:04.953690
9399,user_693,1013,3.1035567778235698,1,3,10,77.61441524404205,4,2025-09-25 20:01:04.955196
9400,user_602,2722,2.369986951549515,1,2,13,2.734430197967408,1,2025-03-29 20:01:04.955196
9401,user_130,2249,4.330174286543544,1,3,10,93.01322089969727,9,2025-05-03 20:01:04.956203
9402,user_349,1971,3.2683768210112025,0,3,10,71.48275944727584,7,2025-08-16 20:01:04.957200
9403,user_396,514,2.5291268525911654,1,2,10,54.12923415837868,4,2025-05-25 20:01:04.958037
9404,user_806,825,3.392158807178957,1,3,12,57.4178005689557,9,2025-01-20 20:01:04.958037
9405,user_867,2806,2.8272282141522607,0,2,8,15.059730400097804,2,2025-11-13 20:01:04.959043
9406,user_372,2193,4.130741063436095,1,4,13,53.78978534010095,3,2024-12-17 20:01:04.960049
9407,user_16,1676,3.774880975752544,1,4,8,75.02469282484122,1,2025-09-25 20:01:04.960554
9408,user_609,643,2.572492725620207,1,2,8,99.35711490896145,9,2025-03-18 20:01:04.960554
9409,user_679,2721,5.0,1,4,14,85.53911580215593,6,2025-03-06 20:01:04.961561
9410,user_653,621,3.509145622635792,1,2,12,77.44186470009599,9,2025-09-24 20:01:04.961561
9411,user_178,1885,3.470073562362388,1,3,13,74.96635971591542,8,2025-10-30 20:01:04.962561
9412,user_567,1428,4.094746262784889,1,3,13,73.13903595877001,7,2025-08-28 20:01:04.963561
9413,user_214,2517,4.258481810378016,1,4,9,76.30666375267849,5,2025-01-20 20:01:04.963561
9414,user_527,2067,3.7271969809909127,1,2,10,51.292961017775276,1,2025-05-08 20:01:04.963561
9415,user_463,2441,4.158007642804718,0,3,12,65.95330792736182,4,2025-03-01 20:01:04.965066
9416,user_188,2251,3.1667006038895833,1,2,8,7.111551719232212,7,2025-09-14 20:01:04.966105
9417,user_919,2279,2.751646233060608,1,2,9,29.33329732635075,8,2025-08-04 20:01:04.966105
9418,user_476,358,3.176357779412424,1,4,12,41.69025547597127,2,2025-01-26 20:01:04.967088
9419,user_163,1238,2.288656199342781,1,2,14,73.99617815057728,9,2025-06-22 20:01:04.968085
9420,user_161,381,4.183533642657202,1,3,10,24.343595283425344,4,2025-06-24 20:01:04.968085
9421,user_436,1608,4.410653770518729,1,3,9,5.319784537619199,1,2025-04-20 20:01:04.969086
9422,user_666,447,3.893420529552097,1,3,10,89.36650761287765,6,2025-10-22 20:01:04.969623
9423,user_559,132,3.2203444301592747,0,2,9,30.34736765166972,6,2025-11-28 20:01:04.970631
9424,user_691,86,4.148428310449347,1,2,10,11.14553187211066,6,2025-02-19 20:01:04.970631
9425,user_152,2546,3.523776820399205,1,4,13,13.920245658451758,1,2025-03-14 20:01:04.971635
9426,user_559,529,2.3568480432263104,1,4,14,90.26982850742542,5,2025-02-25 20:01:04.972618
9427,user_741,1208,4.095312714780945,1,2,14,8.042326966945001,6,2025-01-15 20:01:04.972618
9428,user_815,356,4.400207809046385,1,4,9,74.5741515141491,1,2025-10-22 20:01:04.973615
9429,user_724,973,2.5274584106814473,1,3,11,38.4366176326397,2,2025-05-31 20:01:04.974118
9430,user_387,1053,2.3354394665845386,1,2,12,30.072607316371712,4,2025-11-28 20:01:04.974118
9431,user_686,2831,3.0008641784572387,1,4,12,91.64635295517999,7,2025-01-17 20:01:04.975623
9432,user_407,1098,4.053522855847555,1,4,13,18.433717991677558,6,2025-03-22 20:01:04.976630
9433,user_347,2908,4.121724655863405,1,4,8,56.67584694795451,4,2025-03-24 20:01:04.976630
9434,user_513,2101,3.734913595391002,1,4,10,59.09092084329078,5,2025-10-15 20:01:04.976630
9435,user_728,2700,3.2233639882811738,0,2,12,52.37443846830823,8,2025-11-17 20:01:04.978135
9436,user_849,711,2.7752862626026986,1,4,12,42.240495317605884,6,2025-11-17 20:01:04.978135
9437,user_182,1262,2.1937896672781405,1,2,12,68.36766019803885,3,2025-05-07 20:01:04.979142
9438,user_525,571,3.0161551030571254,1,4,11,56.252585684050416,7,2025-07-22 20:01:04.979142
9439,user_4,2009,3.419225371086772,1,2,8,12.333415072376862,4,2025-04-22 20:01:04.980142
9440,user_311,1345,3.766560621336022,1,2,14,80.6240910714474,6,2025-02-12 20:01:04.981142
9441,user_268,1503,3.9249201362795145,1,3,11,24.909353656517897,7,2025-03-08 20:01:04.982586
9442,user_67,132,2.273615054580846,1,2,13,50.461375803082184,1,2025-02-01 20:01:04.983610
9443,user_637,1734,4.108131298968381,1,3,9,50.06221810428604,4,2025-02-20 20:01:04.984794
9444,user_228,1937,3.9295907009787574,0,4,12,65.79159598501938,6,2025-10-10 20:01:04.985795
9445,user_831,1399,3.8097276511628295,1,3,9,29.373506759927427,5,2025-01-26 20:01:04.986793
9446,user_246,943,3.4315291911854358,1,2,10,21.7962583060352,7,2025-11-03 20:01:04.987780
9447,user_163,1217,2.795995945526325,1,3,8,92.5784825861274,2,2025-06-26 20:01:04.988781
9448,user_865,739,2.7061935921104636,1,2,11,23.963451107218624,3,2025-08-11 20:01:04.988781
9449,user_115,2069,2.1958149640311984,0,2,8,62.64356303519034,2,2025-11-16 20:01:04.989781
9450,user_169,2011,1.999374710586079,1,2,14,31.929411157126133,8,2025-10-28 20:01:04.989781
9451,user_472,365,2.3812911493482716,1,2,9,59.47981001882516,6,2025-03-10 20:01:04.991798
9452,user_562,913,2.4666511340708484,1,2,9,28.024339299645142,7,2025-04-04 20:01:04.991798
9453,user_677,1087,4.475950498150983,1,4,9,55.56765184438347,2,2025-06-12 20:01:04.992804
9454,user_80,1964,2.525823257404468,1,4,9,4.556551297590872,8,2025-07-16 20:01:04.993309
9455,user_736,574,1.2333730493554873,0,3,14,38.17525879255208,3,2025-04-02 20:01:04.993309
9456,user_899,1288,2.8815804560039022,1,2,9,78.18233470541203,6,2025-03-19 20:01:04.994315
9457,user_262,2701,3.064742987673714,1,4,14,12.281621891286253,5,2025-08-11 20:01:04.995315
9458,user_282,819,2.869401031587083,1,4,12,63.67207958839428,2,2025-07-13 20:01:04.995819
9459,user_223,1196,3.429377873071457,1,4,14,69.01077906924965,5,2024-12-17 20:01:04.995819
9460,user_786,690,3.322792953967486,1,3,10,24.462614079332724,9,2025-07-20 20:01:04.996828
9461,user_918,2599,4.230665256137599,1,2,13,58.745743854441315,5,2025-11-03 20:01:04.997860
9462,user_733,851,2.5772415425355035,1,2,9,90.60167510330562,4,2025-09-12 20:01:04.998402
9463,user_244,2560,3.9976595315836647,1,3,11,36.88698076136945,7,2025-04-01 20:01:04.999395
9464,user_748,2654,3.7293597473341187,1,4,12,24.261222365329406,7,2025-12-08 20:01:04.999395
9465,user_243,545,1.9813960607892003,0,2,10,31.452776928406244,3,2025-01-13 20:01:05.000395
9466,user_666,2852,2.8295315908288936,1,4,11,68.5170285024421,5,2025-08-04 20:01:05.001395
9467,user_319,1195,2.9360772991233466,1,4,8,52.14538418828122,7,2025-06-03 20:01:05.001395
9468,user_952,2569,3.423395403772373,1,3,13,14.108690413011205,3,2025-09-21 20:01:05.002395
9469,user_631,59,4.234837929973726,1,4,10,87.7482829262491,1,2025-10-12 20:01:05.003395
9470,user_885,792,2.6678602402685225,0,3,8,90.62728749031261,6,2025-10-16 20:01:05.004395
9471,user_537,2726,2.5748948143969788,1,4,10,94.40391140831173,3,2025-04-03 20:01:05.005450
9472,user_722,2307,3.8833310340850558,1,2,14,56.91796046171994,3,2025-07-09 20:01:05.005450
9473,user_293,116,3.1252647156397986,1,3,8,59.435263906286096,5,2025-08-18 20:01:05.006952
9474,user_118,715,3.1893647800529217,0,2,13,1.5632109013896778,1,2025-04-29 20:01:05.007454
9475,user_942,573,3.896608780447667,1,3,14,28.92967534839993,8,2025-06-05 20:01:05.008295
9476,user_371,1077,2.4926035973647815,0,2,12,4.507655427405566,5,2025-02-05 20:01:05.008295
9477,user_602,1582,4.237652086734132,1,2,14,83.89608326644769,4,2025-10-31 20:01:05.009301
9478,user_878,1773,4.221896944692761,1,4,9,62.03572827750505,9,2025-05-05 20:01:05.009301
9479,user_601,2679,2.1528386493522653,1,2,11,84.08654976200182,7,2024-12-21 20:01:05.010301
9480,user_864,2435,2.5077928874874207,1,3,8,96.2684900252804,5,2025-11-29 20:01:05.011301
9481,user_758,249,1.794037504489165,1,2,10,68.70549360298502,5,2025-06-07 20:01:05.011301
9482,user_849,2441,3.2188409084424343,1,4,11,38.981146580855565,8,2025-07-13 20:01:05.012300
9483,user_494,1620,2.7664313320639904,1,4,10,44.11164796345377,4,2025-03-17 20:01:05.013300
9484,user_18,1336,3.538484699253948,0,4,8,26.748477911149916,5,2025-10-02 20:01:05.013300
9485,user_481,2446,3.9340823661476185,1,2,13,15.368629043097116,6,2025-09-18 20:01:05.014804
9486,user_316,2172,2.9993666101342784,1,2,10,47.03991206975255,6,2024-12-25 20:01:05.015104
9487,user_821,1168,3.8512561136846184,0,2,9,85.65471754365767,7,2025-07-11 20:01:05.015607
9488,user_439,1696,3.7799408375238945,1,4,8,59.45045689824755,4,2025-03-19 20:01:05.016614
9489,user_532,2134,3.0257018037724244,1,4,10,50.92555407889644,9,2025-06-05 20:01:05.016614
9490,user_567,1152,3.7146525423179315,1,4,10,99.14391551715818,5,2025-11-03 20:01:05.017614
9491,user_290,1505,2.896973966197438,1,4,13,59.75296928382908,1,2025-08-19 20:01:05.018613
9492,user_770,2892,3.258458484106075,1,2,13,16.36589266800993,3,2025-05-21 20:01:05.019118
9493,user_822,2030,3.041549394278702,1,3,8,31.24628640464947,9,2025-08-31 20:01:05.019118
9494,user_408,449,3.1719772003679667,0,2,8,21.016198046918188,8,2025-05-24 20:01:05.020124
9495,user_158,502,3.119786492469749,1,2,9,87.30138970481875,8,2025-10-13 20:01:05.021123
9496,user_587,551,2.2691024577776444,1,3,8,67.52827186331977,4,2025-03-21 20:01:05.021123
9497,user_363,1650,3.1695259541978986,1,4,9,73.50790865007168,8,2025-03-15 20:01:05.022123
9498,user_778,2326,4.219711287882417,1,4,12,81.09866445398131,2,2025-06-07 20:01:05.022123
9499,user_385,2550,2.47058984366398,1,4,14,87.45105701084698,7,2025-11-24 20:01:05.023629
9500,user_875,601,2.2510619351081465,1,3,13,68.09334386008602,3,2025-08-30 20:01:05.023629
9501,user_946,587,3.9329782573698866,1,4,10,74.76030443558184,7,2025-03-12 20:01:05.024636
9502,user_937,2326,3.271267479080523,1,3,10,46.03733057885254,6,2025-07-04 20:01:05.025636
9503,user_207,1440,3.7681773479380793,1,4,13,15.239310124416704,9,2025-10-07 20:01:05.025636
9504,user_229,2803,2.3100496664450265,1,2,9,94.61701408048887,5,2025-08-02 20:01:05.025636
9505,user_89,1747,2.9724873506610625,0,3,14,73.39984084733233,8,2025-11-25 20:01:05.027165
9506,user_799,905,3.324339260991211,1,3,10,16.75788632235946,6,2025-10-07 20:01:05.028182
9507,user_50,2683,3.561791444947395,1,3,14,5.7849368825468765,1,2025-06-20 20:01:05.029205
9508,user_291,2069,4.049721909750831,0,3,9,12.013443941842738,7,2025-03-12 20:01:05.029205
9509,user_23,1898,3.0809257482788395,1,4,10,67.45308510669328,4,2025-10-11 20:01:05.030180
9510,user_529,2668,3.1315403228950287,1,3,12,55.7712206616027,4,2024-12-30 20:01:05.030180
9511,user_424,732,2.102213788978089,1,3,12,24.69831786089297,8,2025-03-22 20:01:05.031688
9512,user_689,1994,4.060992516107735,1,3,10,60.885493843532664,7,2025-02-24 20:01:05.032192
9513,user_462,199,2.9423575690017323,1,4,13,47.03931571151679,2,2025-01-08 20:01:05.032524
9514,user_779,178,3.275308421988052,1,3,9,54.425910120967494,8,2025-01-21 20:01:05.032524
9515,user_667,1677,1.9001135093336317,1,3,9,46.27418937455297,4,2025-02-16 20:01:05.033530
9516,user_950,816,2.9821981620373483,1,2,8,4.0282146650587265,3,2025-05-27 20:01:05.034537
9517,user_959,1595,3.6303237876675585,1,4,12,15.12005628201284,5,2025-06-15 20:01:05.034537
9518,user_564,1277,3.1577118375679745,1,4,11,92.23871531983777,1,2025-04-02 20:01:05.035537
9519,user_125,257,3.7223399664498773,1,3,14,35.20327999164839,1,2025-05-16 20:01:05.035537
9520,user_527,2217,3.773221563366941,1,2,9,46.491722610141515,6,2025-10-27 20:01:05.036537
9521,user_419,296,2.779150641174161,0,3,10,75.2526728467616,1,2025-05-05 20:01:05.037536
9522,user_704,1538,4.344516815370937,1,2,13,69.83549936135127,3,2025-06-24 20:01:05.037536
9523,user_640,1155,4.141862678392526,1,3,9,71.33751483171756,3,2025-08-03 20:01:05.038568
9524,user_946,2225,4.684845550133084,1,3,13,0.6981139293154692,8,2025-09-13 20:01:05.039600
9525,user_832,1376,2.276617813891564,1,4,13,58.22795040222516,8,2025-10-08 20:01:05.040599
9526,user_724,2441,2.636297608569757,1,3,10,87.01663839189023,2,2025-09-30 20:01:05.042104
9527,user_424,1377,3.6324870459245076,1,4,9,94.31348469696378,2,2025-07-10 20:01:05.042104
9528,user_734,1947,3.9947805234610096,1,4,10,26.54344325611806,7,2025-04-04 20:01:05.043128
9529,user_568,1867,4.743127636511183,1,3,13,8.860452519433304,2,2025-07-21 20:01:05.044302
9530,user_822,2862,3.2715392308739606,1,4,10,39.04707008224968,5,2025-08-13 20:01:05.044302
9531,user_858,198,4.116978734438715,1,3,8,74.94260152900299,4,2025-07-25 20:01:05.045807
9532,user_443,2516,2.460561396598287,1,4,14,94.37132297461808,9,2025-07-30 20:01:05.046312
9533,user_312,184,3.2695043411414417,1,2,13,59.982797960483495,4,2025-07-14 20:01:05.046621
9534,user_462,2745,2.3292434993097615,1,4,11,6.324205588126608,1,2025-02-18 20:01:05.046621
9535,user_734,1451,4.194304201015437,1,2,9,43.96033941807404,4,2025-04-01 20:01:05.047627
9536,user_476,463,3.210387064060677,1,4,14,87.52093853633208,4,2025-10-28 20:01:05.048634
9537,user_636,1681,4.1655823698134125,1,4,14,82.97300025354333,6,2025-04-16 20:01:05.048634
9538,user_396,1987,3.3896472246629408,1,4,10,96.65206779236165,7,2025-09-14 20:01:05.049640
9539,user_194,29,3.925062912864023,1,4,12,2.5034263345733443,9,2025-01-12 20:01:05.049640
9540,user_807,2865,3.4146495729191555,1,4,8,39.4414673675063,9,2025-10-07 20:01:05.050640
9541,user_25,2853,3.8360569974171304,1,3,10,69.7170985632803,8,2025-05-12 20:01:05.051640
9542,user_787,2109,3.651734073466927,1,3,14,73.41643057962399,9,2025-12-03 20:01:05.051640
9543,user_944,1468,5.0,1,2,10,65.90687148023171,3,2024-12-16 20:01:05.052640
9544,user_79,1553,2.9803450693275364,0,3,14,27.32607886227211,1,2025-09-02 20:01:05.052640
9545,user_140,543,2.6488969210706,1,3,12,52.93249717969972,5,2025-05-15 20:01:05.053641
9546,user_417,1951,3.448320885018522,1,4,9,40.113281553405,3,2025-01-28 20:01:05.054639
9547,user_838,1242,4.464565392426559,1,2,13,99.2329786932079,5,2025-08-10 20:01:05.054639
9548,user_726,1795,3.860300785640756,1,4,11,65.95929975455968,4,2025-05-28 20:01:05.055712
9549,user_562,1283,3.8509945548628886,1,2,11,79.51151457112624,1,2025-01-13 20:01:05.057212
9550,user_195,1151,3.8841823789291023,1,2,10,28.944148329396736,7,2025-09-24 20:01:05.058864
9551,user_750,1966,2.2719295683172267,1,4,9,46.38581596820636,4,2025-01-14 20:01:05.059870
9552,user_917,1264,3.8669333725817703,1,3,14,72.97087731090564,4,2025-11-01 20:01:05.060871
9553,user_645,1963,4.60301070596592,1,4,8,38.02810528497932,9,2025-05-16 20:01:05.060871
9554,user_820,635,3.699049822604564,1,3,11,26.432962355691323,1,2025-07-17 20:01:05.061871
9555,user_947,1157,3.4719328336089106,1,2,13,18.610324411884328,4,2025-08-03 20:01:05.062871
9556,user_346,221,4.135260014133138,1,2,13,91.57466783846674,2,2025-08-29 20:01:05.062871
9557,user_887,2654,2.668815316496069,0,3,13,32.14758580703455,4,2025-08-04 20:01:05.063871
9558,user_537,996,2.7077815628264474,1,2,10,46.299316819081305,7,2024-12-18 20:01:05.063871
9559,user_742,1087,2.9213806435646585,1,4,14,33.19071450897939,5,2025-07-02 20:01:05.064871
9560,user_633,1685,4.369918035945608,1,3,9,23.071233809056835,1,2025-11-04 20:01:05.065377
9561,user_285,2433,2.4746369300617532,1,2,13,72.1578004790515,7,2025-02-02 20:01:05.066383
9562,user_5,1292,3.193331577011568,1,3,10,23.483690888386878,4,2025-02-07 20:01:05.066383
9563,user_156,1258,4.706577824147008,1,2,8,38.17845290332107,3,2025-10-31 20:01:05.067383
9564,user_687,1139,4.39835466739332,1,4,11,1.5127087826946828,4,2025-08-15 20:01:05.067383
9565,user_304,1832,2.7461491036854633,1,2,12,66.84684854192521,6,2025-05-07 20:01:05.068889
9566,user_167,244,3.181552261070007,1,4,12,72.9147925481139,5,2025-02-22 20:01:05.069245
9567,user_491,139,1.952661606295291,1,4,14,97.43927950026581,2,2025-03-21 20:01:05.069896
9568,user_825,102,2.895187376689209,1,3,13,65.3972036275129,2,2025-07-11 20:01:05.070894
9569,user_47,1848,3.5952907262277227,1,2,10,99.71445865253747,5,2024-12-20 20:01:05.070894
9570,user_532,1944,2.366809797151212,1,2,11,1.923779144588711,9,2025-10-10 20:01:05.071896
9571,user_418,2538,4.247410082847637,1,2,14,87.09931803269093,6,2025-05-10 20:01:05.072896
9572,user_97,1504,2.3541066628395897,1,4,9,78.1169939146803,4,2025-03-06 20:01:05.072896
9573,user_544,2610,3.6492753214500047,0,3,12,55.57630024162572,5,2025-08-12 20:01:05.074401
9574,user_367,2586,2.9077838344548117,1,2,9,45.40374730102287,9,2025-05-23 20:01:05.074401
9575,user_555,2696,3.240713332571431,0,4,11,73.62666961957385,5,2025-02-25 20:01:05.075407
9576,user_335,1640,4.232694387741397,1,2,9,33.34245127611744,8,2025-11-02 20:01:05.076414
9577,user_543,2536,3.6706516884781397,1,3,11,58.91442908479496,8,2025-03-27 20:01:05.076414
9578,user_26,692,3.601659483573455,1,3,14,77.88386091217522,8,2025-08-09 20:01:05.077919
9579,user_792,1448,3.824783552526307,1,4,14,80.65084637882626,4,2025-11-20 20:01:05.077919
9580,user_667,870,2.943605756604516,1,4,10,24.141160089764647,6,2025-09-29 20:01:05.078925
9581,user_968,1211,3.050043982949496,1,3,9,31.66658337335978,2,2025-09-07 20:01:05.078925
9582,user_126,635,2.413738163784495,1,2,11,18.469651228026873,5,2025-02-22 20:01:05.079925
9583,user_919,621,2.232510601684592,1,4,11,87.69261829390842,6,2025-04-25 20:01:05.079925
9584,user_314,2574,4.460909436798104,1,4,13,28.72907991575373,3,2025-07-30 20:01:05.081432
9585,user_371,2199,2.6163284801417857,1,4,12,44.96284753832603,6,2025-02-11 20:01:05.082305
9586,user_176,2761,2.803109950278759,1,4,12,52.02322357836903,2,2025-11-03 20:01:05.082710
9587,user_891,2592,4.425822285374445,1,2,8,92.26035032325112,9,2024-12-27 20:01:05.082710
9588,user_125,1094,3.630294927863995,1,4,10,40.45102519056054,2,2025-05-24 20:01:05.084071
9589,user_636,931,2.529545977536864,1,3,10,17.411558612219814,8,2025-04-23 20:01:05.084723
9590,user_950,944,3.4408924324700267,1,3,11,89.50255234172643,1,2025-02-11 20:01:05.084723
9591,user_565,2493,3.727394124684966,1,2,14,42.44850464717135,7,2025-01-29 20:01:05.085723
9592,user_492,2189,1.9285001807824564,0,3,9,73.25829199625043,9,2025-07-08 20:01:05.085723
9593,user_164,344,3.0010004672683883,0,4,8,47.67412460114492,4,2025-10-16 20:01:05.086723
9594,user_824,321,3.1812972191634703,1,3,14,34.6672514293599,4,2025-11-05 20:01:05.087723
9595,user_114,1028,3.531523445230917,1,2,14,72.32688144571343,4,2025-03-27 20:01:05.088722
9596,user_236,2380,4.203970112567886,1,4,9,6.91899284972285,7,2025-02-17 20:01:05.088722
9597,user_581,2186,4.145443741161108,1,4,11,74.25444902151445,9,2025-03-03 20:01:05.090720
9598,user_668,238,2.737603593434865,1,2,14,42.53554274890065,2,2024-12-12 20:01:05.090720
9599,user_876,397,2.5228391462468664,1,2,11,46.510491152146905,2,2025-06-28 20:01:05.092601
9600,user_259,746,4.211888930725378,1,4,12,52.75883103536512,7,2025-02-08 20:01:05.093106
9601,user_388,1217,4.387597223935876,1,2,11,92.75900779296464,1,2025-03-28 20:01:05.093482
9602,user_426,2457,2.721628910797058,1,2,10,27.20425685242448,2,2025-11-18 20:01:05.094113
9603,user_328,2852,2.556062151453197,0,2,14,82.48692827397954,8,2025-04-18 20:01:05.094113
9604,user_3,1771,3.6049364042623804,1,2,14,14.827716362567156,3,2025-02-19 20:01:05.095618
9605,user_454,24,3.145515160587108,1,2,11,5.97212021553638,6,2025-10-09 20:01:05.095976
9606,user_437,361,2.33935274822638,1,4,12,42.44373012958731,6,2025-06-13 20:01:05.096625
9607,user_611,991,3.3999528025326153,1,3,9,31.71960522146353,3,2025-10-27 20:01:05.096625
9608,user_791,609,3.255558878496294,1,4,14,26.067885940403844,1,2025-07-11 20:01:05.098129
9609,user_869,1335,4.023157532114649,1,2,13,68.79996211440641,8,2025-07-21 20:01:05.099162
9610,user_257,979,4.548602436333162,1,2,10,49.894672244284365,4,2024-12-30 20:01:05.100135
9611,user_166,162,3.06198771885986,1,3,12,32.69236127593482,7,2024-12-18 20:01:05.100135
9612,user_243,691,3.7952579558659587,1,4,14,71.6460348596816,7,2025-05-31 20:01:05.101135
9613,user_841,203,4.308421045745341,1,3,8,6.5262056246396245,4,2025-07-16 20:01:05.101640
9614,user_582,903,3.852820896617189,1,3,11,59.35826429242279,3,2025-08-25 20:01:05.101640
9615,user_158,1199,4.371208048699178,1,3,8,27.6637117099814,7,2025-11-21 20:01:05.102645
9616,user_654,1992,2.9005414844261455,1,4,8,47.06117971613364,3,2025-10-22 20:01:05.103646
9617,user_955,2893,3.950141062588023,1,2,14,91.65016970208659,3,2024-12-26 20:01:05.103646
9618,user_523,2594,3.362579256280926,1,2,10,44.72827709965076,8,2025-03-24 20:01:05.104645
9619,user_853,1444,3.3331987689125717,1,2,11,61.209614838638224,3,2025-08-27 20:01:05.106231
9620,user_661,1464,5.0,1,3,8,90.38960459376595,9,2025-05-16 20:01:05.107407
9621,user_435,1023,3.2922159183881,0,4,10,71.04730236683353,1,2025-11-16 20:01:05.108412
9622,user_812,322,3.778735069509737,1,3,11,80.16643274207074,6,2025-02-06 20:01:05.108951
9623,user_28,1930,3.7636562700701557,0,2,8,78.08230484565092,6,2025-11-05 20:01:05.109967
9624,user_268,1248,3.7179535470606164,1,4,13,12.443062040961838,6,2025-06-22 20:01:05.109967
9625,user_927,2071,3.784231479546806,1,4,14,81.93469667232645,9,2025-03-15 20:01:05.110943
9626,user_216,2237,3.639525412188323,1,4,8,44.98193443951898,9,2025-03-19 20:01:05.110943
9627,user_970,211,1.982523310855661,1,4,14,38.84096991648074,7,2025-03-30 20:01:05.111943
9628,user_13,940,2.799832017501178,0,2,13,32.49524529811995,2,2025-04-12 20:01:05.112943
9629,user_924,1179,2.6311743331031003,1,4,14,49.09852776609841,1,2025-06-04 20:01:05.112943
9630,user_741,2565,2.739160165026311,1,4,9,30.349466370577826,7,2025-05-13 20:01:05.113942
9631,user_943,600,4.198519009076983,1,2,8,11.271427828667468,7,2025-03-22 20:01:05.113942
9632,user_322,175,3.5801346092157136,1,3,10,73.61058067770009,4,2025-09-17 20:01:05.114942
9633,user_820,131,4.772230386391686,1,4,14,28.01665949052924,1,2025-11-29 20:01:05.115447
9634,user_850,1389,5.0,1,3,10,59.56513005687412,6,2025-07-18 20:01:05.115952
9635,user_662,1457,3.6983406863761177,1,3,14,81.86638030341402,4,2025-03-18 20:01:05.116959
9636,user_919,335,2.293005099672528,1,4,14,8.93663204919969,4,2025-05-24 20:01:05.116959
9637,user_871,1594,3.4507341893856234,1,2,12,24.86836670637934,7,2025-10-31 20:01:05.117959
9638,user_766,1865,4.49688749033855,1,3,12,4.5196157696752115,1,2024-12-23 20:01:05.117959
9639,user_707,1960,2.357053730994937,1,2,11,92.59901635807495,3,2025-10-29 20:01:05.119464
9640,user_359,1087,3.6643673029707515,1,4,10,84.6065932713587,6,2025-02-11 20:01:05.119464
9641,user_734,1564,4.6532970351805805,1,2,14,94.44162443331125,9,2025-10-10 20:01:05.120470
9642,user_588,2842,3.9462641984195264,1,2,9,60.952343643116706,1,2025-07-28 20:01:05.121503
9643,user_361,112,2.0934113759874915,0,2,9,41.63687246210722,9,2025-01-21 20:01:05.122471
9644,user_117,2433,3.199208349935476,1,4,12,96.9414925926531,4,2025-01-06 20:01:05.123973
9645,user_507,2290,3.123391173135663,1,2,11,34.013430863090946,1,2025-09-05 20:01:05.124978
9646,user_410,2344,2.791147819002035,1,2,11,19.67887870101074,7,2025-11-30 20:01:05.126007
9647,user_897,2845,3.0504225751632936,1,4,9,26.975151893089976,8,2025-07-25 20:01:05.126977
9648,user_337,2693,3.136633061436437,1,2,9,15.060336204300185,9,2025-07-18 20:01:05.127482
9649,user_809,2294,3.452115106769684,1,4,11,97.43895844654111,4,2025-08-02 20:01:05.127482
9650,user_482,55,4.05787742612523,1,2,10,47.12444747291429,7,2025-04-01 20:01:05.128488
9651,user_609,466,2.779997095728929,1,2,14,62.882860383289255,2,2025-09-06 20:01:05.129488
9652,user_229,2262,3.526957951615283,1,2,10,5.6284594220268325,7,2025-08-09 20:01:05.129488
9653,user_340,880,3.120333502891562,1,4,10,15.86640600357958,8,2025-10-11 20:01:05.129488
9654,user_907,1638,3.38634568271816,1,3,12,4.234709655280177,8,2025-09-28 20:01:05.130994
9655,user_349,2746,3.5067742293687676,1,2,14,95.72767180753455,7,2025-08-21 20:01:05.130994
9656,user_465,1419,2.3657461549376984,1,4,12,93.70950085740012,8,2025-07-03 20:01:05.132000
9657,user_965,2810,3.900396427252207,1,3,8,21.38976458100369,1,2025-01-11 20:01:05.132505
9658,user_294,2660,4.28148946627265,1,4,9,92.87284185823506,6,2025-08-17 20:01:05.133511
9659,user_774,2390,2.8972492979399633,1,2,9,84.42051697664837,7,2025-01-31 20:01:05.134016
9660,user_727,503,2.513907586160766,1,2,12,27.405650068071587,7,2025-09-30 20:01:05.134016
9661,user_448,1584,4.4777969450852,1,4,9,47.23623238210484,9,2025-11-07 20:01:05.135023
9662,user_591,1327,2.209590767949419,1,4,14,58.237614189104335,1,2025-06-20 20:01:05.136023
9663,user_285,755,3.1273556235763253,1,2,8,85.23199860985896,1,2025-08-06 20:01:05.136023
9664,user_277,1033,2.6655970651376335,1,4,10,22.935080898313885,7,2025-07-15 20:01:05.137023
9665,user_152,1471,3.840484104986256,1,2,13,56.16053692068298,2,2025-05-28 20:01:05.138023
9666,user_829,2364,3.2351685512995205,1,2,12,79.45840150052467,5,2025-10-20 20:01:05.139023
9667,user_573,674,3.7163216260395013,1,4,9,86.48158445001727,1,2025-06-23 20:01:05.139023
9668,user_57,2229,4.023522173023484,1,4,13,42.825539687738,3,2025-09-08 20:01:05.140021
9669,user_956,1465,3.4076034108894513,1,2,8,77.72616495150754,8,2025-11-13 20:01:05.141022
9670,user_885,2710,3.2756886006506805,1,2,10,61.127658306615665,8,2025-11-22 20:01:05.141022
9671,user_321,1056,3.042924260599643,1,3,12,75.77230152049181,6,2025-03-19 20:01:05.142529
9672,user_718,2359,4.196458366644467,1,4,10,23.171910866390434,1,2025-04-28 20:01:05.143043
9673,user_222,1642,3.869614469670432,1,2,13,5.423708877390121,1,2025-09-04 20:01:05.143043
9674,user_230,1841,2.56983068394513,1,3,13,45.62384243449002,1,2025-12-08 20:01:05.144049
9675,user_396,1701,3.340180727617602,1,2,8,12.432781014846539,1,2025-11-23 20:01:05.144049
9676,user_592,509,4.063424347240725,1,3,12,46.138659597385,7,2025-08-26 20:01:05.145555
9677,user_311,2322,4.044128508737613,1,3,13,93.52513679431235,1,2025-09-10 20:01:05.146202
9678,user_532,2716,2.4912101841576115,1,3,14,53.959195235802824,9,2025-11-26 20:01:05.146202
9679,user_263,685,2.9976424342816217,1,2,9,18.90702837912217,8,2025-08-08 20:01:05.146202
9680,user_180,2564,3.1158606332971597,1,3,11,10.214008412745201,7,2025-07-24 20:01:05.147849
9681,user_493,200,4.133714796705877,0,3,11,28.353472127729795,5,2025-01-13 20:01:05.147849
9682,user_41,1128,2.252046789318113,1,2,14,19.916678234966344,2,2025-11-06 20:01:05.148856
9683,user_970,2844,2.785894977255788,1,4,8,13.582373980593143,5,2025-12-07 20:01:05.149856
9684,user_6,1916,3.9316884711453017,1,4,11,25.068219333186292,4,2025-07-02 20:01:05.149856
9685,user_323,683,3.026100370168273,1,2,11,40.21043341170895,9,2025-03-31 20:01:05.150856
9686,user_54,2034,3.055998236776169,0,4,12,20.691014297126976,7,2025-03-22 20:01:05.150856
9687,user_854,463,3.7144461696903264,1,3,9,56.99454606721711,8,2025-09-29 20:01:05.151856
9688,user_304,2855,3.787771422929341,1,4,14,94.48701098272653,5,2025-04-26 20:01:05.152856
9689,user_524,2648,4.3707177158018204,1,3,9,35.526489193152855,2,2025-10-04 20:01:05.152856
9690,user_345,1821,3.6335737852264365,1,3,11,73.68922000130857,9,2025-03-04 20:01:05.154360
9691,user_858,2666,2.719670286199082,1,4,13,34.77640247280876,3,2025-04-26 20:01:05.154360
9692,user_309,1525,3.32536222588136,1,2,8,14.12442042024702,7,2025-03-15 20:01:05.155368
9693,user_456,1963,3.53519316702905,1,4,11,48.29984978710389,9,2025-07-18 20:01:05.156366
9694,user_675,1592,4.423709212168479,1,4,13,62.03022419783289,3,2025-12-10 20:01:05.156871
9695,user_139,2784,2.831896328512252,1,2,11,75.26517371990184,3,2024-12-13 20:01:05.157376
9696,user_442,2082,2.529091993935103,1,2,14,8.585809396551392,1,2025-05-05 20:01:05.158383
9697,user_488,596,4.933294672533862,1,4,14,53.390072899031956,4,2025-08-23 20:01:05.158889
9698,user_776,2843,4.756587220782203,1,3,8,79.82746811536583,8,2025-11-06 20:01:05.160896
9699,user_212,2094,3.713140487323588,1,4,8,28.227739876357827,7,2025-02-12 20:01:05.160896
9700,user_123,1770,3.9231674577034896,1,3,9,18.00151079263762,1,2025-02-11 20:01:05.161896
9701,user_819,1119,2.848127339496578,1,4,10,9.39016645423193,7,2025-10-09 20:01:05.161896
9702,user_419,934,2.693830169080763,1,4,8,66.5820629731518,1,2025-11-13 20:01:05.163403
9703,user_706,1392,3.402224360732541,1,3,14,0.7572528555612412,7,2025-04-13 20:01:05.164410
9704,user_860,1596,3.3453949679483896,1,4,10,6.140674550696756,1,2025-10-04 20:01:05.164410
9705,user_194,1246,3.672782973695287,0,3,9,19.498920677850904,4,2025-06-01 20:01:05.164410
9706,user_964,1547,2.6812046696306306,1,2,8,63.304282650359156,2,2025-10-22 20:01:05.166288
9707,user_403,796,2.9572899227599687,1,4,9,39.636506141809626,4,2025-01-16 20:01:05.166922
9708,user_917,2680,4.05098208515894,1,4,12,65.34649654097024,5,2025-04-26 20:01:05.166922
9709,user_943,2162,4.011651044486787,1,2,12,83.85466773459132,1,2025-01-12 20:01:05.167922
9710,user_915,1270,4.024687598167364,1,2,11,76.04441415085775,5,2025-06-16 20:01:05.167922
9711,user_752,2386,4.140733418272898,1,3,11,10.493976474988575,5,2025-11-27 20:01:05.167922
9712,user_415,2344,2.5257934404221136,1,4,10,96.94026331109296,6,2025-06-01 20:01:05.169833
9713,user_457,1188,2.82585902479708,1,3,9,93.18293011680613,7,2025-08-23 20:01:05.170468
9714,user_598,1016,4.145138400799999,1,4,11,54.34085559009647,2,2025-11-06 20:01:05.171434
9715,user_391,2824,2.6339717639699463,1,4,10,7.216652497299569,9,2025-12-11 20:01:05.172434
9716,user_776,1148,4.3351880398650495,1,4,9,31.007692130236762,6,2025-07-08 20:01:05.173937
9717,user_158,911,2.8147698111130905,1,2,14,37.429514669416406,8,2024-12-17 20:01:05.174942
9718,user_458,2880,3.621562659019763,1,2,10,24.32682879288014,6,2025-06-19 20:01:05.174942
9719,user_409,1151,3.312473961813905,1,3,9,96.57832552602018,9,2025-07-20 20:01:05.175956
9720,user_728,2522,2.232081022280644,1,4,13,27.44200527259465,6,2025-03-26 20:01:05.175956
9721,user_12,2038,3.2701314473837226,0,4,14,53.49093325747236,1,2025-05-28 20:01:05.177465
9722,user_621,536,3.0653009798872324,1,2,12,31.89126440125317,2,2025-01-12 20:01:05.177465
9723,user_954,257,3.038629309011557,1,2,9,37.923159345578114,4,2025-03-14 20:01:05.178471
9724,user_180,2287,2.524837758418321,1,4,9,41.9615379668294,1,2025-01-20 20:01:05.178471
9725,user_307,607,1.833040992068515,1,2,10,25.17764804111512,6,2025-01-21 20:01:05.179977
9726,user_897,457,3.6915309774282945,1,2,11,30.460772876658293,9,2025-08-20 20:01:05.179977
9727,user_429,1240,4.237952467034056,1,3,8,92.85897870687977,5,2025-11-22 20:01:05.179977
9728,user_123,2671,3.8275892545064925,1,2,9,24.118829099815777,1,2025-05-19 20:01:05.181857
9729,user_855,2820,4.48492997530807,1,3,14,48.4142454087109,6,2025-07-15 20:01:05.182362
9730,user_232,2421,2.8291407317591784,1,4,8,49.465282733127644,1,2025-01-27 20:01:05.182712
9731,user_455,562,2.974943362990264,1,2,9,28.313486661008426,9,2025-03-05 20:01:05.183717
9732,user_641,1474,2.9888444473903357,1,2,12,0.343695697720936,9,2025-05-28 20:01:05.184071
9733,user_873,247,4.081730978053121,1,2,13,38.986114697189045,9,2025-01-18 20:01:05.184725
9734,user_214,1691,3.6884051681310717,0,2,11,37.53020362012277,7,2025-08-17 20:01:05.185725
9735,user_933,155,2.044782951598833,0,4,13,76.71040657074072,4,2025-09-06 20:01:05.186724
9736,user_326,2159,4.4260965363578455,1,2,13,78.8349559287096,1,2025-09-20 20:01:05.186724
9737,user_708,1206,5.0,1,2,11,44.79620697743226,9,2025-02-19 20:01:05.187723
9738,user_142,27,3.115837107298933,1,2,13,73.34590483822619,2,2025-11-22 20:01:05.188724
9739,user_597,1959,2.9863268960582148,1,2,11,92.95963718255848,4,2025-08-22 20:01:05.189724
9740,user_877,1602,2.246793734478654,1,2,9,87.76397635856176,7,2024-12-18 20:01:05.189724
9741,user_627,2416,2.6775734607501644,1,3,8,24.385308956767982,4,2025-03-14 20:01:05.190722
9742,user_200,2782,2.8360268395887624,1,3,12,20.7180786736463,1,2025-09-14 20:01:05.190722
9743,user_181,2199,3.0467385305736743,1,3,14,5.720361408693552,9,2025-09-11 20:01:05.192228
9744,user_286,2147,4.594368060468856,1,2,10,79.9553807144939,5,2025-07-28 20:01:05.192228
9745,user_153,418,3.581871644210932,1,2,13,92.6594530127515,1,2025-03-27 20:01:05.193235
9746,user_144,992,1.924349115060883,1,4,10,98.52949652561165,2,2025-11-15 20:01:05.193740
9747,user_216,2130,4.234968167269238,0,3,11,16.00620755949096,6,2025-02-01 20:01:05.193740
9748,user_848,2749,4.195009956271346,1,4,13,18.59129362492632,2,2025-10-14 20:01:05.195549
9749,user_98,2489,2.8156741741097195,1,2,10,21.096190065662423,7,2025-02-23 20:01:05.196054
9750,user_662,906,3.1454901391554424,0,4,10,4.264791551779734,7,2025-02-06 20:01:05.196054
9751,user_906,71,2.8331745940118185,1,3,8,89.03206690894369,6,2025-08-24 20:01:05.196054
9752,user_828,1190,2.722156826849797,1,2,10,84.61524437415656,8,2025-10-10 20:01:05.197806
9753,user_967,374,2.9003719625577604,1,3,14,79.99982556362377,8,2025-06-21 20:01:05.197806
9754,user_468,2181,2.829448777474789,1,4,9,59.545518778603345,6,2025-11-21 20:01:05.198812
9755,user_709,1029,4.099541179890528,1,4,11,65.59240108994771,7,2025-04-16 20:01:05.199813
9756,user_46,789,2.5848106512371363,1,2,12,74.32968902773425,5,2025-05-17 20:01:05.200813
9757,user_193,991,3.180228407636775,1,3,13,14.421915166304167,2,2025-02-19 20:01:05.200813
9758,user_504,2551,3.4766976042983844,1,4,8,95.97280601310695,3,2024-12-19 20:01:05.201812
9759,user_23,2211,2.7380600984122396,1,4,9,58.583217539859945,8,2025-01-04 20:01:05.201812
9760,user_600,2602,3.649116449193916,1,4,11,22.293827165861224,6,2025-02-13 20:01:05.202813
9761,user_22,1023,2.614885758181684,1,4,10,19.81194831866683,9,2025-11-11 20:01:05.203813
9762,user_740,1279,4.505904506042554,1,3,11,50.71129373486559,3,2025-06-05 20:01:05.203813
9763,user_444,2004,3.807112621008052,1,3,14,97.72315315338098,9,2025-08-29 20:01:05.205318
9764,user_93,21,2.8968737102075863,1,4,11,66.12876467619041,2,2025-04-27 20:01:05.205822
9765,user_615,1679,3.4879705289420215,1,4,11,74.65776474475811,4,2025-07-15 20:01:05.205822
9766,user_957,906,2.769604345417697,1,2,11,97.36122659883046,8,2025-08-05 20:01:05.206829
9767,user_228,515,4.532955199357634,1,4,14,55.740558412474684,4,2025-04-13 20:01:05.207335
9768,user_551,253,3.0458919811579444,0,4,11,25.36767105463116,8,2025-06-25 20:01:05.207335
9769,user_517,2186,3.966630345005923,1,3,9,73.35285100815918,9,2025-09-30 20:01:05.209063
9770,user_625,2181,3.3589087171398524,1,2,11,20.411689924662667,7,2025-08-06 20:01:05.209063
9771,user_826,1731,2.617761930828565,1,3,13,99.52289257384756,6,2025-09-02 20:01:05.210069
9772,user_671,158,2.7235680742137367,1,3,14,18.6437604303373,9,2025-03-11 20:01:05.211069
9773,user_12,822,3.307558170130516,1,4,10,93.74066273632651,7,2025-01-23 20:01:05.211069
9774,user_807,2141,3.524177506601459,0,4,10,80.33358712684696,4,2025-03-25 20:01:05.212069
9775,user_303,341,3.217647968865662,1,2,10,68.21927355252346,3,2025-08-16 20:01:05.212069
9776,user_957,1408,3.7248670765863894,1,4,12,77.23427120347178,3,2025-01-17 20:01:05.213069
9777,user_922,1431,3.2651602265125685,1,4,14,7.429659359387886,6,2025-09-10 20:01:05.214069
9778,user_403,2821,3.5256252080773773,1,2,9,72.43510728644192,5,2025-01-07 20:01:05.214069
9779,user_591,2094,3.103439738267735,1,3,11,13.581409940801304,6,2025-04-27 20:01:05.215070
9780,user_128,1202,2.9525910285653545,1,3,12,49.658765030960105,1,2025-02-02 20:01:05.215575
9781,user_459,2336,2.542666624493201,1,3,8,19.92340334148739,1,2025-08-30 20:01:05.216581
9782,user_49,1720,3.671982710588207,1,2,9,44.28544569065702,5,2025-08-15 20:01:05.216581
9783,user_512,2379,2.9189118727962087,1,2,9,48.57008683216964,9,2025-10-23 20:01:05.217581
9784,user_685,265,3.6631395562763434,1,4,14,80.74043514237499,5,2025-01-17 20:01:05.217581
9785,user_806,2478,2.510082736233483,1,3,12,32.87149866388732,8,2025-05-07 20:01:05.217581
9786,user_55,1517,3.630760834252597,1,4,10,55.87645916480961,3,2025-04-28 20:01:05.219087
9787,user_873,1897,3.710862815762111,1,4,11,47.066139443267616,4,2025-09-16 20:01:05.220095
9788,user_418,1698,3.8195357239089645,1,4,9,96.02268933900127,7,2025-06-07 20:01:05.220095
9789,user_667,297,3.200994489941802,1,4,9,8.565236319623171,2,2025-11-21 20:01:05.221094
9790,user_561,754,2.693947101618096,1,2,12,14.877779599515517,2,2025-11-05 20:01:05.222095
9791,user_653,2245,2.502216173794705,1,3,11,50.974140314850594,6,2025-04-25 20:01:05.222095
9792,user_113,2430,2.964109730526003,1,2,14,66.4432661897985,1,2024-12-12 20:01:05.222095
9793,user_165,924,4.068095943030272,1,3,9,22.72542814688755,3,2025-01-13 20:01:05.223601
9794,user_519,1238,3.0105253487916563,1,2,8,58.16472384066322,3,2025-03-18 20:01:05.224608
9795,user_864,2326,3.0612732107793974,0,3,12,73.90846927570865,9,2025-11-14 20:01:05.224608
9796,user_775,1770,3.7264860489778586,1,2,14,61.085577838156624,1,2025-10-30 20:01:05.225606
9797,user_140,91,3.5136998691315533,1,3,13,33.60687989823595,9,2025-06-04 20:01:05.226111
9798,user_337,2568,3.551317866683271,1,2,13,36.59917419939259,4,2025-06-26 20:01:05.227117
9799,user_572,924,2.5219375534686015,0,4,9,50.10058356250131,3,2025-01-06 20:01:05.227117
9800,user_536,232,2.704359749322986,1,2,8,31.54678685644212,4,2025-06-08 20:01:05.228124
9801,user_192,1388,3.155660739092528,1,3,10,20.615131368707416,2,2025-04-29 20:01:05.229124
9802,user_223,2362,3.0775805687362734,1,4,14,59.533222349369886,5,2025-05-28 20:01:05.229124
9803,user_149,2681,1.9779989440692034,1,2,10,60.36285900656577,1,2024-12-12 20:01:05.230124
9804,user_75,1434,2.0482653791367547,1,3,12,93.47337737018539,8,2025-01-18 20:01:05.230124
9805,user_231,2585,2.7054660683870573,1,4,8,59.75342183870899,7,2025-08-21 20:01:05.231627
9806,user_249,529,3.092906160640893,1,2,10,10.125422101072502,8,2025-08-09 20:01:05.231627
9807,user_520,1453,2.7924757111668246,1,4,13,48.86837760393789,5,2025-09-20 20:01:05.232663
9808,user_303,873,1.8241856714475204,1,2,12,49.6004359834052,7,2025-07-10 20:01:05.233670
9809,user_787,2061,3.2839866326089786,1,2,11,82.9868284320144,1,2025-04-21 20:01:05.234175
9810,user_931,2809,3.2592922287146764,1,4,9,76.97679922240805,8,2025-04-18 20:01:05.234175
9811,user_565,86,2.526377475341156,1,2,12,14.594183580455544,4,2025-05-27 20:01:05.235181
9812,user_483,597,4.079525929773764,0,4,9,47.307616556355946,7,2025-07-19 20:01:05.236181
9813,user_946,763,4.968423201910993,1,4,14,9.067924830675588,6,2025-04-19 20:01:05.236181
9814,user_421,2742,3.452198260412882,1,3,10,0.4679361640026247,5,2025-02-14 20:01:05.237181
9815,user_571,1972,2.849439054306376,1,4,9,12.474220775435185,6,2025-08-31 20:01:05.237181
9816,user_221,1291,2.9524868204367523,1,4,11,41.22079508290496,5,2025-07-12 20:01:05.238181
9817,user_510,882,3.1759930495631803,1,4,14,33.6197408906027,5,2025-09-25 20:01:05.239181
9818,user_300,2492,3.9004456101797427,1,3,8,30.0837129868071,4,2025-12-01 20:01:05.239181
9819,user_114,2850,4.270750348934172,1,3,9,1.1060523435591163,2,2025-08-01 20:01:05.240182
9820,user_678,78,3.0388479772109482,1,3,8,5.7195308356959735,4,2025-06-29 20:01:05.240182
9821,user_814,2478,4.629448900792156,1,3,13,99.34097997825573,4,2025-06-10 20:01:05.241688
9822,user_179,1926,3.4491391826154922,0,3,14,52.47492172342946,8,2025-07-01 20:01:05.242206
9823,user_966,642,2.256005349761895,1,4,12,46.00436563766783,2,2025-08-03 20:01:05.242206
9824,user_574,2032,4.633479592624072,1,2,13,63.58191589221671,4,2025-04-17 20:01:05.243212
9825,user_540,144,4.577004437694249,1,2,12,40.090205256096255,9,2025-02-06 20:01:05.243717
9826,user_960,2676,3.4857149394936253,1,3,13,85.19196171586427,6,2025-09-05 20:01:05.243717
9827,user_610,2131,3.1354989455191173,1,4,8,10.155970999903696,8,2025-03-15 20:01:05.245222
9828,user_282,2659,3.801897363432917,0,2,13,56.857340162738424,4,2025-12-08 20:01:05.245222
9829,user_9,774,2.8857325698497083,1,3,14,85.84384045522442,4,2025-09-12 20:01:05.246734
9830,user_12,1098,2.901023987838166,1,4,9,17.719517497639593,4,2025-08-05 20:01:05.246734
9831,user_516,410,4.548987074551475,1,2,11,43.081861374369936,1,2025-03-13 20:01:05.247740
9832,user_579,921,3.7500798019303723,0,2,11,10.798506672023855,6,2025-03-29 20:01:05.248746
9833,user_94,2737,3.85051958464524,1,3,8,79.25559220991167,4,2025-11-05 20:01:05.248746
9834,user_65,1115,3.1445953120746575,1,3,11,78.4916469305037,4,2024-12-23 20:01:05.249747
9835,user_259,1576,2.9266182058141794,1,4,8,21.39093861648387,1,2025-10-30 20:01:05.249747
9836,user_773,2651,3.1186738471944744,1,2,14,28.9409769620943,4,2025-07-16 20:01:05.250747
9837,user_111,2358,2.5007838618364913,1,4,11,27.069311173169286,6,2025-12-04 20:01:05.251747
9838,user_842,1660,4.053654581121962,1,4,10,19.148218005660322,5,2025-07-12 20:01:05.252252
9839,user_334,674,3.671411096330937,1,4,12,82.27319511953361,2,2024-12-17 20:01:05.252252
9840,user_880,756,4.053276378647811,1,4,8,1.8440926422570558,6,2024-12-12 20:01:05.253258
9841,user_299,1238,4.33332149090649,1,2,12,38.8092599090059,2,2025-08-14 20:01:05.253258
9842,user_597,276,2.4914374307553997,0,2,12,32.04032587198281,6,2025-05-27 20:01:05.254764
9843,user_478,1217,4.406162401184175,1,2,11,72.42610749346629,2,2025-01-03 20:01:05.254764
9844,user_302,16,3.3964180396390664,1,4,8,56.373697729004924,8,2025-08-20 20:01:05.255772
9845,user_96,1631,4.081648832990384,1,4,12,81.26684149714656,9,2025-07-30 20:01:05.256772
9846,user_158,620,3.415096326359797,1,3,9,11.612917834948988,9,2025-09-06 20:01:05.257277
9847,user_253,2852,4.003767023252685,1,3,9,85.00981831583604,3,2025-07-27 20:01:05.257277
9848,user_542,1742,3.9163383870860873,1,2,8,27.650304230487677,3,2025-10-14 20:01:05.257277
9849,user_888,731,3.7414350198351736,1,3,8,86.7597921215195,7,2025-09-13 20:01:05.259008
9850,user_875,941,2.89851558938413,1,2,14,2.3530245733297095,6,2025-10-17 20:01:05.259008
9851,user_417,1757,3.280980012504555,1,2,13,32.01968054831658,1,2025-02-25 20:01:05.260015
9852,user_456,911,4.053836235879397,1,3,11,44.286607209089645,8,2025-04-29 20:01:05.261015
9853,user_127,2127,3.9549222816148744,1,3,10,17.326063693954264,8,2024-12-26 20:01:05.261015
9854,user_522,2695,3.6231618847780696,1,2,9,23.185364688854925,5,2025-06-02 20:01:05.262015
9855,user_396,826,3.2969280600777013,1,3,11,69.98498541673129,4,2025-04-10 20:01:05.263015
9856,user_98,1306,2.894528788821509,1,4,8,89.99123743003237,3,2025-01-31 20:01:05.263015
9857,user_599,895,3.3612821081170803,1,2,11,13.777552949189209,8,2025-12-05 20:01:05.264015
9858,user_455,1162,2.5451840501795586,1,3,13,57.72489045181863,1,2025-10-28 20:01:05.265014
9859,user_820,1303,4.163200999791421,1,4,8,97.32729573060053,7,2025-05-23 20:01:05.265519
9860,user_510,127,2.8202844466851364,1,4,12,84.52859834315578,4,2025-02-14 20:01:05.265519
9861,user_88,2215,2.89690745496718,1,4,12,7.754990582115728,7,2025-05-10 20:01:05.266526
9862,user_310,1582,2.971872599101271,1,3,9,99.8622145766988,9,2025-07-24 20:01:05.267526
9863,user_817,2893,2.621224425446924,1,2,14,44.924109711751555,4,2025-05-14 20:01:05.267526
9864,user_489,1380,4.164694862730748,1,3,12,98.48896670400978,1,2025-01-04 20:01:05.267526
9865,user_342,2460,3.6174959356250636,1,4,14,66.24446147124654,7,2025-07-03 20:01:05.269032
9866,user_516,1228,3.9888119307266594,1,2,10,72.88384105162093,2,2025-07-23 20:01:05.270039
9867,user_916,1182,2.4167229359616034,1,2,14,32.00825767608292,6,2025-09-16 20:01:05.270039
9868,user_91,190,3.3089220416714173,1,2,9,39.54658097964357,5,2025-11-29 20:01:05.271039
9869,user_494,963,3.781489408756204,1,3,13,10.527331893159031,9,2025-08-31 20:01:05.271039
9870,user_346,1293,2.891809094790435,1,2,8,28.457594971915768,5,2025-07-10 20:01:05.272545
9871,user_729,2901,3.336493576904034,0,3,14,17.81365978210172,3,2025-07-09 20:01:05.272545
9872,user_428,2263,3.0589457542765386,1,2,9,18.6713193258056,2,2025-03-09 20:01:05.273552
9873,user_509,484,3.5146707937794077,1,3,8,25.41811228457711,5,2025-01-13 20:01:05.274058
9874,user_62,190,2.783730785909995,1,2,11,77.77623185779262,8,2025-01-18 20:01:05.275064
9875,user_709,434,3.845110371925389,1,3,12,32.06941954800412,4,2025-04-02 20:01:05.275064
9876,user_670,285,3.1566673615731404,1,3,14,42.900148365694676,8,2025-02-17 20:01:05.276064
9877,user_138,854,2.8347276750048223,1,4,9,11.75805445886795,3,2025-01-19 20:01:05.276064
9878,user_32,589,3.491617758453198,1,2,13,89.76995924487441,1,2025-10-25 20:01:05.277569
9879,user_760,345,2.7269243094971687,1,4,10,90.34002519710873,7,2025-02-02 20:01:05.278577
9880,user_392,353,3.04591625240704,0,2,14,90.69288447897671,1,2025-09-21 20:01:05.278577
9881,user_225,994,3.470346947499334,0,4,11,4.152659798279423,4,2025-12-03 20:01:05.279576
9882,user_162,962,3.220130686580524,1,4,11,51.77483055547939,8,2025-10-14 20:01:05.279576
9883,user_36,993,4.1052451318238505,1,4,9,43.455514315261865,7,2025-10-26 20:01:05.281082
9884,user_473,943,4.159873670828604,1,2,9,70.94531295373663,8,2025-02-21 20:01:05.281389
9885,user_105,291,3.1433978527591426,1,2,9,81.10276529172535,7,2025-09-01 20:01:05.282394
9886,user_874,2395,3.758741948250137,1,3,12,71.62497539115333,5,2025-03-31 20:01:05.282394
9887,user_948,2297,3.812956979016783,1,3,12,23.399969710929092,1,2025-04-06 20:01:05.283401
9888,user_107,1085,3.055226922144907,1,3,10,75.6203992315402,4,2025-07-03 20:01:05.283907
9889,user_965,1831,2.7672635770220446,1,4,11,92.98435371536864,3,2025-11-04 20:01:05.284913
9890,user_660,1239,3.652197815586461,1,2,10,28.358632407731044,6,2025-07-14 20:01:05.284913
9891,user_41,961,3.6536134706068903,1,4,11,2.465949057522432,8,2025-04-20 20:01:05.285913
9892,user_769,2552,3.0239135391880336,1,4,13,18.423225305998315,2,2025-06-09 20:01:05.285913
9893,user_460,502,4.012833765013276,1,3,10,20.697283980959323,2,2025-02-09 20:01:05.286914
9894,user_961,2451,4.163095079151678,1,2,9,13.470104333526367,9,2025-11-27 20:01:05.287913
9895,user_862,284,2.408435123303911,1,3,13,61.25072131457971,5,2025-06-03 20:01:05.287913
9896,user_94,402,4.13316465104122,1,3,9,93.92909470184128,7,2025-05-06 20:01:05.288942
9897,user_934,2709,4.152901963145279,1,3,11,77.38025042070412,6,2025-03-22 20:01:05.290940
9898,user_766,855,4.616700204153522,1,2,11,78.33609371171299,8,2025-08-28 20:01:05.290940
9899,user_616,148,4.060460781973328,1,4,8,87.21766683651511,7,2025-02-28 20:01:05.291964
9900,user_847,998,5.0,0,3,14,74.83026692872554,4,2025-11-12 20:01:05.293144
9901,user_66,185,2.9571249920243425,1,3,9,83.3761560902065,6,2025-06-04 20:01:05.293649
9902,user_572,173,3.063592070670254,1,4,8,7.71604169846305,9,2025-01-16 20:01:05.293649
9903,user_943,423,4.37462100797884,1,3,10,25.431253956154155,5,2025-09-29 20:01:05.294655
9904,user_86,2288,4.1789193820832375,1,4,14,44.390509039864526,5,2025-05-15 20:01:05.295655
9905,user_510,652,2.470971053456635,1,3,13,41.79502668274875,8,2025-10-01 20:01:05.296160
9906,user_455,2160,2.7617368076314603,1,3,9,52.01386452999579,5,2024-12-28 20:01:05.296160
9907,user_863,71,2.606038114172749,1,3,11,21.063927589992204,1,2024-12-15 20:01:05.297166
9908,user_414,2129,3.496831909288285,1,2,10,43.44928831616839,4,2025-10-18 20:01:05.297166
9909,user_259,2830,2.7565267019095345,1,2,8,0.017125536797524266,1,2025-02-06 20:01:05.298166
9910,user_503,2789,2.3961523215850633,1,3,13,92.61129445582658,7,2025-08-26 20:01:05.298672
9911,user_519,440,2.2885003841438714,1,2,12,33.218429405253545,2,2025-09-30 20:01:05.299678
9912,user_197,1413,2.785138790314254,1,3,8,14.15325017560538,6,2025-10-15 20:01:05.299678
9913,user_716,1021,3.817929932973765,1,3,8,55.34941361912645,9,2025-03-04 20:01:05.300678
9914,user_204,2109,3.120178580171432,1,2,8,72.8924778518423,5,2025-09-06 20:01:05.300678
9915,user_367,2341,3.362878574350297,1,4,11,54.84823356832737,9,2025-09-10 20:01:05.301678
9916,user_281,1970,3.7039550477900787,0,3,8,66.52669515774008,3,2025-10-22 20:01:05.302676
9917,user_391,2351,3.195986910120854,1,4,13,71.67733945262219,6,2024-12-30 20:01:05.302676
9918,user_537,923,3.3574935041986964,1,3,11,18.56617367464669,8,2025-01-13 20:01:05.304183
9919,user_186,1848,3.091836459692315,1,2,10,79.70127181305318,4,2025-11-11 20:01:05.304688
9920,user_747,610,4.124469888468137,1,2,8,63.797381320623316,5,2025-10-01 20:01:05.304688
9921,user_963,1758,4.216693504814657,1,3,14,41.97238506593226,6,2025-09-18 20:01:05.305695
9922,user_541,1404,2.999533850704353,1,4,11,65.24544445671152,4,2025-04-18 20:01:05.306696
9923,user_486,2541,4.588397297112429,1,2,14,43.82324600649148,5,2025-02-22 20:01:05.307201
9924,user_120,395,3.335390026810876,1,3,13,52.36902913519934,4,2024-12-14 20:01:05.307201
9925,user_523,96,4.79286780230584,1,2,8,11.480776132471549,7,2025-04-19 20:01:05.307201
9926,user_583,125,2.5550254080908275,1,2,9,72.80574932872574,5,2025-04-09 20:01:05.308855
9927,user_116,2429,3.45696431065862,1,3,8,56.73532468917667,5,2025-01-28 20:01:05.309861
9928,user_410,95,2.1530583502711416,1,4,10,27.940378040183678,8,2025-01-24 20:01:05.310863
9929,user_562,486,3.3682774250084977,1,3,9,36.19058116950767,7,2025-06-29 20:01:05.310863
9930,user_517,2679,4.391068885511899,1,3,10,52.85618609150584,1,2025-06-17 20:01:05.311863
9931,user_415,956,4.490962361275165,1,3,13,57.11833761535884,3,2025-07-18 20:01:05.311863
9932,user_771,2024,3.9953060264553253,1,3,13,25.679724475382294,7,2025-07-07 20:01:05.312862
9933,user_703,1576,3.8445907612373387,1,2,12,78.52892169401323,6,2024-12-17 20:01:05.313862
9934,user_461,2679,4.667383385366081,1,4,8,2.703650409962055,9,2025-06-11 20:01:05.313862
9935,user_67,698,4.145779189353158,0,4,8,31.854045624632644,3,2025-05-19 20:01:05.315368
9936,user_568,1925,4.393475009728569,1,3,13,11.251849360226785,1,2025-11-28 20:01:05.315368
9937,user_102,1778,4.122663423599895,1,3,14,26.531840725015897,9,2025-03-24 20:01:05.316375
9938,user_397,2831,4.03682653587238,1,4,14,99.37533804373983,2,2025-04-05 20:01:05.316375
9939,user_885,637,2.780498726404936,1,3,12,92.46582199130278,1,2025-01-21 20:01:05.317381
9940,user_675,1614,2.31731674087851,1,3,11,95.22421173730322,6,2024-12-17 20:01:05.318381
9941,user_323,1226,2.8421711980530504,1,2,8,50.58730839218922,3,2025-01-19 20:01:05.318381
9942,user_512,2502,2.8996016277450916,0,4,8,77.62264819775997,2,2025-06-24 20:01:05.319381
9943,user_25,654,3.3370904309368234,1,4,10,13.152814785502853,6,2025-01-24 20:01:05.319887
9944,user_704,2692,4.233909348498966,1,3,10,60.526496896443795,8,2025-01-20 20:01:05.320892
9945,user_730,2028,2.650758221317971,1,4,12,61.3518186545752,6,2025-03-28 20:01:05.321918
9946,user_495,2464,2.7464622351577366,1,4,8,37.351193049005104,8,2025-11-26 20:01:05.321918
9947,user_88,790,3.8180252472066014,1,4,8,8.798304077648766,5,2024-12-12 20:01:05.321918
9948,user_352,405,3.2506652902243904,1,4,9,4.660763759988029,3,2025-07-19 20:01:05.323428
9949,user_91,1866,2.465785951235297,1,2,13,18.99970780308966,2,2025-07-22 20:01:05.324434
9950,user_699,2257,3.899365128167502,1,3,9,51.925775109935444,4,2025-04-23 20:01:05.325435
9951,user_792,240,3.249748515715246,1,2,12,88.56662930603179,1,2025-08-10 20:01:05.326435
9952,user_649,2907,2.20148378884056,0,2,11,34.981204935269226,1,2025-09-20 20:01:05.326435
9953,user_815,912,2.1035181413406545,1,3,14,4.427256447055128,8,2025-04-08 20:01:05.327435
9954,user_338,786,3.108723760038169,1,3,10,62.980159362306274,3,2025-06-11 20:01:05.327941
9955,user_703,1825,3.2639453296117513,1,2,14,88.90775995993768,3,2025-03-05 20:01:05.327941
9956,user_568,2131,2.213414674981618,1,2,9,97.21498721430996,7,2024-12-23 20:01:05.328947
9957,user_209,1256,2.509141460689083,1,3,12,44.18058844735876,1,2025-01-06 20:01:05.329947
9958,user_385,2684,3.554353846107537,1,4,12,65.98427982885109,4,2025-03-07 20:01:05.330453
9959,user_623,474,3.248073661795486,1,4,11,92.30267471747851,8,2025-03-19 20:01:05.330453
9960,user_395,2119,3.4884486762968057,1,4,8,32.568728335364064,4,2024-12-31 20:01:05.331832
9961,user_396,2540,3.2971380118345315,1,2,11,36.204215503815874,6,2024-12-27 20:01:05.332338
9962,user_645,2789,4.509282942715294,1,4,8,10.59167347057709,4,2025-06-04 20:01:05.332710
9963,user_114,2910,3.9301221286407406,1,4,8,27.92116610234281,4,2025-01-21 20:01:05.333716
9964,user_551,1273,3.167533824128236,1,3,11,79.16435286353826,2,2025-01-10 20:01:05.334060
9965,user_346,421,4.562878308698188,1,3,10,32.10438841337563,7,2025-08-22 20:01:05.334723
9966,user_712,1875,2.3932091267747033,1,4,13,86.13118854148604,1,2025-11-09 20:01:05.334723
9967,user_548,2204,4.820451685377186,1,2,14,54.82496506918623,2,2025-06-02 20:01:05.335722
9968,user_685,938,2.4706145848481618,0,3,10,20.863808357893486,9,2025-08-30 20:01:05.336722
9969,user_812,1620,4.379898770199096,1,3,10,93.87503251827516,1,2025-06-12 20:01:05.336722
9970,user_112,2738,2.48227051929,1,4,8,63.868839082445504,9,2025-05-23 20:01:05.337723
9971,user_737,1839,3.6203128874395016,1,2,8,25.045206503708528,4,2025-04-08 20:01:05.338744
9972,user_403,1842,4.329689506810629,1,3,9,15.968416955048582,6,2025-06-03 20:01:05.339722
9973,user_3,123,2.7635305755609854,1,4,12,73.26306062421622,5,2025-06-01 20:01:05.340721
9974,user_556,1329,3.9942000730485954,1,4,8,35.0288932114785,8,2025-04-01 20:01:05.340721
9975,user_34,396,3.087023140531935,1,2,13,89.12380560477874,3,2025-02-04 20:01:05.342226
9976,user_731,682,2.9990058272694258,1,4,11,3.865850905672319,4,2025-09-03 20:01:05.342813
9977,user_440,35,3.7593099927389217,1,4,9,3.474963579332413,1,2025-02-20 20:01:05.343849
9978,user_679,1318,4.401181908044531,1,3,10,17.0865073321666,2,2025-01-07 20:01:05.343849
9979,user_730,64,3.8908084364662954,1,3,9,88.2407184170477,7,2025-09-02 20:01:05.343849
9980,user_803,2625,3.556497398016741,1,2,13,96.3167048665393,6,2025-11-13 20:01:05.345721
9981,user_268,1456,2.897876083865499,1,4,9,94.98430615322235,6,2025-05-18 20:01:05.346227
9982,user_73,2104,3.526551749854808,1,2,11,44.197334563583325,5,2025-02-18 20:01:05.346227
9983,user_417,2908,4.001866685164366,1,2,12,12.36623668880158,6,2025-11-27 20:01:05.346227
9984,user_595,1701,3.520192536015894,1,3,14,42.11311772202677,8,2025-06-14 20:01:05.347894
9985,user_695,1618,4.10352117273923,1,3,12,6.127285154727358,4,2025-06-16 20:01:05.347894
9986,user_124,2749,3.16984305078682,1,2,8,13.958355296314561,4,2025-12-11 20:01:05.348900
9987,user_920,2728,3.2884537057980086,1,3,11,57.37986757688749,4,2025-09-18 20:01:05.349900
9988,user_651,599,4.321236995064818,1,4,8,1.47948701570485,4,2025-02-25 20:01:05.350405
9989,user_885,2029,2.629162929864419,0,3,9,48.30150915074448,3,2025-05-21 20:01:05.350405
9990,user_98,2697,3.0908318004755353,1,4,14,67.83886077831683,8,2025-09-22 20:01:05.351411
9991,user_244,1249,4.085485382478318,0,4,13,5.2990715031492,2,2025-01-18 20:01:05.351411
9992,user_782,291,3.6416334042523473,1,4,9,38.96408930320424,6,2025-03-19 20:01:05.352411
9993,user_327,1159,3.893659925549415,1,2,9,13.941735687543488,5,2025-09-17 20:01:05.353411
9994,user_440,2563,3.034769918851754,1,2,10,43.564185055504346,4,2025-03-15 20:01:05.353411
9995,user_504,1707,3.2545623521793687,1,3,10,86.27186093505577,8,2025-04-03 20:01:05.354412
9996,user_385,2831,2.8269147586794237,0,4,9,21.678248670353184,2,2025-10-14 20:01:05.354955
9997,user_158,643,4.34940068781723,1,3,14,20.32831590043077,7,2025-11-23 20:01:05.356464
9998,user_934,321,3.6569947634763063,1,3,10,69.95549521356347,9,2025-04-01 20:01:05.357469
9999,user_687,1711,4.241993318320927,1,4,13,46.38149956106648,6,2025-09-15 20:01:05.358833
